Date,Composite CPI total YoY,CPI (A) total YoY,CPI (B) total YoY,CPI (C) total YoY,Composite CPI food YoY,CPI (A) food YoY,CPI (B) food YoY,CPI (C) food YoY,Composite CPI housing YoY,CPI (A) housing YoY,CPI (B) housing YoY,CPI (C) housing YoY,"Composite CPI electricity, gas and water YoY","CPI (A) electricity, gas and water YoY","CPI (B) electricity, gas and water YoY","CPI (C) electricity, gas and water YoY",Composite CPI alcoholic drinks and tobacco YoY,CPI (A) alcoholic drinks and tobacco YoY,CPI (B) alcoholic drinks and tobacco YoY,CPI (C) alcoholic drinks and tobacco YoY,Composite CPI clothing and footwear YoY,CPI (A) clothing and footwear YoY,CPI (B) clothing and footwear YoY,CPI (C) clothing and footwear YoY,Composite CPI durable goods YoY,CPI (A) durable goods YoY,CPI (B) durable goods YoY,CPI (C) durable goods YoY,Composite CPI miscellaneous goods YoY,CPI (A) miscellaneous goods YoY,CPI (B) miscellaneous goods YoY,CPI (C) miscellaneous goods YoY,Composite CPI transport YoY,CPI (A) transport YoY,CPI (B) transport YoY,CPI (C) transport YoY,Composite CPI miscellaneous services YoY,CPI (A) miscellaneous services YoY,CPI (B) miscellaneous services YoY,CPI (C) miscellaneous services YoY,Composite CPI total MoM,CPI (A) total MoM,CPI (B) total MoM,CPI (C) total MoM,Composite CPI food MoM,CPI (A) food MoM,CPI (B) food MoM,CPI (C) food MoM,Composite CPI housing MoM,CPI (A) housing MoM,CPI (B) housing MoM,CPI (C) housing MoM,"Composite CPI electricity, gas and water MoM","CPI (A) electricity, gas and water MoM","CPI (B) electricity, gas and water MoM","CPI (C) electricity, gas and water MoM",Composite CPI alcoholic drinks and tobacco MoM,CPI (A) alcoholic drinks and tobacco MoM,CPI (B) alcoholic drinks and tobacco MoM,CPI (C) alcoholic drinks and tobacco MoM,Composite CPI clothing and footwear MoM,CPI (A) clothing and footwear MoM,CPI (B) clothing and footwear MoM,CPI (C) clothing and footwear MoM,Composite CPI durable goods MoM,CPI (A) durable goods MoM,CPI (B) durable goods MoM,CPI (C) durable goods MoM,Composite CPI miscellaneous goods MoM,CPI (A) miscellaneous goods MoM,CPI (B) miscellaneous goods MoM,CPI (C) miscellaneous goods MoM,Composite CPI transport MoM,CPI (A) transport MoM,CPI (B) transport MoM,CPI (C) transport MoM,Composite CPI miscellaneous services MoM,CPI (A) miscellaneous services MoM,CPI (B) miscellaneous services MoM,CPI (C) miscellaneous services MoM,Composite CPI total YoY 1m lag,Composite CPI total YoY 3m lag,Composite CPI total YoY 6m lag,Composite CPI total YoY 12m lag,Composite CPI total YoY 3m diff,Composite CPI total YoY 6m diff,CPI (A) total YoY 1m lag,CPI (A) total YoY 3m lag,CPI (A) total YoY 6m lag,CPI (A) total YoY 12m lag,CPI (A) total YoY 3m diff,CPI (A) total YoY 6m diff,CPI (B) total YoY 1m lag,CPI (B) total YoY 3m lag,CPI (B) total YoY 6m lag,CPI (B) total YoY 12m lag,CPI (B) total YoY 3m diff,CPI (B) total YoY 6m diff,CPI (C) total YoY 1m lag,CPI (C) total YoY 3m lag,CPI (C) total YoY 6m lag,CPI (C) total YoY 12m lag,CPI (C) total YoY 3m diff,CPI (C) total YoY 6m diff,Composite CPI food YoY 1m lag,Composite CPI food YoY 3m lag,Composite CPI food YoY 6m lag,Composite CPI food YoY 12m lag,Composite CPI food YoY 3m diff,Composite CPI food YoY 6m diff,CPI (A) food YoY 1m lag,CPI (A) food YoY 3m lag,CPI (A) food YoY 6m lag,CPI (A) food YoY 12m lag,CPI (A) food YoY 3m diff,CPI (A) food YoY 6m diff,CPI (B) food YoY 1m lag,CPI (B) food YoY 3m lag,CPI (B) food YoY 6m lag,CPI (B) food YoY 12m lag,CPI (B) food YoY 3m diff,CPI (B) food YoY 6m diff,CPI (C) food YoY 1m lag,CPI (C) food YoY 3m lag,CPI (C) food YoY 6m lag,CPI (C) food YoY 12m lag,CPI (C) food YoY 3m diff,CPI (C) food YoY 6m diff,Composite CPI housing YoY 1m lag,Composite CPI housing YoY 3m lag,Composite CPI housing YoY 6m lag,Composite CPI housing YoY 12m lag,Composite CPI housing YoY 3m diff,Composite CPI housing YoY 6m diff,CPI (A) housing YoY 1m lag,CPI (A) housing YoY 3m lag,CPI (A) housing YoY 6m lag,CPI (A) housing YoY 12m lag,CPI (A) housing YoY 3m diff,CPI (A) housing YoY 6m diff,CPI (B) housing YoY 1m lag,CPI (B) housing YoY 3m lag,CPI (B) housing YoY 6m lag,CPI (B) housing YoY 12m lag,CPI (B) housing YoY 3m diff,CPI (B) housing YoY 6m diff,CPI (C) housing YoY 1m lag,CPI (C) housing YoY 3m lag,CPI (C) housing YoY 6m lag,CPI (C) housing YoY 12m lag,CPI (C) housing YoY 3m diff,CPI (C) housing YoY 6m diff,"Composite CPI electricity, gas and water YoY 1m lag","Composite CPI electricity, gas and water YoY 3m lag","Composite CPI electricity, gas and water YoY 6m lag","Composite CPI electricity, gas and water YoY 12m lag","Composite CPI electricity, gas and water YoY 3m diff","Composite CPI electricity, gas and water YoY 6m diff","CPI (A) electricity, gas and water YoY 1m lag","CPI (A) electricity, gas and water YoY 3m lag","CPI (A) electricity, gas and water YoY 6m lag","CPI (A) electricity, gas and water YoY 12m lag","CPI (A) electricity, gas and water YoY 3m diff","CPI (A) electricity, gas and water YoY 6m diff","CPI (B) electricity, gas and water YoY 1m lag","CPI (B) electricity, gas and water YoY 3m lag","CPI (B) electricity, gas and water YoY 6m lag","CPI (B) electricity, gas and water YoY 12m lag","CPI (B) electricity, gas and water YoY 3m diff","CPI (B) electricity, gas and water YoY 6m diff","CPI (C) electricity, gas and water YoY 1m lag","CPI (C) electricity, gas and water YoY 3m lag","CPI (C) electricity, gas and water YoY 6m lag","CPI (C) electricity, gas and water YoY 12m lag","CPI (C) electricity, gas and water YoY 3m diff","CPI (C) electricity, gas and water YoY 6m diff",Composite CPI alcoholic drinks and tobacco YoY 1m lag,Composite CPI alcoholic drinks and tobacco YoY 3m lag,Composite CPI alcoholic drinks and tobacco YoY 6m lag,Composite CPI alcoholic drinks and tobacco YoY 12m lag,Composite CPI alcoholic drinks and tobacco YoY 3m diff,Composite CPI alcoholic drinks and tobacco YoY 6m diff,CPI (A) alcoholic drinks and tobacco YoY 1m lag,CPI (A) alcoholic drinks and tobacco YoY 3m lag,CPI (A) alcoholic drinks and tobacco YoY 6m lag,CPI (A) alcoholic drinks and tobacco YoY 12m lag,CPI (A) alcoholic drinks and tobacco YoY 3m diff,CPI (A) alcoholic drinks and tobacco YoY 6m diff,CPI (B) alcoholic drinks and tobacco YoY 1m lag,CPI (B) alcoholic drinks and tobacco YoY 3m lag,CPI (B) alcoholic drinks and tobacco YoY 6m lag,CPI (B) alcoholic drinks and tobacco YoY 12m lag,CPI (B) alcoholic drinks and tobacco YoY 3m diff,CPI (B) alcoholic drinks and tobacco YoY 6m diff,CPI (C) alcoholic drinks and tobacco YoY 1m lag,CPI (C) alcoholic drinks and tobacco YoY 3m lag,CPI (C) alcoholic drinks and tobacco YoY 6m lag,CPI (C) alcoholic drinks and tobacco YoY 12m lag,CPI (C) alcoholic drinks and tobacco YoY 3m diff,CPI (C) alcoholic drinks and tobacco YoY 6m diff,Composite CPI clothing and footwear YoY 1m lag,Composite CPI clothing and footwear YoY 3m lag,Composite CPI clothing and footwear YoY 6m lag,Composite CPI clothing and footwear YoY 12m lag,Composite CPI clothing and footwear YoY 3m diff,Composite CPI clothing and footwear YoY 6m diff,CPI (A) clothing and footwear YoY 1m lag,CPI (A) clothing and footwear YoY 3m lag,CPI (A) clothing and footwear YoY 6m lag,CPI (A) clothing and footwear YoY 12m lag,CPI (A) clothing and footwear YoY 3m diff,CPI (A) clothing and footwear YoY 6m diff,CPI (B) clothing and footwear YoY 1m lag,CPI (B) clothing and footwear YoY 3m lag,CPI (B) clothing and footwear YoY 6m lag,CPI (B) clothing and footwear YoY 12m lag,CPI (B) clothing and footwear YoY 3m diff,CPI (B) clothing and footwear YoY 6m diff,CPI (C) clothing and footwear YoY 1m lag,CPI (C) clothing and footwear YoY 3m lag,CPI (C) clothing and footwear YoY 6m lag,CPI (C) clothing and footwear YoY 12m lag,CPI (C) clothing and footwear YoY 3m diff,CPI (C) clothing and footwear YoY 6m diff,Composite CPI durable goods YoY 1m lag,Composite CPI durable goods YoY 3m lag,Composite CPI durable goods YoY 6m lag,Composite CPI durable goods YoY 12m lag,Composite CPI durable goods YoY 3m diff,Composite CPI durable goods YoY 6m diff,CPI (A) durable goods YoY 1m lag,CPI (A) durable goods YoY 3m lag,CPI (A) durable goods YoY 6m lag,CPI (A) durable goods YoY 12m lag,CPI (A) durable goods YoY 3m diff,CPI (A) durable goods YoY 6m diff,CPI (B) durable goods YoY 1m lag,CPI (B) durable goods YoY 3m lag,CPI (B) durable goods YoY 6m lag,CPI (B) durable goods YoY 12m lag,CPI (B) durable goods YoY 3m diff,CPI (B) durable goods YoY 6m diff,CPI (C) durable goods YoY 1m lag,CPI (C) durable goods YoY 3m lag,CPI (C) durable goods YoY 6m lag,CPI (C) durable goods YoY 12m lag,CPI (C) durable goods YoY 3m diff,CPI (C) durable goods YoY 6m diff,Composite CPI miscellaneous goods YoY 1m lag,Composite CPI miscellaneous goods YoY 3m lag,Composite CPI miscellaneous goods YoY 6m lag,Composite CPI miscellaneous goods YoY 12m lag,Composite CPI miscellaneous goods YoY 3m diff,Composite CPI miscellaneous goods YoY 6m diff,CPI (A) miscellaneous goods YoY 1m lag,CPI (A) miscellaneous goods YoY 3m lag,CPI (A) miscellaneous goods YoY 6m lag,CPI (A) miscellaneous goods YoY 12m lag,CPI (A) miscellaneous goods YoY 3m diff,CPI (A) miscellaneous goods YoY 6m diff,CPI (B) miscellaneous goods YoY 1m lag,CPI (B) miscellaneous goods YoY 3m lag,CPI (B) miscellaneous goods YoY 6m lag,CPI (B) miscellaneous goods YoY 12m lag,CPI (B) miscellaneous goods YoY 3m diff,CPI (B) miscellaneous goods YoY 6m diff,CPI (C) miscellaneous goods YoY 1m lag,CPI (C) miscellaneous goods YoY 3m lag,CPI (C) miscellaneous goods YoY 6m lag,CPI (C) miscellaneous goods YoY 12m lag,CPI (C) miscellaneous goods YoY 3m diff,CPI (C) miscellaneous goods YoY 6m diff,Composite CPI transport YoY 1m lag,Composite CPI transport YoY 3m lag,Composite CPI transport YoY 6m lag,Composite CPI transport YoY 12m lag,Composite CPI transport YoY 3m diff,Composite CPI transport YoY 6m diff,CPI (A) transport YoY 1m lag,CPI (A) transport YoY 3m lag,CPI (A) transport YoY 6m lag,CPI (A) transport YoY 12m lag,CPI (A) transport YoY 3m diff,CPI (A) transport YoY 6m diff,CPI (B) transport YoY 1m lag,CPI (B) transport YoY 3m lag,CPI (B) transport YoY 6m lag,CPI (B) transport YoY 12m lag,CPI (B) transport YoY 3m diff,CPI (B) transport YoY 6m diff,CPI (C) transport YoY 1m lag,CPI (C) transport YoY 3m lag,CPI (C) transport YoY 6m lag,CPI (C) transport YoY 12m lag,CPI (C) transport YoY 3m diff,CPI (C) transport YoY 6m diff,Composite CPI miscellaneous services YoY 1m lag,Composite CPI miscellaneous services YoY 3m lag,Composite CPI miscellaneous services YoY 6m lag,Composite CPI miscellaneous services YoY 12m lag,Composite CPI miscellaneous services YoY 3m diff,Composite CPI miscellaneous services YoY 6m diff,CPI (A) miscellaneous services YoY 1m lag,CPI (A) miscellaneous services YoY 3m lag,CPI (A) miscellaneous services YoY 6m lag,CPI (A) miscellaneous services YoY 12m lag,CPI (A) miscellaneous services YoY 3m diff,CPI (A) miscellaneous services YoY 6m diff,CPI (B) miscellaneous services YoY 1m lag,CPI (B) miscellaneous services YoY 3m lag,CPI (B) miscellaneous services YoY 6m lag,CPI (B) miscellaneous services YoY 12m lag,CPI (B) miscellaneous services YoY 3m diff,CPI (B) miscellaneous services YoY 6m diff,CPI (C) miscellaneous services YoY 1m lag,CPI (C) miscellaneous services YoY 3m lag,CPI (C) miscellaneous services YoY 6m lag,CPI (C) miscellaneous services YoY 12m lag,CPI (C) miscellaneous services YoY 3m diff,CPI (C) miscellaneous services YoY 6m diff,Composite CPI total MoM 1m lag,Composite CPI total MoM 3m lag,Composite CPI total MoM 6m lag,Composite CPI total MoM 12m lag,CPI (A) total MoM 1m lag,CPI (A) total MoM 3m lag,CPI (A) total MoM 6m lag,CPI (A) total MoM 12m lag,CPI (B) total MoM 1m lag,CPI (B) total MoM 3m lag,CPI (B) total MoM 6m lag,CPI (B) total MoM 12m lag,CPI (C) total MoM 1m lag,CPI (C) total MoM 3m lag,CPI (C) total MoM 6m lag,CPI (C) total MoM 12m lag,Composite CPI food MoM 1m lag,Composite CPI food MoM 3m lag,Composite CPI food MoM 6m lag,Composite CPI food MoM 12m lag,CPI (A) food MoM 1m lag,CPI (A) food MoM 3m lag,CPI (A) food MoM 6m lag,CPI (A) food MoM 12m lag,CPI (B) food MoM 1m lag,CPI (B) food MoM 3m lag,CPI (B) food MoM 6m lag,CPI (B) food MoM 12m lag,CPI (C) food MoM 1m lag,CPI (C) food MoM 3m lag,CPI (C) food MoM 6m lag,CPI (C) food MoM 12m lag,Composite CPI housing MoM 1m lag,Composite CPI housing MoM 3m lag,Composite CPI housing MoM 6m lag,Composite CPI housing MoM 12m lag,CPI (A) housing MoM 1m lag,CPI (A) housing MoM 3m lag,CPI (A) housing MoM 6m lag,CPI (A) housing MoM 12m lag,CPI (B) housing MoM 1m lag,CPI (B) housing MoM 3m lag,CPI (B) housing MoM 6m lag,CPI (B) housing MoM 12m lag,CPI (C) housing MoM 1m lag,CPI (C) housing MoM 3m lag,CPI (C) housing MoM 6m lag,CPI (C) housing MoM 12m lag,"Composite CPI electricity, gas and water MoM 1m lag","Composite CPI electricity, gas and water MoM 3m lag","Composite CPI electricity, gas and water MoM 6m lag","Composite CPI electricity, gas and water MoM 12m lag","CPI (A) electricity, gas and water MoM 1m lag","CPI (A) electricity, gas and water MoM 3m lag","CPI (A) electricity, gas and water MoM 6m lag","CPI (A) electricity, gas and water MoM 12m lag","CPI (B) electricity, gas and water MoM 1m lag","CPI (B) electricity, gas and water MoM 3m lag","CPI (B) electricity, gas and water MoM 6m lag","CPI (B) electricity, gas and water MoM 12m lag","CPI (C) electricity, gas and water MoM 1m lag","CPI (C) electricity, gas and water MoM 3m lag","CPI (C) electricity, gas and water MoM 6m lag","CPI (C) electricity, gas and water MoM 12m lag",Composite CPI alcoholic drinks and tobacco MoM 1m lag,Composite CPI alcoholic drinks and tobacco MoM 3m lag,Composite CPI alcoholic drinks and tobacco MoM 6m lag,Composite CPI alcoholic drinks and tobacco MoM 12m lag,CPI (A) alcoholic drinks and tobacco MoM 1m lag,CPI (A) alcoholic drinks and tobacco MoM 3m lag,CPI (A) alcoholic drinks and tobacco MoM 6m lag,CPI (A) alcoholic drinks and tobacco MoM 12m lag,CPI (B) alcoholic drinks and tobacco MoM 1m lag,CPI (B) alcoholic drinks and tobacco MoM 3m lag,CPI (B) alcoholic drinks and tobacco MoM 6m lag,CPI (B) alcoholic drinks and tobacco MoM 12m lag,CPI (C) alcoholic drinks and tobacco MoM 1m lag,CPI (C) alcoholic drinks and tobacco MoM 3m lag,CPI (C) alcoholic drinks and tobacco MoM 6m lag,CPI (C) alcoholic drinks and tobacco MoM 12m lag,Composite CPI clothing and footwear MoM 1m lag,Composite CPI clothing and footwear MoM 3m lag,Composite CPI clothing and footwear MoM 6m lag,Composite CPI clothing and footwear MoM 12m lag,CPI (A) clothing and footwear MoM 1m lag,CPI (A) clothing and footwear MoM 3m lag,CPI (A) clothing and footwear MoM 6m lag,CPI (A) clothing and footwear MoM 12m lag,CPI (B) clothing and footwear MoM 1m lag,CPI (B) clothing and footwear MoM 3m lag,CPI (B) clothing and footwear MoM 6m lag,CPI (B) clothing and footwear MoM 12m lag,CPI (C) clothing and footwear MoM 1m lag,CPI (C) clothing and footwear MoM 3m lag,CPI (C) clothing and footwear MoM 6m lag,CPI (C) clothing and footwear MoM 12m lag,Composite CPI durable goods MoM 1m lag,Composite CPI durable goods MoM 3m lag,Composite CPI durable goods MoM 6m lag,Composite CPI durable goods MoM 12m lag,CPI (A) durable goods MoM 1m lag,CPI (A) durable goods MoM 3m lag,CPI (A) durable goods MoM 6m lag,CPI (A) durable goods MoM 12m lag,CPI (B) durable goods MoM 1m lag,CPI (B) durable goods MoM 3m lag,CPI (B) durable goods MoM 6m lag,CPI (B) durable goods MoM 12m lag,CPI (C) durable goods MoM 1m lag,CPI (C) durable goods MoM 3m lag,CPI (C) durable goods MoM 6m lag,CPI (C) durable goods MoM 12m lag,Composite CPI miscellaneous goods MoM 1m lag,Composite CPI miscellaneous goods MoM 3m lag,Composite CPI miscellaneous goods MoM 6m lag,Composite CPI miscellaneous goods MoM 12m lag,CPI (A) miscellaneous goods MoM 1m lag,CPI (A) miscellaneous goods MoM 3m lag,CPI (A) miscellaneous goods MoM 6m lag,CPI (A) miscellaneous goods MoM 12m lag,CPI (B) miscellaneous goods MoM 1m lag,CPI (B) miscellaneous goods MoM 3m lag,CPI (B) miscellaneous goods MoM 6m lag,CPI (B) miscellaneous goods MoM 12m lag,CPI (C) miscellaneous goods MoM 1m lag,CPI (C) miscellaneous goods MoM 3m lag,CPI (C) miscellaneous goods MoM 6m lag,CPI (C) miscellaneous goods MoM 12m lag,Composite CPI transport MoM 1m lag,Composite CPI transport MoM 3m lag,Composite CPI transport MoM 6m lag,Composite CPI transport MoM 12m lag,CPI (A) transport MoM 1m lag,CPI (A) transport MoM 3m lag,CPI (A) transport MoM 6m lag,CPI (A) transport MoM 12m lag,CPI (B) transport MoM 1m lag,CPI (B) transport MoM 3m lag,CPI (B) transport MoM 6m lag,CPI (B) transport MoM 12m lag,CPI (C) transport MoM 1m lag,CPI (C) transport MoM 3m lag,CPI (C) transport MoM 6m lag,CPI (C) transport MoM 12m lag,Composite CPI miscellaneous services MoM 1m lag,Composite CPI miscellaneous services MoM 3m lag,Composite CPI miscellaneous services MoM 6m lag,Composite CPI miscellaneous services MoM 12m lag,CPI (A) miscellaneous services MoM 1m lag,CPI (A) miscellaneous services MoM 3m lag,CPI (A) miscellaneous services MoM 6m lag,CPI (A) miscellaneous services MoM 12m lag,CPI (B) miscellaneous services MoM 1m lag,CPI (B) miscellaneous services MoM 3m lag,CPI (B) miscellaneous services MoM 6m lag,CPI (B) miscellaneous services MoM 12m lag,CPI (C) miscellaneous services MoM 1m lag,CPI (C) miscellaneous services MoM 3m lag,CPI (C) miscellaneous services MoM 6m lag,CPI (C) miscellaneous services MoM 12m lag,China CPI YoY,Centa-City Leading Index,HKDUSD,HKDCNY,Europe Brent Spot Price,Local consumption of electricity,Local consumption of gas,Hang Seng Index,Federal funds effective rate,Unemployment rate
1994/1/31,7.2,6.2,6.9,9,4.3,3.1,4.1,7.1,11.1,9.8,10.2,13.3,3.5,3.4,3.5,4,8.6,8.9,8.3,8.3,8.2,6.9,6.8,10.7,2.4,2.3,2.4,2.6,6.3,6.9,6.1,5.6,9.3,9.9,9.6,8.2,8.1,9.1,8.3,6.6,-0.2,-0.3,-0.1,0.1,-0.4,-0.9,-0.4,0.6,1,0.7,0.9,1.5,0.6,0.5,0.6,0.9,-0.3,-0.2,-0.3,-0.6,-5.4,-4.1,-4.9,-6.9,-1.8,-1.4,-1.7,-2.4,0.2,0.2,0.2,-0.1,0.6,0.2,0.7,0.9,0.8,0.9,0.9,0.6,9,9,8.6,10.2,-1.8,-1.4,8.6,9,8.2,10.1,-2.8,-2,8.5,8.7,8.5,10.3,-1.8,-1.6,10.2,9.4,9.2,10.1,-0.4,-0.2,8.7,9,7.3,9,-4.7,-3,8.6,9.3,7,8.9,-6.2,-3.9,8.4,8.8,7.3,9.1,-4.7,-3.2,9.7,8.5,8.2,9.2,-1.4,-1.1,11.1,11.8,13,15.1,-0.7,-1.9,9.9,11,12.5,15.5,-1.2,-2.7,10.3,11,13.2,15.6,-0.8,-3,13.3,13.6,13.3,14,-0.3,0,4.1,4.9,4.8,6.4,-1.4,-1.3,3.9,4.9,4.7,6.4,-1.5,-1.3,4,4.9,4.6,6.3,-1.4,-1.1,4.5,5.1,5.2,6.4,-1.1,-1.2,8.6,10.2,9.1,13.4,-1.6,-0.5,8.9,10.7,9.5,14.2,-1.8,-0.6,8.3,9.8,8.7,12.8,-1.5,-0.4,8.2,9.3,8.6,11.9,-1,-0.3,8.7,7.5,8.2,8.3,0.7,0,6.5,7.1,7.4,8.7,-0.2,-0.5,6.7,7.2,8,8.5,-0.4,-1.2,12.7,8.3,8.9,7.8,2.4,1.8,3.6,3.4,2.6,2.6,-1,-0.2,3.4,3.2,2,1.9,-0.9,0.3,3.4,3.1,2,2,-0.7,0.4,3.8,3.9,4.1,4.3,-1.3,-1.5,6.3,5.8,6.9,6.7,0.5,-0.6,6.8,6.1,7.4,6.8,0.8,-0.5,6.1,5.6,6.7,6.8,0.5,-0.6,5.8,5.4,6.5,6.4,0.2,-0.9,9.8,7.6,8.1,7.3,1.7,1.2,10.6,8.6,8.7,6.9,1.3,1.2,10.1,7.7,8,7.5,1.9,1.6,8.4,6.3,7.5,7.6,1.9,0.7,9,9,6.9,11.4,-0.9,1.2,9.7,9.6,7.3,12.4,-0.5,1.8,9.1,9.2,7,11.3,-0.9,1.3,8.2,8.2,6.1,10.3,-1.6,0.5,0.7,1,-0.1,1.5,0.7,1.2,-0.2,2,0.7,1,0.1,1.4,0.8,1,-0.1,1.1,1.3,1.4,-0.6,3.8,1.2,1.8,-1,4.4,1,1.3,-0.5,3.6,2,0.9,0,3,1.1,1,1.1,1.1,0.7,0.9,1,0.8,1.1,1.1,1.4,1,1.6,1.1,0.7,1.5,1,0.1,0.7,1.1,0.9,0.1,0.7,1,1,0,0.7,1.1,1.3,0.1,0.5,1.4,0.1,1.5,0.1,-0.3,0.1,1.5,0,-0.1,0.1,1.5,0.1,-0.3,0,1.7,0.1,-0.7,-1.5,1.5,-2.8,-4.9,-0.1,0.5,-1.7,-4.4,-0.1,0.5,-1.7,-5,-3.7,3.1,-4.7,-5.2,-0.2,1.1,-0.5,-0.7,-0.2,0.7,-0.1,-0.2,-0.2,0.9,-0.6,-0.7,-0.2,1.6,-0.9,-1.2,0.2,1.8,0,0.2,0.3,2.5,0,0.1,0.2,1.6,0.1,0.3,0,1.1,-0.2,0.1,1.1,0.1,0.1,1,0.9,0.2,0.1,0.9,1.1,0.1,0.1,1.1,1.1,-0.1,0.2,1.1,0.1,0.1,0.5,1.7,0.1,0.1,0.4,1.5,0.2,0,0.6,1.6,0,0.1,0.6,2.1,21.1,65.55,7.723,0.887632,14.29,7096,1901,11487,3.68,1.8
1994/2/28,8.4,7.8,8.1,9.8,6.9,6.4,6.8,8.2,11.1,9.7,10.3,13.4,3.5,3.4,3.5,4,8.6,8.9,8.4,8.5,7,5.6,5.3,10,2,2,2,2.1,5.4,6.2,5.2,4.6,10,10.7,10.1,8.9,11.4,12.1,11.6,10.5,1.6,1.9,1.6,1.1,3.5,4,3.6,2.2,0.8,0.7,0.7,1,-0.1,-0.1,-0.1,-0.1,0.6,0.4,0.7,1.3,-2,-2,-2.3,-1.6,0,0.1,0.1,-0.1,0.1,0.1,0.1,0.2,0.6,0.7,0.6,0.6,2,1.9,1.9,2.1,7.2,8.7,8.7,8.9,-0.3,-0.3,6.2,8.4,8.5,8.6,-0.6,-0.7,6.9,8.4,8.5,9.1,-0.3,-0.4,9,9.5,9.2,9.1,0.3,0.6,4.3,7.7,7.7,6.8,-0.8,-0.8,3.1,7.6,7.6,6.2,-1.2,-1.2,4.1,7.7,7.6,6.8,-0.9,-0.8,7.1,7.7,8.3,8.2,0.5,-0.1,11.1,11.5,12.6,15.3,-0.4,-1.5,9.8,10.8,12.4,15.7,-1.1,-2.7,10.2,10.6,12.4,15.9,-0.3,-2.1,13.3,13.2,13,14.3,0.2,0.4,3.5,4.5,5.2,6.3,-1,-1.7,3.4,4.4,5.2,6.3,-1,-1.8,3.5,4.5,5.2,6.3,-1,-1.7,4,5,5.5,6.4,-1,-1.5,8.6,8.4,9.2,13.5,0.2,-0.6,8.9,8.7,9.6,14.2,0.2,-0.7,8.3,8.1,8.8,13,0.3,-0.4,8.3,8,8.6,12.3,0.5,-0.1,8.2,8.7,8.4,7.4,-1.7,-1.4,6.9,7.7,7.1,8.6,-2.1,-1.5,6.8,7.9,7.1,8.6,-2.6,-1.8,10.7,10.2,11,5.1,-0.2,-1,2.4,4,2.8,2.6,-2,-0.8,2.3,3.9,2.6,1.8,-1.9,-0.6,2.4,3.8,2.6,2,-1.8,-0.6,2.6,4.3,3.1,4.1,-2.2,-1,6.3,6,6.7,6.8,-0.6,-1.3,6.9,6.4,7.1,7,-0.2,-0.9,6.1,5.9,6.5,6.9,-0.7,-1.3,5.6,5.6,6.4,6.7,-1,-1.8,9.3,8.9,7.9,5.2,1.1,2.1,9.9,9.7,8.6,5,1,2.1,9.6,9,7.8,5.3,1.1,2.3,8.2,7.6,7.1,5.3,1.3,1.8,8.1,9.4,7.5,8.5,2,3.9,9.1,9.9,8.3,10,2.2,3.8,8.3,9.5,7.9,8.5,2.1,3.7,6.6,8.7,6.2,6.8,1.8,4.3,-0.2,0.2,0.4,0.4,-0.3,-0.5,0.4,0.4,-0.1,0.2,0.4,0.4,0.1,1.1,0.4,0.4,-0.4,-1.7,0.2,1,-0.9,-2.3,0.2,0.8,-0.4,-1.4,0.3,1,0.6,-0.6,0.2,1.2,1,0.6,0.8,0.7,0.7,0.6,0.6,0.7,0.9,0.6,0.6,0.6,1.5,0.7,1.1,0.9,0.6,0.2,0.7,-0.1,0.5,0.2,0.7,-0.1,0.6,0.2,0.7,-0.1,0.9,0.2,0.5,-0.1,-0.3,-0.3,0.2,0.6,-0.2,-0.3,0.2,0.4,-0.3,-0.3,0.2,0.7,-0.6,-0.3,0.2,1.1,-5.4,6.3,-0.9,-0.9,-4.1,4.8,-0.7,-0.8,-4.9,4.9,-1.1,-0.9,-6.9,9,-0.8,-1,-1.8,0.9,-0.1,0.4,-1.4,0.8,0.2,0.4,-1.7,0.8,0.2,0.5,-2.4,1.1,-0.8,0.4,0.2,0.4,0.2,1,0.2,0.3,0.2,0.8,0.2,0.4,0.2,1,-0.1,0.6,0.2,1.2,0.6,1.3,0.2,0.1,0.2,1.1,0.2,0,0.7,1.3,0.2,0.1,0.9,1.3,0.3,0,0.8,0.3,0.9,-1.1,0.9,0.3,1.2,-0.8,0.9,0.3,1.1,-1,0.6,0.5,0.3,-1.5,23.2,69.41,7.729,0.8883415,13.8,6200,1860,10410.2002,3.49,1.7
1994/3/31,8.4,8,8.2,9.2,7.4,7.2,7.3,8.3,11.4,9.8,10.7,13.7,3.7,3.5,3.6,4.3,6,5.7,6.3,6.4,4.3,5,4.7,3.3,2.7,2.9,3,2.1,5.8,6.5,5.7,5,9.7,10.2,9.7,9,10.4,11.4,10.6,9.2,0.1,-0.1,0.1,0.3,-0.5,-0.6,-0.5,-0.3,0.8,0.6,0.8,1.1,0.1,0.1,0.1,0.2,1.4,1.2,1.7,1.7,-0.4,-0.2,0,-1,1.4,1.2,1.6,1.4,0.7,0.6,0.7,0.9,0.1,-0.1,0.1,0.6,-0.7,-0.6,-0.7,-0.9,8.4,9,8.3,8.4,-0.6,0.1,7.8,8.6,7.9,7.8,-0.6,0.1,8.1,8.5,8.1,8.5,-0.3,0.1,9.8,10.2,9.2,9.2,-1,0,6.9,8.7,6.5,6.3,-1.3,0.9,6.4,8.6,6,5.4,-1.4,1.2,6.8,8.4,6.5,6.3,-1.1,0.8,8.2,9.7,7.5,8,-1.4,0.8,11.1,11.1,12.1,14.3,0.3,-0.7,9.7,9.9,11.5,13.9,-0.1,-1.7,10.3,10.3,11.5,14.8,0.4,-0.8,13.4,13.3,13.6,14,0.4,0.1,3.5,4.1,5,5.3,-0.4,-1.3,3.4,3.9,4.9,5.2,-0.4,-1.4,3.5,4,4.9,5.2,-0.4,-1.3,4,4.5,5.1,5.6,-0.2,-0.8,8.6,8.6,10,10.5,-2.6,-4,8.9,8.9,10.7,10.7,-3.2,-5,8.4,8.3,9.5,10.3,-2,-3.2,8.5,8.2,8.7,10.2,-1.8,-2.3,7,8.7,7.6,8.1,-4.4,-3.3,5.6,6.5,7.2,7.8,-1.5,-2.2,5.3,6.7,7.2,8,-2,-2.5,10,12.7,8.4,8.3,-9.4,-5.1,2,3.6,2.7,0.3,-0.9,0,2,3.4,2.6,-0.2,-0.5,0.3,2,3.4,2.6,-0.5,-0.4,0.4,2.1,3.8,3.2,2,-1.7,-1.1,5.4,6.3,6.5,5.6,-0.5,-0.7,6.2,6.8,6.9,5.9,-0.3,-0.4,5.2,6.1,6.4,5.4,-0.4,-0.7,4.6,5.8,6.1,5.3,-0.8,-1.1,10,9.8,7.7,5.8,-0.1,2,10.7,10.6,8.6,5.5,-0.4,1.6,10.1,10.1,7.8,5.9,-0.4,1.9,8.9,8.4,6.5,5.9,0.6,2.5,11.4,9,9.3,9.4,1.4,1.1,12.1,9.7,9.9,10.6,1.7,1.5,11.6,9.1,9.6,9.4,1.5,1,10.5,8.2,8.5,8.1,1,0.7,1.6,0.7,1.4,0.1,1.9,0.7,1.6,-0.2,1.6,0.7,1.3,0,1.1,0.8,1.3,0.8,3.5,1.3,0.9,-1,4,1.2,1,-1.3,3.6,1,0.9,-0.9,2.2,2,0.7,-0.4,0.8,1.1,1.3,0.6,0.7,0.7,1.8,0.5,0.7,1.1,1,0.5,1,1.6,1.1,0.9,-0.1,1,0.1,-0.1,-0.1,0.9,0.1,-0.1,-0.1,1,0,-0.1,-0.1,1.3,0.1,-0.1,0.6,0.1,0.7,4,0.4,0.1,1,4.2,0.7,0.1,0.6,3.7,1.3,0,0.2,3.7,-2,-1.5,0.8,2.2,-2,-0.1,0.4,0.4,-2.3,-0.1,0.5,0.5,-1.6,-3.7,1.5,5.4,0,-0.2,0.9,0.8,0.1,-0.2,0.6,0.4,0.1,-0.2,1.1,0.7,-0.1,-0.2,1.2,1.3,0.1,0.2,0.2,0.3,0.1,0.3,0.2,0.3,0.1,0.2,0.3,0.2,0.2,0,0.3,0.5,0.6,1.1,0.3,0.4,0.7,0.9,0.4,0.3,0.6,1.1,0.4,0.4,0.6,1.1,0,0.5,2,0.1,5.2,0.1,1.9,0.1,6,0,1.9,0.2,5,0.1,2.1,0,4.6,0.3,22.4,74.31,7.728,0.887238,13.82,6812,1826,9029.900391,4.18,1.9
1994/4/30,8.4,7.7,8.2,9.9,6.1,5.5,6.1,7.3,12.3,11,11.4,14.8,3.6,3.4,3.5,4.1,5.5,5.2,5.9,6,9,8,8.4,10.4,2.5,2.4,2.6,2.5,6.3,6.8,6.1,6,9.4,10.2,9.6,8.2,10.6,11.7,10.8,9.1,1.3,0.9,1.3,1.8,-0.6,-0.8,-0.5,-0.2,1.6,1.7,1.3,2.1,-0.1,-0.1,-0.1,-0.1,1,0.9,1.2,1.1,11.4,10.8,12.5,10.6,0.8,0.5,0.6,1.4,0.8,0.7,0.7,1.1,2.2,3.2,2.1,1,0.7,0.7,0.7,0.5,8.4,7.2,9,8.5,1.2,-0.6,8,6.2,9,7.7,1.5,-1.3,8.2,6.9,8.7,8.5,1.3,-0.5,9.2,9,9.4,9.5,0.9,0.5,7.4,4.3,9,5.9,1.8,-2.9,7.2,3.1,9.3,5,2.4,-3.8,7.3,4.1,8.8,6,2,-2.7,8.3,7.1,8.5,7.7,0.2,-1.2,11.4,11.1,11.8,13.9,1.2,0.5,9.8,9.8,11,13.2,1.2,0,10.7,10.2,11,14.4,1.2,0.4,13.7,13.3,13.6,14.1,1.5,1.2,3.7,3.5,4.9,4.4,0.1,-1.3,3.5,3.4,4.9,4.3,0,-1.5,3.6,3.5,4.9,4.2,0,-1.4,4.3,4,5.1,4.9,0.1,-1,6,8.6,10.2,9.4,-3.1,-4.7,5.7,8.9,10.7,9.7,-3.7,-5.5,6.3,8.3,9.8,9.1,-2.4,-3.9,6.4,8.3,9.3,8.9,-2.3,-3.3,4.3,8.2,7.5,8.7,0.8,1.5,5,6.9,7.1,8,1.1,0.9,4.7,6.8,7.2,8.3,1.6,1.2,3.3,10.7,8.3,9.6,-0.3,2.1,2.7,2.4,3.4,2.7,0.1,-0.9,2.9,2.3,3.2,1.8,0.1,-0.8,3,2.4,3.1,1.9,0.2,-0.5,2.1,2.6,3.9,4.6,-0.1,-1.4,5.8,6.3,5.8,6.1,0,0.5,6.5,6.9,6.1,6.5,-0.1,0.7,5.7,6.1,5.6,6,0,0.5,5,5.6,5.4,5.6,0.4,0.6,9.7,9.3,7.6,8,0.1,1.8,10.2,9.9,8.6,8.5,0.3,1.6,9.7,9.6,7.7,8,0,1.9,9,8.2,6.3,7.4,0,1.9,10.4,8.1,9,8.9,2.5,1.6,11.4,9.1,9.6,10.1,2.6,2.1,10.6,8.3,9.2,8.9,2.5,1.6,9.2,6.6,8.2,7.5,2.5,0.9,0.1,-0.2,1,1.2,-0.1,-0.3,1.2,1.1,0.1,-0.1,1,1.3,0.3,0.1,1,1.1,-0.5,-0.4,1.4,0.7,-0.6,-0.9,1.8,0.8,-0.5,-0.4,1.3,0.6,-0.3,0.6,0.9,0.6,0.8,1,1,0.8,0.6,0.7,0.9,0.6,0.8,0.9,1.1,0.6,1.1,1.5,1.1,1.1,0.1,0.6,0.1,0,0.1,0.5,0.1,0,0.1,0.6,0,0,0.2,0.9,0.1,0,1.4,-0.3,1.5,1.5,1.2,-0.2,1.5,1.4,1.7,-0.3,1.5,1.5,1.7,-0.6,1.7,1.5,-0.4,-5.4,1.5,6.6,-0.2,-4.1,0.5,7.7,0,-4.9,0.5,8.7,-1,-6.9,3.1,3.5,1.4,-1.8,1.1,1,1.2,-1.4,0.7,1,1.6,-1.7,0.9,1,1.4,-2.4,1.6,1,0.7,0.2,1.8,0.3,0.6,0.2,2.5,0.4,0.7,0.2,1.6,0.4,0.9,-0.1,1.1,0.1,0.1,0.6,0.1,2.4,-0.1,0.2,0.2,3.1,0.1,0.7,0.1,2.2,0.6,0.9,-0.1,1.7,-0.7,0.8,0.1,0.5,-0.6,0.9,0.1,0.4,-0.7,0.9,0,0.6,-0.9,0.6,0.1,0.6,21.7,72.15,7.725,0.889683,15.23,8000,1843,8966.099609,3.73,1.9
1994/5/31,8.6,7.8,8.4,10,6.1,5.5,6.1,7.5,12.8,11.6,12.1,14.7,3.9,3.8,3.8,4.3,5.7,5.4,6.1,6.1,9.2,7.8,8.1,11.2,3.2,3,3.2,3.5,5.5,6,5.3,5.2,8.8,9.1,8.9,8.1,11.1,12.4,11.3,9.3,1,0.8,0.8,1.4,0.6,0.7,0.6,0.5,1.2,1.1,1.2,1.2,0.5,0.5,0.5,0.4,0.4,0.4,0.4,0.3,3.5,1,0.9,8,0.6,0.5,0.6,0.7,0.3,0.2,0.3,0.3,1.7,1.8,1.8,1.3,0.5,0.6,0.6,0.4,8.4,8.4,8.7,8.9,0.2,-0.1,7.7,7.8,8.4,8.5,0,-0.6,8.2,8.1,8.4,8.8,0.3,0,9.9,9.8,9.5,9.8,0.2,0.5,6.1,6.9,7.7,7.5,-0.8,-1.6,5.5,6.4,7.6,7.2,-0.9,-2.1,6.1,6.8,7.7,7.4,-0.7,-1.6,7.3,8.2,7.7,8.4,-0.7,-0.2,12.3,11.1,11.5,13.7,1.7,1.3,11,9.7,10.8,12.8,1.9,0.8,11.4,10.3,10.6,14,1.8,1.5,14.8,13.4,13.2,14.3,1.3,1.5,3.6,3.5,4.5,4.5,0.4,-0.6,3.4,3.4,4.4,4.4,0.4,-0.6,3.5,3.5,4.5,4.3,0.3,-0.7,4.1,4,5,5.1,0.3,-0.7,5.5,8.6,8.4,9.2,-2.9,-2.7,5.2,8.9,8.7,9.6,-3.5,-3.3,5.9,8.4,8.1,8.9,-2.3,-2,6,8.5,8,8.7,-2.4,-1.9,9,7,8.7,9.1,2.2,0.5,8,5.6,7.7,7.7,2.2,0.1,8.4,5.3,7.9,8.1,2.8,0.2,10.4,10,10.2,11,1.2,1,2.5,2,4,2.5,1.2,-0.8,2.4,2,3.9,1.8,1,-0.9,2.6,2,3.8,1.8,1.2,-0.6,2.5,2.1,4.3,4.1,1.4,-0.8,6.3,5.4,6,6.7,0.1,-0.5,6.8,6.2,6.4,7.1,-0.2,-0.4,6.1,5.2,5.9,6.5,0.1,-0.6,6,4.6,5.6,6.2,0.6,-0.4,9.4,10,8.9,8.5,-1.2,-0.1,10.2,10.7,9.7,9.1,-1.6,-0.6,9.6,10.1,9,8.5,-1.2,-0.1,8.2,8.9,7.6,7.7,-0.8,0.5,10.6,11.4,9.4,7.8,-0.3,1.7,11.7,12.1,9.9,8.7,0.3,2.5,10.8,11.6,9.5,7.9,-0.3,1.8,9.1,10.5,8.7,6.6,-1.2,0.6,1.3,1.6,0.2,0.9,0.9,1.9,-0.5,0.7,1.3,1.6,0.2,0.7,1.8,1.1,1.1,1.3,-0.6,3.5,-1.7,0.6,-0.8,4,-2.3,0.7,-0.5,3.6,-1.4,0.5,-0.2,2.2,-0.6,0.4,1.6,0.8,0.6,0.8,1.7,0.7,0.6,0.6,1.3,0.7,0.6,0.6,2.1,1,0.7,1.3,-0.1,-0.1,0.2,0.2,-0.1,-0.1,0.2,0.2,-0.1,-0.1,0.2,0.2,-0.1,-0.1,0.2,0.2,1,0.6,-0.3,0.2,0.9,0.4,-0.3,0.1,1.2,0.7,-0.3,0.2,1.1,1.3,-0.3,0.3,11.4,-2,6.3,3.3,10.8,-2,4.8,1.1,12.5,-2.3,4.9,1.1,10.6,-1.6,9,7.2,0.8,0,0.9,-0.1,0.5,0.1,0.8,-0.1,0.6,0.1,0.8,0,1.4,-0.1,1.1,-0.3,0.8,0.1,0.4,1,0.7,0.1,0.3,1,0.7,0.1,0.4,0.9,1.1,0.2,0.6,1.2,2.2,0.6,1.3,2.3,3.2,0.7,1.1,2.8,2.1,0.6,1.3,2.5,1,0.6,1.3,1.4,0.7,2,0.3,0.1,0.7,1.9,0.3,0,0.7,1.9,0.3,0.1,0.5,2.1,0.5,0.2,21.3,70.77,7.726,0.892144,16.19,9345,1685,9553.599609,4.6,1.9
1994/6/30,8.4,7.5,8.1,10.1,5.6,4.9,5.6,7.2,12.8,11.4,12,15.2,4.7,4.7,4.6,5,5.7,5.4,6.1,6,8.9,7,7.3,12,3.2,3.1,3.5,3,5.5,5.9,5.3,5.2,8.7,9.1,9,7.7,11,12.3,11.2,9.2,0.7,0.8,0.6,0.7,1.3,1.6,1.2,1,0.8,0.5,0.7,1.1,1,1,1,0.8,0.2,0.2,0.2,0.2,-0.9,-1.3,-1.2,-0.4,0.1,0.1,0.2,0.1,0.5,0.4,0.5,0.6,0.2,0.1,0.2,0.3,0.2,0.2,0.2,0.1,8.6,8.4,9,8.8,0,-0.6,7.8,8,8.6,8.6,-0.5,-1.1,8.4,8.2,8.5,8.7,-0.1,-0.4,10,9.2,10.2,9.5,0.9,-0.1,6.1,7.4,8.7,7.9,-1.8,-3.1,5.5,7.2,8.6,7.9,-2.3,-3.7,6.1,7.3,8.4,7.8,-1.7,-2.8,7.5,8.3,9.7,8.2,-1.1,-2.5,12.8,11.4,11.1,13,1.4,1.7,11.6,9.8,9.9,12.3,1.6,1.5,12.1,10.7,10.3,12.9,1.3,1.7,14.7,13.7,13.3,13.9,1.5,1.9,3.9,3.7,4.1,4.4,1,0.6,3.8,3.5,3.9,4.3,1.2,0.8,3.8,3.6,4,4.2,1,0.6,4.3,4.3,4.5,4.9,0.7,0.5,5.7,6,8.6,9.3,-0.3,-2.9,5.4,5.7,8.9,9.6,-0.3,-3.5,6.1,6.3,8.3,8.9,-0.2,-2.2,6.1,6.4,8.2,8.8,-0.4,-2.2,9.2,4.3,8.7,8.4,4.6,0.2,7.8,5,6.5,7.4,2,0.5,8.1,4.7,6.7,8,2.6,0.6,11.2,3.3,12.7,9.5,8.7,-0.7,3.2,2.7,3.6,2.3,0.5,-0.4,3,2.9,3.4,1.6,0.2,-0.3,3.2,3,3.4,1.5,0.5,0.1,3.5,2.1,3.8,4,0.9,-0.8,5.5,5.8,6.3,6.8,-0.3,-0.8,6,6.5,6.8,7.3,-0.6,-0.9,5.3,5.7,6.1,6.6,-0.4,-0.8,5.2,5,5.8,6.5,0.2,-0.6,8.8,9.7,9.8,8.4,-1,-1.1,9.1,10.2,10.6,9,-1.1,-1.5,8.9,9.7,10.1,8.3,-0.7,-1.1,8.1,9,8.4,7.8,-1.3,-0.7,11.1,10.4,9,7.6,0.6,2,12.4,11.4,9.7,8.4,0.9,2.6,11.3,10.6,9.1,7.7,0.6,2.1,9.3,9.2,8.2,6.5,0,1,1,0.1,0.7,0.9,0.8,-0.1,0.7,1.1,0.8,0.1,0.7,0.8,1.4,0.3,0.8,0.6,0.6,-0.5,1.3,1.9,0.7,-0.6,1.2,2.3,0.6,-0.5,1,1.7,0.5,-0.3,2,1.2,1.2,0.8,1.1,0.7,1.1,0.6,0.7,0.8,1.2,0.8,1.1,0.8,1.2,1.1,1.6,0.7,0.5,0.1,1,0.1,0.5,0.1,0.9,0.1,0.5,0.1,1,0.1,0.4,0.2,1.3,0.2,0.4,1.4,0.1,0.2,0.4,1.2,0.1,0.2,0.4,1.7,0.1,0.2,0.3,1.7,0,0.3,3.5,-0.4,-1.5,-0.7,1,-0.2,-0.1,-0.5,0.9,0,-0.1,-0.4,8,-1,-3.7,-1.1,0.6,1.4,-0.2,0.1,0.5,1.2,-0.2,0,0.6,1.6,-0.2,-0.1,0.7,1.4,-0.2,0.6,0.3,0.7,0.2,0.5,0.2,0.6,0.3,0.5,0.3,0.7,0.2,0.5,0.3,0.9,0,0.6,1.7,0.1,1.1,0.3,1.8,-0.1,0.9,0.1,1.8,0.1,1.1,0.1,1.3,0.6,1.1,0.7,0.5,-0.7,0.1,0.3,0.6,-0.6,0.1,0.2,0.6,-0.7,0.2,0.3,0.4,-0.9,0,0.2,22.6,69.46,7.729,0.893339,16.76,10153,1662,8758.400391,5.96,1.6
1994/7/31,8.9,8.5,8.6,9.9,7.5,7.4,7.2,8.1,12.5,11.1,11.4,15.3,4.3,4.3,4.2,4.8,5.6,5.3,5.9,5.7,7.5,8,8.2,6.3,3.3,3.3,3.6,3,4.8,5.5,4.8,4.1,9.2,9.5,9.4,8.4,11.1,12.5,11.3,9.3,0.4,0.8,0.6,-0.3,1.2,1.4,1.1,0.8,0.8,0.7,0.9,0.8,0.3,0.3,0.3,0.3,-0.1,0,-0.1,-0.1,-4,-0.8,-0.9,-9.5,-0.4,0.1,-0.5,-0.9,-0.6,-0.4,-0.5,-1.2,0.6,0.4,0.5,0.9,0.7,0.6,0.7,0.7,8.4,8.4,7.2,8.6,0.5,1.7,7.5,7.7,6.2,8.2,0.8,2.3,8.1,8.2,6.9,8.5,0.4,1.7,10.1,9.9,9,9.2,0,0.9,5.6,6.1,4.3,7.3,1.4,3.2,4.9,5.5,3.1,7,1.9,4.3,5.6,6.1,4.1,7.3,1.1,3.1,7.2,7.3,7.1,8.2,0.8,1,12.8,12.3,11.1,13,0.2,1.4,11.4,11,9.8,12.5,0.1,1.3,12,11.4,10.2,13.2,0,1.2,15.2,14.8,13.3,13.3,0.5,2,4.7,3.6,3.5,4.8,0.7,0.8,4.7,3.4,3.4,4.7,0.9,0.9,4.6,3.5,3.5,4.6,0.7,0.7,5,4.1,4,5.2,0.7,0.8,5.7,5.5,8.6,9.1,0.1,-3,5.4,5.2,8.9,9.5,0.1,-3.6,6.1,5.9,8.3,8.7,0,-2.4,6,6,8.3,8.6,-0.3,-2.6,8.9,9,8.2,8.2,-1.5,-0.7,7,8,6.9,7.4,0,1.1,7.3,8.4,6.8,8,-0.2,1.4,12,10.4,10.7,8.9,-4.1,-4.4,3.2,2.5,2.4,2.6,0.8,0.9,3.1,2.4,2.3,2,0.9,1,3.5,2.6,2.4,2,1,1.2,3,2.5,2.6,4.1,0.5,0.4,5.5,6.3,6.3,6.9,-1.5,-1.5,5.9,6.8,6.9,7.4,-1.3,-1.4,5.3,6.1,6.1,6.7,-1.3,-1.3,5.2,6,5.6,6.5,-1.9,-1.5,8.7,9.4,9.3,8.1,-0.2,-0.1,9.1,10.2,9.9,8.7,-0.7,-0.4,9,9.6,9.6,8,-0.2,-0.2,7.7,8.2,8.2,7.5,0.2,0.2,11,10.6,8.1,6.9,0.5,3,12.3,11.7,9.1,7.3,0.8,3.4,11.2,10.8,8.3,7,0.5,3,9.2,9.1,6.6,6.1,0.2,2.7,0.7,1.3,-0.2,-0.1,0.8,0.9,-0.3,-0.2,0.6,1.3,-0.1,0.1,0.7,1.8,0.1,-0.1,1.3,-0.6,-0.4,-0.6,1.6,-0.8,-0.9,-1,1.2,-0.5,-0.4,-0.5,1,-0.2,0.6,0,0.8,1.6,1,1.1,0.5,1.7,0.7,1,0.7,1.3,0.9,1.4,1.1,2.1,1.5,0.7,1,-0.1,0.6,0.7,1,-0.1,0.5,0.7,1,-0.1,0.6,0.7,0.8,-0.1,0.9,0.5,0.2,1,-0.3,0.1,0.2,0.9,-0.2,0,0.2,1.2,-0.3,0.1,0.2,1.1,-0.6,0.1,-0.9,11.4,-5.4,-2.8,-1.3,10.8,-4.1,-1.7,-1.2,12.5,-4.9,-1.7,-0.4,10.6,-6.9,-4.7,0.1,0.8,-1.8,-0.5,0.1,0.5,-1.4,-0.1,0.2,0.6,-1.7,-0.6,0.1,1.4,-2.4,-0.9,0.5,0.8,0.2,0,0.4,0.7,0.2,0,0.5,0.7,0.2,0.1,0.6,1.1,-0.1,-0.2,0.2,2.2,0.6,0.1,0.1,3.2,0.2,0.1,0.2,2.1,0.7,0.1,0.3,1,0.9,0.2,0.2,0.7,0.8,0.5,0.2,0.7,0.9,0.4,0.2,0.7,0.9,0.6,0.1,0.5,0.6,0.6,24,66.53,7.725,0.8963015,17.6,10693,1601,9482.799805,4.29,1.7
1994/8/31,9.8,9.8,9.5,10.4,9.9,10.4,9.1,10.2,12.9,11.5,12,15.1,3.8,3.7,3.6,4.5,5.2,5,5.5,5.3,9.4,10.8,11.6,6,3.3,3.1,3.1,3.6,4.7,5.3,4.6,4,9.1,9.4,9.3,8.6,10.5,11.7,10.5,9.3,1.2,1.6,1.2,0.8,2.4,3,2,2.2,1,1.1,1.1,0.9,0.2,0.2,0.2,0.2,-0.1,-0.1,-0.1,-0.2,0.9,1.9,2,-1.1,-0.2,-0.1,-0.3,-0.3,0.1,0,0.1,0.1,0.2,0.1,0.1,0.4,0.4,0.4,0.4,0.3,8.9,8.6,8.4,8.7,1.2,1.4,8.5,7.8,7.8,8.5,2,2,8.6,8.4,8.1,8.5,1.1,1.4,9.9,10,9.8,9.2,0.4,0.6,7.5,6.1,6.9,7.7,3.8,3,7.4,5.5,6.4,7.6,4.9,4,7.2,6.1,6.8,7.6,3,2.3,8.1,7.5,8.2,8.3,2.7,2,12.5,12.8,11.1,12.6,0.1,1.8,11.1,11.6,9.7,12.4,-0.1,1.8,11.4,12.1,10.3,12.4,-0.1,1.7,15.3,14.7,13.4,13,0.4,1.7,4.3,3.9,3.5,5.2,-0.1,0.3,4.3,3.8,3.4,5.2,-0.1,0.3,4.2,3.8,3.5,5.2,-0.2,0.1,4.8,4.3,4,5.5,0.2,0.5,5.6,5.7,8.6,9.2,-0.5,-3.4,5.3,5.4,8.9,9.6,-0.4,-3.9,5.9,6.1,8.4,8.8,-0.6,-2.9,5.7,6.1,8.5,8.6,-0.8,-3.2,7.5,9.2,7,8.4,0.2,2.4,8,7.8,5.6,7.1,3,5.2,8.2,8.1,5.3,7.1,3.5,6.3,6.3,11.2,10,11,-5.2,-4,3.3,3.2,2,2.8,0.1,1.3,3.3,3,2,2.6,0.1,1.1,3.6,3.2,2,2.6,-0.1,1.1,3,3.5,2.1,3.1,0.1,1.5,4.8,5.5,5.4,6.7,-0.8,-0.7,5.5,6,6.2,7.1,-0.7,-0.9,4.8,5.3,5.2,6.5,-0.7,-0.6,4.1,5.2,4.6,6.4,-1.2,-0.6,9.2,8.8,10,7.9,0.3,-0.9,9.5,9.1,10.7,8.6,0.3,-1.3,9.4,8.9,10.1,7.8,0.4,-0.8,8.4,8.1,8.9,7.1,0.5,-0.3,11.1,11.1,11.4,7.5,-0.6,-0.9,12.5,12.4,12.1,8.3,-0.7,-0.4,11.3,11.3,11.6,7.9,-0.8,-1.1,9.3,9.3,10.5,6.2,0,-1.2,0.4,1,1.6,0.4,0.8,0.8,1.9,0.4,0.6,0.8,1.6,0.4,-0.3,1.4,1.1,0.4,1.2,0.6,3.5,0.2,1.4,0.7,4,0.2,1.1,0.6,3.6,0.3,0.8,0.5,2.2,0.2,0.8,1.2,0.8,0.8,0.7,1.1,0.7,0.6,0.9,1.2,0.7,0.6,0.8,1.2,1,1.1,0.3,0.5,-0.1,0.7,0.3,0.5,-0.1,0.7,0.3,0.5,-0.1,0.7,0.3,0.4,-0.1,0.5,-0.1,0.4,0.6,0.2,0,0.4,0.4,0.2,-0.1,0.4,0.7,0.2,-0.1,0.3,1.3,0.2,-4,3.5,-2,-0.9,-0.8,1,-2,-0.7,-0.9,0.9,-2.3,-1.1,-9.5,8,-1.6,-0.8,-0.4,0.6,0,-0.1,0.1,0.5,0.1,0.2,-0.5,0.6,0.1,0.2,-0.9,0.7,-0.1,-0.8,-0.6,0.3,0.1,0.2,-0.4,0.2,0.1,0.2,-0.5,0.3,0.1,0.2,-1.2,0.3,0.2,0.2,0.6,1.7,0.6,0.2,0.4,1.8,0.7,0.2,0.5,1.8,0.6,0.2,0.9,1.3,0.6,0.3,0.7,0.5,2,0.9,0.6,0.6,1.9,1.2,0.7,0.6,1.9,1.1,0.7,0.4,2.1,0.3,25.8,66.89,7.728,0.902612,16.89,10547,1602,9929.400391,4.7,1.9
1994/9/30,9.2,8.6,9,10.2,7.4,7.2,7,8.8,13.3,11.8,12.8,15.4,4.5,4.4,4.5,5,4.9,4.4,5.4,5.6,8.9,10.6,11.2,5.2,3,2.7,2.9,3.5,5.4,5.9,5.2,4.9,9.2,9.4,9.3,8.9,10.7,11.8,10.8,9.5,0.8,0.5,0.8,1.1,-1.3,-1.9,-1,-0.6,1.7,2.1,1.6,1.4,0.8,0.8,0.8,0.6,0.4,0.4,0.4,0.5,0.4,0.2,0.2,0.8,0.7,0.2,0.9,1.1,0.9,0.8,0.8,1.2,0.3,0.4,0.3,0.2,5.4,6.1,5.2,4.8,9.8,8.4,8.4,8.3,0.8,0.8,9.8,7.5,8,7.9,1.1,0.6,9.5,8.1,8.2,8.1,0.9,0.8,10.4,10.1,9.2,9.2,0.1,1,9.9,5.6,7.4,6.5,1.8,0,10.4,4.9,7.2,6,2.3,0,9.1,5.6,7.3,6.5,1.4,-0.3,10.2,7.2,8.3,7.5,1.6,0.5,12.9,12.8,11.4,12.1,0.5,1.9,11.5,11.4,9.8,11.5,0.4,2,12,12,10.7,11.5,0.8,2.1,15.1,15.2,13.7,13.6,0.2,1.7,3.8,4.7,3.7,5,-0.2,0.8,3.7,4.7,3.5,4.9,-0.3,0.9,3.6,4.6,3.6,4.9,-0.1,0.9,4.5,5,4.3,5.1,0,0.7,5.2,5.7,6,10,-0.8,-1.1,5,5.4,5.7,10.7,-1,-1.3,5.5,6.1,6.3,9.5,-0.7,-0.9,5.3,6,6.4,8.7,-0.4,-0.8,9.4,8.9,4.3,7.6,0,4.6,10.8,7,5,7.2,3.6,5.6,11.6,7.3,4.7,7.2,3.9,6.5,6,12,3.3,8.4,-6.8,1.9,3.3,3.2,2.7,2.7,-0.2,0.3,3.1,3.1,2.9,2.6,-0.4,-0.2,3.1,3.5,3,2.6,-0.6,-0.1,3.6,3,2.1,3.2,0.5,1.4,4.7,5.5,5.8,6.5,-0.1,-0.4,5.3,5.9,6.5,6.9,0,-0.6,4.6,5.3,5.7,6.4,-0.1,-0.5,4,5.2,5,6.1,-0.3,-0.1,9.1,8.7,9.7,7.7,0.5,-0.5,9.4,9.1,10.2,8.6,0.3,-0.8,9.3,9,9.7,7.8,0.3,-0.4,8.6,7.7,9,6.5,1.2,-0.1,10.5,11,10.4,9.3,-0.3,0.3,11.7,12.3,11.4,9.9,-0.5,0.4,10.5,11.2,10.6,9.6,-0.4,0.2,9.3,9.2,9.2,8.5,0.3,0.3,1.2,0.7,0.1,1.4,1.6,0.8,-0.1,1.6,1.2,0.6,0.1,1.3,0.8,0.7,0.3,1.3,2.4,1.3,-0.5,0.9,3,1.6,-0.6,1,2,1.2,-0.5,0.9,2.2,1,-0.3,0.7,1,0.8,0.8,1.3,1.1,0.5,0.6,1.8,1.1,0.7,0.8,1,0.9,1.1,1.1,1.1,0.2,1,0.1,0.1,0.2,1,0.1,0.1,0.2,1,0.1,0,0.2,0.8,0.2,0.1,-0.1,0.2,1.4,0.7,-0.1,0.2,1.2,1,-0.1,0.2,1.7,0.6,-0.2,0.2,1.7,0.2,0.9,-0.9,-0.4,0.8,1.9,-1.3,-0.2,0.4,2,-1.2,0,0.5,-1.1,-0.4,-1,1.5,-0.2,0.1,1.4,0.9,-0.1,0.1,1.2,0.6,-0.3,0.2,1.6,1.1,-0.3,0.1,1.4,1.2,0.1,0.5,0.7,0.2,0,0.4,0.6,0.2,0.1,0.5,0.7,0.3,0.1,0.6,0.9,0.3,0.2,0.2,0.1,0.3,0.1,0.1,-0.1,0.4,0.1,0.2,0.1,0.4,0.4,0.3,0.6,0,0.4,0.2,-0.7,5.2,0.4,0.2,-0.6,6,0.4,0.2,-0.7,5,0.3,0.1,-0.9,4.6,27.3,66.12,7.727,0.9058825,15.9,10974,1626,9521.200195,5.44,2.3
1994/10/31,9,7.9,9,10.5,5.6,4.6,5.4,8.6,13.4,12,13.2,15,5.2,5.1,5.2,5.4,3.8,3.3,4.2,4.5,13.4,14.9,15.8,9.6,3.2,3.2,3.3,3.2,8.2,9.2,7.9,7.2,9.2,9.4,9.3,9,10.6,11.7,10.7,9.1,0.9,0.5,0.9,1.2,-0.3,-0.7,-0.3,0.8,1.1,1,1.5,0.7,0.7,0.7,0.7,0.5,0.4,0.4,0.4,0.6,5.6,4.5,4.7,7.4,1.3,1.2,1.3,1.2,4.5,5.7,4.1,3.3,0.1,0.2,0.2,0,-0.1,0,0,-0.2,9.2,8.9,8.4,9,0.1,0.6,8.6,8.5,7.7,9,-0.6,0.2,9,8.6,8.2,8.7,0.4,0.8,10.2,9.9,9.9,9.4,0.6,0.6,7.4,7.5,6.1,9,-1.9,-0.5,7.2,7.4,5.5,9.3,-2.8,-0.9,7,7.2,6.1,8.8,-1.8,-0.7,8.8,8.1,7.3,8.5,0.5,1.3,13.3,12.5,12.3,11.8,0.9,1.1,11.8,11.1,11,11,0.9,1,12.8,11.4,11.4,11,1.8,1.8,15.4,15.3,14.8,13.6,-0.3,0.2,4.5,4.3,3.6,4.9,0.9,1.6,4.4,4.3,3.4,4.9,0.8,1.7,4.5,4.2,3.5,4.9,1,1.7,5,4.8,4.1,5.1,0.6,1.3,4.9,5.6,5.5,10.2,-1.8,-1.7,4.4,5.3,5.2,10.7,-2,-1.9,5.4,5.9,5.9,9.8,-1.7,-1.7,5.6,5.7,6,9.3,-1.2,-1.5,8.9,7.5,9,7.5,5.9,4.4,10.6,8,8,7.1,6.9,6.9,11.2,8.2,8.4,7.2,7.6,7.4,5.2,6.3,10.4,8.3,3.3,-0.8,3,3.3,2.5,3.4,-0.1,0.7,2.7,3.3,2.4,3.2,-0.1,0.8,2.9,3.6,2.6,3.1,-0.3,0.7,3.5,3,2.5,3.9,0.2,0.7,5.4,4.8,6.3,5.8,3.4,1.9,5.9,5.5,6.8,6.1,3.7,2.4,5.2,4.8,6.1,5.6,3.1,1.8,4.9,4.1,6,5.4,3.1,1.2,9.2,9.2,9.4,7.6,0,-0.2,9.4,9.5,10.2,8.6,-0.1,-0.8,9.3,9.4,9.6,7.7,-0.1,-0.3,8.9,8.4,8.2,6.3,0.6,0.8,10.7,11.1,10.6,9,-0.5,0,11.8,12.5,11.7,9.6,-0.8,0,10.8,11.3,10.8,9.2,-0.6,-0.1,9.5,9.3,9.1,8.2,-0.2,0,0.8,0.4,1.3,1,0.5,0.8,0.9,1.2,0.8,0.6,1.3,1,1.1,-0.3,1.8,1,-1.3,1.2,-0.6,1.4,-1.9,1.4,-0.8,1.8,-1,1.1,-0.5,1.3,-0.6,0.8,-0.2,0.9,1.7,0.8,1.6,1,2.1,0.7,1.7,0.9,1.6,0.9,1.3,1.1,1.4,0.8,2.1,1.1,0.8,0.3,-0.1,0.1,0.8,0.3,-0.1,0.1,0.8,0.3,-0.1,0,0.6,0.3,-0.1,0.1,0.4,-0.1,1,1.5,0.4,0,0.9,1.5,0.4,-0.1,1.2,1.5,0.5,-0.1,1.1,1.7,0.4,-4,11.4,1.5,0.2,-0.8,10.8,0.5,0.2,-0.9,12.5,0.5,0.8,-9.5,10.6,3.1,0.7,-0.4,0.8,1.1,0.2,0.1,0.5,0.7,0.9,-0.5,0.6,0.9,1.1,-0.9,1.4,1.6,0.9,-0.6,0.8,1.8,0.8,-0.4,0.7,2.5,0.8,-0.5,0.7,1.6,1.2,-1.2,1.1,1.1,0.3,0.6,2.2,0.1,0.4,0.4,3.2,0.2,0.3,0.5,2.1,0.1,0.2,0.9,1,-0.1,5.4,0.7,0.7,0.1,6.1,0.6,0.7,0.1,5.2,0.7,0.7,0,4.8,0.7,0.5,0.1,27.7,65.6,7.728,0.906293,16.49,9546,1661,9646.299805,4.9,2.3
1994/11/30,9.5,8.6,9.5,10.6,7.1,6.6,6.7,9.3,14,12.2,14.5,15.1,5.1,5,5.1,5.3,5.5,5.1,5.8,5.9,11.1,10.9,11.5,10.7,2.6,2.4,2.8,2.5,8,8.8,7.6,7.2,7.9,8.2,7.9,7.5,10.8,12.1,11,8.9,0.6,0.2,0.6,1.2,-0.3,-0.4,-0.2,0,1.1,0.8,1.8,0.8,0.1,0.1,0.1,0.2,1.3,1.5,1.2,1,4.2,1.1,1,10.1,0.2,0.1,0.3,0.4,0.2,0,0.1,0.6,0,0,0,0,0.5,0.7,0.6,0.3,9,9.8,8.6,8.7,-0.3,0.9,7.9,9.8,7.8,8.4,-1.2,0.8,9,9.5,8.4,8.4,0,1.1,10.5,10.4,10,9.5,0.2,0.6,5.6,9.9,6.1,7.7,-2.8,1,4.6,10.4,5.5,7.6,-3.8,1.1,5.4,9.1,6.1,7.7,-2.4,0.6,8.6,10.2,7.5,7.7,-0.9,1.8,13.4,12.9,12.8,11.5,1.1,1.2,12,11.5,11.6,10.8,0.7,0.6,13.2,12,12.1,10.6,2.5,2.4,15,15.1,14.7,13.2,0,0.4,5.2,3.8,3.9,4.5,1.3,1.2,5.1,3.7,3.8,4.4,1.3,1.2,5.2,3.6,3.8,4.5,1.5,1.3,5.4,4.5,4.3,5,0.8,1,3.8,5.2,5.7,8.4,0.3,-0.2,3.3,5,5.4,8.7,0.1,-0.3,4.2,5.5,6.1,8.1,0.3,-0.3,4.5,5.3,6.1,8,0.6,-0.2,13.4,9.4,9.2,8.7,1.7,1.9,14.9,10.8,7.8,7.7,0.1,3.1,15.8,11.6,8.1,7.9,-0.1,3.4,9.6,6,11.2,10.2,4.7,-0.5,3.2,3.3,3.2,4,-0.7,-0.6,3.2,3.1,3,3.9,-0.7,-0.6,3.3,3.1,3.2,3.8,-0.3,-0.4,3.2,3.6,3.5,4.3,-1.1,-1,8.2,4.7,5.5,6,3.3,2.5,9.2,5.3,6,6.4,3.5,2.8,7.9,4.6,5.3,5.9,3,2.3,7.2,4,5.2,5.6,3.2,2,9.2,9.1,8.8,8.9,-1.2,-0.9,9.4,9.4,9.1,9.7,-1.2,-0.9,9.3,9.3,8.9,9,-1.4,-1,9,8.6,8.1,7.6,-1.1,-0.6,10.6,10.5,11.1,9.4,0.3,-0.3,11.7,11.7,12.4,9.9,0.4,-0.3,10.7,10.5,11.3,9.5,0.5,-0.3,9.1,9.3,9.3,8.7,-0.4,-0.4,0.9,1.2,1,0.2,0.5,1.6,0.8,-0.5,0.9,1.2,0.8,0.2,1.2,0.8,1.4,1.1,-0.3,2.4,0.6,-1.7,-0.7,3,0.7,-2.3,-0.3,2,0.6,-1.4,0.8,2.2,0.5,-0.6,1.1,1,1.2,0.6,1,1.1,1.1,0.6,1.5,1.1,1.2,0.6,0.7,0.9,1.2,0.7,0.7,0.2,0.5,0.2,0.7,0.2,0.5,0.2,0.7,0.2,0.5,0.2,0.5,0.2,0.4,0.2,0.4,-0.1,0.4,-0.3,0.4,-0.1,0.4,-0.3,0.4,-0.1,0.4,-0.3,0.6,-0.2,0.3,-0.3,5.6,0.9,3.5,6.3,4.5,1.9,1,4.8,4.7,2,0.9,4.9,7.4,-1.1,8,9,1.3,-0.2,0.6,0.9,1.2,-0.1,0.5,0.8,1.3,-0.3,0.6,0.8,1.2,-0.3,0.7,1.1,4.5,0.1,0.3,0.4,5.7,0,0.2,0.3,4.1,0.1,0.3,0.4,3.3,0.1,0.3,0.6,0.1,0.2,1.7,1.3,0.2,0.1,1.8,1.1,0.2,0.1,1.8,1.3,0,0.4,1.3,1.3,-0.1,0.4,0.5,0.3,0,0.4,0.6,0.3,0,0.4,0.6,0.3,-0.2,0.3,0.4,0.5,27.5,65.36,7.734,0.9086815,17.19,8010,1719,8466.299805,5.66,2.1
1994/12/31,9.5,8.9,9.5,10.3,7.6,7.5,7.2,8.5,13.7,12.5,14.3,14.2,4.8,4.7,4.9,4.9,5,4.7,5.3,5.2,10.9,9.7,10.1,12.5,2.7,2.5,2.8,2.6,7.7,8.4,7.3,7.1,7.2,7.5,7,7.1,11.5,12.6,11.8,9.8,0.8,1,0.7,0.5,1.7,2.1,1.5,1.3,0.9,0.9,0.8,0.8,0.8,0.7,0.8,0.9,-0.4,-0.3,-0.4,-0.7,-1.7,-1.2,-1.4,-2.2,-0.1,-0.1,-0.2,0,-0.1,0,-0.1,-0.1,0.4,0.2,0.3,0.7,0.7,0.6,0.9,0.8,9.5,9.2,8.4,9,0.3,1.1,8.6,8.6,7.5,8.6,0.3,1.4,9.5,9,8.1,8.5,0.5,1.4,10.6,10.2,10.1,10.2,0.1,0.2,7.1,7.4,5.6,8.7,0.2,2,6.6,7.2,4.9,8.6,0.3,2.6,6.7,7,5.6,8.4,0.2,1.6,9.3,8.8,7.2,9.7,-0.3,1.3,14,13.3,12.8,11.1,0.4,0.9,12.2,11.8,11.4,9.9,0.7,1.1,14.5,12.8,12,10.3,1.5,2.3,15.1,15.4,15.2,13.3,-1.2,-1,5.1,4.5,4.7,4.1,0.3,0.1,5,4.4,4.7,3.9,0.3,0,5.1,4.5,4.6,4,0.4,0.3,5.3,5,5,4.5,-0.1,-0.1,5.5,4.9,5.7,8.6,0.1,-0.7,5.1,4.4,5.4,8.9,0.3,-0.7,5.8,5.4,6.1,8.3,-0.1,-0.8,5.9,5.6,6,8.2,-0.4,-0.8,11.1,8.9,8.9,8.7,2,2,10.9,10.6,7,6.5,-0.9,2.7,11.5,11.2,7.3,6.7,-1.1,2.8,10.7,5.2,12,12.7,7.3,0.5,2.6,3,3.2,3.6,-0.3,-0.5,2.4,2.7,3.1,3.4,-0.2,-0.6,2.8,2.9,3.5,3.4,-0.1,-0.7,2.5,3.5,3,3.8,-0.9,-0.4,8,5.4,5.5,6.3,2.3,2.2,8.8,5.9,5.9,6.8,2.5,2.5,7.6,5.2,5.3,6.1,2.1,2,7.2,4.9,5.2,5.8,2.2,1.9,7.9,9.2,8.7,9.8,-2,-1.5,8.2,9.4,9.1,10.6,-1.9,-1.6,7.9,9.3,9,10.1,-2.3,-2,7.5,8.9,7.7,8.4,-1.8,-0.6,10.8,10.7,11,9,0.8,0.5,12.1,11.8,12.3,9.7,0.8,0.3,11,10.8,11.2,9.1,1,0.6,8.9,9.5,9.2,8.2,0.3,0.6,0.6,0.8,0.7,0.7,0.2,0.5,0.8,0.7,0.6,0.8,0.6,0.7,1.2,1.1,0.7,0.8,-0.3,-1.3,1.3,1.3,-0.4,-1.9,1.6,1.2,-0.2,-1,1.2,1,0,-0.6,1,2,1.1,1.7,0.8,1.1,0.8,2.1,0.5,0.7,1.8,1.6,0.7,1.1,0.8,1.4,1.1,1.6,0.1,0.8,1,1,0.1,0.8,1,0.9,0.1,0.8,1,1,0.2,0.6,0.8,1.3,1.3,0.4,0.2,0.1,1.5,0.4,0.2,0.1,1.2,0.4,0.2,0.1,1,0.5,0.2,0,4.2,0.4,-0.9,-1.5,1.1,0.2,-1.3,-0.1,1,0.2,-1.2,-0.1,10.1,0.8,-0.4,-3.7,0.2,0.7,0.1,-0.2,0.1,0.2,0.1,-0.2,0.3,0.9,0.2,-0.2,0.4,1.1,0.1,-0.2,0.2,0.9,0.5,0.2,0,0.8,0.4,0.3,0.1,0.8,0.5,0.2,0.6,1.2,0.6,0,0,0.3,0.2,1.1,0,0.4,0.1,0.9,0,0.3,0.2,1.1,0,0.2,0.3,1.1,0.5,5.4,0.2,0.1,0.7,6.1,0.2,0.1,0.6,5.2,0.2,0.2,0.3,4.8,0.1,0,25.5,61.35,7.738,0.916258,15.93,7677,1741,8191,4.94,1.9
1995/1/31,10.3,10.1,10.4,10.3,9.2,9.6,8.9,8.6,13.7,12.7,14.4,13.8,4.8,4.7,4.9,4.6,4.5,4.5,4.6,4.2,10.7,10.2,10.9,10.9,3.9,3.8,4,4,7.4,8.1,7,6.9,8.2,8.5,8.1,7.8,12.6,13.6,13.1,10.9,0.5,0.7,0.7,0.1,1,1.1,1.1,0.7,1,0.9,1,1.1,0.6,0.5,0.6,0.6,-0.7,-0.4,-0.9,-1.6,-5.5,-3.7,-4.2,-8.2,-0.6,-0.1,-0.6,-1.1,-0.1,-0.1,-0.1,-0.3,1.5,1.2,1.7,1.6,1.9,1.9,2,1.6,9.5,9,8.9,7.2,1.3,1.4,8.9,7.9,8.5,6.2,2.2,1.6,9.5,9,8.6,6.9,1.4,1.8,10.3,10.5,9.9,9,-0.2,0.4,7.6,5.6,7.5,4.3,3.6,1.7,7.5,4.6,7.4,3.1,5,2.2,7.2,5.4,7.2,4.1,3.5,1.7,8.5,8.6,8.1,7.1,0,0.5,13.7,13.4,12.5,11.1,0.3,1.2,12.5,12,11.1,9.8,0.7,1.6,14.3,13.2,11.4,10.2,1.2,3,14.2,15,15.3,13.3,-1.2,-1.5,4.8,5.2,4.3,3.5,-0.4,0.5,4.7,5.1,4.3,3.4,-0.4,0.4,4.9,5.2,4.2,3.5,-0.3,0.7,4.9,5.4,4.8,4,-0.8,-0.2,5,3.8,5.6,8.6,0.7,-1.1,4.7,3.3,5.3,8.9,1.2,-0.8,5.3,4.2,5.9,8.3,0.4,-1.3,5.2,4.5,5.7,8.3,-0.3,-1.5,10.9,13.4,7.5,8.2,-2.7,3.2,9.7,14.9,8,6.9,-4.7,2.2,10.1,15.8,8.2,6.8,-4.9,2.7,12.5,9.6,6.3,10.7,1.3,4.6,2.7,3.2,3.3,2.4,0.7,0.6,2.5,3.2,3.3,2.3,0.6,0.5,2.8,3.3,3.6,2.4,0.7,0.4,2.6,3.2,3,2.6,0.8,1,7.7,8.2,4.8,6.3,-0.8,2.6,8.4,9.2,5.5,6.9,-1.1,2.6,7.3,7.9,4.8,6.1,-0.9,2.2,7.1,7.2,4.1,5.6,-0.3,2.8,7.2,9.2,9.2,9.3,-1,-1,7.5,9.4,9.5,9.9,-0.9,-1,7,9.3,9.4,9.6,-1.2,-1.3,7.1,9,8.4,8.2,-1.2,-0.6,11.5,10.6,11.1,8.1,2,1.5,12.6,11.7,12.5,9.1,1.9,1.1,11.8,10.7,11.3,8.3,2.4,1.8,9.8,9.1,9.3,6.6,1.8,1.6,0.8,0.9,0.4,-0.2,1,0.5,0.8,-0.3,0.7,0.9,0.6,-0.1,0.5,1.2,-0.3,0.1,1.7,-0.3,1.2,-0.4,2.1,-0.7,1.4,-0.9,1.5,-0.3,1.1,-0.4,1.3,0.8,0.8,0.6,0.9,1.1,0.8,1,0.9,1,0.7,0.7,0.8,1.5,0.9,0.9,0.8,0.7,0.8,1.5,0.8,0.7,0.3,0.6,0.7,0.7,0.3,0.5,0.8,0.7,0.3,0.6,0.9,0.5,0.3,0.9,-0.4,0.4,-0.1,-0.3,-0.3,0.4,0,-0.2,-0.4,0.4,-0.1,-0.3,-0.7,0.6,-0.1,-0.6,-1.7,5.6,-4,-5.4,-1.2,4.5,-0.8,-4.1,-1.4,4.7,-0.9,-4.9,-2.2,7.4,-9.5,-6.9,-0.1,1.3,-0.4,-1.8,-0.1,1.2,0.1,-1.4,-0.2,1.3,-0.5,-1.7,0,1.2,-0.9,-2.4,-0.1,4.5,-0.6,0.2,0,5.7,-0.4,0.2,-0.1,4.1,-0.5,0.2,-0.1,3.3,-1.2,-0.1,0.4,0.1,0.6,0.6,0.2,0.2,0.4,0.2,0.3,0.2,0.5,0.7,0.7,0,0.9,0.9,0.7,-0.1,0.7,0.8,0.6,0,0.6,0.9,0.9,0,0.7,0.9,0.8,-0.2,0.7,0.6,24.1,58.27,7.735,0.9161745,16.55,7270,2019,7342.700195,5.86,2
1995/2/28,9.4,8.9,9.6,9.7,6.8,6.8,6.6,7.1,13.7,13,14.6,13.4,6.7,6.8,6.9,5.9,4.6,4.4,4.9,4.6,12.3,11.7,12.8,12.2,4.5,4.3,4.5,4.8,7.6,8.3,7.2,7,8.3,8.3,8.3,8.4,10.1,11.4,10.6,8,0.7,0.7,0.8,0.4,1.2,1.2,1.3,0.8,0.9,0.8,1.1,0.7,1.9,2.2,1.9,1.3,0.5,0.3,0.4,1,-0.8,-0.6,-0.7,-0.9,0.7,0.8,0.7,0.7,0.2,0.3,0.3,0.1,0.8,0.5,0.8,1,-0.5,-0.4,-0.5,-0.7,10.3,9.5,9.8,8.4,-0.1,-0.4,10.1,8.6,9.8,7.8,0.3,-0.9,10.4,9.5,9.5,8.1,0.1,0.1,10.3,10.6,10.4,9.8,-0.9,-0.7,9.2,7.1,9.9,6.9,-0.3,-3.1,9.6,6.6,10.4,6.4,0.2,-3.6,8.9,6.7,9.1,6.8,-0.1,-2.5,8.6,9.3,10.2,8.2,-2.2,-3.1,13.7,14,12.9,11.1,-0.3,0.8,12.7,12.2,11.5,9.7,0.8,1.5,14.4,14.5,12,10.3,0.1,2.6,13.8,15.1,15.1,13.4,-1.7,-1.7,4.8,5.1,3.8,3.5,1.6,2.9,4.7,5,3.7,3.4,1.8,3.1,4.9,5.1,3.6,3.5,1.8,3.3,4.6,5.3,4.5,4,0.6,1.4,4.5,5.5,5.2,8.6,-0.9,-0.6,4.5,5.1,5,8.9,-0.7,-0.6,4.6,5.8,5.5,8.4,-0.9,-0.6,4.2,5.9,5.3,8.5,-1.3,-0.7,10.7,11.1,9.4,7,1.2,2.9,10.2,10.9,10.8,5.6,0.8,0.9,10.9,11.5,11.6,5.3,1.3,1.2,10.9,10.7,6,10,1.5,6.2,3.9,2.6,3.3,2,1.9,1.2,3.8,2.4,3.1,2,1.9,1.2,4,2.8,3.1,2,1.7,1.4,4,2.5,3.6,2.1,2.3,1.2,7.4,8,4.7,5.4,-0.4,2.9,8.1,8.8,5.3,6.2,-0.5,3,7,7.6,4.6,5.2,-0.4,2.6,6.9,7.2,4,4.6,-0.2,3,8.2,7.9,9.1,10,0.4,-0.8,8.5,8.2,9.4,10.7,0.1,-1.1,8.1,7.9,9.3,10.1,0.4,-1,7.8,7.5,8.6,8.9,0.9,-0.2,12.6,10.8,10.5,11.4,-0.7,-0.4,13.6,12.1,11.7,12.1,-0.7,-0.3,13.1,11,10.5,11.6,-0.4,0.1,10.9,8.9,9.3,10.5,-0.9,-1.3,0.5,0.6,1.2,1.6,0.7,0.2,1.6,1.9,0.7,0.6,1.2,1.6,0.1,1.2,0.8,1.1,1,-0.3,2.4,3.5,1.1,-0.4,3,4,1.1,-0.2,2,3.6,0.7,0,2.2,2.2,1,1.1,1,0.8,0.9,0.8,1.1,0.7,1,1.8,1.1,0.7,1.1,0.8,0.9,1,0.6,0.1,0.2,-0.1,0.5,0.1,0.2,-0.1,0.6,0.1,0.2,-0.1,0.6,0.2,0.2,-0.1,-0.7,1.3,-0.1,0.6,-0.4,1.5,-0.1,0.4,-0.9,1.2,-0.1,0.7,-1.6,1,-0.2,1.3,-5.5,4.2,0.9,-2,-3.7,1.1,1.9,-2,-4.2,1,2,-2.3,-8.2,10.1,-1.1,-1.6,-0.6,0.2,-0.2,0,-0.1,0.1,-0.1,0.1,-0.6,0.3,-0.3,0.1,-1.1,0.4,-0.3,-0.1,-0.1,0.2,0.1,0.1,-0.1,0,0,0.1,-0.1,0.1,0.1,0.1,-0.3,0.6,0.1,0.2,1.5,0,0.2,0.6,1.2,0,0.1,0.7,1.7,0,0.1,0.6,1.6,0,0.4,0.6,1.9,0.5,0.4,2,1.9,0.7,0.4,1.9,2,0.6,0.4,1.9,1.6,0.3,0.3,2.1,22.4,60.97,7.732,0.9169305,17.11,6559,2018,8327.5,6.1,2.3
1995/3/31,9.8,9.5,10,9.9,7.4,7.5,7.2,7.5,13.9,13.3,14.6,13.5,9.1,9.3,9.4,7.8,6.7,7.1,6.4,5.9,12.7,12.2,13.5,12.2,3.9,3.9,4.4,3.2,7.6,8.4,7.2,6.9,8.4,8.6,8.5,8.1,10.7,11.8,11.1,8.9,0.4,0.4,0.4,0.5,0.1,0,0.1,0.2,0.8,0.8,0.6,1.1,2.4,2.6,2.4,1.8,3.5,3.6,3.4,3.2,0,0.5,0.6,-1,1,1.1,1.2,0.5,0.6,0.5,0.6,0.8,0.3,0.1,0.4,0.5,-0.3,-0.2,-0.4,-0.4,9.4,9.5,9.2,8.4,0.3,0.6,8.9,8.9,8.6,8,0.6,0.9,9.6,9.5,9,8.2,0.5,1,9.7,10.3,10.2,9.2,-0.4,-0.3,6.8,7.6,7.4,7.4,-0.2,0,6.8,7.5,7.2,7.2,0,0.3,6.6,7.2,7,7.3,0,0.2,7.1,8.5,8.8,8.3,-1,-1.3,13.7,13.7,13.3,11.4,0.2,0.6,13,12.5,11.8,9.8,0.8,1.5,14.6,14.3,12.8,10.7,0.3,1.8,13.4,14.2,15.4,13.7,-0.7,-1.9,6.7,4.8,4.5,3.7,4.3,4.6,6.8,4.7,4.4,3.5,4.6,4.9,6.9,4.9,4.5,3.6,4.5,4.9,5.9,4.9,5,4.3,2.9,2.8,4.6,5,4.9,6,1.7,1.8,4.4,4.7,4.4,5.7,2.4,2.7,4.9,5.3,5.4,6.3,1.1,1,4.6,5.2,5.6,6.4,0.7,0.3,12.3,10.9,8.9,4.3,1.8,3.8,11.7,9.7,10.6,5,2.5,1.6,12.8,10.1,11.2,4.7,3.4,2.3,12.2,12.5,5.2,3.3,-0.3,7,4.5,2.7,3,2.7,1.2,0.9,4.3,2.5,2.7,2.9,1.4,1.2,4.5,2.8,2.9,3,1.6,1.5,4.8,2.6,3.5,2.1,0.6,-0.3,7.6,7.7,5.4,5.8,-0.1,2.2,8.3,8.4,5.9,6.5,0,2.5,7.2,7.3,5.2,5.7,-0.1,2,7,7.1,4.9,5,-0.2,2,8.3,7.2,9.2,9.7,1.2,-0.8,8.3,7.5,9.4,10.2,1.1,-0.8,8.3,7,9.3,9.7,1.5,-0.8,8.4,7.1,8.9,9,1,-0.8,10.1,11.5,10.7,10.4,-0.8,0,11.4,12.6,11.8,11.4,-0.8,0,10.6,11.8,10.8,10.6,-0.7,0.3,8,9.8,9.5,9.2,-0.9,-0.6,0.7,0.8,0.8,0.1,0.7,1,0.5,-0.1,0.8,0.7,0.8,0.1,0.4,0.5,1.1,0.3,1.2,1.7,-1.3,-0.5,1.2,2.1,-1.9,-0.6,1.3,1.5,-1,-0.5,0.8,1.3,-0.6,-0.3,0.9,0.9,1.7,0.8,0.8,0.9,2.1,0.6,1.1,0.8,1.6,0.8,0.7,0.8,1.4,1.1,1.9,0.8,0.8,0.1,2.2,0.7,0.8,0.1,1.9,0.8,0.8,0.1,1.3,0.9,0.6,0.2,0.5,-0.4,0.4,1.4,0.3,-0.3,0.4,1.2,0.4,-0.4,0.4,1.7,1,-0.7,0.5,1.7,-0.8,-1.7,0.4,-0.4,-0.6,-1.2,0.2,-0.2,-0.7,-1.4,0.2,0,-0.9,-2.2,0.8,-1,0.7,-0.1,0.7,1.4,0.8,-0.1,0.2,1.2,0.7,-0.2,0.9,1.6,0.7,0,1.1,1.4,0.2,-0.1,0.9,0.7,0.3,0,0.8,0.6,0.3,-0.1,0.8,0.7,0.1,-0.1,1.2,0.9,0.8,0.4,0.3,0.1,0.5,0.2,0.4,-0.1,0.8,0.3,0.3,0.1,1,0.7,0.2,0.6,-0.5,0.7,5.4,-0.7,-0.4,0.6,6.1,-0.6,-0.5,0.9,5.2,-0.7,-0.7,0.8,4.8,-0.9,21.3,62.05,7.733,0.9176875,17.01,6991,1992,8587.700195,6.3,2.6
1995/4/30,9.8,9.6,9.9,9.8,8.5,8.7,8.1,8.8,13.2,12.6,14,13,10.2,10.4,10.5,9,6.1,6.5,5.7,5.7,10.2,10.4,10.9,9.3,3.9,4.3,4.6,2.7,7.6,8.4,7.3,6.9,7.2,6.8,7.3,7.5,10.4,11.5,10.7,8.8,1.2,1,1.2,1.6,0.4,0.3,0.3,0.8,1.2,0.9,1,1.6,0.5,0.5,0.6,0.6,0.4,0.4,0.5,0.4,9,8.5,9.6,8.7,0.4,0.5,0.3,0.4,0.9,0.7,0.9,1.1,1.1,1.8,1.1,0.4,0.4,0.3,0.2,0.6,9.8,10.3,9,8.4,-0.5,0.8,9.5,10.1,7.9,7.7,-0.5,1.7,10,10.4,9,8.2,-0.5,0.9,9.9,10.3,10.5,9.9,-0.5,-0.7,7.4,9.2,5.6,6.1,-0.7,2.9,7.5,9.6,4.6,5.5,-0.9,4.1,7.2,8.9,5.4,6.1,-0.8,2.7,7.5,8.6,8.6,7.3,0.2,0.2,13.9,13.7,13.4,12.3,-0.5,-0.2,13.3,12.7,12,11,-0.1,0.6,14.6,14.4,13.2,11.4,-0.4,0.8,13.5,13.8,15,14.8,-0.8,-2,9.1,4.8,5.2,3.6,5.4,5,9.3,4.7,5.1,3.4,5.7,5.3,9.4,4.9,5.2,3.5,5.6,5.3,7.8,4.6,5.4,4.1,4.4,3.6,6.7,4.5,3.8,5.5,1.6,2.3,7.1,4.5,3.3,5.2,2,3.2,6.4,4.6,4.2,5.9,1.1,1.5,5.9,4.2,4.5,6,1.5,1.2,12.7,10.7,13.4,9,-0.5,-3.2,12.2,10.2,14.9,8,0.2,-4.5,13.5,10.9,15.8,8.4,0,-4.9,12.2,10.9,9.6,10.4,-1.6,-0.3,3.9,3.9,3.2,2.5,0,0.7,3.9,3.8,3.2,2.4,0.5,1.1,4.4,4,3.3,2.6,0.6,1.3,3.2,4,3.2,2.5,-1.3,-0.5,7.6,7.4,8.2,6.3,0.2,-0.6,8.4,8.1,9.2,6.8,0.3,-0.8,7.2,7,7.9,6.1,0.3,-0.6,6.9,6.9,7.2,6,0,-0.3,8.4,8.2,9.2,9.4,-1,-2,8.6,8.5,9.4,10.2,-1.7,-2.6,8.5,8.1,9.3,9.6,-0.8,-2,8.1,7.8,9,8.2,-0.3,-1.5,10.7,12.6,10.6,10.6,-2.2,-0.2,11.8,13.6,11.7,11.7,-2.1,-0.2,11.1,13.1,10.7,10.8,-2.4,0,8.9,10.9,9.1,9.1,-2.1,-0.3,0.4,0.5,0.9,1.3,0.4,0.7,0.5,0.9,0.4,0.7,0.9,1.3,0.5,0.1,1.2,1.8,0.1,1,-0.3,-0.6,0,1.1,-0.7,-0.8,0.1,1.1,-0.3,-0.5,0.2,0.7,0.8,-0.2,0.8,1,1.1,1.6,0.8,0.9,1,1.7,0.6,1,1.5,1.3,1.1,1.1,0.7,2.1,2.4,0.6,0.7,-0.1,2.6,0.5,0.7,-0.1,2.4,0.6,0.7,-0.1,1.8,0.6,0.5,-0.1,3.5,-0.7,0.4,1,3.6,-0.4,0.4,0.9,3.4,-0.9,0.4,1.2,3.2,-1.6,0.6,1.1,0,-5.5,5.6,11.4,0.5,-3.7,4.5,10.8,0.6,-4.2,4.7,12.5,-1,-8.2,7.4,10.6,1,-0.6,1.3,0.8,1.1,-0.1,1.2,0.5,1.2,-0.6,1.3,0.6,0.5,-1.1,1.2,1.4,0.6,-0.1,4.5,0.8,0.5,-0.1,5.7,0.7,0.6,-0.1,4.1,0.7,0.8,-0.3,3.3,1.1,0.3,1.5,0.1,2.2,0.1,1.2,0.2,3.2,0.4,1.7,0.2,2.1,0.5,1.6,0,1,-0.3,1.9,-0.1,0.7,-0.2,1.9,0,0.7,-0.4,2,0,0.7,-0.4,1.6,-0.2,0.5,20.7,61.4,7.742,0.919713,18.65,7611,1973,8361,6.06,2.8
1995/5/31,9.3,9.1,9.5,9.5,7.5,7.5,7.3,8.1,13,12.3,13.8,12.8,10.7,10.8,11,9.7,6.2,6.5,5.8,5.7,9.2,9.4,9.9,8.2,4.3,4.3,4.2,4.4,7.5,8.3,7.2,6.9,7.4,7.3,7.5,7.4,10.3,11.4,10.5,8.9,0.6,0.4,0.5,1.1,-0.2,-0.4,-0.2,-0.2,1.1,1,1.3,1,0.3,0.2,0.3,0.3,0.4,0.4,0.5,0.2,2.3,0.2,0.1,7.1,0.8,0.5,0.4,1.6,0.1,0.1,0.1,0.2,1.7,2.4,1.7,0.9,0.3,0.3,0.3,0.5,9.8,9.4,9.5,8.6,-0.1,-0.2,9.6,8.9,8.6,7.8,0.2,0.5,9.9,9.6,9.5,8.4,-0.1,0,9.8,9.7,10.6,10,-0.2,-1.1,8.5,6.8,7.1,6.1,0.7,0.4,8.7,6.8,6.6,5.5,0.7,0.9,8.1,6.6,6.7,6.1,0.7,0.6,8.8,7.1,9.3,7.5,1,-1.2,13.2,13.7,14,12.8,-0.7,-1,12.6,13,12.2,11.6,-0.7,0.1,14,14.6,14.5,12.1,-0.8,-0.7,13,13.4,15.1,14.7,-0.6,-2.3,10.2,6.7,5.1,3.9,4,5.6,10.4,6.8,5,3.8,4,5.8,10.5,6.9,5.1,3.8,4.1,5.9,9,5.9,5.3,4.3,3.8,4.4,6.1,4.6,5.5,5.7,1.6,0.7,6.5,4.4,5.1,5.4,2.1,1.4,5.7,4.9,5.8,6.1,0.9,0,5.7,4.6,5.9,6.1,1.1,-0.2,10.2,12.3,11.1,9.2,-3.1,-1.9,10.4,11.7,10.9,7.8,-2.3,-1.5,10.9,12.8,11.5,8.1,-2.9,-1.6,9.3,12.2,10.7,11.2,-4,-2.5,3.9,4.5,2.6,3.2,-0.2,1.7,4.3,4.3,2.4,3,0,1.9,4.6,4.5,2.8,3.2,-0.3,1.4,2.7,4.8,2.5,3.5,-0.4,1.9,7.6,7.6,8,5.5,-0.1,-0.5,8.4,8.3,8.8,6,0,-0.5,7.3,7.2,7.6,5.3,0,-0.4,6.9,7,7.2,5.2,-0.1,-0.3,7.2,8.3,7.9,8.8,-0.9,-0.5,6.8,8.3,8.2,9.1,-1,-0.9,7.3,8.3,7.9,8.9,-0.8,-0.4,7.5,8.4,7.5,8.1,-1,-0.1,10.4,10.1,10.8,11.1,0.2,-0.5,11.5,11.4,12.1,12.4,0,-0.7,10.7,10.6,11,11.3,-0.1,-0.5,8.8,8,8.9,9.3,0.9,0,1.2,0.7,0.6,1,1,0.7,0.2,0.8,1.2,0.8,0.6,0.8,1.6,0.4,1.2,1.4,0.4,1.2,-0.3,0.6,0.3,1.2,-0.4,0.7,0.3,1.3,-0.2,0.6,0.8,0.8,0,0.5,1.2,0.9,1.1,1.2,0.9,0.8,0.8,1.1,1,1.1,1.8,1.2,1.6,0.7,0.8,1.2,0.5,1.9,0.1,0.5,0.5,2.2,0.1,0.5,0.6,1.9,0.1,0.5,0.6,1.3,0.2,0.4,0.4,0.5,1.3,0.4,0.4,0.3,1.5,0.4,0.5,0.4,1.2,0.4,0.4,1,1,0.3,9,-0.8,4.2,3.5,8.5,-0.6,1.1,1,9.6,-0.7,1,0.9,8.7,-0.9,10.1,8,0.4,0.7,0.2,0.6,0.5,0.8,0.1,0.5,0.3,0.7,0.3,0.6,0.4,0.7,0.4,0.7,0.9,0.2,0.2,0.3,0.7,0.3,0,0.2,0.9,0.3,0.1,0.3,1.1,0.1,0.6,0.3,1.1,0.8,0,1.7,1.8,0.5,0,1.8,1.1,0.8,0,1.8,0.4,1,0,1.3,0.4,-0.5,0.5,0.5,0.3,-0.4,0.7,0.6,0.2,-0.5,0.6,0.6,0.6,-0.7,0.3,0.4,20.3,59.98,7.736,0.9298905,18.35,9103,1792,9407.400391,6.17,2.7
1995/6/30,9.4,8.9,9.6,9.7,7.1,6.9,7,7.5,13.2,12.3,14,13,10.7,10.7,10.9,10,6.7,6.9,6.4,6.4,10.8,10.6,11.1,10.7,4.2,4.3,4.1,4.3,7.4,8.2,7,6.6,7.6,7.7,7.9,7.1,10.7,11.6,11,9.3,0.7,0.6,0.6,0.8,0.9,1,0.8,0.5,1,0.7,0.9,1.3,0.3,0.2,0.3,0.3,0.8,0.7,0.8,1,0.5,-0.2,-0.2,2,0,0,0,0,0.3,0.2,0.2,0.4,0.3,0.4,0.5,0,0.5,0.4,0.5,0.5,9.3,9.8,9.5,8.4,-0.4,-0.1,9.1,9.5,8.9,7.5,-0.6,0,9.5,10,9.5,8.1,-0.4,0.1,9.5,9.9,10.3,10.1,-0.2,-0.6,7.5,7.4,7.6,5.6,-0.3,-0.5,7.5,7.5,7.5,4.9,-0.6,-0.6,7.3,7.2,7.2,5.6,-0.2,-0.2,8.1,7.5,8.5,7.2,0,-1,13,13.9,13.7,12.8,-0.7,-0.5,12.3,13.3,12.5,11.4,-1,-0.2,13.8,14.6,14.3,12,-0.6,-0.3,12.8,13.5,14.2,15.2,-0.5,-1.2,10.7,9.1,4.8,4.7,1.6,5.9,10.8,9.3,4.7,4.7,1.4,6,11,9.4,4.9,4.6,1.5,6,9.7,7.8,4.9,5,2.2,5.1,6.2,6.7,5,5.7,0,1.7,6.5,7.1,4.7,5.4,-0.2,2.2,5.8,6.4,5.3,6.1,0,1.1,5.7,5.9,5.2,6,0.5,1.2,9.2,12.7,10.9,8.9,-1.9,-0.1,9.4,12.2,9.7,7,-1.6,0.9,9.9,13.5,10.1,7.3,-2.4,1,8.2,12.2,12.5,12,-1.5,-1.8,4.3,3.9,2.7,3.2,0.3,1.5,4.3,3.9,2.5,3.1,0.4,1.8,4.2,4.4,2.8,3.5,-0.3,1.3,4.4,3.2,2.6,3,1.1,1.7,7.5,7.6,7.7,5.5,-0.2,-0.3,8.3,8.4,8.4,5.9,-0.2,-0.2,7.2,7.2,7.3,5.3,-0.2,-0.3,6.9,6.9,7.1,5.2,-0.3,-0.5,7.4,8.4,7.2,8.7,-0.8,0.4,7.3,8.6,7.5,9.1,-0.9,0.2,7.5,8.5,7,9,-0.6,0.9,7.4,8.1,7.1,7.7,-1,0,10.3,10.7,11.5,11,0,-0.8,11.4,11.8,12.6,12.3,-0.2,-1,10.5,11.1,11.8,11.2,-0.1,-0.8,8.9,8.9,9.8,9.2,0.4,-0.5,0.6,0.4,0.8,0.7,0.4,0.4,1,0.8,0.5,0.4,0.7,0.6,1.1,0.5,0.5,0.7,-0.2,0.1,1.7,1.3,-0.4,0,2.1,1.6,-0.2,0.1,1.5,1.2,-0.2,0.2,1.3,1,1.1,0.8,0.9,0.8,1,0.8,0.9,0.5,1.3,0.6,0.8,0.7,1,1.1,0.8,1.1,0.3,2.4,0.8,1,0.2,2.6,0.7,1,0.3,2.4,0.8,1,0.3,1.8,0.9,0.8,0.4,3.5,-0.4,0.2,0.4,3.6,-0.3,0.2,0.5,3.4,-0.4,0.2,0.2,3.2,-0.7,0.2,2.3,0,-1.7,-0.9,0.2,0.5,-1.2,-1.3,0.1,0.6,-1.4,-1.2,7.1,-1,-2.2,-0.4,0.8,1,-0.1,0.1,0.5,1.1,-0.1,0.1,0.4,1.2,-0.2,0.2,1.6,0.5,0,0.1,0.1,0.6,-0.1,0.5,0.1,0.5,0,0.4,0.1,0.6,-0.1,0.5,0.2,0.8,-0.1,0.6,1.7,0.3,0.4,0.2,2.4,0.1,0.2,0.1,1.7,0.4,0.3,0.2,0.9,0.5,0.7,0.3,0.3,-0.3,0.7,0.2,0.3,-0.2,0.6,0.2,0.3,-0.4,0.9,0.2,0.5,-0.4,0.8,0.1,18.2,57.21,7.738,0.93197,17.31,10904,1748,9206.5,6.11,2.9
1995/7/31,9.2,8.5,9.2,10.1,6.3,6,6.3,7.1,13.4,12.5,14,13.5,10.9,11,11.2,10.3,6.6,6.8,6.3,6.3,11.4,8.8,9.2,15.8,4,3.9,3.9,4.1,7.9,8.7,7.5,7.4,7.2,7.2,7.5,6.8,10.5,11.3,10.8,9,0.2,0.3,0.2,0,0.5,0.5,0.5,0.3,0.9,0.8,0.7,1.2,-0.1,-0.1,-0.1,-0.1,-0.2,-0.2,-0.2,-0.1,-3.5,-2.4,-2.6,-5.7,-0.7,-0.3,-0.7,-1.1,-0.1,0.2,0,-0.4,0.3,0,0.2,0.7,0.5,0.2,0.6,0.6,9.4,9.8,10.3,8.9,-0.6,-1.1,8.9,9.6,10.1,8.5,-1.1,-1.6,9.6,9.9,10.4,8.6,-0.7,-1.2,9.7,9.8,10.3,9.9,0.3,-0.2,7.1,8.5,9.2,7.5,-2.2,-2.9,6.9,8.7,9.6,7.4,-2.7,-3.6,7,8.1,8.9,7.2,-1.8,-2.6,7.5,8.8,8.6,8.1,-1.7,-1.5,13.2,13.2,13.7,12.5,0.2,-0.3,12.3,12.6,12.7,11.1,-0.1,-0.2,14,14,14.4,11.4,0,-0.4,13,13,13.8,15.3,0.5,-0.3,10.7,10.2,4.8,4.3,0.7,6.1,10.7,10.4,4.7,4.3,0.6,6.3,10.9,10.5,4.9,4.2,0.7,6.3,10,9,4.6,4.8,1.3,5.7,6.7,6.1,4.5,5.6,0.5,2.1,6.9,6.5,4.5,5.3,0.3,2.3,6.4,5.7,4.6,5.9,0.6,1.7,6.4,5.7,4.2,5.7,0.6,2.1,10.8,10.2,10.7,7.5,1.2,0.7,10.6,10.4,10.2,8,-1.6,-1.4,11.1,10.9,10.9,8.2,-1.7,-1.7,10.7,9.3,10.9,6.3,6.5,4.9,4.2,3.9,3.9,3.3,0.1,0.1,4.3,4.3,3.8,3.3,-0.4,0.1,4.1,4.6,4,3.6,-0.7,-0.1,4.3,2.7,4,3,1.4,0.1,7.4,7.6,7.4,4.8,0.3,0.5,8.2,8.4,8.1,5.5,0.3,0.6,7,7.3,7,4.8,0.2,0.5,6.6,6.9,6.9,4.1,0.5,0.5,7.6,7.2,8.2,9.2,0,-1,7.7,6.8,8.5,9.5,0.4,-1.3,7.9,7.3,8.1,9.4,0.2,-0.6,7.1,7.5,7.8,8.4,-0.7,-1,10.7,10.4,12.6,11.1,0.1,-2.1,11.6,11.5,13.6,12.5,-0.2,-2.3,11,10.7,13.1,11.3,0.1,-2.3,9.3,8.8,10.9,9.3,0.2,-1.9,0.7,1.2,0.5,0.4,0.6,1,0.7,0.8,0.6,1.2,0.7,0.6,0.8,1.6,0.1,-0.3,0.9,0.4,1,1.2,1,0.3,1.1,1.4,0.8,0.3,1.1,1.1,0.5,0.8,0.7,0.8,1,1.2,1,0.8,0.7,0.9,0.9,0.7,0.9,1,1,0.9,1.3,1.6,1.1,0.8,0.3,0.5,0.6,0.3,0.2,0.5,0.5,0.3,0.3,0.6,0.6,0.3,0.3,0.6,0.6,0.3,0.8,0.4,-0.7,-0.1,0.7,0.4,-0.4,0,0.8,0.5,-0.9,-0.1,1,0.4,-1.6,-0.1,0.5,9,-5.5,-4,-0.2,8.5,-3.7,-0.8,-0.2,9.6,-4.2,-0.9,2,8.7,-8.2,-9.5,0,0.4,-0.6,-0.4,0,0.5,-0.1,0.1,0,0.3,-0.6,-0.5,0,0.4,-1.1,-0.9,0.3,0.9,-0.1,-0.6,0.2,0.7,-0.1,-0.4,0.2,0.9,-0.1,-0.5,0.4,1.1,-0.3,-1.2,0.3,1.1,1.5,0.6,0.4,1.8,1.2,0.4,0.5,1.1,1.7,0.5,0,0.4,1.6,0.9,0.5,0.4,1.9,0.7,0.4,0.3,1.9,0.6,0.5,0.2,2,0.7,0.5,0.6,1.6,0.7,16.7,56.04,7.738,0.933275,15.85,11287,1697,9453.400391,5.97,3.2
1995/8/31,9,8.3,9,9.8,6.3,6.2,6.5,6.3,13.4,12.2,14,13.9,10.7,10.9,10.9,10,6.6,7,6.3,5.9,7.6,4.5,5,12.9,4.5,4.2,4.4,5,8.1,8.9,7.7,7.5,7.1,7.1,7.4,6.6,10.4,11.3,10.8,8.8,0.9,1.3,0.9,0.6,2.4,3,2.2,1.5,1.2,0.9,1.3,1.3,-0.3,-0.3,-0.3,-0.3,0,0,0.1,-0.2,-2.5,-2.1,-2.2,-3.3,0.6,0.4,0.6,0.8,0.2,0.2,0.2,0.2,0.1,0,0.1,0.2,0.2,0.3,0.2,0,9.2,9.3,9.4,9.8,-0.3,-0.4,8.5,9.1,8.9,9.8,-0.8,-0.6,9.2,9.5,9.6,9.5,-0.5,-0.6,10.1,9.5,9.7,10.4,0.3,0.1,6.3,7.5,6.8,9.9,-1.2,-0.5,6,7.5,6.8,10.4,-1.3,-0.6,6.3,7.3,6.6,9.1,-0.8,-0.1,7.1,8.1,7.1,10.2,-1.8,-0.8,13.4,13,13.7,12.9,0.4,-0.3,12.5,12.3,13,11.5,-0.1,-0.8,14,13.8,14.6,12,0.2,-0.6,13.5,12.8,13.4,15.1,1.1,0.5,10.9,10.7,6.7,3.8,0,4,11,10.8,6.8,3.7,0.1,4.1,11.2,11,6.9,3.6,-0.1,4,10.3,9.7,5.9,4.5,0.3,4.1,6.6,6.2,4.6,5.2,0.4,2,6.8,6.5,4.4,5,0.5,2.6,6.3,5.8,4.9,5.5,0.5,1.4,6.3,5.7,4.6,5.3,0.2,1.3,11.4,9.2,12.3,9.4,-1.6,-4.7,8.8,9.4,11.7,10.8,-4.9,-7.2,9.2,9.9,12.8,11.6,-4.9,-7.8,15.8,8.2,12.2,6,4.7,0.7,4,4.3,4.5,3.3,0.2,0,3.9,4.3,4.3,3.1,-0.1,-0.1,3.9,4.2,4.5,3.1,0.2,-0.1,4.1,4.4,4.8,3.6,0.6,0.2,7.9,7.5,7.6,4.7,0.6,0.5,8.7,8.3,8.3,5.3,0.6,0.6,7.5,7.2,7.2,4.6,0.5,0.5,7.4,6.9,7,4,0.6,0.5,7.2,7.4,8.3,9.1,-0.3,-1.2,7.2,7.3,8.3,9.4,-0.2,-1.2,7.5,7.5,8.3,9.3,-0.1,-0.9,6.8,7.4,8.4,8.6,-0.8,-1.8,10.5,10.3,10.1,10.5,0.1,0.3,11.3,11.4,11.4,11.7,-0.1,-0.1,10.8,10.5,10.6,10.5,0.3,0.2,9,8.9,8,9.3,-0.1,0.8,0.2,0.6,0.7,1.2,0.3,0.4,0.7,1.6,0.2,0.5,0.8,1.2,0,1.1,0.4,0.8,0.5,-0.2,1.2,2.4,0.5,-0.4,1.2,3,0.5,-0.2,1.3,2,0.3,-0.2,0.8,2.2,0.9,1.1,0.9,1,0.8,1,0.8,1.1,0.7,1.3,1.1,1.1,1.2,1,0.7,0.9,-0.1,0.3,1.9,0.2,-0.1,0.2,2.2,0.2,-0.1,0.3,1.9,0.2,-0.1,0.3,1.3,0.2,-0.2,0.4,0.5,-0.1,-0.2,0.4,0.3,-0.1,-0.2,0.5,0.4,-0.1,-0.1,0.2,1,-0.2,-3.5,2.3,-0.8,0.9,-2.4,0.2,-0.6,1.9,-2.6,0.1,-0.7,2,-5.7,7.1,-0.9,-1.1,-0.7,0.8,0.7,-0.2,-0.3,0.5,0.8,-0.1,-0.7,0.4,0.7,-0.3,-1.1,1.6,0.7,-0.3,-0.1,0.1,0.2,0.1,0.2,0.1,0.3,0,0,0.1,0.3,0.1,-0.4,0.2,0.1,0.1,0.3,1.7,0.8,0.2,0,2.4,0.5,0.1,0.2,1.7,0.8,0.1,0.7,0.9,1,0.4,0.5,0.3,-0.5,0.4,0.2,0.3,-0.4,0.4,0.6,0.3,-0.5,0.4,0.6,0.5,-0.7,0.3,14.5,54.17,7.742,0.931449,16.1,10868,1695,9179.900391,5.93,3.6
1995/9/30,9.2,8.9,9.1,9.8,7.8,8.1,7.8,7,12.7,11.5,12.9,13.7,9.8,9.9,9.9,9.2,7.1,7.2,7,7,8,4.8,5.4,13.4,5,4.9,4.9,5.4,8.1,9,7.8,7.3,7,7.1,7.3,6.4,9.3,10.6,9.7,7.3,0.9,1,0.8,0.9,-0.1,-0.2,0,0,1.1,1.6,0.7,1.2,-0.1,-0.1,-0.2,-0.2,0.7,0.6,0.8,1,1,1,0.9,1.3,1.1,0.9,1,1.4,1.8,2.3,1.7,1.4,0.3,0.3,0.3,0.2,2.7,4,2.8,1.7,9,9.4,9.8,9.2,-0.2,-0.6,8.3,8.9,9.5,8.6,0,-0.6,9,9.6,10,9,-0.5,-0.9,9.8,9.7,9.9,10.2,0.1,-0.1,6.3,7.1,7.4,7.4,0.7,0.4,6.2,6.9,7.5,7.2,1.2,0.6,6.5,7,7.2,7,0.8,0.6,6.3,7.5,7.5,8.8,-0.5,-0.5,13.4,13.2,13.9,13.3,-0.5,-1.2,12.2,12.3,13.3,11.8,-0.8,-1.8,14,14,14.6,12.8,-1.1,-1.7,13.9,13,13.5,15.4,0.7,0.2,10.7,10.7,9.1,4.5,-0.9,0.7,10.9,10.7,9.3,4.4,-0.8,0.6,10.9,10.9,9.4,4.5,-1,0.5,10,10,7.8,5,-0.8,1.4,6.6,6.7,6.7,4.9,0.4,0.4,7,6.9,7.1,4.4,0.3,0.1,6.3,6.4,6.4,5.4,0.6,0.6,5.9,6.4,5.9,5.6,0.6,1.1,7.6,10.8,12.7,8.9,-2.8,-4.7,4.5,10.6,12.2,10.6,-5.8,-7.4,5,11.1,13.5,11.2,-5.7,-8.1,12.9,10.7,12.2,5.2,2.7,1.2,4.5,4.2,3.9,3,0.8,1.1,4.2,4.3,3.9,2.7,0.6,1,4.4,4.1,4.4,2.9,0.8,0.5,5,4.3,3.2,3.5,1.1,2.2,8.1,7.4,7.6,5.4,0.7,0.5,8.9,8.2,8.4,5.9,0.8,0.6,7.7,7,7.2,5.2,0.8,0.6,7.5,6.6,6.9,4.9,0.7,0.4,7.1,7.6,8.4,9.2,-0.6,-1.4,7.1,7.7,8.6,9.4,-0.6,-1.5,7.4,7.9,8.5,9.3,-0.6,-1.2,6.6,7.1,8.1,8.9,-0.7,-1.7,10.4,10.7,10.7,10.7,-1.4,-1.4,11.3,11.6,11.8,11.8,-1,-1.2,10.8,11,11.1,10.8,-1.3,-1.4,8.8,9.3,8.9,9.5,-2,-1.6,0.9,0.7,0.4,0.8,1.3,0.6,0.4,0.5,0.9,0.6,0.4,0.8,0.6,0.8,0.5,1.1,2.4,0.9,0.1,-1.3,3,1,0,-1.9,2.2,0.8,0.1,-1,1.5,0.5,0.2,-0.6,1.2,1,0.8,1.7,0.9,0.7,0.8,2.1,1.3,0.9,0.6,1.6,1.3,1.3,1.1,1.4,-0.3,0.3,2.4,0.8,-0.3,0.2,2.6,0.8,-0.3,0.3,2.4,0.8,-0.3,0.3,1.8,0.6,0,0.8,3.5,0.4,0,0.7,3.6,0.4,0.1,0.8,3.4,0.4,-0.2,1,3.2,0.5,-2.5,0.5,0,0.4,-2.1,-0.2,0.5,0.2,-2.2,-0.2,0.6,0.2,-3.3,2,-1,0.8,0.6,0,1,0.7,0.4,0,1.1,0.2,0.6,0,1.2,0.9,0.8,0,0.5,1.1,0.2,0.3,0.6,0.9,0.2,0.2,0.5,0.8,0.2,0.2,0.6,0.8,0.2,0.4,0.8,1.2,0.1,0.3,0.3,0.3,0,0.4,0.1,0.4,0.1,0.5,0.4,0.3,0.2,0,0.5,0.2,0.2,0.5,-0.3,5.4,0.3,0.4,-0.2,6.1,0.2,0.5,-0.4,5.2,0,0.5,-0.4,4.8,13.2,54.72,7.732,0.9292855,16.7,11322,1690,9646.299805,6.2,3.7
1995/10/31,8.8,8.4,8.8,9.4,7,7.5,7.2,5.6,12.6,11.2,12.3,14.1,9,9.1,9,8.5,6.7,6.9,6.6,6.4,9.9,8,8.5,12.8,4.5,4.2,4.3,5.1,3.9,3.6,3.9,4.4,7,7,7.3,6.6,9.8,11.1,10.2,7.8,0.6,0.2,0.8,0.8,-0.8,-1.1,-0.6,-0.4,1,0.8,1.1,0.9,0,-0.1,-0.1,0.4,0,0,0.1,0,6.8,7,7.5,5.8,0.6,0.5,0.7,0.6,0.4,0.3,0.3,0.4,0.2,0.1,0.2,0.2,0.3,0.3,0.3,0.2,9.2,9.2,9.8,9,-0.4,-1,8.9,8.5,9.6,7.9,-0.1,-1.2,9.1,9.2,9.9,9,-0.4,-1.1,9.8,10.1,9.8,10.5,-0.7,-0.4,7.8,6.3,8.5,5.6,0.7,-1.5,8.1,6,8.7,4.6,1.5,-1.2,7.8,6.3,8.1,5.4,0.9,-0.9,7,7.1,8.8,8.6,-1.5,-3.2,12.7,13.4,13.2,13.4,-0.8,-0.6,11.5,12.5,12.6,12,-1.3,-1.4,12.9,14,14,13.2,-1.7,-1.7,13.7,13.5,13,15,0.6,1.1,9.8,10.9,10.2,5.2,-1.9,-1.2,9.9,11,10.4,5.1,-1.9,-1.3,9.9,11.2,10.5,5.2,-2.2,-1.5,9.2,10.3,9,5.4,-1.8,-0.5,7.1,6.6,6.1,3.8,0.1,0.6,7.2,6.8,6.5,3.3,0.1,0.4,7,6.3,5.7,4.2,0.3,0.9,7,6.3,5.7,4.5,0.1,0.7,8,11.4,10.2,13.4,-1.5,-0.3,4.8,8.8,10.4,14.9,-0.8,-2.4,5.4,9.2,10.9,15.8,-0.7,-2.4,13.4,15.8,9.3,9.6,-3,3.5,5,4,3.9,3.2,0.5,0.6,4.9,3.9,4.3,3.2,0.3,-0.1,4.9,3.9,4.6,3.3,0.4,-0.3,5.4,4.1,2.7,3.2,1,2.4,8.1,7.9,7.6,8.2,-4,-3.7,9,8.7,8.4,9.2,-5.1,-4.8,7.8,7.5,7.3,7.9,-3.6,-3.4,7.3,7.4,6.9,7.2,-3,-2.5,7,7.2,7.2,9.2,-0.2,-0.2,7.1,7.2,6.8,9.4,-0.2,0.2,7.3,7.5,7.3,9.3,-0.2,0,6.4,6.8,7.5,9,-0.2,-0.9,9.3,10.5,10.4,10.6,-0.7,-0.6,10.6,11.3,11.5,11.7,-0.2,-0.4,9.7,10.8,10.7,10.7,-0.6,-0.5,7.3,9,8.8,9.1,-1.2,-1,0.9,0.2,1.2,0.9,1,0.3,1,0.5,0.8,0.2,1.2,0.9,0.9,0,1.6,1.2,-0.1,0.5,0.4,-0.3,-0.2,0.5,0.3,-0.7,0,0.5,0.3,-0.3,0,0.3,0.8,0.8,1.1,0.9,1.2,1.1,1.6,0.8,0.9,1,0.7,0.7,1,1.5,1.2,1.2,1.6,0.7,-0.1,-0.1,0.5,0.7,-0.1,-0.1,0.5,0.7,-0.2,-0.1,0.6,0.7,-0.2,-0.1,0.6,0.5,0.7,-0.2,0.4,0.4,0.6,-0.2,0.4,0.4,0.8,-0.2,0.5,0.4,1,-0.1,0.4,0.6,1,-3.5,9,5.6,1,-2.4,8.5,4.5,0.9,-2.6,9.6,4.7,1.3,-5.7,8.7,7.4,1.1,-0.7,0.4,1.3,0.9,-0.3,0.5,1.2,1,-0.7,0.3,1.3,1.4,-1.1,0.4,1.2,1.8,-0.1,0.9,4.5,2.3,0.2,0.7,5.7,1.7,0,0.9,4.1,1.4,-0.4,1.1,3.3,0.3,0.3,1.1,0.1,0.3,0,1.8,0.2,0.3,0.2,1.1,0.2,0.2,0.7,0.4,0,2.7,0.5,0.4,-0.1,4,0.2,0.3,0,2.8,0.6,0.2,0,1.7,0.6,0.6,-0.2,12.1,52.73,7.733,0.929804,16.11,9834,1709,9782.400391,5.97,3.7
1995/11/30,8.4,8.2,8.3,8.9,6.8,7.3,7,5.6,11.9,10.8,10.9,14.1,8.7,8.8,8.8,8.2,5.6,5.6,5.6,5.5,7.4,7.4,8,6.8,4.4,4.3,4.2,4.7,4.4,4.2,4.5,4.6,7.1,7,7.4,6.8,9.6,10.8,10,7.6,0.2,-0.1,0.1,0.6,-0.4,-0.7,-0.4,0,0.5,0.4,0.4,0.8,-0.1,-0.1,-0.1,-0.1,0.3,0.3,0.4,0.2,1.6,0.6,0.5,3.8,0,0,-0.1,0,0.6,0.5,0.5,0.7,0.1,0.1,0.1,0.1,0.1,0.1,0.2,0,8.8,9,9.3,9.5,-0.6,-0.9,8.4,8.3,9.1,8.6,-0.1,-0.9,8.8,9,9.5,9.5,-0.7,-1.2,9.4,9.8,9.5,10.6,-0.9,-0.6,7,6.3,7.5,7.1,0.5,-0.7,7.5,6.2,7.5,6.6,1.1,-0.2,7.2,6.5,7.3,6.7,0.5,-0.3,5.6,6.3,8.1,9.3,-0.7,-2.5,12.6,13.4,13,14,-1.5,-1.1,11.2,12.2,12.3,12.2,-1.4,-1.5,12.3,14,13.8,14.5,-3.1,-2.9,14.1,13.9,12.8,15.1,0.2,1.3,9,10.7,10.7,5.1,-2,-2,9.1,10.9,10.8,5,-2.1,-2,9,10.9,11,5.1,-2.1,-2.2,8.5,10,9.7,5.3,-1.8,-1.5,6.7,6.6,6.2,5.5,-1,-0.6,6.9,7,6.5,5.1,-1.4,-0.9,6.6,6.3,5.8,5.8,-0.7,-0.2,6.4,5.9,5.7,5.9,-0.4,-0.2,9.9,7.6,9.2,11.1,-0.2,-1.8,8,4.5,9.4,10.9,2.9,-2,8.5,5,9.9,11.5,3,-1.9,12.8,12.9,8.2,10.7,-6.1,-1.4,4.5,4.5,4.3,2.6,-0.1,0.1,4.2,4.2,4.3,2.4,0.1,0,4.3,4.4,4.2,2.8,-0.2,0,5.1,5,4.4,2.5,-0.3,0.3,3.9,8.1,7.5,8,-3.7,-3.1,3.6,8.9,8.3,8.8,-4.7,-4.1,3.9,7.7,7.2,7.6,-3.2,-2.7,4.4,7.5,6.9,7.2,-2.9,-2.3,7,7.1,7.4,7.9,0,-0.3,7,7.1,7.3,8.2,-0.1,-0.3,7.3,7.4,7.5,7.9,0,-0.1,6.6,6.6,7.4,7.5,0.2,-0.6,9.8,10.4,10.3,10.8,-0.8,-0.7,11.1,11.3,11.4,12.1,-0.5,-0.6,10.2,10.8,10.5,11,-0.8,-0.5,7.8,8.8,8.9,8.9,-1.2,-1.3,0.6,0.9,0.6,0.6,0.2,1.3,0.4,0.2,0.8,0.9,0.5,0.6,0.8,0.6,1.1,1.2,-0.8,2.4,-0.2,-0.3,-1.1,3,-0.4,-0.4,-0.6,2.2,-0.2,-0.2,-0.4,1.5,-0.2,0,1,1.2,1.1,1.1,0.8,0.9,1,0.8,1.1,1.3,1.3,1.8,0.9,1.3,1,0.8,0,-0.3,0.3,0.1,-0.1,-0.3,0.2,0.1,-0.1,-0.3,0.3,0.1,0.4,-0.3,0.3,0.2,0,0,0.4,1.3,0,0,0.4,1.5,0.1,0.1,0.5,1.2,0,-0.2,0.2,1,6.8,-2.5,2.3,4.2,7,-2.1,0.2,1.1,7.5,-2.2,0.1,1,5.8,-3.3,7.1,10.1,0.6,0.6,0.8,0.2,0.5,0.4,0.5,0.1,0.7,0.6,0.4,0.3,0.6,0.8,1.6,0.4,0.4,0.2,0.1,0.2,0.3,0.2,0.1,0,0.3,0.2,0.1,0.1,0.4,0.2,0.2,0.6,0.2,0.1,1.7,0,0.1,0,2.4,0,0.2,0.1,1.7,0,0.2,0.2,0.9,0,0.3,0.2,0.3,0.5,0.3,0.3,0.3,0.7,0.3,0.2,0.3,0.6,0.2,0,0.5,0.3,11.2,55.39,7.736,0.930496,16.86,8534,1805,9813.299805,6.11,3.7
1995/12/31,7.2,6.6,7.3,7.9,4.9,4.8,5.4,4.1,11.7,10.4,10.7,14,8.8,9,8.8,8.2,5.5,5.5,5.4,5.3,5.9,6.8,7.5,3.5,3.9,4,3.7,4.1,-1.4,-3.6,-0.7,1,6.9,7,7.3,6.1,9.1,10.4,9.4,7.4,-0.3,-0.3,-0.1,-0.5,-0.2,-0.3,-0.1,-0.2,0.7,0.6,0.8,0.7,0.9,0.9,0.9,0.9,-0.8,-0.5,-0.9,-1.4,-3.4,-1.5,-1.7,-7.2,-0.6,-0.4,-0.6,-0.8,-3.4,-5,-3.1,-2,0.3,0.3,0.4,0.2,0.5,0.3,0.4,0.7,8.4,9.2,9.4,9.5,-2,-2.2,8.2,8.9,8.9,8.9,-2.3,-2.3,8.3,9.1,9.6,9.5,-1.8,-2.3,8.9,9.8,9.7,10.3,-1.9,-1.8,6.8,7.8,7.1,7.6,-2.9,-2.2,7.3,8.1,6.9,7.5,-3.3,-2.1,7,7.8,7,7.2,-2.4,-1.6,5.6,7,7.5,8.5,-2.9,-3.4,11.9,12.7,13.2,13.7,-1,-1.5,10.8,11.5,12.3,12.5,-1.1,-1.9,10.9,12.9,14,14.3,-2.2,-3.3,14.1,13.7,13,14.2,0.3,1,8.7,9.8,10.7,4.8,-1,-1.9,8.8,9.9,10.7,4.7,-0.9,-1.7,8.8,9.9,10.9,4.9,-1.1,-2.1,8.2,9.2,10,4.9,-1,-1.8,5.6,7.1,6.7,5,-1.6,-1.2,5.6,7.2,6.9,4.7,-1.7,-1.4,5.6,7,6.4,5.3,-1.6,-1,5.5,7,6.4,5.2,-1.7,-1.1,7.4,8,10.8,10.9,-2.1,-4.9,7.4,4.8,10.6,9.7,2,-3.8,8,5.4,11.1,10.1,2.1,-3.6,6.8,13.4,10.7,12.5,-9.9,-7.2,4.4,5,4.2,2.7,-1.1,-0.3,4.3,4.9,4.3,2.5,-0.9,-0.3,4.2,4.9,4.1,2.8,-1.2,-0.4,4.7,5.4,4.3,2.6,-1.3,-0.2,4.4,8.1,7.4,7.7,-9.5,-8.8,4.2,9,8.2,8.4,-12.6,-11.8,4.5,7.8,7,7.3,-8.5,-7.7,4.6,7.3,6.6,7.1,-6.3,-5.6,7.1,7,7.6,7.2,-0.1,-0.7,7,7.1,7.7,7.5,-0.1,-0.7,7.4,7.3,7.9,7,0,-0.6,6.8,6.4,7.1,7.1,-0.3,-1,9.6,9.3,10.7,11.5,-0.2,-1.6,10.8,10.6,11.6,12.6,-0.2,-1.2,10,9.7,11,11.8,-0.3,-1.6,7.6,7.3,9.3,9.8,0.1,-1.9,0.2,0.9,0.7,0.8,-0.1,1,0.6,1,0.1,0.8,0.6,0.7,0.6,0.9,0.8,0.5,-0.4,-0.1,0.9,1.7,-0.7,-0.2,1,2.1,-0.4,0,0.8,1.5,0,0,0.5,1.3,0.5,1.1,1,0.9,0.4,1.6,0.7,0.9,0.4,0.7,0.9,0.8,0.8,1.2,1.3,0.8,-0.1,-0.1,0.3,0.8,-0.1,-0.1,0.2,0.7,-0.1,-0.2,0.3,0.8,-0.1,-0.2,0.3,0.9,0.3,0.7,0.8,-0.4,0.3,0.6,0.7,-0.3,0.4,0.8,0.8,-0.4,0.2,1,1,-0.7,1.6,1,0.5,-1.7,0.6,1,-0.2,-1.2,0.5,0.9,-0.2,-1.4,3.8,1.3,2,-2.2,0,1.1,0,-0.1,0,0.9,0,-0.1,-0.1,1,0,-0.2,0,1.4,0,0,0.6,1.8,0.3,-0.1,0.5,2.3,0.2,0,0.5,1.7,0.2,-0.1,0.7,1.4,0.4,-0.1,0.1,0.3,0.3,0.4,0.1,0.3,0.4,0.2,0.1,0.3,0.5,0.3,0.1,0.2,0,0.7,0.1,2.7,0.5,0.7,0.1,4,0.4,0.6,0.2,2.8,0.5,0.9,0,1.7,0.5,0.8,10.1,56.65,7.732,0.9297175,17.93,7196,1832,10073.40039,4.73,3.5
1996/1/31,6.5,5.8,6.6,7.3,3.7,3.3,4.1,3.4,11.8,10.4,11.4,13.6,7.1,7.4,7.1,6.1,6.7,6.4,6.9,7,9.3,10.3,11,6.5,3.1,3.4,2.7,3.4,-0.2,-2.2,0.3,1.6,6.1,6.3,6.3,5.7,4.7,5.9,4.8,3.6,0.2,0.1,0.2,0.2,0.1,0,0.1,0.1,0.9,0.7,0.8,1.1,1.4,1.5,1.4,1.2,0.8,0.6,1,1.3,-1.3,-0.5,-0.7,-2.8,-0.6,-0.5,-0.6,-0.8,-1.6,-2.3,-1.4,-1.2,0.6,0.2,0.4,1.2,0.1,0.2,0.1,-0.1,7.2,8.8,9.2,10.3,-2.3,-2.7,6.6,8.4,8.5,10.1,-2.6,-2.7,7.3,8.8,9.2,10.4,-2.2,-2.6,7.9,9.4,10.1,10.3,-2.1,-2.8,4.9,7,6.3,9.2,-3.3,-2.6,4.8,7.5,6,9.6,-4.2,-2.7,5.4,7.2,6.3,8.9,-3.1,-2.2,4.1,5.6,7.1,8.6,-2.2,-3.7,11.7,12.6,13.4,13.7,-0.8,-1.6,10.4,11.2,12.5,12.7,-0.8,-2.1,10.7,12.3,14,14.4,-0.9,-2.6,14,14.1,13.5,13.8,-0.5,0.1,8.8,9,10.9,4.8,-1.9,-3.8,9,9.1,11,4.7,-1.7,-3.6,8.8,9,11.2,4.9,-1.9,-4.1,8.2,8.5,10.3,4.6,-2.4,-4.2,5.5,6.7,6.6,4.5,0,0.1,5.5,6.9,6.8,4.5,-0.5,-0.4,5.4,6.6,6.3,4.6,0.3,0.6,5.3,6.4,6.3,4.2,0.6,0.7,5.9,9.9,11.4,10.7,-0.6,-2.1,6.8,8,8.8,10.2,2.3,1.5,7.5,8.5,9.2,10.9,2.5,1.8,3.5,12.8,15.8,10.9,-6.3,-9.3,3.9,4.5,4,3.9,-1.4,-0.9,4,4.2,3.9,3.8,-0.8,-0.5,3.7,4.3,3.9,4,-1.6,-1.2,4.1,5.1,4.1,4,-1.7,-0.7,-1.4,3.9,7.9,7.4,-4.1,-8.1,-3.6,3.6,8.7,8.1,-5.8,-10.9,-0.7,3.9,7.5,7,-3.6,-7.2,1,4.4,7.4,6.9,-2.8,-5.8,6.9,7,7.2,8.2,-0.9,-1.1,7,7,7.2,8.5,-0.7,-0.9,7.3,7.3,7.5,8.1,-1,-1.2,6.1,6.6,6.8,7.8,-0.9,-1.1,9.1,9.8,10.5,12.6,-5.1,-5.8,10.4,11.1,11.3,13.6,-5.2,-5.4,9.4,10.2,10.8,13.1,-5.4,-6,7.4,7.8,9,10.9,-4.2,-5.4,-0.3,0.6,0.2,0.5,-0.3,0.2,0.3,0.7,-0.1,0.8,0.2,0.7,-0.5,0.8,0,0.1,-0.2,-0.8,0.5,1,-0.3,-1.1,0.5,1.1,-0.1,-0.6,0.5,1.1,-0.2,-0.4,0.3,0.7,0.7,1,0.9,1,0.6,0.8,0.8,0.9,0.8,1.1,0.7,1,0.7,0.9,1.2,1.1,0.9,0,-0.1,0.6,0.9,-0.1,-0.1,0.5,0.9,-0.1,-0.1,0.6,0.9,0.4,-0.1,0.6,-0.8,0,-0.2,-0.7,-0.5,0,-0.2,-0.4,-0.9,0.1,-0.2,-0.9,-1.4,0,-0.1,-1.6,-3.4,6.8,-3.5,-5.5,-1.5,7,-2.4,-3.7,-1.7,7.5,-2.6,-4.2,-7.2,5.8,-5.7,-8.2,-0.6,0.6,-0.7,-0.6,-0.4,0.5,-0.3,-0.1,-0.6,0.7,-0.7,-0.6,-0.8,0.6,-1.1,-1.1,-3.4,0.4,-0.1,-0.1,-5,0.3,0.2,-0.1,-3.1,0.3,0,-0.1,-2,0.4,-0.4,-0.3,0.3,0.2,0.3,1.5,0.3,0.1,0,1.2,0.4,0.2,0.2,1.7,0.2,0.2,0.7,1.6,0.5,0.3,0.5,1.9,0.3,0.3,0.2,1.9,0.4,0.3,0.6,2,0.7,0.2,0.6,1.6,9,59.08,7.732,0.9297175,17.85,7578,2128,11359.7002,5.71,3.1
1996/2/29,6.9,6.4,7,7.5,4.5,4.6,4.5,4,11.8,10.5,11.5,13.5,5,5,5,4.7,5.6,5.6,5.9,5.1,7.6,8.8,9.4,4.4,2,2.2,1.6,2.4,0.9,-1,1.4,2.7,6.7,7,6.8,6.2,6.9,8.1,7.4,5.4,1,1.3,1.1,0.6,2,2.5,1.7,1.3,0.9,0.8,1.2,0.6,-0.1,-0.1,-0.1,-0.1,-0.5,-0.4,-0.5,-0.7,-2.3,-1.9,-2.1,-2.9,-0.4,-0.5,-0.4,-0.4,1.4,1.5,1.3,1.2,1.3,1.2,1.3,1.5,1.6,1.7,2,1,6.5,8.4,9,9.4,-1.5,-2.1,5.8,8.2,8.3,8.9,-1.8,-1.9,6.6,8.3,9,9.6,-1.3,-2,7.3,8.9,9.8,9.7,-1.4,-2.3,3.7,6.8,6.3,6.8,-2.3,-1.8,3.3,7.3,6.2,6.8,-2.7,-1.6,4.1,7,6.5,6.6,-2.5,-2,3.4,5.6,6.3,7.1,-1.6,-2.3,11.8,11.9,13.4,13.7,-0.1,-1.6,10.4,10.8,12.2,13,-0.3,-1.7,11.4,10.9,14,14.6,0.6,-2.5,13.6,14.1,13.9,13.4,-0.6,-0.4,7.1,8.7,10.7,6.7,-3.7,-5.7,7.4,8.8,10.9,6.8,-3.8,-5.9,7.1,8.8,10.9,6.9,-3.8,-5.9,6.1,8.2,10,5.9,-3.5,-5.3,6.7,5.6,6.6,4.6,0,-1,6.4,5.6,7,4.4,0,-1.4,6.9,5.6,6.3,4.9,0.3,-0.4,7,5.5,5.9,4.6,-0.4,-0.8,9.3,7.4,7.6,12.3,0.2,0,10.3,7.4,4.5,11.7,1.4,4.3,11,8,5,12.8,1.4,4.4,6.5,6.8,12.9,12.2,-2.4,-8.5,3.1,4.4,4.5,4.5,-2.4,-2.5,3.4,4.3,4.2,4.3,-2.1,-2,2.7,4.2,4.4,4.5,-2.6,-2.8,3.4,4.7,5,4.8,-2.3,-2.6,-0.2,4.4,8.1,7.6,-3.5,-7.2,-2.2,4.2,8.9,8.3,-5.2,-9.9,0.3,4.5,7.7,7.2,-3.1,-6.3,1.6,4.6,7.5,7,-1.9,-4.8,6.1,7.1,7.1,8.3,-0.4,-0.4,6.3,7,7.1,8.3,0,-0.1,6.3,7.4,7.4,8.3,-0.6,-0.6,5.7,6.8,6.6,8.4,-0.6,-0.4,4.7,9.6,10.4,10.1,-2.7,-3.5,5.9,10.8,11.3,11.4,-2.7,-3.2,4.8,10,10.8,10.6,-2.6,-3.4,3.6,7.6,8.8,8,-2.2,-3.4,0.2,0.2,0.9,0.7,0.1,-0.1,1.3,0.7,0.2,0.1,0.9,0.8,0.2,0.6,0.6,0.4,0.1,-0.4,2.4,1.2,0,-0.7,3,1.2,0.1,-0.4,2.2,1.3,0.1,0,1.5,0.8,0.9,0.5,1.2,0.9,0.7,0.4,0.9,0.8,0.8,0.4,1.3,1.1,1.1,0.8,1.3,0.7,1.4,-0.1,-0.3,1.9,1.5,-0.1,-0.3,2.2,1.4,-0.1,-0.3,1.9,1.2,-0.1,-0.3,1.3,0.8,0.3,0,0.5,0.6,0.3,0,0.3,1,0.4,0.1,0.4,1.3,0.2,-0.2,1,-1.3,1.6,-2.5,-0.8,-0.5,0.6,-2.1,-0.6,-0.7,0.5,-2.2,-0.7,-2.8,3.8,-3.3,-0.9,-0.6,0,0.6,0.7,-0.5,0,0.4,0.8,-0.6,-0.1,0.6,0.7,-0.8,0,0.8,0.7,-1.6,0.6,0.2,0.2,-2.3,0.5,0.2,0.3,-1.4,0.5,0.2,0.3,-1.2,0.7,0.2,0.1,0.6,0.1,0.1,0.8,0.2,0.1,0,0.5,0.4,0.1,0.1,0.8,1.2,0.1,0.2,1,0.1,0.1,0.2,-0.5,0.2,0.1,0.3,-0.4,0.1,0.2,0.2,-0.5,-0.1,0,0,-0.7,9.3,60.15,7.731,0.928337,18,7030,2118,11125.7002,6.05,3
1996/3/31,7,6.5,7,7.5,5.3,5.6,5.3,4.5,11.6,10.1,11.4,13.3,4,3.7,3.9,5.1,4.8,4.8,5.1,4.5,7,8.2,8.5,4,2,1.8,1.6,2.8,1.1,-0.3,1.5,2.5,7.2,7.6,7.3,6.7,6.3,7.2,6.5,5.5,0.5,0.6,0.5,0.5,0.9,0.9,0.9,0.6,0.6,0.4,0.5,0.9,1.5,1.3,1.3,2.3,2.7,2.9,2.6,2.6,-0.5,0,-0.2,-1.3,1,0.7,1.2,1,0.8,1.1,0.7,0.6,0.8,0.7,0.8,0.9,-0.9,-1,-1.3,-0.3,6.9,7.2,9.2,9.8,-0.2,-2.2,6.4,6.6,8.9,9.5,-0.1,-2.4,7,7.3,9.1,10,-0.3,-2.1,7.5,7.9,9.8,9.9,-0.4,-2.3,4.5,4.9,7.8,7.4,0.4,-2.5,4.6,4.8,8.1,7.5,0.8,-2.5,4.5,5.4,7.8,7.2,-0.1,-2.5,4,4.1,7,7.5,0.4,-2.5,11.8,11.7,12.7,13.9,-0.1,-1.1,10.5,10.4,11.5,13.3,-0.3,-1.4,11.5,10.7,12.9,14.6,0.7,-1.5,13.5,14,13.7,13.5,-0.7,-0.4,5,8.8,9.8,9.1,-4.8,-5.8,5,9,9.9,9.3,-5.3,-6.2,5,8.8,9.9,9.4,-4.9,-6,4.7,8.2,9.2,7.8,-3.1,-4.1,5.6,5.5,7.1,6.7,-0.7,-2.3,5.6,5.5,7.2,7.1,-0.7,-2.4,5.9,5.4,7,6.4,-0.3,-1.9,5.1,5.3,7,5.9,-0.8,-2.5,7.6,5.9,8,12.7,1.1,-1,8.8,6.8,4.8,12.2,1.4,3.4,9.4,7.5,5.4,13.5,1,3.1,4.4,3.5,13.4,12.2,0.5,-9.4,2,3.9,5,3.9,-1.9,-3,2.2,4,4.9,3.9,-2.2,-3.1,1.6,3.7,4.9,4.4,-2.1,-3.3,2.4,4.1,5.4,3.2,-1.3,-2.6,0.9,-1.4,8.1,7.6,2.5,-7,-1,-3.6,9,8.4,3.3,-9.3,1.4,-0.7,7.8,7.2,2.2,-6.3,2.7,1,7.3,6.9,1.5,-4.8,6.7,6.9,7,8.4,0.3,0.2,7,7,7.1,8.6,0.6,0.5,6.8,7.3,7.3,8.5,0,0,6.2,6.1,6.4,8.1,0.6,0.3,6.9,9.1,9.3,10.7,-2.8,-3,8.1,10.4,10.6,11.8,-3.2,-3.4,7.4,9.4,9.7,11.1,-2.9,-3.2,5.4,7.4,7.3,8.9,-1.9,-1.8,1,-0.3,0.9,0.4,1.3,-0.3,1,0.4,1.1,-0.1,0.8,0.4,0.6,-0.5,0.9,0.5,2,-0.2,-0.1,0.1,2.5,-0.3,-0.2,0,1.7,-0.1,0,0.1,1.3,-0.2,0,0.2,0.9,0.7,1.1,0.8,0.8,0.6,1.6,0.8,1.2,0.8,0.7,0.6,0.6,0.7,1.2,1.1,-0.1,0.9,-0.1,2.4,-0.1,0.9,-0.1,2.6,-0.1,0.9,-0.2,2.4,-0.1,0.9,-0.2,1.8,-0.5,-0.8,0.7,3.5,-0.4,-0.5,0.6,3.6,-0.5,-0.9,0.8,3.4,-0.7,-1.4,1,3.2,-2.3,-3.4,1,0,-1.9,-1.5,1,0.5,-2.1,-1.7,0.9,0.6,-2.9,-7.2,1.3,-1,-0.4,-0.6,1.1,1,-0.5,-0.4,0.9,1.1,-0.4,-0.6,1,1.2,-0.4,-0.8,1.4,0.5,1.4,-3.4,1.8,0.6,1.5,-5,2.3,0.5,1.3,-3.1,1.7,0.6,1.2,-2,1.4,0.8,1.3,0.3,0.3,0.3,1.2,0.3,0.3,0.1,1.3,0.4,0.3,0.4,1.5,0.2,0.2,0.5,1.6,0.5,2.7,-0.3,1.7,0.3,4,-0.2,2,0.4,2.8,-0.4,1,0.7,1.7,-0.4,9.8,61.11,7.734,0.927992,19.85,7451,2123,10957.2002,5.25,3
1996/4/30,7,6.8,7,7.1,5.7,6.3,5.6,4.2,11.3,10.2,11.2,12.3,3.9,3.6,3.7,4.9,4.8,4.7,4.9,4.5,7,8.1,8.5,4.1,1.7,1.3,1.4,2.6,1.4,0.5,1.6,2.2,6.6,6.4,6.7,6.7,6.3,7.2,6.6,5.3,1.2,1.2,1.2,1.2,0.7,1,0.6,0.5,0.8,1,0.9,0.7,0.4,0.3,0.4,0.4,0.3,0.3,0.4,0.4,9,8.4,9.7,8.8,0,-0.1,0.1,0.1,1.1,1.4,1,0.8,0.6,0.6,0.5,0.5,0.4,0.3,0.3,0.5,7,6.5,8.8,9.8,0.5,-1.8,6.5,5.8,8.4,9.6,1,-1.6,7,6.6,8.8,9.9,0.4,-1.8,7.5,7.3,9.4,9.8,-0.2,-2.3,5.3,3.7,7,8.5,2,-1.3,5.6,3.3,7.5,8.7,3,-1.2,5.3,4.1,7.2,8.1,1.5,-1.6,4.5,3.4,5.6,8.8,0.8,-1.4,11.6,11.8,12.6,13.2,-0.5,-1.3,10.1,10.4,11.2,12.6,-0.2,-1,11.4,11.4,12.3,14,-0.2,-1.1,13.3,13.6,14.1,13,-1.3,-1.8,4,7.1,9,10.2,-3.2,-5.1,3.7,7.4,9.1,10.4,-3.8,-5.5,3.9,7.1,9,10.5,-3.4,-5.3,5.1,6.1,8.5,9,-1.2,-3.6,4.8,6.7,6.7,6.1,-1.9,-1.9,4.8,6.4,6.9,6.5,-1.7,-2.2,5.1,6.9,6.6,5.7,-2,-1.7,4.5,7,6.4,5.7,-2.5,-1.9,7,9.3,9.9,10.2,-2.3,-2.9,8.2,10.3,8,10.4,-2.2,0.1,8.5,11,8.5,10.9,-2.5,0,4,6.5,12.8,9.3,-2.4,-8.7,2,3.1,4.5,3.9,-1.4,-2.8,1.8,3.4,4.2,4.3,-2.1,-2.9,1.6,2.7,4.3,4.6,-1.3,-2.9,2.8,3.4,5.1,2.7,-0.8,-2.5,1.1,-0.2,3.9,7.6,1.6,-2.5,-0.3,-2.2,3.6,8.4,2.7,-3.1,1.5,0.3,3.9,7.3,1.3,-2.3,2.5,1.6,4.4,6.9,0.6,-2.2,7.2,6.1,7,7.2,0.5,-0.4,7.6,6.3,7,6.8,0.1,-0.6,7.3,6.3,7.3,7.3,0.4,-0.6,6.7,5.7,6.6,7.5,1,0.1,6.3,4.7,9.8,10.4,1.6,-3.5,7.2,5.9,11.1,11.5,1.3,-3.9,6.5,4.8,10.2,10.7,1.8,-3.6,5.5,3.6,7.8,8.8,1.7,-2.5,0.5,0.2,0.6,1.2,0.6,0.1,0.2,1,0.5,0.2,0.8,1.2,0.5,0.2,0.8,1.6,0.9,0.1,-0.8,0.4,0.9,0,-1.1,0.3,0.9,0.1,-0.6,0.3,0.6,0.1,-0.4,0.8,0.6,0.9,1,1.2,0.4,0.7,0.8,0.9,0.5,0.8,1.1,1,0.9,1.1,0.9,1.6,1.5,1.4,0,0.5,1.3,1.5,-0.1,0.5,1.3,1.4,-0.1,0.6,2.3,1.2,0.4,0.6,2.7,0.8,0,0.4,2.9,0.6,0,0.4,2.6,1,0.1,0.5,2.6,1.3,0,0.4,-0.5,-1.3,6.8,9,0,-0.5,7,8.5,-0.2,-0.7,7.5,9.6,-1.3,-2.8,5.8,8.7,1,-0.6,0.6,0.4,0.7,-0.5,0.5,0.5,1.2,-0.6,0.7,0.3,1,-0.8,0.6,0.4,0.8,-1.6,0.4,0.9,1.1,-2.3,0.3,0.7,0.7,-1.4,0.3,0.9,0.6,-1.2,0.4,1.1,0.8,0.6,0.2,1.1,0.7,0.2,0.1,1.8,0.8,0.4,0.2,1.1,0.9,1.2,0.2,0.4,-0.9,0.1,0.3,0.4,-1,0.2,0.3,0.3,-1.3,0.1,0.3,0.2,-0.3,-0.1,0.2,0.6,9.7,63.64,7.735,0.928595,20.9,8118,2194,10964.5,5.5,3.1
1996/5/31,6.5,6.1,6.6,6.9,4.8,5.1,4.8,3.7,10.8,9.8,10.6,12.1,3.9,3.7,3.8,5,5,4.9,5.2,4.7,8.1,8.7,9.5,6,1.3,1.1,1.3,1.5,1.5,0.6,1.7,2.2,6.3,6.1,6.3,6.4,5.4,6.1,5.8,4.4,0.2,-0.2,0.1,0.9,-1.1,-1.5,-1,-0.6,0.7,0.7,0.7,0.8,0.3,0.3,0.4,0.4,0.6,0.6,0.7,0.5,3.3,0.7,0.9,9,0.4,0.4,0.3,0.6,0.2,0.3,0.2,0.1,1.3,2,1.4,0.6,-0.5,-0.7,-0.5,-0.4,7,6.9,8.4,9.3,-0.4,-1.9,6.8,6.4,8.2,9.1,-0.3,-2.1,7,7,8.3,9.5,-0.4,-1.7,7.1,7.5,8.9,9.5,-0.6,-2,5.7,4.5,6.8,7.5,0.3,-2,6.3,4.6,7.3,7.5,0.5,-2.2,5.6,4.5,7,7.3,0.3,-2.2,4.2,4,5.6,8.1,-0.3,-1.9,11.3,11.8,11.9,13,-1,-1.1,10.2,10.5,10.8,12.3,-0.7,-1,11.2,11.5,10.9,13.8,-0.9,-0.3,12.3,13.5,14.1,12.8,-1.4,-2,3.9,5,8.7,10.7,-1.1,-4.8,3.6,5,8.8,10.8,-1.3,-5.1,3.7,5,8.8,11,-1.2,-5,4.9,4.7,8.2,9.7,0.3,-3.2,4.8,5.6,5.6,6.2,-0.6,-0.6,4.7,5.6,5.6,6.5,-0.7,-0.7,4.9,5.9,5.6,5.8,-0.7,-0.4,4.5,5.1,5.5,5.7,-0.4,-0.8,7,7.6,7.4,9.2,0.5,0.7,8.1,8.8,7.4,9.4,-0.1,1.3,8.5,9.4,8,9.9,0.1,1.5,4.1,4.4,6.8,8.2,1.6,-0.8,1.7,2,4.4,4.3,-0.7,-3.1,1.3,2.2,4.3,4.3,-1.1,-3.2,1.4,1.6,4.2,4.2,-0.3,-2.9,2.6,2.4,4.7,4.4,-0.9,-3.2,1.4,0.9,4.4,7.5,0.6,-2.9,0.5,-1,4.2,8.3,1.6,-3.6,1.6,1.4,4.5,7.2,0.3,-2.8,2.2,2.7,4.6,6.9,-0.5,-2.4,6.6,6.7,7.1,7.4,-0.4,-0.8,6.4,7,7,7.3,-0.9,-0.9,6.7,6.8,7.4,7.5,-0.5,-1.1,6.7,6.2,6.8,7.4,0.2,-0.4,6.3,6.9,9.6,10.3,-1.5,-4.2,7.2,8.1,10.8,11.4,-2,-4.7,6.6,7.4,10,10.5,-1.6,-4.2,5.3,5.4,7.6,8.9,-1,-3.2,1.2,1,0.2,0.6,1.2,1.3,-0.1,0.4,1.2,1.1,0.1,0.5,1.2,0.6,0.6,1.1,0.7,2,-0.4,-0.2,1,2.5,-0.7,-0.4,0.6,1.7,-0.4,-0.2,0.5,1.3,0,-0.2,0.8,0.9,0.5,1.1,1,0.8,0.4,1,0.9,1.2,0.4,1.3,0.7,0.6,0.8,1,0.4,-0.1,-0.1,0.3,0.3,-0.1,-0.1,0.2,0.4,-0.1,-0.1,0.3,0.4,-0.1,-0.1,0.3,0.3,-0.5,0.3,0.4,0.3,-0.4,0.3,0.4,0.4,-0.5,0.4,0.5,0.4,-0.7,0.2,0.2,9,-2.3,1.6,2.3,8.4,-1.9,0.6,0.2,9.7,-2.1,0.5,0.1,8.8,-2.9,3.8,7.1,0,-0.4,0,0.8,-0.1,-0.5,0,0.5,0.1,-0.4,-0.1,0.4,0.1,-0.4,0,1.6,1.1,1.4,0.6,0.1,1.4,1.5,0.5,0.1,1,1.3,0.5,0.1,0.8,1.2,0.7,0.2,0.6,1.3,0.1,1.7,0.6,1.2,0.1,2.4,0.5,1.3,0.1,1.7,0.5,1.5,0.1,0.9,0.4,1.6,0.1,0.3,0.3,1.7,0.1,0.3,0.3,2,0.2,0.3,0.5,1,0,0.5,8.9,63.63,7.738,0.9291995,19.15,8844,1919,11264.7002,5.31,3
1996/6/30,6.4,6.1,6.4,6.6,4.7,5,4.6,4.1,10.3,9.5,9.9,11.6,3.6,3.4,3.4,4.7,5.9,6.1,6,4.9,6.6,8,8.7,3,1.7,1.5,1.6,2,2.9,2.8,3,2.7,6,5.9,5.8,6.4,5.7,6.4,6.2,4.6,0.5,0.6,0.4,0.6,0.8,0.9,0.7,0.9,0.5,0.3,0.3,0.9,-0.1,0,-0.1,-0.1,1.6,1.8,1.6,1.2,-0.9,-0.9,-0.9,-1,0.4,0.4,0.3,0.5,1.7,2.4,1.5,1,0,0.1,-0.1,0,0.7,0.6,0.9,0.7,6.5,7,7.2,9.4,-0.6,-0.8,6.1,6.5,6.6,8.9,-0.4,-0.5,6.6,7,7.3,9.6,-0.6,-0.9,6.9,7.5,7.9,9.7,-0.9,-1.3,4.8,5.3,4.9,7.1,-0.6,-0.2,5.1,5.6,4.8,6.9,-0.6,0.2,4.8,5.3,5.4,7,-0.7,-0.8,3.7,4.5,4.1,7.5,-0.4,0,10.8,11.6,11.7,13.2,-1.3,-1.4,9.8,10.1,10.4,12.3,-0.6,-0.9,10.6,11.4,10.7,14,-1.5,-0.8,12.1,13.3,14,13,-1.7,-2.4,3.9,4,8.8,10.7,-0.4,-5.2,3.7,3.7,9,10.7,-0.3,-5.6,3.8,3.9,8.8,10.9,-0.5,-5.4,5,5.1,8.2,10,-0.4,-3.5,5,4.8,5.5,6.7,1.1,0.4,4.9,4.8,5.5,6.9,1.3,0.6,5.2,5.1,5.4,6.4,0.9,0.6,4.7,4.5,5.3,6.4,0.4,-0.4,8.1,7,5.9,10.8,-0.4,0.7,8.7,8.2,6.8,10.6,-0.2,1.2,9.5,8.5,7.5,11.1,0.2,1.2,6,4,3.5,10.7,-1,-0.5,1.3,2,3.9,4.2,-0.3,-2.2,1.1,1.8,4,4.3,-0.3,-2.5,1.3,1.6,3.7,4.1,0,-2.1,1.5,2.8,4.1,4.3,-0.8,-2.1,1.5,1.1,-1.4,7.4,1.8,4.3,0.6,-0.3,-3.6,8.2,3.1,6.4,1.7,1.5,-0.7,7,1.5,3.7,2.2,2.5,1,6.6,0.2,1.7,6.3,7.2,6.9,7.6,-1.2,-0.9,6.1,7.6,7,7.7,-1.7,-1.1,6.3,7.3,7.3,7.9,-1.5,-1.5,6.4,6.7,6.1,7.1,-0.3,0.3,5.4,6.3,9.1,10.7,-0.6,-3.4,6.1,7.2,10.4,11.6,-0.8,-4,5.8,6.5,9.4,11,-0.3,-3.2,4.4,5.5,7.4,9.3,-0.9,-2.8,0.2,0.5,-0.3,0.7,-0.2,0.6,-0.3,0.6,0.1,0.5,-0.1,0.6,0.9,0.5,-0.5,0.8,-1.1,0.9,-0.2,0.9,-1.5,0.9,-0.3,1,-1,0.9,-0.1,0.8,-0.6,0.6,-0.2,0.5,0.7,0.6,0.7,1,0.7,0.4,0.6,0.7,0.7,0.5,0.8,0.9,0.8,0.9,0.7,1.3,0.3,1.5,0.9,0.3,0.3,1.3,0.9,0.2,0.4,1.3,0.9,0.3,0.4,2.3,0.9,0.3,0.6,2.7,-0.8,0.8,0.6,2.9,-0.5,0.7,0.7,2.6,-0.9,0.8,0.5,2.6,-1.4,1,3.3,-0.5,-3.4,0.5,0.7,0,-1.5,-0.2,0.9,-0.2,-1.7,-0.2,9,-1.3,-7.2,2,0.4,1,-0.6,0,0.4,0.7,-0.4,0,0.3,1.2,-0.6,0,0.6,1,-0.8,0,0.2,0.8,-3.4,0.3,0.3,1.1,-5,0.2,0.2,0.7,-3.1,0.2,0.1,0.6,-2,0.4,1.3,0.8,0.3,0.3,2,0.7,0.3,0.4,1.4,0.8,0.4,0.5,0.6,0.9,0.2,0,-0.5,-0.9,0.5,0.5,-0.7,-1,0.3,0.4,-0.5,-1.3,0.4,0.5,-0.4,-0.3,0.7,0.5,8.6,66.6,7.74,0.930063,18.46,10572,1809,11020.90039,5,2.9
1996/7/31,6.2,6.1,6.4,6.2,4.4,4.6,4.3,3.9,10,9.2,9.8,11.1,3.6,3.4,3.4,4.7,6.7,6.7,6.9,6.3,6.3,8.7,9.5,0.4,2,1.8,2,2.3,3.1,3.8,3.2,2.3,6,6.1,6,5.8,5.8,6.6,6.4,4.4,0,0.2,0.2,-0.4,0.1,0.2,0.1,0.1,0.6,0.5,0.6,0.7,-0.1,-0.1,-0.1,-0.1,0.6,0.5,0.7,1.2,-3.8,-1.7,-1.8,-8,-0.4,-0.1,-0.3,-0.9,0.2,1,0.1,-0.8,0.3,0.3,0.4,0.1,0.6,0.5,0.8,0.4,6.4,7,6.5,9.2,-0.8,-0.3,6.1,6.8,5.8,8.5,-0.7,0.3,6.4,7,6.6,9.2,-0.6,-0.2,6.6,7.1,7.3,10.1,-0.9,-1.1,4.7,5.7,3.7,6.3,-1.3,0.7,5,6.3,3.3,6,-1.7,1.3,4.6,5.6,4.1,6.3,-1.3,0.2,4.1,4.2,3.4,7.1,-0.3,0.5,10.3,11.3,11.8,13.4,-1.3,-1.8,9.5,10.2,10.4,12.5,-1,-1.2,9.9,11.2,11.4,14,-1.4,-1.6,11.6,12.3,13.6,13.5,-1.2,-2.5,3.6,3.9,7.1,10.9,-0.3,-3.5,3.4,3.6,7.4,11,-0.2,-4,3.4,3.7,7.1,11.2,-0.3,-3.7,4.7,4.9,6.1,10.3,-0.2,-1.4,5.9,4.8,6.7,6.6,1.9,0,6.1,4.7,6.4,6.8,2,0.3,6,4.9,6.9,6.3,2,0,4.9,4.5,7,6.3,1.8,-0.7,6.6,7,9.3,11.4,-0.7,-3,8,8.1,10.3,8.8,0.6,-1.6,8.7,8.5,11,9.2,1,-1.5,3,4.1,6.5,15.8,-3.7,-6.1,1.7,1.7,3.1,4,0.3,-1.1,1.5,1.3,3.4,3.9,0.5,-1.6,1.6,1.4,2.7,3.9,0.6,-0.7,2,2.6,3.4,4.1,-0.3,-1.1,2.9,1.4,-0.2,7.9,1.7,3.3,2.8,0.5,-2.2,8.7,3.3,6,3,1.6,0.3,7.5,1.6,2.9,2.7,2.2,1.6,7.4,0.1,0.7,6,6.6,6.1,7.2,-0.6,-0.1,5.9,6.4,6.3,7.2,-0.3,-0.2,5.8,6.7,6.3,7.5,-0.7,-0.3,6.4,6.7,5.7,6.8,-0.9,0.1,5.7,6.3,4.7,10.5,-0.5,1.1,6.4,7.2,5.9,11.3,-0.6,0.7,6.2,6.6,4.8,10.8,-0.2,1.6,4.6,5.3,3.6,9,-0.9,0.8,0.5,1.2,0.2,0.2,0.6,1.2,0.1,0.3,0.4,1.2,0.2,0.2,0.6,1.2,0.2,0,0.8,0.7,0.1,0.5,0.9,1,0,0.5,0.7,0.6,0.1,0.5,0.9,0.5,0.1,0.3,0.5,0.8,0.9,0.9,0.3,1,0.7,0.8,0.3,0.9,0.8,0.7,0.9,0.7,1.1,1.2,-0.1,0.4,1.4,-0.1,0,0.3,1.5,-0.1,-0.1,0.4,1.4,-0.1,-0.1,0.4,1.2,-0.1,1.6,0.3,0.8,-0.2,1.8,0.3,0.6,-0.2,1.6,0.4,1,-0.2,1.2,0.4,1.3,-0.1,-0.9,9,-1.3,-3.5,-0.9,8.4,-0.5,-2.4,-0.9,9.7,-0.7,-2.6,-1,8.8,-2.8,-5.7,0.4,0,-0.6,-0.7,0.4,-0.1,-0.5,-0.3,0.3,0.1,-0.6,-0.7,0.5,0.1,-0.8,-1.1,1.7,1.1,-1.6,-0.1,2.4,1.4,-2.3,0.2,1.5,1,-1.4,0,1,0.8,-1.2,-0.4,0,0.6,0.6,0.3,0.1,0.6,0.2,0,-0.1,0.5,0.4,0.2,0,0.5,1.2,0.7,0.7,0.4,0.1,0.5,0.6,0.3,0.2,0.2,0.9,0.3,0.1,0.6,0.7,0.5,-0.1,0.6,8.3,64.55,7.734,0.930193,19.57,12181,1763,10681.40039,6.75,2.8
1996/8/31,5.4,4.9,5.5,5.9,1.9,1.5,2.1,2.3,9.3,8.7,8.9,10.4,4.2,4,4,5.3,6.2,6.3,6.2,5.6,7.1,8.9,9.6,2.6,1.3,1.3,1.2,1.6,3.2,3.9,3.3,2.3,5.8,6.1,5.9,5.4,6.7,7.8,7.3,5.2,0.2,0.1,0.1,0.3,0,-0.1,0,0,0.5,0.5,0.4,0.7,0.2,0.2,0.2,0.2,-0.5,-0.4,-0.5,-0.8,-1.8,-1.9,-2.2,-1.2,-0.1,-0.1,-0.3,0.1,0.3,0.3,0.4,0.2,0,0,0,-0.1,1.1,1.5,1,0.9,6.2,6.5,6.9,9,-1.1,-1.5,6.1,6.1,6.4,8.3,-1.2,-1.5,6.4,6.6,7,9,-1.1,-1.5,6.2,6.9,7.5,9.8,-1,-1.6,4.4,4.8,4.5,6.3,-2.9,-2.6,4.6,5.1,4.6,6.2,-3.6,-3.1,4.3,4.8,4.5,6.5,-2.7,-2.4,3.9,3.7,4,6.3,-1.4,-1.7,10,10.8,11.8,13.4,-1.5,-2.5,9.2,9.8,10.5,12.2,-1.1,-1.8,9.8,10.6,11.5,14,-1.7,-2.6,11.1,12.1,13.5,13.9,-1.7,-3.1,3.6,3.9,5,10.7,0.3,-0.8,3.4,3.7,5,10.9,0.3,-1,3.4,3.8,5,10.9,0.2,-1,4.7,5,4.7,10,0.3,0.6,6.7,5,5.6,6.6,1.2,0.6,6.7,4.9,5.6,7,1.4,0.7,6.9,5.2,5.9,6.3,1,0.3,6.3,4.7,5.1,5.9,0.9,0.5,6.3,8.1,7.6,7.6,-1,-0.5,8.7,8.7,8.8,4.5,0.2,0.1,9.5,9.5,9.4,5,0.1,0.2,0.4,6,4.4,12.9,-3.4,-1.8,2,1.3,2,4.5,0,-0.7,1.8,1.1,2.2,4.2,0.2,-0.9,2,1.3,1.6,4.4,-0.1,-0.4,2.3,1.5,2.4,5,0.1,-0.8,3.1,1.5,0.9,8.1,1.7,2.3,3.8,0.6,-1,8.9,3.3,4.9,3.2,1.7,1.4,7.7,1.6,1.9,2.3,2.2,2.7,7.5,0.1,-0.4,6,6.3,6.7,7.1,-0.5,-0.9,6.1,6.1,7,7.1,0,-0.9,6,6.3,6.8,7.4,-0.4,-0.9,5.8,6.4,6.2,6.6,-1,-0.8,5.8,5.4,6.9,10.4,1.3,-0.2,6.6,6.1,8.1,11.3,1.7,-0.3,6.4,5.8,7.4,10.8,1.5,-0.1,4.4,4.4,5.4,8.8,0.8,-0.2,0,0.2,1,0.9,0.2,-0.2,1.3,1.3,0.2,0.1,1.1,0.9,-0.4,0.9,0.6,0.6,0.1,-1.1,2,2.4,0.2,-1.5,2.5,3,0.1,-1,1.7,2.2,0.1,-0.6,1.3,1.5,0.6,0.7,0.9,1.2,0.5,0.7,0.8,0.9,0.6,0.7,1.2,1.3,0.7,0.8,0.6,1.3,-0.1,0.3,-0.1,-0.3,-0.1,0.3,-0.1,-0.3,-0.1,0.4,-0.1,-0.3,-0.1,0.4,-0.1,-0.3,0.6,0.6,-0.5,0,0.5,0.6,-0.4,0,0.7,0.7,-0.5,0.1,1.2,0.5,-0.7,-0.2,-3.8,3.3,-2.3,-2.5,-1.7,0.7,-1.9,-2.1,-1.8,0.9,-2.1,-2.2,-8,9,-2.9,-3.3,-0.4,0.4,-0.4,0.6,-0.1,0.4,-0.5,0.4,-0.3,0.3,-0.4,0.6,-0.9,0.6,-0.4,0.8,0.2,0.2,1.4,0.2,1,0.3,1.5,0.2,0.1,0.2,1.3,0.2,-0.8,0.1,1.2,0.2,0.3,1.3,1.3,0.1,0.3,2,1.2,0,0.4,1.4,1.3,0.1,0.1,0.6,1.5,0.2,0.6,-0.5,1.6,0.2,0.5,-0.7,1.7,0.3,0.8,-0.5,2,0.2,0.4,-0.4,1,0,8.1,64.88,7.7325,0.9308425,20.51,12544,1710,11159,5.28,2.8
1996/9/30,5.6,5.2,5.9,5.6,2.4,2.1,2.5,2.7,9.1,8.7,8.9,9.9,4.5,4.3,4.3,5.6,5.2,5.4,5.3,4.3,8.1,10.9,11.9,0.7,1.6,1.6,2.1,1.1,3.6,4.2,3.9,2.5,5.9,6.1,5.9,5.6,6.5,7.3,6.8,5.4,1.1,1.3,1.1,0.7,0.4,0.5,0.4,0.4,1,1.6,0.8,0.7,0.2,0.2,0.2,0.2,-0.2,-0.2,-0.2,-0.2,1.9,2.9,3.1,-0.6,1.4,1.2,1.8,0.9,2.2,2.6,2.2,1.5,0.3,0.3,0.3,0.4,2.5,3.4,2.4,1.8,5.4,6.4,7,9.2,-0.8,-1.4,4.9,6.1,6.5,8.9,-0.9,-1.3,5.5,6.4,7,9.1,-0.5,-1.1,5.9,6.6,7.5,9.8,-1,-1.9,1.9,4.7,5.3,7.8,-2.3,-2.9,1.5,5,5.6,8.1,-2.9,-3.5,2.1,4.6,5.3,7.8,-2.1,-2.8,2.3,4.1,4.5,7,-1.4,-1.8,9.3,10.3,11.6,12.7,-1.2,-2.5,8.7,9.5,10.1,11.5,-0.8,-1.4,8.9,9.9,11.4,12.9,-1,-2.5,10.4,11.6,13.3,13.7,-1.7,-3.4,4.2,3.6,4,9.8,0.9,0.5,4,3.4,3.7,9.9,0.9,0.6,4,3.4,3.9,9.9,0.9,0.4,5.3,4.7,5.1,9.2,0.9,0.5,6.2,5.9,4.8,7.1,-0.7,0.4,6.3,6.1,4.8,7.2,-0.7,0.6,6.2,6,5.1,7,-0.7,0.2,5.6,4.9,4.5,7,-0.6,-0.2,7.1,6.6,7,8,1.5,1.1,8.9,8,8.2,4.8,2.9,2.7,9.6,8.7,8.5,5.4,3.2,3.4,2.6,3,4,13.4,-2.3,-3.3,1.3,1.7,2,5,-0.1,-0.4,1.3,1.5,1.8,4.9,0.1,-0.2,1.2,1.6,1.6,4.9,0.5,0.5,1.6,2,2.8,5.4,-0.9,-1.7,3.2,2.9,1.1,8.1,0.7,2.5,3.9,2.8,-0.3,9,1.4,4.5,3.3,3,1.5,7.8,0.9,2.4,2.3,2.7,2.5,7.3,-0.2,0,5.8,6,7.2,7,-0.1,-1.3,6.1,5.9,7.6,7.1,0.2,-1.5,5.9,5.8,7.3,7.3,0.1,-1.4,5.4,6.4,6.7,6.4,-0.8,-1.1,6.7,5.7,6.3,9.3,0.8,0.2,7.8,6.4,7.2,10.6,0.9,0.1,7.3,6.2,6.5,9.7,0.6,0.3,5.2,4.6,5.5,7.3,0.8,-0.1,0.2,0.5,0.5,0.9,0.1,0.6,0.6,1,0.1,0.4,0.5,0.8,0.3,0.6,0.5,0.9,0,0.8,0.9,-0.1,-0.1,0.9,0.9,-0.2,0,0.7,0.9,0,0,0.9,0.6,0,0.5,0.5,0.6,1.1,0.5,0.3,0.4,1.6,0.4,0.3,0.5,0.7,0.7,0.9,0.9,1.2,0.2,-0.1,1.5,-0.1,0.2,0,1.3,-0.1,0.2,-0.1,1.3,-0.2,0.2,-0.1,2.3,-0.2,-0.5,1.6,2.7,0.7,-0.4,1.8,2.9,0.6,-0.5,1.6,2.6,0.8,-0.8,1.2,2.6,1,-1.8,-0.9,-0.5,1,-1.9,-0.9,0,1,-2.2,-0.9,-0.2,0.9,-1.2,-1,-1.3,1.3,-0.1,0.4,1,1.1,-0.1,0.4,0.7,0.9,-0.3,0.3,1.2,1,0.1,0.5,1,1.4,0.3,1.7,0.8,1.8,0.3,2.4,1.1,2.3,0.4,1.5,0.7,1.7,0.2,1,0.6,1.4,0,0,0.8,0.3,0,0.1,0.7,0.3,0,-0.1,0.8,0.3,-0.1,0,0.9,0.2,1.1,0.7,-0.9,2.7,1.5,0.6,-1,4,1,0.9,-1.3,2.8,0.9,0.7,-0.3,1.7,7.4,67.53,7.7325,0.931536,22.63,11673,1742,11902.40039,6.09,2.6
1996/10/31,5.7,5.4,5.8,6,2.6,2.5,2.6,2.8,8.7,8.3,8.4,9.5,5.7,5.6,5.6,6.1,6.2,6.3,6.4,5.9,9.4,10.6,11.4,5.7,1.6,1.5,2,1.2,3.9,4.6,4,3,5.8,6.1,5.8,5.5,6.4,7.1,6.8,5.5,0.7,0.3,0.7,1.1,-0.5,-0.7,-0.4,-0.3,0.6,0.4,0.6,0.6,1.1,1.2,1.1,0.9,1,0.9,1.1,1.5,8.1,6.7,7,11,0.6,0.4,0.6,0.7,0.6,0.7,0.5,0.9,0,0.1,0.1,0,0.3,0.2,0.4,0.2,5.6,6.2,7,8.8,-0.5,-1.3,5.2,6.1,6.8,8.4,-0.7,-1.4,5.9,6.4,7,8.8,-0.6,-1.2,5.6,6.2,7.1,9.4,-0.2,-1.1,2.4,4.4,5.7,7,-1.8,-3.1,2.1,4.6,6.3,7.5,-2.1,-3.8,2.5,4.3,5.6,7.2,-1.7,-3,2.7,3.9,4.2,5.6,-1.1,-1.4,9.1,10,11.3,12.6,-1.3,-2.6,8.7,9.2,10.2,11.2,-0.9,-1.9,8.9,9.8,11.2,12.3,-1.4,-2.8,9.9,11.1,12.3,14.1,-1.6,-2.8,4.5,3.6,3.9,9,2.1,1.8,4.3,3.4,3.6,9.1,2.2,2,4.3,3.4,3.7,9,2.2,1.9,5.6,4.7,4.9,8.5,1.4,1.2,5.2,6.7,4.8,6.7,-0.5,1.4,5.4,6.7,4.7,6.9,-0.4,1.6,5.3,6.9,4.9,6.6,-0.5,1.5,4.3,6.3,4.5,6.4,-0.4,1.4,8.1,6.3,7,9.9,3.1,2.4,10.9,8.7,8.1,8,1.9,2.5,11.9,9.5,8.5,8.5,1.9,2.9,0.7,0.4,4.1,12.8,5.3,1.6,1.6,2,1.7,4.5,-0.4,-0.1,1.6,1.8,1.3,4.2,-0.3,0.2,2.1,2,1.4,4.3,0,0.6,1.1,2.3,2.6,5.1,-1.1,-1.4,3.6,3.1,1.4,3.9,0.8,2.5,4.2,3.8,0.5,3.6,0.8,4.1,3.9,3.2,1.6,3.9,0.8,2.4,2.5,2.3,2.2,4.4,0.7,0.8,5.9,6,6.6,7,-0.2,-0.8,6.1,6.1,6.4,7,0,-0.3,5.9,6,6.7,7.3,-0.2,-0.9,5.6,5.8,6.7,6.6,-0.3,-1.2,6.5,5.8,6.3,9.8,0.6,0.1,7.3,6.6,7.2,11.1,0.5,-0.1,6.8,6.4,6.6,10.2,0.4,0.2,5.4,4.4,5.3,7.8,1.1,0.2,1.1,0,1.2,0.6,1.3,0.2,1.2,0.2,1.1,0.2,1.2,0.8,0.7,-0.4,1.2,0.8,0.4,0.1,0.7,-0.8,0.5,0.2,1,-1.1,0.4,0.1,0.6,-0.6,0.4,0.1,0.5,-0.4,1,0.6,0.8,1,1.6,0.5,1,0.8,0.8,0.6,0.9,1.1,0.7,0.7,0.7,0.9,0.2,-0.1,0.4,0,0.2,-0.1,0.3,-0.1,0.2,-0.1,0.4,-0.1,0.2,-0.1,0.4,0.4,-0.2,0.6,0.3,0,-0.2,0.5,0.3,0,-0.2,0.7,0.4,0.1,-0.2,1.2,0.4,0,1.9,-3.8,9,6.8,2.9,-1.7,8.4,7,3.1,-1.8,9.7,7.5,-0.6,-8,8.8,5.8,1.4,-0.4,0,0.6,1.2,-0.1,-0.1,0.5,1.8,-0.3,0.1,0.7,0.9,-0.9,0.1,0.6,2.2,0.2,1.1,0.4,2.6,1,1.4,0.3,2.2,0.1,1,0.3,1.5,-0.8,0.8,0.4,0.3,0.3,0.6,0.2,0.3,0.3,0.6,0.1,0.3,0.4,0.5,0.2,0.4,0.1,0.5,0.2,2.5,0.6,0.4,0.3,3.4,0.5,0.3,0.3,2.4,0.8,0.3,0.3,1.8,0.4,0.5,0.2,7,70.4,7.7315,0.9315795,24.16,10660,1762,12477.59961,5.63,2.6
1996/11/30,5.9,5.8,6.1,5.8,3.4,3.6,3.4,2.9,8.6,8.3,8.3,9.2,7,7,6.9,7.3,5.7,5.8,5.8,5.5,9.6,11.2,12.2,5,2,1.7,2.3,1.7,3.4,4.2,3.6,2.1,5.9,6.1,5.9,5.6,6.2,6.8,6.4,5.5,0.4,0.3,0.4,0.5,0.3,0.4,0.4,0.1,0.5,0.4,0.4,0.6,1.1,1.2,1.1,0.9,-0.2,-0.1,-0.2,-0.1,1.8,1.1,1.3,3.1,0.3,0.1,0.2,0.6,0.1,0.1,0.2,-0.1,0.2,0.1,0.2,0.2,-0.1,-0.2,-0.2,0,5.7,5.4,6.5,8.4,0.5,-0.6,5.4,4.9,6.1,8.2,0.9,-0.3,5.8,5.5,6.6,8.3,0.6,-0.5,6,5.9,6.9,8.9,-0.1,-1.1,2.6,1.9,4.8,6.8,1.5,-1.4,2.5,1.5,5.1,7.3,2.1,-1.5,2.6,2.1,4.8,7,1.3,-1.4,2.8,2.3,3.7,5.6,0.6,-0.8,8.7,9.3,10.8,11.9,-0.7,-2.2,8.3,8.7,9.8,10.8,-0.4,-1.5,8.4,8.9,10.6,10.9,-0.6,-2.3,9.5,10.4,12.1,14.1,-1.2,-2.9,5.7,4.2,3.9,8.7,2.8,3.1,5.6,4,3.7,8.8,3,3.3,5.6,4,3.8,8.8,2.9,3.1,6.1,5.3,5,8.2,2,2.3,6.2,6.2,5,5.6,-0.5,0.7,6.3,6.3,4.9,5.6,-0.5,0.9,6.4,6.2,5.2,5.6,-0.4,0.6,5.9,5.6,4.7,5.5,-0.1,0.8,9.4,7.1,8.1,7.4,2.5,1.5,10.6,8.9,8.7,7.4,2.3,2.5,11.4,9.6,9.5,8,2.6,2.7,5.7,2.6,6,6.8,2.4,-1,1.6,1.3,1.3,4.4,0.7,0.7,1.5,1.3,1.1,4.3,0.4,0.6,2,1.2,1.3,4.2,1.1,1,1.2,1.6,1.5,4.7,0.1,0.2,3.9,3.2,1.5,4.4,0.2,1.9,4.6,3.9,0.6,4.2,0.3,3.6,4,3.3,1.7,4.5,0.3,1.9,3,2.3,2.2,4.6,-0.2,-0.1,5.8,5.8,6.3,7.1,0.1,-0.4,6.1,6.1,6.1,7,0,0,5.8,5.9,6.3,7.4,0,-0.4,5.5,5.4,6.4,6.8,0.2,-0.8,6.4,6.7,5.4,9.6,-0.5,0.8,7.1,7.8,6.1,10.8,-1,0.7,6.8,7.3,5.8,10,-0.9,0.6,5.5,5.2,4.4,7.6,0.3,1.1,0.7,0.2,0.2,0.2,0.3,0.1,-0.2,-0.1,0.7,0.1,0.1,0.1,1.1,0.3,0.9,0.6,-0.5,0,-1.1,-0.4,-0.7,-0.1,-1.5,-0.7,-0.4,0,-1,-0.4,-0.3,0,-0.6,0,0.6,0.5,0.7,0.5,0.4,0.5,0.7,0.4,0.6,0.4,0.7,0.4,0.6,0.7,0.8,0.8,1.1,0.2,0.3,-0.1,1.2,0.2,0.3,-0.1,1.1,0.2,0.4,-0.1,0.9,0.2,0.4,-0.1,1,-0.5,0.6,0.3,0.9,-0.4,0.6,0.3,1.1,-0.5,0.7,0.4,1.5,-0.8,0.5,0.2,8.1,-1.8,3.3,1.6,6.7,-1.9,0.7,0.6,7,-2.2,0.9,0.5,11,-1.2,9,3.8,0.6,-0.1,0.4,0,0.4,-0.1,0.4,0,0.6,-0.3,0.3,-0.1,0.7,0.1,0.6,0,0.6,0.3,0.2,0.6,0.7,0.3,0.3,0.5,0.5,0.4,0.2,0.5,0.9,0.2,0.1,0.7,0,0,1.3,0.1,0.1,0,2,0.1,0.1,0,1.4,0.1,0,-0.1,0.6,0.1,0.3,1.1,-0.5,0.1,0.2,1.5,-0.7,0.1,0.4,1,-0.5,0.2,0.2,0.9,-0.4,0,6.9,74.73,7.7325,0.9314925,22.76,9492,1842,13393.90039,5.44,2.7
1996/12/31,6.6,6.7,6.5,6.7,3.8,4.1,3.8,3.1,9.1,9.8,8.6,9.3,7.7,7.7,7.5,8,6.1,6.1,6.3,6.1,12.5,11.7,12.7,12.7,2.4,2.1,2.7,2.3,6.6,9.2,6.3,3.8,5.8,6,5.7,5.7,6.3,6.8,6.6,5.4,0.4,0.6,0.3,0.4,0.2,0.2,0.2,0.1,1.2,2,1,0.7,1.5,1.5,1.5,1.5,-0.4,-0.3,-0.5,-0.9,-0.9,-1,-1.2,-0.4,-0.1,0,-0.2,-0.2,-0.5,-0.4,-0.5,-0.4,0.2,0.1,0.2,0.3,0.6,0.3,0.6,0.7,5.9,5.6,6.4,7.2,1,0.2,5.8,5.2,6.1,6.6,1.5,0.6,6.1,5.9,6.4,7.3,0.6,0.1,5.8,5.6,6.6,7.9,1.1,0.1,3.4,2.4,4.7,4.9,1.4,-0.9,3.6,2.1,5,4.8,2,-0.9,3.4,2.5,4.6,5.4,1.3,-0.8,2.9,2.7,4.1,4.1,0.4,-1,8.6,9.1,10.3,11.7,0,-1.2,8.3,8.7,9.5,10.4,1.1,0.3,8.3,8.9,9.9,10.7,-0.3,-1.3,9.2,9.9,11.6,14,-0.6,-2.3,7,4.5,3.6,8.8,3.2,4.1,7,4.3,3.4,9,3.4,4.3,6.9,4.3,3.4,8.8,3.2,4.1,7.3,5.6,4.7,8.2,2.4,3.3,5.7,5.2,5.9,5.5,0.9,0.2,5.8,5.4,6.1,5.5,0.7,0,5.8,5.3,6,5.4,1,0.3,5.5,4.3,4.9,5.3,1.8,1.2,9.6,8.1,6.6,5.9,4.4,5.9,11.2,10.9,8,6.8,0.8,3.7,12.2,11.9,8.7,7.5,0.8,4,5,0.7,3,3.5,12,9.7,2,1.6,1.7,3.9,0.8,0.7,1.7,1.6,1.5,4,0.5,0.6,2.3,2.1,1.6,3.7,0.6,1.1,1.7,1.1,2,4.1,1.2,0.3,3.4,3.6,2.9,-1.4,3,3.7,4.2,4.2,2.8,-3.6,5,6.4,3.6,3.9,3,-0.7,2.4,3.3,2.1,2.5,2.7,1,1.3,1.1,5.9,5.9,6,6.9,-0.1,-0.2,6.1,6.1,5.9,7,-0.1,0.1,5.9,5.9,5.8,7.3,-0.2,-0.1,5.6,5.6,6.4,6.1,0.1,-0.7,6.2,6.5,5.7,9.1,-0.2,0.6,6.8,7.3,6.4,10.4,-0.5,0.4,6.4,6.8,6.2,9.4,-0.2,0.4,5.5,5.4,4.6,7.4,0,0.8,0.4,1.1,0.5,-0.3,0.3,1.3,0.6,-0.3,0.4,1.1,0.4,-0.1,0.5,0.7,0.6,-0.5,0.3,0.4,0.8,-0.2,0.4,0.5,0.9,-0.3,0.4,0.4,0.7,-0.1,0.1,0.4,0.9,-0.2,0.5,1,0.5,0.7,0.4,1.6,0.3,0.6,0.4,0.8,0.3,0.8,0.6,0.7,0.9,0.7,1.1,0.2,-0.1,0.9,1.2,0.2,0,0.9,1.1,0.2,-0.1,0.9,0.9,0.2,-0.1,0.9,-0.2,-0.2,1.6,-0.8,-0.1,-0.2,1.8,-0.5,-0.2,-0.2,1.6,-0.9,-0.1,-0.2,1.2,-1.4,1.8,1.9,-0.9,-3.4,1.1,2.9,-0.9,-1.5,1.3,3.1,-0.9,-1.7,3.1,-0.6,-1,-7.2,0.3,1.4,0.4,-0.6,0.1,1.2,0.4,-0.4,0.2,1.8,0.3,-0.6,0.6,0.9,0.5,-0.8,0.1,2.2,1.7,-3.4,0.1,2.6,2.4,-5,0.2,2.2,1.5,-3.1,-0.1,1.5,1,-2,0.2,0.3,0,0.3,0.1,0.3,0.1,0.3,0.2,0.3,-0.1,0.4,0.2,0.4,0,0.2,-0.1,2.5,0.7,0.5,-0.2,3.4,0.6,0.3,-0.2,2.4,0.9,0.4,0,1.8,0.7,0.7,7,78.87,7.7355,0.9329265,23.78,7740,1878,13451.5,6.26,2.6
1997/1/31,6.3,6.6,6.3,5.9,3.6,3.9,3.6,3.3,9,9.7,8.5,9.2,7.3,7.2,7.2,8,5.2,5.4,5.3,4.5,7.8,9.4,10,3.5,2.2,2,2.5,1.8,8.1,11.6,7.6,4.5,5.6,6,5.7,4.9,6.5,6.9,6.8,5.7,-0.1,0,0,-0.5,-0.1,-0.2,-0.1,0.2,0.8,0.6,0.8,1.1,1.1,1,1.1,1.3,0,0,0.1,-0.1,-5.4,-2.6,-3.1,-10.8,-0.9,-0.5,-0.9,-1.2,-0.3,-0.2,-0.2,-0.6,0.4,0.3,0.4,0.4,0.2,0.3,0.3,0.1,6.6,5.7,6.2,6.5,0.6,0.1,6.7,5.4,6.1,5.8,1.2,0.5,6.5,5.8,6.4,6.6,0.5,-0.1,6.7,6,6.2,7.3,-0.1,-0.3,3.8,2.6,4.4,3.7,1,-0.8,4.1,2.5,4.6,3.3,1.4,-0.7,3.8,2.6,4.3,4.1,1,-0.7,3.1,2.8,3.9,3.4,0.5,-0.6,9.1,8.7,10,11.8,0.3,-1,9.8,8.3,9.2,10.4,1.4,0.5,8.6,8.4,9.8,11.4,0.1,-1.3,9.3,9.5,11.1,13.6,-0.3,-1.9,7.7,5.7,3.6,7.1,1.6,3.7,7.7,5.6,3.4,7.4,1.6,3.8,7.5,5.6,3.4,7.1,1.6,3.8,8,6.1,4.7,6.1,1.9,3.3,6.1,6.2,6.7,6.7,-1,-1.5,6.1,6.3,6.7,6.4,-0.9,-1.3,6.3,6.4,6.9,6.9,-1.1,-1.6,6.1,5.9,6.3,7,-1.4,-1.8,12.5,9.4,6.3,9.3,-1.6,1.5,11.7,10.6,8.7,10.3,-1.2,0.7,12.7,11.4,9.5,11,-1.4,0.5,12.7,5.7,0.4,6.5,-2.2,3.1,2.4,1.6,2,3.1,0.6,0.2,2.1,1.5,1.8,3.4,0.5,0.2,2.7,2,2,2.7,0.5,0.5,2.3,1.2,2.3,3.4,0.6,-0.5,6.6,3.9,3.1,-0.2,4.2,5,9.2,4.6,3.8,-2.2,7,7.8,6.3,4,3.2,0.3,3.6,4.4,3.8,3,2.3,1.6,1.5,2.2,5.8,5.8,6,6.1,-0.2,-0.4,6,6.1,6.1,6.3,-0.1,-0.1,5.7,5.8,6,6.3,-0.1,-0.3,5.7,5.5,5.8,5.7,-0.6,-0.9,6.3,6.4,5.8,4.7,0.1,0.7,6.8,7.1,6.6,5.9,-0.2,0.3,6.6,6.8,6.4,4.8,0,0.4,5.4,5.5,4.4,3.6,0.2,1.3,0.4,0.7,0,0.2,0.6,0.3,0.2,0.1,0.3,0.7,0.2,0.2,0.4,1.1,-0.4,0.2,0.2,-0.5,0.1,0.1,0.2,-0.7,0.2,0,0.2,-0.4,0.1,0.1,0.1,-0.3,0.1,0.1,1.2,0.6,0.6,0.9,2,0.4,0.5,0.7,1,0.6,0.6,0.8,0.7,0.6,0.7,1.1,1.5,1.1,-0.1,1.4,1.5,1.2,-0.1,1.5,1.5,1.1,-0.1,1.4,1.5,0.9,-0.1,1.2,-0.4,1,0.6,0.8,-0.3,0.9,0.5,0.6,-0.5,1.1,0.7,1,-0.9,1.5,1.2,1.3,-0.9,8.1,-3.8,-1.3,-1,6.7,-1.7,-0.5,-1.2,7,-1.8,-0.7,-0.4,11,-8,-2.8,-0.1,0.6,-0.4,-0.6,0,0.4,-0.1,-0.5,-0.2,0.6,-0.3,-0.6,-0.2,0.7,-0.9,-0.8,-0.5,0.6,0.2,-1.6,-0.4,0.7,1,-2.3,-0.5,0.5,0.1,-1.4,-0.4,0.9,-0.8,-1.2,0.2,0,0.3,0.6,0.1,0.1,0.3,0.2,0.2,0.1,0.4,0.4,0.3,0,0.1,1.2,0.6,0.3,0.6,0.1,0.3,0.2,0.5,0.2,0.6,0.4,0.8,0.1,0.7,0.2,0.4,-0.1,5.9,83.68,7.751,0.9343,23.54,8014,2230,13321.7998,5.37,2.3
1997/2/28,6.3,6.5,6.1,6.2,3.8,3.9,3.8,3.7,8.7,9.2,7.8,9.5,7.5,7.3,7.4,8.2,6.9,6.8,7,7.1,9.4,10.4,11,6.3,3,2.8,3.5,2.5,6.9,10.4,6.2,3.6,4.8,5.4,5,4,6.2,6.6,6.6,5.3,1,1.2,0.9,0.8,2.1,2.6,2,1.7,0.6,0.4,0.6,0.8,0.1,0.1,0.1,0.1,1.1,0.8,1.1,1.7,-0.9,-1,-1.3,-0.2,0.4,0.3,0.6,0.2,0.2,0.4,0.1,0.3,0.6,0.5,0.6,0.6,1.3,1.4,1.8,0.6,6.3,5.9,5.4,6.9,0.4,0.9,6.6,5.8,4.9,6.4,0.7,1.6,6.3,6.1,5.5,7,0,0.6,5.9,5.8,5.9,7.5,0.4,0.3,3.6,3.4,1.9,4.5,0.4,1.9,3.9,3.6,1.5,4.6,0.3,2.4,3.6,3.4,2.1,4.5,0.4,1.7,3.3,2.9,2.3,4,0.8,1.4,9,8.6,9.3,11.8,0.1,-0.6,9.7,8.3,8.7,10.5,0.9,0.5,8.5,8.3,8.9,11.5,-0.5,-1.1,9.2,9.2,10.4,13.5,0.3,-0.9,7.3,7,4.2,5,0.5,3.3,7.2,7,4,5,0.3,3.3,7.2,6.9,4,5,0.5,3.4,8,7.3,5.3,4.7,0.9,2.9,5.2,5.7,6.2,5.6,1.2,0.7,5.4,5.8,6.3,5.6,1,0.5,5.3,5.8,6.2,5.9,1.2,0.8,4.5,5.5,5.6,5.1,1.6,1.5,7.8,9.6,7.1,7.6,-0.2,2.3,9.4,11.2,8.9,8.8,-0.8,1.5,10,12.2,9.6,9.4,-1.2,1.4,3.5,5,2.6,4.4,1.3,3.7,2.2,2,1.3,2,1,1.7,2,1.7,1.3,2.2,1.1,1.5,2.5,2.3,1.2,1.6,1.2,2.3,1.8,1.7,1.6,2.4,0.8,0.9,8.1,3.4,3.2,0.9,3.5,3.7,11.6,4.2,3.9,-1,6.2,6.5,7.6,3.6,3.3,1.4,2.6,2.9,4.5,2.1,2.3,2.7,1.5,1.3,5.6,5.9,5.8,6.7,-1.1,-1,6,6.1,6.1,7,-0.7,-0.7,5.7,5.9,5.9,6.8,-0.9,-0.9,4.9,5.6,5.4,6.2,-1.6,-1.4,6.5,6.2,6.7,6.9,0,-0.5,6.9,6.8,7.8,8.1,-0.2,-1.2,6.8,6.4,7.3,7.4,0.2,-0.7,5.7,5.5,5.2,5.4,-0.2,0.1,-0.1,0.4,0.2,1,0,0.3,0.1,1.3,0,0.4,0.1,1.1,-0.5,0.5,0.3,0.6,-0.1,0.3,0,2,-0.2,0.4,-0.1,2.5,-0.1,0.4,0,1.7,0.2,0.1,0,1.3,0.8,0.5,0.5,0.9,0.6,0.4,0.5,0.8,0.8,0.4,0.4,1.2,1.1,0.6,0.7,0.6,1.1,1.1,0.2,-0.1,1,1.2,0.2,-0.1,1.1,1.1,0.2,-0.1,1.3,0.9,0.2,-0.1,0,-0.2,-0.5,-0.5,0,-0.1,-0.4,-0.4,0.1,-0.2,-0.5,-0.5,-0.1,-0.1,-0.8,-0.7,-5.4,1.8,-1.8,-2.3,-2.6,1.1,-1.9,-1.9,-3.1,1.3,-2.2,-2.1,-10.8,3.1,-1.2,-2.9,-0.9,0.3,-0.1,-0.4,-0.5,0.1,-0.1,-0.5,-0.9,0.2,-0.3,-0.4,-1.2,0.6,0.1,-0.4,-0.3,0.1,0.3,1.4,-0.2,0.1,0.3,1.5,-0.2,0.2,0.4,1.3,-0.6,-0.1,0.2,1.2,0.4,0.2,0,1.3,0.3,0.1,0,1.2,0.4,0.2,0,1.3,0.4,0.2,-0.1,1.5,0.2,-0.1,1.1,1.6,0.3,-0.2,1.5,1.7,0.3,-0.2,1,2,0.1,0,0.9,1,5.6,87.29,7.7435,0.93358,20.85,7085,2160,13398.7002,5.5,2.2
1997/3/31,5.9,5.7,5.8,6.3,2.2,1.9,2.3,2.6,8.7,9.3,7.9,9.3,6.5,6.4,6.6,6.4,6.3,6.5,6.3,5.4,11.6,11.5,12,11,2.9,2.9,3.3,2.4,7.7,10.5,7.4,4.8,4.1,4.6,4.2,3.5,6.1,6.4,6.5,5.3,0.2,-0.1,0.1,0.6,-0.7,-1,-0.6,-0.4,0.6,0.5,0.6,0.8,0.5,0.4,0.6,0.5,2.1,2.6,1.9,1,1.4,1,0.7,3,0.9,0.8,1,0.9,1.6,1.2,1.8,1.8,0.1,0,0.1,0.3,-1,-1.2,-1.3,-0.3,6.3,6.6,5.6,7,-0.7,0.3,6.5,6.7,5.2,6.5,-1,0.5,6.1,6.5,5.9,7,-0.7,-0.1,6.2,6.7,5.6,7.5,-0.4,0.7,3.8,3.8,2.4,5.3,-1.6,-0.2,3.9,4.1,2.1,5.6,-2.2,-0.2,3.8,3.8,2.5,5.3,-1.5,-0.2,3.7,3.1,2.7,4.5,-0.5,-0.1,8.7,9.1,9.1,11.6,-0.4,-0.4,9.2,9.8,8.7,10.1,-0.5,0.6,7.8,8.6,8.9,11.4,-0.7,-1,9.5,9.3,9.9,13.3,0,-0.6,7.5,7.7,4.5,4,-1.2,2,7.3,7.7,4.3,3.7,-1.3,2.1,7.4,7.5,4.3,3.9,-0.9,2.3,8.2,8,5.6,5.1,-1.6,0.8,6.9,6.1,5.2,4.8,0.2,1.1,6.8,6.1,5.4,4.8,0.4,1.1,7,6.3,5.3,5.1,0,1,7.1,6.1,4.3,4.5,-0.7,1.1,9.4,12.5,8.1,7,-0.9,3.5,10.4,11.7,10.9,8.2,-0.2,0.6,11,12.7,11.9,8.5,-0.7,0.1,6.3,12.7,0.7,4,-1.7,10.3,3,2.4,1.6,2,0.5,1.3,2.8,2.1,1.6,1.8,0.8,1.3,3.5,2.7,2.1,1.6,0.6,1.2,2.5,2.3,1.1,2.8,0.1,1.3,6.9,6.6,3.6,1.1,1.1,4.1,10.4,9.2,4.2,-0.3,1.3,6.3,6.2,6.3,3.9,1.5,1.1,3.5,3.6,3.8,2.5,2.5,1,2.3,4.8,5.8,5.9,7.2,-1.7,-1.8,5.4,6,6.1,7.6,-1.4,-1.5,5,5.7,5.9,7.3,-1.5,-1.7,4,5.7,5.6,6.7,-2.2,-2.1,6.2,6.3,6.5,6.3,-0.2,-0.4,6.6,6.8,7.3,7.2,-0.4,-0.9,6.6,6.6,6.8,6.5,-0.1,-0.3,5.3,5.4,5.4,5.5,-0.1,-0.1,1,0.4,1.1,0.5,1.2,0.6,1.3,0.6,0.9,0.3,1.1,0.5,0.8,0.4,0.7,0.5,2.1,0.2,0.4,0.9,2.6,0.2,0.5,0.9,2,0.2,0.4,0.9,1.7,0.1,0.4,0.6,0.6,1.2,1,0.6,0.4,2,1.6,0.4,0.6,1,0.8,0.5,0.8,0.7,0.7,0.9,0.1,1.5,0.2,1.5,0.1,1.5,0.2,1.3,0.1,1.5,0.2,1.3,0.1,1.5,0.2,2.3,1.1,-0.4,-0.2,2.7,0.8,-0.3,-0.2,2.9,1.1,-0.5,-0.2,2.6,1.7,-0.9,-0.2,2.6,-0.9,-0.9,1.9,-0.5,-1,-1,2.9,0,-1.3,-1.2,3.1,-0.2,-0.2,-0.4,-0.6,-1.3,0.4,-0.1,1.4,1,0.3,0,1.2,0.7,0.6,-0.2,1.8,1.2,0.2,-0.2,0.9,1,0.2,-0.5,2.2,0.8,0.4,-0.4,2.6,1.1,0.1,-0.5,2.2,0.7,0.3,-0.4,1.5,0.6,0.6,0.2,0.3,0.8,0.5,0.1,0.3,0.7,0.6,0.2,0.3,0.8,0.6,0.3,0.4,0.9,1.3,0.6,2.5,-0.9,1.4,0.3,3.4,-1,1.8,0.6,2.4,-1.3,0.6,0.7,1.8,-0.3,4,96.09,7.7495,0.934103,19.13,7106,2178,12534.2998,7.07,2.2
1997/4/30,5.6,5.2,5.4,6.4,1.7,1.1,1.9,2.5,8.9,9.4,7.6,10.1,5.8,5.8,5.9,5.7,6.4,6.7,6.4,5.5,11,10.4,11.3,10.9,3.1,3.2,3.4,2.7,6.6,9,6.3,4,4,4.3,4.3,3.4,5.7,6.3,6.2,4.7,1,0.8,0.9,1.3,0.2,0.2,0.3,0.4,1,1,0.6,1.4,-0.3,-0.3,-0.3,-0.3,0.5,0.5,0.5,0.5,8.5,7.4,9,8.7,0.2,0.2,0.1,0.4,0,0,0,0,0.5,0.4,0.6,0.5,0,0.2,0,-0.1,5.9,6.3,5.7,7,-0.7,-0.1,5.7,6.6,5.4,6.8,-1.4,-0.2,5.8,6.3,5.8,7,-0.9,-0.4,6.3,5.9,6,7.1,0.5,0.4,2.2,3.6,2.6,5.7,-1.9,-0.9,1.9,3.9,2.5,6.3,-2.8,-1.4,2.3,3.6,2.6,5.6,-1.7,-0.7,2.6,3.3,2.8,4.2,-0.8,-0.3,8.7,9,8.7,11.3,-0.1,0.2,9.3,9.7,8.3,10.2,-0.3,1.1,7.9,8.5,8.4,11.2,-0.9,-0.8,9.3,9.2,9.5,12.3,0.9,0.6,6.5,7.3,5.7,3.9,-1.5,0.1,6.4,7.2,5.6,3.6,-1.4,0.2,6.6,7.2,5.6,3.7,-1.3,0.3,6.4,8,6.1,4.9,-2.3,-0.4,6.3,5.2,6.2,4.8,1.2,0.2,6.5,5.4,6.3,4.7,1.3,0.4,6.3,5.3,6.4,4.9,1.1,0,5.4,4.5,5.9,4.5,1,-0.4,11.6,7.8,9.4,7,3.2,1.6,11.5,9.4,10.6,8.1,1,-0.2,12,10,11.4,8.5,1.3,-0.1,11,3.5,5.7,4.1,7.4,5.2,2.9,2.2,1.6,1.7,0.9,1.5,2.9,2,1.5,1.3,1.2,1.7,3.3,2.5,2,1.4,0.9,1.4,2.4,1.8,1.2,2.6,0.9,1.5,7.7,8.1,3.9,1.4,-1.5,2.7,10.5,11.6,4.6,0.5,-2.6,4.4,7.4,7.6,4,1.6,-1.3,2.3,4.8,4.5,3,2.2,-0.5,1,4.1,5.6,5.8,6.6,-1.6,-1.8,4.6,6,6.1,6.4,-1.7,-1.8,4.2,5.7,5.8,6.7,-1.4,-1.5,3.5,4.9,5.5,6.7,-1.5,-2.1,6.1,6.5,6.4,6.3,-0.8,-0.7,6.4,6.9,7.1,7.2,-0.6,-0.8,6.5,6.8,6.8,6.6,-0.6,-0.6,5.3,5.7,5.5,5.3,-1,-0.8,0.2,-0.1,0.7,1.2,-0.1,0,0.3,1.2,0.1,0,0.7,1.2,0.6,-0.5,1.1,1.2,-0.7,-0.1,-0.5,0.7,-1,-0.2,-0.7,1,-0.6,-0.1,-0.4,0.6,-0.4,0.2,-0.3,0.5,0.6,0.8,0.6,0.8,0.5,0.6,0.4,1,0.6,0.8,0.6,0.9,0.8,1.1,0.6,0.7,0.5,1.1,1.1,0.4,0.4,1,1.2,0.3,0.6,1.1,1.1,0.4,0.5,1.3,0.9,0.4,2.1,0,1,0.3,2.6,0,0.9,0.3,1.9,0.1,1.1,0.4,1,-0.1,1.5,0.4,1.4,-5.4,8.1,9,1,-2.6,6.7,8.4,0.7,-3.1,7,9.7,3,-10.8,11,8.8,0.9,-0.9,0.6,0,0.8,-0.5,0.4,-0.1,1,-0.9,0.6,0.1,0.9,-1.2,0.7,0.1,1.6,-0.3,0.6,1.1,1.2,-0.2,0.7,1.4,1.8,-0.2,0.5,1,1.8,-0.6,0.9,0.8,0.1,0.4,0,0.6,0,0.3,0.1,0.6,0.1,0.4,0.1,0.5,0.3,0.4,0,0.5,-1,0.2,0.3,0.4,-1.2,0.3,0.2,0.3,-1.3,0.3,0.4,0.3,-0.3,0.1,0.2,0.5,3.2,89.3,7.7455,0.933841,17.56,8893,2194,12903.2998,5.82,2.3
1997/5/31,5.8,5.8,5.7,6,3.2,3.1,3.4,3.4,8.8,9.3,7.7,10,5.1,5.1,5.2,5,6.9,7.1,7,6.3,8.8,10.3,10.9,4.5,3.3,3.3,3.3,3.1,5.6,7.3,5.5,3.8,2.6,2.3,2.9,2.8,6,6.6,6.4,4.9,0.4,0.3,0.4,0.5,0.4,0.4,0.4,0.3,0.7,0.6,0.8,0.7,-0.3,-0.3,-0.3,-0.3,1.1,1,1.2,1.3,1.2,0.6,0.6,2.7,0.5,0.5,0.2,1,-0.7,-1.2,-0.6,-0.1,0,0,0,-0.1,-0.3,-0.5,-0.3,-0.3,5.6,6.3,5.9,6.5,-0.5,-0.1,5.2,6.5,5.8,6.1,-0.7,0,5.4,6.1,6.1,6.6,-0.4,-0.4,6.4,6.2,5.8,6.9,-0.2,0.2,1.7,3.8,3.4,4.8,-0.6,-0.2,1.1,3.9,3.6,5.1,-0.8,-0.5,1.9,3.8,3.4,4.8,-0.4,0,2.5,3.7,2.9,3.7,-0.3,0.5,8.9,8.7,8.6,10.8,0.1,0.2,9.4,9.2,8.3,9.8,0.1,1,7.6,7.8,8.3,10.6,-0.1,-0.6,10.1,9.5,9.2,12.1,0.5,0.8,5.8,7.5,7,3.9,-2.4,-1.9,5.8,7.3,7,3.7,-2.2,-1.9,5.9,7.4,6.9,3.8,-2.2,-1.7,5.7,8.2,7.3,5,-3.2,-2.3,6.4,6.9,5.7,5,0,1.2,6.7,6.8,5.8,4.9,0.3,1.3,6.4,7,5.8,5.2,0,1.2,5.5,7.1,5.5,4.7,-0.8,0.8,11,9.4,9.6,8.1,-0.6,-0.8,10.4,10.4,11.2,8.7,-0.1,-0.9,11.3,11,12.2,9.5,-0.1,-1.3,10.9,6.3,5,6,-1.8,-0.5,3.1,3,2,1.3,0.3,1.3,3.2,2.8,1.7,1.1,0.5,1.6,3.4,3.5,2.3,1.3,-0.2,1,2.7,2.5,1.7,1.5,0.6,1.4,6.6,6.9,3.4,1.5,-1.3,2.2,9,10.4,4.2,0.6,-3.1,3.1,6.3,6.2,3.6,1.7,-0.7,1.9,4,3.6,2.1,2.2,0.2,1.7,4,4.8,5.9,6.3,-2.2,-3.3,4.3,5.4,6.1,6.1,-3.1,-3.8,4.3,5,5.9,6.3,-2.1,-3,3.4,4,5.6,6.4,-1.2,-2.8,5.7,6.2,6.2,5.4,-0.2,-0.2,6.3,6.6,6.8,6.1,0,-0.2,6.2,6.6,6.4,5.8,-0.2,0,4.7,5.3,5.5,4.4,-0.4,-0.6,1,1,0.4,0.2,0.8,1.2,0.3,-0.2,0.9,0.9,0.4,0.1,1.3,0.8,0.5,0.9,0.2,2.1,0.3,-1.1,0.2,2.6,0.4,-1.5,0.3,2,0.4,-1,0.4,1.7,0.1,-0.6,1,0.6,0.5,0.7,1,0.4,0.4,0.7,0.6,0.6,0.4,0.7,1.4,0.8,0.6,0.8,-0.3,0.1,1.1,0.3,-0.3,0.1,1.2,0.3,-0.3,0.1,1.1,0.4,-0.3,0.1,0.9,0.4,0.5,1.1,-0.2,0.6,0.5,0.8,-0.1,0.6,0.5,1.1,-0.2,0.7,0.5,1.7,-0.1,0.5,8.5,-0.9,1.8,3.3,7.4,-1,1.1,0.7,9,-1.3,1.3,0.9,8.7,-0.2,3.1,9,0.2,0.4,0.3,0.4,0.2,0.3,0.1,0.4,0.1,0.6,0.2,0.3,0.4,0.2,0.6,0.6,0,0.2,0.1,0.2,0,0.4,0.1,0.3,0,0.1,0.2,0.2,0,0.3,-0.1,0.1,0.5,0.6,0.2,1.3,0.4,0.5,0.1,2,0.6,0.6,0.2,1.4,0.5,0.6,0.2,0.6,0,1.3,-0.1,-0.5,0.2,1.4,-0.2,-0.7,0,1.8,-0.2,-0.5,-0.1,0.6,0,-0.4,2.8,97.55,7.7475,0.934238,19.02,9844,2014,14757.7998,5.58,2.2
1997/6/30,5.6,5.4,5.6,5.9,3,3,3.3,2.8,9.3,9.6,8.4,10.2,5.2,5.2,5.3,5.1,4.9,5,4.9,4.6,9.2,10.3,11.1,5.8,2.5,2.7,2.6,2.1,3.3,3.4,3.5,2.9,3,2.4,3.3,3.3,4.8,5.3,5.1,4,0.4,0.3,0.3,0.5,0.6,0.8,0.6,0.4,0.9,0.6,1,1.1,0,0.1,0,0,-0.3,-0.3,-0.4,-0.4,-0.4,-0.8,-0.8,0.3,-0.4,-0.2,-0.4,-0.4,-0.6,-1.4,-0.4,0.1,0.4,0.3,0.3,0.5,-0.4,-0.6,-0.4,-0.1,5.8,5.9,6.6,6.4,-0.3,-1,5.8,5.7,6.7,6.1,-0.3,-1.3,5.7,5.8,6.5,6.4,-0.2,-0.9,6,6.3,6.7,6.6,-0.4,-0.8,3.2,2.2,3.8,4.7,0.8,-0.8,3.1,1.9,4.1,5,1.1,-1.1,3.4,2.3,3.8,4.6,1,-0.5,3.4,2.6,3.1,4.1,0.2,-0.3,8.8,8.7,9.1,10.3,0.6,0.2,9.3,9.3,9.8,9.5,0.3,-0.2,7.7,7.9,8.6,9.9,0.5,-0.2,10,9.3,9.3,11.6,0.9,0.9,5.1,6.5,7.7,3.6,-1.3,-2.5,5.1,6.4,7.7,3.4,-1.2,-2.5,5.2,6.6,7.5,3.4,-1.3,-2.2,5,6.4,8,4.7,-1.3,-2.9,6.9,6.3,6.1,5.9,-1.4,-1.2,7.1,6.5,6.1,6.1,-1.5,-1.1,7,6.3,6.3,6,-1.4,-1.4,6.3,5.4,6.1,4.9,-0.8,-1.5,8.8,11.6,12.5,6.6,-2.4,-3.3,10.3,11.5,11.7,8,-1.2,-1.4,10.9,12,12.7,8.7,-0.9,-1.6,4.5,11,12.7,3,-5.2,-6.9,3.3,2.9,2.4,1.7,-0.4,0.1,3.3,2.9,2.1,1.5,-0.2,0.6,3.3,3.3,2.7,1.6,-0.7,-0.1,3.1,2.4,2.3,2,-0.3,-0.2,5.6,7.7,6.6,2.9,-4.4,-3.3,7.3,10.5,9.2,2.8,-7.1,-5.8,5.5,7.4,6.3,3,-3.9,-2.8,3.8,4.8,3.8,2.7,-1.9,-0.9,2.6,4.1,5.8,6,-1.1,-2.8,2.3,4.6,6,5.9,-2.2,-3.6,2.9,4.2,5.7,5.8,-0.9,-2.4,2.8,3.5,5.7,6.4,-0.2,-2.4,6,6.1,6.3,5.7,-1.3,-1.5,6.6,6.4,6.8,6.4,-1.1,-1.5,6.4,6.5,6.6,6.2,-1.4,-1.5,4.9,5.3,5.4,4.6,-1.3,-1.4,0.4,0.2,0.4,0.5,0.3,-0.1,0.6,0.6,0.4,0.1,0.3,0.4,0.5,0.6,0.4,0.6,0.4,-0.7,0.2,0.8,0.4,-1,0.2,0.9,0.4,-0.6,0.2,0.7,0.3,-0.4,0.1,0.9,0.7,0.6,1.2,0.5,0.6,0.5,2,0.3,0.8,0.6,1,0.3,0.7,0.8,0.7,0.9,-0.3,0.5,1.5,-0.1,-0.3,0.4,1.5,0,-0.3,0.6,1.5,-0.1,-0.3,0.5,1.5,-0.1,1.1,2.1,-0.4,1.6,1,2.6,-0.3,1.8,1.2,1.9,-0.5,1.6,1.3,1,-0.9,1.2,1.2,1.4,-0.9,-0.9,0.6,1,-1,-0.9,0.6,0.7,-1.2,-0.9,2.7,3,-0.4,-1,0.5,0.9,-0.1,0.4,0.5,0.8,0,0.4,0.2,1,-0.2,0.3,1,0.9,-0.2,0.5,-0.7,1.6,-0.5,1.7,-1.2,1.2,-0.4,2.4,-0.6,1.8,-0.5,1.5,-0.1,1.8,-0.4,1,0,0.1,0.2,0,0,0,0.1,0.1,0,0.1,0.2,-0.1,-0.1,0.3,0.3,0,-0.3,-1,0.6,0.7,-0.5,-1.2,0.3,0.6,-0.3,-1.3,0.6,0.9,-0.3,-0.3,0.7,0.7,2.8,103.82,7.7465,0.9344525,17.58,10554,1945,15196.7998,6.87,2.1
1997/7/31,6.4,6.5,6.2,6.6,5.5,6.1,5.4,4.4,9.5,9.7,8.8,10.3,5.2,5.2,5.2,5,4.6,4.8,4.6,4,9.6,9,9.4,10,2.6,2.5,2.7,2.5,3.9,4.4,4,3.3,3,2.3,3,3.7,4.3,4.8,4.5,3.6,0.8,1.2,0.7,0.2,2.5,3.2,2.2,1.6,0.8,0.6,0.9,0.8,-0.1,-0.1,-0.1,-0.1,0.4,0.3,0.4,0.6,-3.5,-3,-3.2,-4.3,-0.3,-0.3,-0.2,-0.5,0.8,2,0.6,-0.4,0.3,0.2,0.2,0.5,0.1,0,0.3,0,5.6,5.6,6.3,6.2,0.8,0.1,5.4,5.2,6.6,6.1,1.3,-0.1,5.6,5.4,6.3,6.4,0.8,-0.1,5.9,6.4,5.9,6.2,0.2,0.7,3,1.7,3.6,4.4,3.8,1.9,3,1.1,3.9,4.6,5,2.2,3.3,1.9,3.6,4.3,3.5,1.8,2.8,2.5,3.3,3.9,1.9,1.1,9.3,8.9,9,10,0.6,0.5,9.6,9.4,9.7,9.2,0.3,0,8.4,7.6,8.5,9.8,1.2,0.3,10.2,10.1,9.2,11.1,0.2,1.1,5.2,5.8,7.3,3.6,-0.6,-2.1,5.2,5.8,7.2,3.4,-0.6,-2,5.3,5.9,7.2,3.4,-0.7,-2,5.1,5.7,8,4.7,-0.7,-3,4.9,6.4,5.2,6.7,-1.8,-0.6,5,6.7,5.4,6.7,-1.9,-0.6,4.9,6.4,5.3,6.9,-1.8,-0.7,4.6,5.5,4.5,6.3,-1.5,-0.5,9.2,11,7.8,6.3,-1.4,1.8,10.3,10.4,9.4,8.7,-1.4,-0.4,11.1,11.3,10,9.5,-1.9,-0.6,5.8,10.9,3.5,0.4,-0.9,6.5,2.5,3.1,2.2,2,-0.5,0.4,2.7,3.2,2,1.8,-0.7,0.5,2.6,3.4,2.5,2,-0.7,0.2,2.1,2.7,1.8,2.3,-0.2,0.7,3.3,6.6,8.1,3.1,-2.7,-4.2,3.4,9,11.6,3.8,-4.6,-7.2,3.5,6.3,7.6,3.2,-2.3,-3.6,2.9,4,4.5,2.3,-0.7,-1.2,3,4,5.6,6,-1,-2.6,2.4,4.3,6,6.1,-2,-3.7,3.3,4.3,5.7,6,-1.3,-2.7,3.3,3.4,4.9,5.8,0.3,-1.2,4.8,5.7,6.5,5.8,-1.4,-2.2,5.3,6.3,6.9,6.6,-1.5,-2.1,5.1,6.2,6.8,6.4,-1.7,-2.3,4,4.7,5.7,4.4,-1.1,-2.1,0.4,1,-0.1,0,0.3,0.8,0,0.2,0.3,0.9,0,0.2,0.5,1.3,-0.5,-0.4,0.6,0.2,-0.1,0.1,0.8,0.2,-0.2,0.2,0.6,0.3,-0.1,0.1,0.4,0.4,0.2,0.1,0.9,1,0.8,0.6,0.6,1,0.6,0.5,1,0.6,0.8,0.6,1.1,1.4,1.1,0.7,0,-0.3,1.1,-0.1,0.1,-0.3,1,-0.1,0,-0.3,1.1,-0.1,0,-0.3,1.3,-0.1,-0.3,0.5,0,0.6,-0.3,0.5,0,0.5,-0.4,0.5,0.1,0.7,-0.4,0.5,-0.1,1.2,-0.4,8.5,-5.4,-3.8,-0.8,7.4,-2.6,-1.7,-0.8,9,-3.1,-1.8,0.3,8.7,-10.8,-8,-0.4,0.2,-0.9,-0.4,-0.2,0.2,-0.5,-0.1,-0.4,0.1,-0.9,-0.3,-0.4,0.4,-1.2,-0.9,-0.6,0,-0.3,0.2,-1.4,0,-0.2,1,-0.4,0,-0.2,0.1,0.1,0,-0.6,-0.8,0.4,0.5,0.4,0.3,0.3,0.4,0.3,0.3,0.3,0.6,0.4,0.4,0.5,0.5,0.4,0.1,-0.4,0,0.2,0.6,-0.6,0.2,0.3,0.5,-0.4,0,0.3,0.8,-0.1,-0.1,0.1,0.4,2.7,96.54,7.7445,0.934103,18.46,12254,1852,16365.7002,5.96,2.2
1997/8/31,6.3,6.6,6.3,6.2,5.3,6,5.3,4.3,9.6,9.7,9,10.4,4.9,5,5,4.8,5.6,5.5,5.8,5.4,8.6,9.9,10.4,4.8,2,2.2,2.4,1.3,5.9,7.4,5.7,4.3,3,2.2,3.1,3.8,3.6,3.9,3.8,3.1,0.1,0.2,0.2,-0.2,-0.1,-0.3,-0.1,-0.1,0.6,0.5,0.6,0.8,0,0,0,0,0.4,0.3,0.5,0.6,-2.7,-1.1,-1.3,-5.9,-0.7,-0.4,-0.6,-1.1,2.2,3.2,2,1.1,0,0,0,0,0.4,0.6,0.3,0.3,6.4,5.8,6.3,5.4,0.5,0,6.5,5.8,6.5,4.9,0.8,0.1,6.2,5.7,6.1,5.5,0.6,0.2,6.6,6,6.2,5.9,0.2,0,5.5,3.2,3.8,1.9,2.1,1.5,6.1,3.1,3.9,1.5,2.9,2.1,5.4,3.4,3.8,2.1,1.9,1.5,4.4,3.4,3.7,2.3,0.9,0.6,9.5,8.8,8.7,9.3,0.8,0.9,9.7,9.3,9.2,8.7,0.4,0.5,8.8,7.7,7.8,8.9,1.3,1.2,10.3,10,9.5,10.4,0.4,0.9,5.2,5.1,7.5,4.2,-0.2,-2.6,5.2,5.1,7.3,4,-0.1,-2.3,5.2,5.2,7.4,4,-0.2,-2.4,5,5,8.2,5.3,-0.2,-3.4,4.6,6.9,6.9,6.2,-1.3,-1.3,4.8,7.1,6.8,6.3,-1.6,-1.3,4.6,7,7,6.2,-1.2,-1.2,4,6.3,7.1,5.6,-0.9,-1.7,9.6,8.8,9.4,7.1,-0.2,-0.8,9,10.3,10.4,8.9,-0.4,-0.5,9.4,10.9,11,9.6,-0.5,-0.6,10,4.5,6.3,2.6,0.3,-1.5,2.6,3.3,3,1.3,-1.3,-1,2.5,3.3,2.8,1.3,-1.1,-0.6,2.7,3.3,3.5,1.2,-0.9,-1.1,2.5,3.1,2.5,1.6,-1.8,-1.2,3.9,5.6,6.9,3.2,0.3,-1,4.4,7.3,10.4,3.9,0.1,-3,4,5.5,6.2,3.3,0.2,-0.5,3.3,3.8,3.6,2.3,0.5,0.7,3,2.6,4.8,5.8,0.4,-1.8,2.3,2.3,5.4,6.1,-0.1,-3.2,3,2.9,5,5.9,0.2,-1.9,3.7,2.8,4,5.4,1,-0.2,4.3,6,6.2,6.7,-2.4,-2.6,4.8,6.6,6.6,7.8,-2.7,-2.7,4.5,6.4,6.6,7.3,-2.6,-2.8,3.6,4.9,5.3,5.2,-1.8,-2.2,0.8,0.4,1,0.2,1.2,0.3,1.2,0.1,0.7,0.4,0.9,0.1,0.2,0.5,0.8,0.3,2.5,0.4,2.1,0,3.2,0.4,2.6,-0.1,2.2,0.4,2,0,1.6,0.3,1.7,0,0.8,0.7,0.6,0.5,0.6,0.6,0.4,0.5,0.9,0.8,0.6,0.4,0.8,0.7,0.8,0.7,-0.1,-0.3,0.1,0.2,-0.1,-0.3,0.1,0.2,-0.1,-0.3,0.1,0.2,-0.1,-0.3,0.1,0.2,0.4,1.1,1.1,-0.5,0.3,1,0.8,-0.4,0.4,1.2,1.1,-0.5,0.6,1.3,1.7,-0.8,-3.5,1.2,-0.9,-1.8,-3,0.6,-1,-1.9,-3.2,0.6,-1.3,-2.2,-4.3,2.7,-0.2,-1.2,-0.3,0.5,0.4,-0.1,-0.3,0.5,0.3,-0.1,-0.2,0.2,0.6,-0.3,-0.5,1,0.2,0.1,0.8,-0.7,0.2,0.3,2,-1.2,0.4,0.3,0.6,-0.6,0.1,0.4,-0.4,-0.1,0.3,0.2,0.3,0,0.6,0,0.2,0,0.5,0,0.2,0,0.6,0,0.5,-0.1,0.6,-0.1,0.1,-0.3,1.3,1.1,0,-0.5,1.4,1.5,0.3,-0.3,1.8,1,0,-0.3,0.6,0.9,1.9,97.98,7.7425,0.9348495,18.6,11892,1771,14135.2002,5.52,2.2
1997/9/30,5.6,5.3,5.6,5.9,3.7,3.7,4,3.2,9.4,8.7,9.1,10.5,4.7,4.8,4.8,4.6,5.8,5.7,5.9,5.7,7.1,7.9,8,5.1,0.5,1,0.5,0.3,4.8,6.1,4.5,3.6,4.3,4.1,4.4,4.5,3.2,3.4,3.3,3,0.4,0.1,0.5,0.5,-1.2,-1.6,-0.9,-0.7,0.8,0.6,0.9,0.8,0,0,0,0,0,0,0,0.1,0.5,1,0.9,-0.3,-0.1,0,-0.1,-0.1,1.1,1.4,1.1,0.8,1.6,2.1,1.6,1,2.1,2.9,1.9,1.7,6.3,5.6,5.9,5.6,0,-0.3,6.6,5.4,5.7,5.2,-0.1,-0.4,6.3,5.6,5.8,5.9,0,-0.2,6.2,5.9,6.3,5.6,0,-0.4,5.3,3,2.2,2.4,0.7,1.5,6,3,1.9,2.1,0.7,1.8,5.3,3.3,2.3,2.5,0.7,1.7,4.3,2.8,2.6,2.7,0.4,0.6,9.6,9.3,8.7,9.1,0.1,0.7,9.7,9.6,9.3,8.7,-0.9,-0.6,9,8.4,7.9,8.9,0.7,1.2,10.4,10.2,9.3,9.9,0.3,1.2,4.9,5.2,6.5,4.5,-0.5,-1.8,5,5.2,6.4,4.3,-0.4,-1.6,5,5.3,6.6,4.3,-0.5,-1.8,4.8,5.1,6.4,5.6,-0.5,-1.8,5.6,4.9,6.3,5.2,0.9,-0.5,5.5,5,6.5,5.4,0.7,-0.8,5.8,4.9,6.3,5.3,1,-0.4,5.4,4.6,5.4,4.3,1.1,0.3,8.6,9.2,11.6,8.1,-2.1,-4.5,9.9,10.3,11.5,10.9,-2.4,-3.6,10.4,11.1,12,11.9,-3.1,-4,4.8,5.8,11,0.7,-0.7,-5.9,2,2.5,2.9,1.6,-2,-2.4,2.2,2.7,2.9,1.6,-1.7,-1.9,2.4,2.6,3.3,2.1,-2.1,-2.8,1.3,2.1,2.4,1.1,-1.8,-2.1,5.9,3.3,7.7,3.6,1.5,-2.9,7.4,3.4,10.5,4.2,2.7,-4.4,5.7,3.5,7.4,3.9,1,-2.9,4.3,2.9,4.8,2.5,0.7,-1.2,3,3,4.1,5.9,1.3,0.2,2.2,2.4,4.6,6.1,1.7,-0.5,3.1,3.3,4.2,5.9,1.1,0.2,3.8,3.3,3.5,5.6,1.2,1,3.6,4.8,6.1,6.5,-1.6,-2.9,3.9,5.3,6.4,7.3,-1.9,-3,3.8,5.1,6.5,6.8,-1.8,-3.2,3.1,4,5.3,5.4,-1,-2.3,0.1,0.4,0.2,1.1,0.2,0.3,-0.1,1.3,0.2,0.3,0.1,1.1,-0.2,0.5,0.6,0.7,-0.1,0.6,-0.7,0.4,-0.3,0.8,-1,0.5,-0.1,0.6,-0.6,0.4,-0.1,0.4,-0.4,0.4,0.6,0.9,0.6,1,0.5,0.6,0.5,1.6,0.6,1,0.6,0.8,0.8,1.1,0.8,0.7,0,0,0.5,0.2,0,0.1,0.4,0.2,0,0,0.6,0.2,0,0,0.5,0.2,0.4,-0.3,2.1,-0.2,0.3,-0.3,2.6,-0.2,0.5,-0.4,1.9,-0.2,0.6,-0.4,1,-0.2,-2.7,-0.4,1.4,1.9,-1.1,-0.8,1,2.9,-1.3,-0.8,0.7,3.1,-5.9,0.3,3,-0.6,-0.7,-0.4,0.9,1.4,-0.4,-0.2,0.8,1.2,-0.6,-0.4,1,1.8,-1.1,-0.4,0.9,0.9,2.2,-0.6,1.6,2.2,3.2,-1.4,1.2,2.6,2,-0.4,1.8,2.2,1.1,0.1,1.8,1.5,0,0.4,0.1,0.3,0,0.3,0,0.3,0,0.3,0.1,0.3,0,0.5,0.3,0.4,0.4,-0.4,-1,2.5,0.6,-0.6,-1.2,3.4,0.3,-0.4,-1.3,2.4,0.3,-0.1,-0.3,1.8,1.8,99.31,7.7375,0.9340155,18.46,11892,1766,15049.2998,5.81,2.2
1997/10/31,5.7,5.5,5.7,5.9,4.1,4.2,4.4,3.4,9.6,8.8,9.2,10.6,3.7,3.7,3.7,3.7,4.9,5,5,4.3,6.9,8.1,8.4,3.7,1.5,1.7,1.4,1.4,4.8,5.8,4.6,3.7,4.2,4.1,4.3,4.3,2.7,2.9,2.7,2.5,0.8,0.5,0.8,1,-0.2,-0.3,-0.1,-0.2,0.7,0.6,0.7,0.7,0.1,0.1,0.1,0.1,0.2,0.2,0.2,0.2,7.9,6.9,7.4,9.6,1.5,1.1,1.5,1.9,0.6,0.4,0.6,0.9,0,0.1,0,-0.2,-0.3,-0.4,-0.3,-0.3,5.6,6.4,5.6,5.7,-0.7,0.1,5.3,6.5,5.2,5.4,-1,0.3,5.6,6.2,5.4,5.8,-0.5,0.3,5.9,6.6,6.4,6,-0.7,-0.5,3.7,5.5,1.7,2.6,-1.4,2.4,3.7,6.1,1.1,2.5,-1.9,3.1,4,5.4,1.9,2.6,-1,2.5,3.2,4.4,2.5,2.8,-1,0.9,9.4,9.5,8.9,8.7,0.1,0.7,8.7,9.7,9.4,8.3,-0.9,-0.6,9.1,8.8,7.6,8.4,0.4,1.6,10.5,10.3,10.1,9.5,0.3,0.5,4.7,5.2,5.8,5.7,-1.5,-2.1,4.8,5.2,5.8,5.6,-1.5,-2.1,4.8,5.2,5.9,5.6,-1.5,-2.2,4.6,5,5.7,6.1,-1.3,-2,5.8,4.6,6.4,6.2,0.3,-1.5,5.7,4.8,6.7,6.3,0.2,-1.7,5.9,4.6,6.4,6.4,0.4,-1.4,5.7,4,5.5,5.9,0.3,-1.2,7.1,9.6,11,9.4,-2.7,-4.1,7.9,9,10.4,10.6,-0.9,-2.3,8,9.4,11.3,11.4,-1,-2.9,5.1,10,10.9,5.7,-6.3,-7.2,0.5,2.6,3.1,1.6,-1.1,-1.6,1,2.5,3.2,1.5,-0.8,-1.5,0.5,2.7,3.4,2,-1.3,-2,0.3,2.5,2.7,1.2,-1.1,-1.3,4.8,3.9,6.6,3.9,0.9,-1.8,6.1,4.4,9,4.6,1.4,-3.2,4.5,4,6.3,4,0.6,-1.7,3.6,3.3,4,3,0.4,-0.3,4.3,3,4,5.8,1.2,0.2,4.1,2.3,4.3,6.1,1.8,-0.2,4.4,3,4.3,5.8,1.3,0,4.5,3.7,3.4,5.5,0.6,0.9,3.2,4.3,5.7,6.4,-1.6,-3,3.4,4.8,6.3,7.1,-1.9,-3.4,3.3,4.5,6.2,6.8,-1.8,-3.5,3,3.6,4.7,5.5,-1.1,-2.2,0.4,0.8,1,0.7,0.1,1.2,0.8,0.3,0.5,0.7,0.9,0.7,0.5,0.2,1.3,1.1,-1.2,2.5,0.2,-0.5,-1.6,3.2,0.2,-0.7,-0.9,2.2,0.3,-0.4,-0.7,1.6,0.4,-0.3,0.8,0.8,1,0.6,0.6,0.6,1,0.4,0.9,0.9,0.6,0.6,0.8,0.8,1.4,0.6,0,-0.1,-0.3,1.1,0,-0.1,-0.3,1.2,0,-0.1,-0.3,1.1,0,-0.1,-0.3,0.9,0,0.4,0.5,1,0,0.3,0.5,0.9,0,0.4,0.5,1.1,0.1,0.6,0.5,1.5,0.5,-3.5,8.5,8.1,1,-3,7.4,6.7,0.9,-3.2,9,7,-0.3,-4.3,8.7,11,-0.1,-0.3,0.2,0.6,0,-0.3,0.2,0.4,-0.1,-0.2,0.1,0.6,-0.1,-0.5,0.4,0.7,1.1,0.8,0,0.6,1.4,2,0,0.7,1.1,0.6,0,0.5,0.8,-0.4,0,0.9,1.6,0.3,0.5,0,2.1,0.2,0.4,0.1,1.6,0.2,0.6,0.1,1,0.5,0.5,0,2.1,0.1,0,0.3,2.9,0,0.2,0.2,1.9,0.3,0,0.4,1.7,0,-0.1,0.2,1.5,101.8,7.732,0.9332315,19.87,10962,1868,10623.7998,5.56,2.3
1997/11/30,5.4,5.1,5.4,5.9,3.5,3.5,3.7,3.3,9.7,8.8,9.4,10.9,2.7,2.6,2.8,2.9,4.9,5,5,4.3,6.9,7.4,7.7,5.4,1.5,1.8,1.3,1.6,4.3,5.4,3.9,3.5,4,3.9,4,4.1,2.1,2.8,2.5,1.2,0.2,0,0.1,0.6,-0.2,-0.3,-0.2,0,0.6,0.4,0.5,0.9,0.2,0.1,0.2,0.2,-0.2,-0.1,-0.2,-0.2,1.8,0.4,0.6,4.8,0.4,0.2,0.1,0.8,-0.4,-0.2,-0.5,-0.3,0,0,-0.1,0,-0.6,-0.3,-0.4,-1.2,5.7,6.3,5.8,5.9,-0.9,-0.4,5.5,6.6,5.8,5.8,-1.5,-0.7,5.7,6.3,5.7,6.1,-0.9,-0.3,5.9,6.2,6,5.8,-0.3,-0.1,4.1,5.3,3.2,3.4,-1.8,0.3,4.2,6,3.1,3.6,-2.5,0.4,4.4,5.3,3.4,3.4,-1.6,0.3,3.4,4.3,3.4,2.9,-1,-0.1,9.6,9.6,8.8,8.6,0.1,0.9,8.8,9.7,9.3,8.3,-0.9,-0.5,9.2,9,7.7,8.3,0.4,1.7,10.6,10.4,10,9.2,0.5,0.9,3.7,4.9,5.1,7,-2.2,-2.4,3.7,5,5.1,7,-2.4,-2.5,3.7,5,5.2,6.9,-2.2,-2.4,3.7,4.8,5,7.3,-1.9,-2.1,4.9,5.6,6.9,5.7,-0.7,-2,5,5.5,7.1,5.8,-0.5,-2.1,5,5.8,7,5.8,-0.8,-2,4.3,5.4,6.3,5.5,-1.1,-2,6.9,8.6,8.8,9.6,-1.7,-1.9,8.1,9.9,10.3,11.2,-2.5,-2.9,8.4,10.4,10.9,12.2,-2.7,-3.2,3.7,4.8,4.5,5,0.6,0.9,1.5,2,3.3,2,-0.5,-1.8,1.7,2.2,3.3,1.7,-0.4,-1.5,1.4,2.4,3.3,2.3,-1.1,-2,1.4,1.3,3.1,1.7,0.3,-1.5,4.8,5.9,5.6,3.4,-1.6,-1.3,5.8,7.4,7.3,4.2,-2,-1.9,4.6,5.7,5.5,3.6,-1.8,-1.6,3.7,4.3,3.8,2.1,-0.8,-0.3,4.2,3,2.6,5.9,1,1.4,4.1,2.2,2.3,6.1,1.7,1.6,4.3,3.1,2.9,5.9,0.9,1.1,4.3,3.8,2.8,5.6,0.3,1.3,2.7,3.6,6,6.2,-1.5,-3.9,2.9,3.9,6.6,6.8,-1.1,-3.8,2.7,3.8,6.4,6.4,-1.3,-3.9,2.5,3.1,4.9,5.5,-1.9,-3.7,0.8,0.1,0.4,0.4,0.5,0.2,0.3,0.3,0.8,0.2,0.4,0.4,1,-0.2,0.5,0.5,-0.2,-0.1,0.4,0.3,-0.3,-0.3,0.4,0.4,-0.1,-0.1,0.4,0.4,-0.2,-0.1,0.3,0.1,0.7,0.6,0.7,0.5,0.6,0.5,0.6,0.4,0.7,0.6,0.8,0.4,0.7,0.8,0.7,0.6,0.1,0,-0.3,1.1,0.1,0,-0.3,1.2,0.1,0,-0.3,1.1,0.1,0,-0.3,0.9,0.2,0.4,1.1,-0.2,0.2,0.3,1,-0.1,0.2,0.5,1.2,-0.2,0.2,0.6,1.3,-0.1,7.9,-2.7,1.2,1.8,6.9,-1.1,0.6,1.1,7.4,-1.3,0.6,1.3,9.6,-5.9,2.7,3.1,1.5,-0.7,0.5,0.3,1.1,-0.4,0.5,0.1,1.5,-0.6,0.2,0.2,1.9,-1.1,1,0.6,0.6,2.2,-0.7,0.1,0.4,3.2,-1.2,0.1,0.6,2,-0.6,0.2,0.9,1.1,-0.1,-0.1,0,0,0,0.2,0.1,0,0,0.1,0,0,0,0.2,-0.2,0,-0.1,0.2,-0.3,0.4,-0.3,-0.1,-0.4,0.6,-0.5,-0.2,-0.3,0.3,-0.3,-0.2,-0.3,0.3,-0.3,0,1.1,87.11,7.7295,0.9335845,19.17,9076,1957,10526.90039,5.5,2.3
1997/12/31,5.2,4.8,5.2,5.8,3.5,3.5,3.8,3.2,9.1,7.3,8.9,10.9,1.6,1.5,1.7,1.8,5,5,5.1,4.6,4.8,4.9,5,4.4,1,1.4,0.9,0.9,4.1,5.5,3.8,2.8,5.1,5.8,5.1,4.3,3,4,3.4,1.6,0.2,0.3,0.2,0.2,0.2,0.2,0.2,0,0.6,0.5,0.6,0.7,0.4,0.4,0.4,0.4,-0.4,-0.3,-0.4,-0.6,-2.9,-3.4,-3.7,-1.3,-0.6,-0.4,-0.6,-0.9,-0.6,-0.3,-0.6,-1,1.2,1.9,1.2,0.5,1.4,1.5,1.5,1.1,5.4,5.6,5.6,6.6,-0.4,-0.4,5.1,5.3,5.4,6.7,-0.5,-0.6,5.4,5.6,5.6,6.5,-0.4,-0.4,5.9,5.9,5.9,6.7,-0.1,-0.1,3.5,3.7,3,3.8,-0.2,0.5,3.5,3.7,3,4.1,-0.2,0.5,3.7,4,3.3,3.8,-0.2,0.5,3.3,3.2,2.8,3.1,0,0.4,9.7,9.4,9.3,9.1,-0.3,-0.2,8.8,8.7,9.6,9.8,-1.4,-2.3,9.4,9.1,8.4,8.6,-0.2,0.5,10.9,10.5,10.2,9.3,0.4,0.7,2.7,4.7,5.2,7.7,-3.1,-3.6,2.6,4.8,5.2,7.7,-3.3,-3.7,2.8,4.8,5.3,7.5,-3.1,-3.6,2.9,4.6,5.1,8,-2.8,-3.3,4.9,5.8,4.9,6.1,-0.8,0.1,5,5.7,5,6.1,-0.7,0,5,5.9,4.9,6.3,-0.8,0.2,4.3,5.7,4.6,6.1,-1.1,0,6.9,7.1,9.2,12.5,-2.3,-4.4,7.4,7.9,10.3,11.7,-3,-5.4,7.7,8,11.1,12.7,-3,-6.1,5.4,5.1,5.8,12.7,-0.7,-1.4,1.5,0.5,2.5,2.4,0.5,-1.5,1.8,1,2.7,2.1,0.4,-1.3,1.3,0.5,2.6,2.7,0.4,-1.7,1.6,0.3,2.1,2.3,0.6,-1.2,4.3,4.8,3.3,6.6,-0.7,0.8,5.4,6.1,3.4,9.2,-0.6,2.1,3.9,4.5,3.5,6.3,-0.7,0.3,3.5,3.6,2.9,3.8,-0.8,-0.1,4,4.3,3,5.8,0.8,2.1,3.9,4.1,2.4,6,1.7,3.4,4,4.4,3.3,5.7,0.7,1.8,4.1,4.5,3.3,5.7,-0.2,1,2.1,3.2,4.8,6.3,-0.2,-1.8,2.8,3.4,5.3,6.8,0.6,-1.3,2.5,3.3,5.1,6.6,0.1,-1.7,1.2,3,4,5.4,-1.4,-2.4,0.2,0.4,0.4,0.4,0,0.1,0.3,0.6,0.1,0.5,0.3,0.3,0.6,0.5,0.5,0.4,-0.2,-1.2,0.6,0.2,-0.3,-1.6,0.8,0.2,-0.2,-0.9,0.6,0.2,0,-0.7,0.4,0.1,0.6,0.8,0.9,1.2,0.4,0.6,0.6,2,0.5,0.9,1,1,0.9,0.8,1.1,0.7,0.2,0,0,1.5,0.1,0,0.1,1.5,0.2,0,0,1.5,0.2,0,0,1.5,-0.2,0,-0.3,-0.4,-0.1,0,-0.3,-0.3,-0.2,0,-0.4,-0.5,-0.2,0.1,-0.4,-0.9,1.8,0.5,-0.4,-0.9,0.4,1,-0.8,-1,0.6,0.9,-0.8,-1.2,4.8,-0.3,0.3,-0.4,0.4,-0.1,-0.4,-0.1,0.2,0,-0.2,0,0.1,-0.1,-0.4,-0.2,0.8,-0.1,-0.4,-0.2,-0.4,1.1,-0.6,-0.5,-0.2,1.4,-1.4,-0.4,-0.5,1.1,-0.4,-0.5,-0.3,0.8,0.1,-0.4,0,1.6,0.4,0.2,0,2.1,0.3,0.1,-0.1,1.6,0.3,0.2,0,1,0.5,0.3,-0.6,2.1,-0.4,0.6,-0.3,2.9,-0.6,0.3,-0.4,1.9,-0.4,0.6,-1.2,1.7,-0.1,0.7,0.4,85.85,7.7455,0.935939,17.18,8494,1972,10722.7998,5.84,2.3
1998/1/31,5.4,5.1,5.4,5.9,4.3,4.6,4.6,3.5,8.9,7.2,8.7,10.7,0.9,0.7,0.9,1.4,5,5.1,5.2,4.2,4.2,3.6,3.6,5.6,0.5,1.2,0.7,-0.3,3.8,5.3,3.4,2.5,5.1,5.8,5.1,4.3,4,5.1,4.7,2.3,0.1,0.3,0.1,-0.4,0.7,0.8,0.6,0.6,0.7,0.6,0.6,0.9,0.4,0.2,0.4,0.9,0,0,0.2,-0.6,-5.9,-3.8,-4.4,-9.8,-1.4,-0.7,-1,-2.4,-0.7,-0.4,-0.7,-0.9,0.4,0.3,0.4,0.5,1.2,1.4,1.5,0.8,5.2,5.7,6.4,6.3,-0.3,-1,4.8,5.5,6.5,6.6,-0.4,-1.4,5.2,5.7,6.2,6.3,-0.3,-0.8,5.8,5.9,6.6,5.9,0,-0.7,3.5,4.1,5.5,3.6,0.2,-1.2,3.5,4.2,6.1,3.9,0.4,-1.5,3.8,4.4,5.4,3.6,0.2,-0.8,3.2,3.4,4.4,3.3,0.1,-0.9,9.1,9.6,9.5,9,-0.7,-0.6,7.3,8.8,9.7,9.7,-1.6,-2.5,8.9,9.2,8.8,8.5,-0.5,-0.1,10.9,10.6,10.3,9.2,0.1,0.4,1.6,3.7,5.2,7.3,-2.8,-4.3,1.5,3.7,5.2,7.2,-3,-4.5,1.7,3.7,5.2,7.2,-2.8,-4.3,1.8,3.7,5,8,-2.3,-3.6,5,4.9,4.6,5.2,0.1,0.4,5,5,4.8,5.4,0.1,0.3,5.1,5,4.6,5.3,0.2,0.6,4.6,4.3,4,4.5,-0.1,0.2,4.8,6.9,9.6,7.8,-2.7,-5.4,4.9,8.1,9,9.4,-4.5,-5.4,5,8.4,9.4,10,-4.8,-5.8,4.4,3.7,10,3.5,1.9,-4.4,1,1.5,2.6,2.2,-1,-2.1,1.4,1.7,2.5,2,-0.5,-1.3,0.9,1.4,2.7,2.5,-0.7,-2,0.9,1.4,2.5,1.8,-1.7,-2.8,4.1,4.8,3.9,8.1,-1,-0.1,5.5,5.8,4.4,11.6,-0.5,0.9,3.8,4.6,4,7.6,-1.2,-0.6,2.8,3.7,3.3,4.5,-1.2,-0.8,5.1,4.2,3,5.6,0.9,2.1,5.8,4.1,2.3,6,1.7,3.5,5.1,4.3,3,5.7,0.8,2.1,4.3,4.3,3.7,4.9,0,0.6,3,2.7,4.3,6.5,1.3,-0.3,4,2.9,4.8,6.9,2.2,0.3,3.4,2.7,4.5,6.8,2,0.2,1.6,2.5,3.6,5.7,-0.2,-1.3,0.2,0.8,0.8,-0.1,0.3,0.5,1.2,0,0.2,0.8,0.7,0,0.2,1,0.2,-0.5,0.2,-0.2,2.5,-0.1,0.2,-0.3,3.2,-0.2,0.2,-0.1,2.2,-0.1,0,-0.2,1.6,0.2,0.6,0.7,0.8,0.8,0.5,0.6,0.6,0.6,0.6,0.7,0.9,0.8,0.7,0.7,0.8,1.1,0.4,0.1,-0.1,1.1,0.4,0.1,-0.1,1,0.4,0.1,-0.1,1.1,0.4,0.1,-0.1,1.3,-0.4,0.2,0.4,0,-0.3,0.2,0.3,0,-0.4,0.2,0.4,0.1,-0.6,0.2,0.6,-0.1,-2.9,7.9,-3.5,-5.4,-3.4,6.9,-3,-2.6,-3.7,7.4,-3.2,-3.1,-1.3,9.6,-4.3,-10.8,-0.6,1.5,-0.3,-0.9,-0.4,1.1,-0.3,-0.5,-0.6,1.5,-0.2,-0.9,-0.9,1.9,-0.5,-1.2,-0.6,0.6,0.8,-0.3,-0.3,0.4,2,-0.2,-0.6,0.6,0.6,-0.2,-1,0.9,-0.4,-0.6,1.2,0,0.3,0.4,1.9,0.1,0.2,0.3,1.2,0,0.2,0.4,0.5,-0.2,0.5,0.4,1.4,-0.3,0.1,0.2,1.5,-0.4,0,0.3,1.5,-0.3,0.3,0.3,1.1,-0.3,0,0.1,0.3,69.77,7.7315,0.9355055,15.19,8044,2270,9252.400391,5.48,2.2
1998/2/28,4.7,4.5,4.8,4.9,3.5,3.6,3.9,2.7,8.8,7.2,8.7,10.4,0.4,0.2,0.4,0.8,8.3,8.8,8.2,6.9,3.1,3.9,4.3,0.6,0.1,0.8,0,-0.5,4.1,4.9,4,3.1,4.4,5.1,4.3,3.7,1.2,2.5,1.3,-0.1,0.3,0.6,0.4,-0.1,1.4,1.6,1.3,0.9,0.5,0.4,0.6,0.6,-0.4,-0.4,-0.5,-0.4,4.3,4.4,4,4.3,-1.9,-0.7,-0.6,-4.9,-0.1,-0.1,-0.1,0,0.5,0.1,0.6,1,0,-0.1,-0.1,0.1,-1.4,-1,-1.5,-1.8,5.4,5.4,6.3,6.3,-0.7,-1.6,5.1,5.1,6.6,6.5,-0.6,-2.1,5.4,5.4,6.3,6.1,-0.6,-1.5,5.9,5.9,6.2,6.2,-1,-1.3,4.3,3.5,5.3,3.8,0,-1.8,4.6,3.5,6,3.9,0.1,-2.4,4.6,3.7,5.3,3.8,0.2,-1.4,3.5,3.3,4.3,3.7,-0.6,-1.6,8.9,9.7,9.6,8.7,-0.9,-0.8,7.2,8.8,9.7,9.2,-1.6,-2.5,8.7,9.4,9,7.8,-0.7,-0.3,10.7,10.9,10.4,9.5,-0.5,0,0.9,2.7,4.9,7.5,-2.3,-4.5,0.7,2.6,5,7.3,-2.4,-4.8,0.9,2.8,5,7.4,-2.4,-4.6,1.4,2.9,4.8,8.2,-2.1,-4,5,4.9,5.6,6.9,3.4,2.7,5.1,5,5.5,6.8,3.8,3.3,5.2,5,5.8,7,3.2,2.4,4.2,4.3,5.4,7.1,2.6,1.5,4.2,6.9,8.6,9.4,-3.8,-5.5,3.6,7.4,9.9,10.4,-3.5,-6,3.6,7.7,10.4,11,-3.4,-6.1,5.6,5.4,4.8,6.3,-4.8,-4.2,0.5,1.5,2,3,-1.4,-1.9,1.2,1.8,2.2,2.8,-1,-1.4,0.7,1.3,2.4,3.5,-1.3,-2.4,-0.3,1.6,1.3,2.5,-2.1,-1.8,3.8,4.3,5.9,6.9,-0.2,-1.8,5.3,5.4,7.4,10.4,-0.5,-2.5,3.4,3.9,5.7,6.2,0.1,-1.7,2.5,3.5,4.3,3.6,-0.4,-1.2,5.1,4,3,4.8,0.4,1.4,5.8,3.9,2.2,5.4,1.2,2.9,5.1,4,3.1,5,0.3,1.2,4.3,4.1,3.8,4,-0.4,-0.1,4,2.1,3.6,6.2,-0.9,-2.4,5.1,2.8,3.9,6.6,-0.3,-1.4,4.7,2.5,3.8,6.6,-1.2,-2.5,2.3,1.2,3.1,5.3,-1.3,-3.2,0.1,0.2,0.1,1,0.3,0,0.2,1.2,0.1,0.1,0.2,0.9,-0.4,0.6,-0.2,0.8,0.7,-0.2,-0.1,2.1,0.8,-0.3,-0.3,2.6,0.6,-0.2,-0.1,2,0.6,0,-0.1,1.7,0.7,0.6,0.6,0.6,0.6,0.4,0.5,0.4,0.6,0.5,0.6,0.6,0.9,0.9,0.8,0.8,0.4,0.2,0,0.1,0.2,0.1,0,0.1,0.4,0.2,0,0.1,0.9,0.2,0,0.1,0,-0.2,0.4,1.1,0,-0.1,0.3,0.8,0.2,-0.2,0.5,1.1,-0.6,-0.2,0.6,1.7,-5.9,1.8,-2.7,-0.9,-3.8,0.4,-1.1,-1,-4.4,0.6,-1.3,-1.3,-9.8,4.8,-5.9,-0.2,-1.4,0.4,-0.7,0.4,-0.7,0.2,-0.4,0.3,-1,0.1,-0.6,0.6,-2.4,0.8,-1.1,0.2,-0.7,-0.4,2.2,0.2,-0.4,-0.2,3.2,0.4,-0.7,-0.5,2,0.1,-0.9,-0.3,1.1,0.3,0.4,0,0,0.6,0.3,0,0,0.5,0.4,-0.1,0,0.6,0.5,0,0,0.6,1.2,-0.6,0.4,1.3,1.4,-0.3,0.6,1.4,1.5,-0.4,0.3,1.8,0.8,-1.2,0.3,0.6,-0.1,74.89,7.7405,0.935024,14.07,7901,2226,11480.7002,5.57,2.7
1998/3/31,4.8,4.8,5,4.7,4.2,4.5,4.5,3.2,8.7,7,8.5,10.4,1.3,1,1.2,2.1,6.8,6.6,7,6.8,2.3,4.3,4.8,-3.1,-0.2,0.7,-0.1,-1,2.2,2.8,2,1.9,4.7,5.5,4.6,4.2,2.1,3.8,2.5,0.3,0.3,0.1,0.3,0.5,-0.1,-0.2,0,0.2,0.5,0.3,0.4,0.8,1.4,1.3,1.3,1.7,0.7,0.5,0.7,1,0.7,1.3,1.3,-0.8,0.7,0.7,0.9,0.4,-0.2,-0.8,-0.1,0.6,0.5,0.3,0.3,0.8,-0.1,0,-0.2,0.1,4.7,5.2,5.6,5.9,-0.4,-0.8,4.5,4.8,5.3,5.7,0,-0.5,4.8,5.2,5.6,5.8,-0.2,-0.6,4.9,5.8,5.9,6.3,-1.1,-1.2,3.5,3.5,3.7,2.2,0.7,0.5,3.6,3.5,3.7,1.9,1,0.8,3.9,3.8,4,2.3,0.7,0.5,2.7,3.2,3.2,2.6,0,0,8.8,9.1,9.4,8.7,-0.4,-0.7,7.2,7.3,8.7,9.3,-0.3,-1.7,8.7,8.9,9.1,7.9,-0.4,-0.6,10.4,10.9,10.5,9.3,-0.5,-0.1,0.4,1.6,4.7,6.5,-0.3,-3.4,0.2,1.5,4.8,6.4,-0.5,-3.8,0.4,1.7,4.8,6.6,-0.5,-3.6,0.8,1.8,4.6,6.4,0.3,-2.5,8.3,5,5.8,6.3,1.8,1,8.8,5,5.7,6.5,1.6,0.9,8.2,5.1,5.9,6.3,1.9,1.1,6.9,4.6,5.7,5.4,2.2,1.1,3.1,4.8,7.1,11.6,-2.5,-4.8,3.9,4.9,7.9,11.5,-0.6,-3.6,4.3,5,8,12,-0.2,-3.2,0.6,4.4,5.1,11,-7.5,-8.2,0.1,1,0.5,2.9,-1.2,-0.7,0.8,1.4,1,2.9,-0.7,-0.3,0,0.9,0.5,3.3,-1,-0.6,-0.5,0.9,0.3,2.4,-1.9,-1.3,4.1,4.1,4.8,7.7,-1.9,-2.6,4.9,5.5,6.1,10.5,-2.7,-3.3,4,3.8,4.5,7.4,-1.8,-2.5,3.1,2.8,3.6,4.8,-0.9,-1.7,4.4,5.1,4.3,4.1,-0.4,0.4,5.1,5.8,4.1,4.6,-0.3,1.4,4.3,5.1,4.4,4.2,-0.5,0.2,3.7,4.3,4.5,3.5,-0.1,-0.3,1.2,3,3.2,6.1,-0.9,-1.1,2.5,4,3.4,6.4,-0.2,0.4,1.3,3.4,3.3,6.5,-0.9,-0.8,-0.1,1.6,3,5.3,-1.3,-2.7,0.3,0.2,0.4,0.2,0.6,0.3,0.1,-0.1,0.4,0.2,0.5,0.1,-0.1,0.2,0.5,0.6,1.4,0.2,-1.2,-0.7,1.6,0.2,-1.6,-1,1.3,0.2,-0.9,-0.6,0.9,0,-0.7,-0.4,0.5,0.6,0.8,0.6,0.4,0.5,0.6,0.5,0.6,0.6,0.9,0.6,0.6,0.7,0.8,0.8,-0.4,0.4,0,0.5,-0.4,0.4,0,0.4,-0.5,0.4,0,0.6,-0.4,0.4,0,0.5,4.3,-0.4,0,2.1,4.4,-0.3,0,2.6,4,-0.4,0,1.9,4.3,-0.6,0.1,1,-1.9,-2.9,0.5,1.4,-0.7,-3.4,1,1,-0.6,-3.7,0.9,0.7,-4.9,-1.3,-0.3,3,-0.1,-0.6,-0.1,0.9,-0.1,-0.4,0,0.8,-0.1,-0.6,-0.1,1,0,-0.9,-0.1,0.9,0.5,-0.6,1.1,1.6,0.1,-0.3,1.4,1.2,0.6,-0.6,1.1,1.8,1,-1,0.8,1.8,0,1.2,1.6,0.1,-0.1,1.9,2.1,0,-0.1,1.2,1.6,0.1,0.1,0.5,1,0.3,-1.4,1.4,2.1,-1,-1,1.5,2.9,-1.2,-1.5,1.5,1.9,-1.3,-1.8,1.1,1.7,-0.3,0.7,71.52,7.7485,0.935764,13.1,8053,2232,11518.7002,5.88,3.3
1998/4/30,4.7,4.4,4.9,4.9,3,3.2,3.4,2,8,6.2,8.1,9.3,1.5,1.2,1.4,2.3,7.1,6.8,7.4,7.1,5.7,5.9,6,5,0.9,1.3,1,0.5,3.4,4.4,3,2.9,4,5,3.8,3.3,2.9,4.6,3.5,0.8,0.9,0.4,0.8,1.5,-0.9,-1.1,-0.8,-0.8,0.3,0.3,0.2,0.5,-0.1,-0.1,-0.1,-0.1,0.8,0.7,0.9,0.8,12.1,9,10.3,17.7,1.4,0.9,1.3,1.9,1.2,1.6,1.1,1,-0.2,-0.1,-0.2,-0.4,0.8,1,1.1,0.4,4.8,5.4,5.7,5.6,-0.7,-1,4.8,5.1,5.5,5.2,-0.7,-1.1,5,5.4,5.7,5.4,-0.5,-0.8,4.7,5.9,5.9,6.4,-1,-1,4.2,4.3,4.1,1.7,-1.3,-1.1,4.5,4.6,4.2,1.1,-1.4,-1,4.5,4.6,4.4,1.9,-1.2,-1,3.2,3.5,3.4,2.5,-1.5,-1.4,8.7,8.9,9.6,8.9,-0.9,-1.6,7,7.2,8.8,9.4,-1,-2.6,8.5,8.7,9.2,7.6,-0.6,-1.1,10.4,10.7,10.6,10.1,-1.4,-1.3,1.3,0.9,3.7,5.8,0.6,-2.2,1,0.7,3.7,5.8,0.5,-2.5,1.2,0.9,3.7,5.9,0.5,-2.3,2.1,1.4,3.7,5.7,0.9,-1.4,6.8,5,4.9,6.4,2.1,2.2,6.6,5.1,5,6.7,1.7,1.8,7,5.2,5,6.4,2.2,2.4,6.8,4.2,4.3,5.5,2.9,2.8,2.3,4.2,6.9,11,1.5,-1.2,4.3,3.6,8.1,10.4,2.3,-2.2,4.8,3.6,8.4,11.3,2.4,-2.4,-3.1,5.6,3.7,10.9,-0.6,1.3,-0.2,0.5,1.5,3.1,0.4,-0.6,0.7,1.2,1.7,3.2,0.1,-0.4,-0.1,0.7,1.4,3.4,0.3,-0.4,-1,-0.3,1.4,2.7,0.8,-0.9,2.2,3.8,4.8,6.6,-0.4,-1.4,2.8,5.3,5.8,9,-0.9,-1.4,2,3.4,4.6,6.3,-0.4,-1.6,1.9,2.5,3.7,4,0.4,-0.8,4.7,5.1,4.2,4,-1.1,-0.2,5.5,5.8,4.1,4.3,-0.8,0.9,4.6,5.1,4.3,4.3,-1.3,-0.5,4.2,4.3,4.3,3.4,-1,-1,2.1,4,2.7,5.7,-1.1,0.2,3.8,5.1,2.9,6.3,-0.5,1.7,2.5,4.7,2.7,6.2,-1.2,0.8,0.3,2.3,2.5,4.7,-1.5,-1.7,0.3,0.1,0.8,1,0.1,0.3,0.5,0.8,0.3,0.1,0.8,0.9,0.5,-0.4,1,1.3,-0.1,0.7,-0.2,0.2,-0.2,0.8,-0.3,0.2,0,0.6,-0.1,0.3,0.2,0.6,-0.2,0.4,0.5,0.7,0.7,1,0.3,0.6,0.6,1,0.4,0.6,0.7,0.6,0.8,0.9,0.7,1.4,1.4,0.4,0.1,-0.3,1.3,0.2,0.1,-0.3,1.3,0.4,0.1,-0.3,1.7,0.9,0.1,-0.3,0.7,0,0.2,0.5,0.5,0,0.2,0.5,0.7,0.2,0.2,0.5,1,-0.6,0.2,0.5,0.7,-5.9,7.9,8.5,1.3,-3.8,6.9,7.4,1.3,-4.4,7.4,9,-0.8,-9.8,9.6,8.7,0.7,-1.4,1.5,0.2,0.7,-0.7,1.1,0.2,0.9,-1,1.5,0.1,0.4,-2.4,1.9,0.4,-0.2,-0.7,0.6,0,-0.8,-0.4,0.4,0,-0.1,-0.7,0.6,0,0.6,-0.9,0.9,0,0.5,0.4,0,0.5,0.3,0.3,0.1,0.4,0.3,0.4,0,0.6,0.8,0.5,-0.2,0.5,-0.1,1.2,-0.3,0,0,1.4,-0.4,0.2,-0.2,1.5,-0.3,0,0.1,0.8,-0.3,-0.1,-0.3,68.95,7.7465,0.9354135,13.53,9535,2252,10383.67969,5.59,3.7
1998/5/31,4.5,4.3,4.4,4.9,3.2,3.4,3.2,2.5,7.5,5.9,7.5,8.9,2,1.7,2,2.8,5.9,5.8,6.2,5.8,3.7,2.6,2.8,5.7,0.9,0.8,0.8,1,4.3,5.8,3.8,3.1,3.8,4.7,3.4,3.4,3.1,4.9,3.7,0.8,0.2,0.2,-0.1,0.6,0.5,0.7,0.3,0.7,0.2,0.3,0.2,0.3,0.2,0.2,0.2,0.2,0,0,0,0,-0.7,-2.5,-2.5,3.5,0.5,0.1,0.1,1.4,0.1,0.2,0.1,0.1,-0.2,-0.2,-0.3,0,-0.1,-0.2,-0.1,-0.2,4.7,4.7,5.4,5.8,-0.2,-0.9,4.4,4.5,5.1,5.8,-0.2,-0.8,4.9,4.8,5.4,5.7,-0.4,-1,4.9,4.9,5.9,6,0,-1,3,3.5,3.5,3.2,-0.3,-0.3,3.2,3.6,3.5,3.1,-0.2,-0.1,3.4,3.9,3.7,3.4,-0.7,-0.5,2,2.7,3.3,3.4,-0.2,-0.8,8,8.8,9.7,8.8,-1.3,-2.2,6.2,7.2,8.8,9.3,-1.3,-2.9,8.1,8.7,9.4,7.7,-1.2,-1.9,9.3,10.4,10.9,10,-1.5,-2,1.5,0.4,2.7,5.1,1.6,-0.7,1.2,0.2,2.6,5.1,1.5,-0.9,1.4,0.4,2.8,5.2,1.6,-0.8,2.3,0.8,2.9,5,2,-0.1,7.1,8.3,4.9,6.9,-2.4,1,6.8,8.8,5,7.1,-3,0.8,7.4,8.2,5,7,-2,1.2,7.1,6.9,4.3,6.3,-1.1,1.5,5.7,3.1,6.9,8.8,0.6,-3.2,5.9,3.9,7.4,10.3,-1.3,-4.8,6,4.3,7.7,10.9,-1.5,-4.9,5,0.6,5.4,4.5,5.1,0.3,0.9,0.1,1.5,3.3,0.8,-0.6,1.3,0.8,1.8,3.3,0,-1,1,0,1.3,3.3,0.8,-0.5,0.5,-0.5,1.6,3.1,1.5,-0.6,3.4,4.1,4.3,5.6,0.2,0,4.4,4.9,5.4,7.3,0.9,0.4,3,4,3.9,5.5,-0.2,-0.1,2.9,3.1,3.5,3.8,0,-0.4,4,4.4,4,2.6,-0.6,-0.2,5,5.1,3.9,2.3,-0.4,0.8,3.8,4.3,4,2.9,-0.9,-0.6,3.3,3.7,4.1,2.8,-0.3,-0.7,2.9,1.2,2.1,6,1.9,1,4.6,2.5,2.8,6.6,2.4,2.1,3.5,1.3,2.5,6.4,2.4,1.2,0.8,-0.1,1.2,4.9,0.9,-0.4,0.9,0.3,0.2,0.4,0.4,0.6,0,0.3,0.8,0.4,0.1,0.4,1.5,-0.1,0.6,0.5,-0.9,1.4,-0.2,0.4,-1.1,1.6,-0.3,0.4,-0.8,1.3,-0.2,0.4,-0.8,0.9,0,0.3,0.3,0.5,0.6,0.7,0.3,0.4,0.4,0.6,0.2,0.6,0.5,0.8,0.5,0.6,0.9,0.7,-0.1,-0.4,0.2,-0.3,-0.1,-0.4,0.1,-0.3,-0.1,-0.5,0.2,-0.3,-0.1,-0.4,0.2,-0.3,0.8,4.3,-0.2,1.1,0.7,4.4,-0.1,1,0.9,4,-0.2,1.2,0.8,4.3,-0.2,1.3,12.1,-1.9,1.8,1.2,9,-0.7,0.4,0.6,10.3,-0.6,0.6,0.6,17.7,-4.9,4.8,2.7,1.4,-0.1,0.4,0.5,0.9,-0.1,0.2,0.5,1.3,-0.1,0.1,0.2,1.9,0,0.8,1,1.2,0.5,-0.4,-0.7,1.6,0.1,-0.2,-1.2,1.1,0.6,-0.5,-0.6,1,1,-0.3,-0.1,-0.2,0,0,0,-0.1,-0.1,0,0,-0.2,-0.1,-0.1,0,-0.4,0.1,0,-0.1,0.8,-1.4,-0.6,-0.3,1,-1,-0.3,-0.5,1.1,-1.5,-0.4,-0.3,0.4,-1.8,-1.2,-0.3,-1,59.86,7.7485,0.935851,14.36,10485,2024,8934.55957,5.63,3.9
1998/6/30,4,4,3.9,4.1,2.8,3,2.8,2.4,6.7,5.2,6.6,8.1,1.9,1.6,1.9,2.8,5.8,5.8,6,5.5,0.2,0.7,0.5,-0.6,0.5,0.4,0.5,0.5,4.4,7,3.8,2.3,4.3,5.2,4,3.9,3.3,5.3,3.8,1,-0.2,0,-0.2,-0.3,0.3,0.4,0.2,0.3,0.1,0,0.1,0.2,-0.1,-0.1,-0.1,-0.1,-0.5,-0.3,-0.6,-0.7,-3.8,-2.7,-3,-5.7,-0.7,-0.6,-0.8,-0.8,-0.4,-0.2,-0.5,-0.6,0.9,0.7,0.9,1,-0.2,-0.2,-0.3,0.1,4.5,4.8,5.2,5.6,-0.8,-1.2,4.3,4.8,4.8,5.4,-0.8,-0.8,4.4,5,5.2,5.6,-1.1,-1.3,4.9,4.7,5.8,5.9,-0.6,-1.7,3.2,4.2,3.5,3,-1.4,-0.7,3.4,4.5,3.5,3,-1.5,-0.5,3.2,4.5,3.8,3.3,-1.7,-1,2.5,3.2,3.2,2.8,-0.8,-0.8,7.5,8.7,9.1,9.3,-2,-2.4,5.9,7,7.3,9.6,-1.8,-2.1,7.5,8.5,8.9,8.4,-1.9,-2.3,8.9,10.4,10.9,10.2,-2.3,-2.8,2,1.3,1.6,5.2,0.6,0.3,1.7,1,1.5,5.2,0.6,0.1,2,1.2,1.7,5.3,0.7,0.2,2.8,2.1,1.8,5.1,0.7,1,5.9,6.8,5,4.9,-1,0.8,5.8,6.6,5,5,-0.8,0.8,6.2,7,5.1,4.9,-1,0.9,5.8,6.8,4.6,4.6,-1.3,0.9,3.7,2.3,4.8,9.2,-2.1,-4.6,2.6,4.3,4.9,10.3,-3.6,-4.2,2.8,4.8,5,11.1,-4.3,-4.5,5.7,-3.1,4.4,5.8,2.5,-5,0.9,-0.2,1,2.5,0.7,-0.5,0.8,0.7,1.4,2.7,-0.3,-1,0.8,-0.1,0.9,2.6,0.6,-0.4,1,-1,0.9,2.1,1.5,-0.4,4.3,2.2,4.1,3.3,2.2,0.3,5.8,2.8,5.5,3.4,4.2,1.5,3.8,2,3.8,3.5,1.8,0,3.1,1.9,2.8,2.9,0.4,-0.5,3.8,4.7,5.1,3,-0.4,-0.8,4.7,5.5,5.8,2.4,-0.3,-0.6,3.4,4.6,5.1,3.3,-0.6,-1.1,3.4,4.2,4.3,3.3,-0.3,-0.4,3.1,2.1,3,4.8,1.2,0.3,4.9,3.8,4,5.3,1.5,1.3,3.7,2.5,3.4,5.1,1.3,0.4,0.8,0.3,1.6,4,0.7,-0.6,0.2,0.3,0.2,0.4,0.2,0.1,0.3,0.3,-0.1,0.3,0.2,0.3,0.6,0.5,0.2,0.5,0.5,-0.1,0.2,0.6,0.7,-0.2,0.2,0.8,0.3,0,0.2,0.6,0.7,0.2,0,0.4,0.2,0.5,0.6,0.9,0.3,0.3,0.5,0.6,0.2,0.4,0.6,1,0.3,0.8,0.7,1.1,0.2,1.4,0.4,0,0.2,1.3,0.4,0.1,0.2,1.3,0.4,0,0.2,1.7,0.4,0,0,0.7,-0.4,-0.3,0,0.5,-0.3,-0.3,0,0.7,-0.4,-0.4,0,1,-0.6,-0.4,-0.7,0.7,-2.9,-0.4,-2.5,1.3,-3.4,-0.8,-2.5,1.3,-3.7,-0.8,3.5,-0.8,-1.3,0.3,0.5,0.7,-0.6,-0.4,0.1,0.7,-0.4,-0.2,0.1,0.9,-0.6,-0.4,1.4,0.4,-0.9,-0.4,0.1,-0.2,-0.6,-0.6,0.2,-0.8,-0.3,-1.4,0.1,-0.1,-0.6,-0.4,0.1,0.6,-1,0.1,-0.2,0.5,1.2,0.4,-0.2,0.3,1.9,0.3,-0.3,0.3,1.2,0.3,0,0.8,0.5,0.5,-0.1,-0.1,1.4,-0.4,-0.2,0,1.5,-0.6,-0.1,-0.2,1.5,-0.4,-0.2,0.1,1.1,-0.1,-1.3,55.23,7.744,0.93572,12.21,11873,1972,8543.099609,7.06,4.3
1998/7/31,3.2,2.7,3.2,3.7,0.2,-0.3,0.5,0.7,6.1,4.7,5.8,7.6,1.8,1.5,1.7,2.7,6.6,6.5,6.9,6.1,1.2,2.1,2,-0.5,0.7,0.7,0.6,0.8,3.3,4.9,2.9,1.8,4.7,5.3,4.3,4.6,4.1,6.2,4.9,1.6,0,0,0.1,-0.1,-0.1,-0.2,-0.1,-0.1,0.2,0.1,0.2,0.3,-0.2,-0.2,-0.2,-0.2,1.1,1,1.3,1.2,-2.5,-1.6,-1.7,-4.3,-0.1,0,-0.1,-0.2,-0.3,0,-0.2,-0.9,0.7,0.3,0.5,1.3,0.9,0.8,1.3,0.5,4,4.7,5.4,6.4,-1.5,-2.2,4,4.4,5.1,6.5,-1.7,-2.4,3.9,4.9,5.4,6.2,-1.7,-2.2,4.1,4.9,5.9,6.6,-1.2,-2.2,2.8,3,4.3,5.5,-2.8,-4.1,3,3.2,4.6,6.1,-3.5,-4.9,2.8,3.4,4.6,5.4,-2.9,-4.1,2.4,2,3.5,4.4,-1.3,-2.8,6.7,8,8.9,9.5,-1.9,-2.8,5.2,6.2,7.2,9.7,-1.5,-2.5,6.6,8.1,8.7,8.8,-2.3,-2.9,8.1,9.3,10.7,10.3,-1.7,-3.1,1.9,1.5,0.9,5.2,0.3,0.9,1.6,1.2,0.7,5.2,0.3,0.8,1.9,1.4,0.9,5.2,0.3,0.8,2.8,2.3,1.4,5,0.4,1.3,5.8,7.1,5,4.6,-0.5,1.6,5.8,6.8,5.1,4.8,-0.3,1.4,6,7.4,5.2,4.6,-0.5,1.7,5.5,7.1,4.2,4,-1,1.9,0.2,5.7,4.2,9.6,-4.5,-3,0.7,5.9,3.6,9,-3.8,-1.5,0.5,6,3.6,9.4,-4,-1.6,-0.6,5,5.6,10,-5.5,-6.1,0.5,0.9,0.5,2.6,-0.2,0.2,0.4,1.3,1.2,2.5,-0.6,-0.5,0.5,1,0.7,2.7,-0.4,-0.1,0.5,0.5,-0.3,2.5,0.3,1.1,4.4,3.4,3.8,3.9,-0.1,-0.5,7,4.4,5.3,4.4,0.5,-0.4,3.8,3,3.4,4,-0.1,-0.5,2.3,2.9,2.5,3.3,-1.1,-0.7,4.3,4,5.1,3,0.7,-0.4,5.2,5,5.8,2.3,0.3,-0.5,4,3.8,5.1,3,0.5,-0.8,3.9,3.3,4.3,3.7,1.3,0.3,3.3,2.9,4,4.3,1.2,0.1,5.3,4.6,5.1,4.8,1.6,1.1,3.8,3.5,4.7,4.5,1.4,0.2,1,0.8,2.3,3.6,0.8,-0.7,-0.2,0.9,0.1,0.8,0,0.4,0.3,1.2,-0.2,0.8,0.1,0.7,-0.3,1.5,-0.4,0.2,0.3,-0.9,0.7,2.5,0.4,-1.1,0.8,3.2,0.2,-0.8,0.6,2.2,0.3,-0.8,0.6,1.6,0.1,0.3,0.7,0.8,0,0.3,0.6,0.6,0.1,0.2,0.6,0.9,0.2,0.5,0.9,0.8,-0.1,-0.1,0.4,-0.1,-0.1,-0.1,0.2,-0.1,-0.1,-0.1,0.4,-0.1,-0.1,-0.1,0.9,-0.1,-0.5,0.8,0,0.4,-0.3,0.7,0,0.3,-0.6,0.9,0.2,0.4,-0.7,0.8,-0.6,0.6,-3.8,12.1,-5.9,-3.5,-2.7,9,-3.8,-3,-3,10.3,-4.4,-3.2,-5.7,17.7,-9.8,-4.3,-0.7,1.4,-1.4,-0.3,-0.6,0.9,-0.7,-0.3,-0.8,1.3,-1,-0.2,-0.8,1.9,-2.4,-0.5,-0.4,1.2,-0.7,0.8,-0.2,1.6,-0.4,2,-0.5,1.1,-0.7,0.6,-0.6,1,-0.9,-0.4,0.9,-0.2,0.4,0.3,0.7,-0.1,0.3,0.2,0.9,-0.2,0.4,0.2,1,-0.4,0.5,0.5,-0.2,0.8,1.2,0.1,-0.2,1,1.4,0,-0.3,1.1,1.5,0.3,0.1,0.4,0.8,0,-1.4,53.62,7.747,0.935895,12.08,13279,1852,7936.200195,5.63,4.8
1998/8/31,2.7,2,2.7,3.7,-0.4,-1.1,-0.2,0.6,5.4,4.2,5.2,6.7,1.7,1.4,1.7,2.6,6.5,6.4,6.7,6.5,2.4,2.2,2.5,2.3,0.9,0.7,0.6,1.4,1.1,1.6,0.9,0.5,4.9,5.2,4.2,5.6,3.7,5.3,4.5,1.3,-0.3,-0.5,-0.3,-0.2,-0.8,-1.1,-0.7,-0.3,0,0,0.1,0,-0.1,-0.1,-0.1,-0.1,0.4,0.2,0.4,0.9,-1.6,-0.9,-0.9,-3.2,-0.5,-0.4,-0.6,-0.6,0,0,0,-0.1,0.2,-0.1,-0.1,1,0,-0.2,-0.1,0.1,3.2,4.5,4.7,6.3,-1.8,-2,2.7,4.3,4.5,6.6,-2.3,-2.5,3.2,4.4,4.8,6.3,-1.7,-2.1,3.7,4.9,4.9,6.2,-1.2,-1.2,0.2,3.2,3.5,5.3,-3.6,-3.9,-0.3,3.4,3.6,6,-4.5,-4.7,0.5,3.2,3.9,5.3,-3.4,-4.1,0.7,2.5,2.7,4.3,-1.9,-2.1,6.1,7.5,8.8,9.6,-2.1,-3.4,4.7,5.9,7.2,9.7,-1.7,-3,5.8,7.5,8.7,9,-2.3,-3.5,7.6,8.9,10.4,10.4,-2.2,-3.7,1.8,2,0.4,4.9,-0.3,1.3,1.5,1.7,0.2,5,-0.3,1.2,1.7,2,0.4,5,-0.3,1.3,2.7,2.8,0.8,4.8,-0.2,1.8,6.6,5.9,8.3,5.6,0.6,-1.8,6.5,5.8,8.8,5.5,0.6,-2.4,6.9,6.2,8.2,5.8,0.5,-1.5,6.1,5.8,6.9,5.4,0.7,-0.4,1.2,3.7,3.1,8.6,-1.3,-0.7,2.1,2.6,3.9,9.9,-0.4,-1.7,2,2.8,4.3,10.4,-0.3,-1.8,-0.5,5.7,0.6,4.8,-3.4,1.7,0.7,0.9,0.1,2,0,0.8,0.7,0.8,0.8,2.2,-0.1,-0.1,0.6,0.8,0,2.4,-0.2,0.6,0.8,1,-0.5,1.3,0.4,1.9,3.3,4.3,4.1,5.9,-3.2,-3,4.9,5.8,4.9,7.4,-4.2,-3.3,2.9,3.8,4,5.7,-2.9,-3.1,1.8,3.1,3.1,4.3,-2.6,-2.6,4.7,3.8,4.4,3,1.1,0.5,5.3,4.7,5.1,2.2,0.5,0.1,4.3,3.4,4.3,3.1,0.8,-0.1,4.6,3.4,3.7,3.8,2.2,1.9,4.1,3.1,1.2,3.6,0.6,2.5,6.2,4.9,2.5,3.9,0.4,2.8,4.9,3.7,1.3,3.8,0.8,3.2,1.6,0.8,-0.1,3.1,0.5,1.4,0,0.2,0.3,0.1,0,0.2,0.6,0.2,0.1,-0.1,0.4,0.2,-0.1,0.6,-0.1,-0.2,-0.1,0.5,1.4,-0.1,-0.2,0.7,1.6,-0.3,-0.1,0.3,1.3,-0.1,-0.1,0.7,0.9,-0.1,0.2,0.2,0.5,0.6,0.1,0.3,0.4,0.5,0.2,0.2,0.6,0.6,0.3,0.3,0.6,0.8,-0.2,0.2,-0.4,0,-0.2,0.2,-0.4,0,-0.2,0.2,-0.5,0,-0.2,0.2,-0.4,0,1.1,0,4.3,0.4,1,0,4.4,0.3,1.3,0,4,0.5,1.2,0,4.3,0.6,-2.5,-0.7,-1.9,-2.7,-1.6,-2.5,-0.7,-1.1,-1.7,-2.5,-0.6,-1.3,-4.3,3.5,-4.9,-5.9,-0.1,0.5,-0.1,-0.7,0,0.1,-0.1,-0.4,-0.1,0.1,-0.1,-0.6,-0.2,1.4,0,-1.1,-0.3,0.1,0.5,2.2,0,0.2,0.1,3.2,-0.2,0.1,0.6,2,-0.9,0.1,1,1.1,0.7,-0.2,0,0,0.3,-0.2,-0.1,0,0.5,-0.3,-0.1,0,1.3,0,0.1,0,0.9,-0.1,-1.4,0.4,0.8,-0.2,-1,0.6,1.3,-0.1,-1.5,0.3,0.5,-0.2,-1.8,0.3,-1.4,51.13,7.7425,0.9358935,11.91,13795,1719,7275.040039,5.89,5.2
1998/9/30,2.5,2.3,2.3,3.1,1.3,1.3,1.2,1.6,4.4,3.4,3.8,6,1.6,1.3,1.6,2.5,6.8,6.7,7.1,6.2,1.2,1.2,1.6,0.4,0.4,0.1,0.2,1.1,0.9,1.5,0.6,0.8,3.1,3.1,2.5,3.8,2.1,3.5,2.9,-0.1,0.1,0.4,0,0,0.6,0.8,0.4,0.3,-0.2,-0.1,-0.5,0.1,-0.1,-0.1,-0.1,-0.1,0.2,0.2,0.3,-0.2,-0.6,0,0,-2.2,-0.5,-0.6,-0.4,-0.3,1,1.3,0.8,1.1,-0.2,0.1,0,-0.7,0.6,1.2,0.4,0.3,2.7,4,4.8,5.6,-1.5,-2.3,2,4,4.8,5.3,-1.7,-2.5,2.7,3.9,5,5.6,-1.6,-2.7,3.7,4.1,4.7,5.9,-1,-1.6,-0.4,2.8,4.2,3.7,-1.5,-2.9,-1.1,3,4.5,3.7,-1.7,-3.2,-0.2,2.8,4.5,4,-1.6,-3.3,0.6,2.4,3.2,3.2,-0.8,-1.6,5.4,6.7,8.7,9.4,-2.3,-4.3,4.2,5.2,7,8.7,-1.8,-3.6,5.2,6.6,8.5,9.1,-2.8,-4.7,6.7,8.1,10.4,10.5,-2.1,-4.4,1.7,1.9,1.3,4.7,-0.3,0.3,1.4,1.6,1,4.8,-0.3,0.3,1.7,1.9,1.2,4.8,-0.3,0.4,2.6,2.8,2.1,4.6,-0.3,0.4,6.5,5.8,6.8,5.8,1,0,6.4,5.8,6.6,5.7,0.9,0.1,6.7,6,7,5.9,1.1,0.1,6.5,5.5,6.8,5.7,0.7,-0.6,2.4,0.2,2.3,7.1,1,-1.1,2.2,0.7,4.3,7.9,0.5,-3.1,2.5,0.5,4.8,8,1.1,-3.2,2.3,-0.6,-3.1,5.1,1,3.5,0.9,0.5,-0.2,0.5,-0.1,0.6,0.7,0.4,0.7,1,-0.3,-0.6,0.6,0.5,-0.1,0.5,-0.3,0.3,1.4,0.5,-1,0.3,0.6,2.1,1.1,4.4,2.2,4.8,-3.5,-1.3,1.6,7,2.8,6.1,-5.5,-1.3,0.9,3.8,2,4.5,-3.2,-1.4,0.5,2.3,1.9,3.6,-1.5,-1.1,4.9,4.3,4.7,4.3,-1.2,-1.6,5.2,5.2,5.5,4.1,-2.1,-2.4,4.2,4,4.6,4.4,-1.5,-2.1,5.6,3.9,4.2,4.5,-0.1,-0.4,3.7,3.3,2.1,3.2,-1.2,0,5.3,5.3,3.8,3.4,-1.8,-0.3,4.5,3.8,2.5,3.3,-0.9,0.4,1.3,1,0.3,3,-1.1,-0.4,-0.3,-0.2,0.3,0.4,-0.5,0,0.1,0.1,-0.3,-0.2,0.3,0.5,-0.2,-0.3,0.5,0.5,-0.8,0.3,-0.1,-1.2,-1.1,0.4,-0.2,-1.6,-0.7,0.2,0,-0.9,-0.3,0.3,0.2,-0.7,0,0.1,0.5,0.8,0,0,0.3,0.6,0.1,0.1,0.4,0.9,0,0.2,0.8,0.8,-0.1,-0.1,1.4,0,-0.1,-0.1,1.3,0,-0.1,-0.1,1.3,0,-0.1,-0.1,1.7,0,0.4,-0.5,0.7,0,0.2,-0.3,0.5,0,0.4,-0.6,0.7,0,0.9,-0.7,1,0.1,-1.6,-3.8,0.7,0.5,-0.9,-2.7,1.3,1,-0.9,-3,1.3,0.9,-3.2,-5.7,-0.8,-0.3,-0.5,-0.7,0.7,-0.1,-0.4,-0.6,0.7,0,-0.6,-0.8,0.9,-0.1,-0.6,-0.8,0.4,-0.1,0,-0.4,-0.2,1.1,0,-0.2,-0.8,1.4,0,-0.5,-0.1,1.1,-0.1,-0.6,0.6,0.8,0.2,0.9,0.5,1.6,-0.1,0.7,0.3,2.1,-0.1,0.9,0.3,1.6,1,1,0.8,1,0,-0.2,-0.1,2.1,-0.2,-0.2,0,2.9,-0.1,-0.3,-0.2,1.9,0.1,0.1,0.1,1.7,-1.5,47.86,7.745,0.935981,13.34,12643,1725,7883.459961,6.14,5.3
1998/10/31,0.1,-0.1,0,0.5,0.8,0.7,0.6,1.3,-1.3,-3.5,-1.9,1.2,1.7,1.4,1.6,2.6,6.3,6.2,6.5,6.2,-4.6,-3.2,-3.3,-7.9,-0.8,-1.1,-0.9,-0.3,1,1.7,0.7,0.5,3,3.1,2.5,3.7,2.1,3.4,2.9,0.1,-1.6,-1.9,-1.5,-1.5,-0.7,-0.9,-0.6,-0.4,-4.9,-6.2,-4.8,-3.9,0.1,0.1,0.1,0.1,-0.2,-0.2,-0.3,0.1,1.7,2.2,2.2,0.6,0.3,-0.1,0.4,0.4,0.7,0.6,0.7,0.7,-0.1,0,-0.1,-0.3,-0.3,-0.5,-0.4,-0.1,2.5,3.2,4.7,5.7,-3.1,-4.6,2.3,2.7,4.4,5.5,-2.8,-4.5,2.3,3.2,4.9,5.7,-3.2,-4.9,3.1,3.7,4.9,5.9,-3.2,-4.4,1.3,0.2,3,4.1,0.6,-2.2,1.3,-0.3,3.2,4.2,1,-2.5,1.2,0.5,3.4,4.4,0.1,-2.8,1.6,0.7,2,3.4,0.6,-0.7,4.4,6.1,8,9.6,-7.4,-9.3,3.4,4.7,6.2,8.8,-8.2,-9.7,3.8,5.8,8.1,9.2,-7.7,-10,6,7.6,9.3,10.6,-6.4,-8.1,1.6,1.8,1.5,3.7,-0.1,0.2,1.3,1.5,1.2,3.7,-0.1,0.2,1.6,1.7,1.4,3.7,-0.1,0.2,2.5,2.7,2.3,3.7,-0.1,0.3,6.8,6.6,7.1,4.9,-0.3,-0.8,6.7,6.5,6.8,5,-0.3,-0.6,7.1,6.9,7.4,5,-0.4,-0.9,6.2,6.1,7.1,4.3,0.1,-0.9,1.2,1.2,5.7,6.9,-5.8,-10.3,1.2,2.1,5.9,8.1,-5.3,-9.1,1.6,2,6,8.4,-5.3,-9.3,0.4,-0.5,5,3.7,-7.4,-12.9,0.4,0.7,0.9,1.5,-1.5,-1.7,0.1,0.7,1.3,1.7,-1.8,-2.4,0.2,0.6,1,1.4,-1.5,-1.9,1.1,0.8,0.5,1.4,-1.1,-0.8,0.9,3.3,3.4,4.8,-2.3,-2.4,1.5,4.9,4.4,5.8,-3.2,-2.7,0.6,2.9,3,4.6,-2.2,-2.3,0.8,1.8,2.9,3.7,-1.3,-2.4,3.1,4.7,4,4.2,-1.7,-1,3.1,5.3,5,4.1,-2.2,-1.9,2.5,4.3,3.8,4.3,-1.8,-1.3,3.8,4.6,3.3,4.3,-0.9,0.4,2.1,4.1,2.9,2.7,-2,-0.8,3.5,6.2,4.6,2.9,-2.8,-1.2,2.9,4.9,3.5,2.7,-2,-0.6,-0.1,1.6,0.8,2.5,-1.5,-0.7,0.1,0,0.9,0.8,0.4,0,0.4,0.5,0,0.1,0.8,0.8,0,-0.1,1.5,1,0.6,-0.1,-0.9,-0.2,0.8,-0.2,-1.1,-0.3,0.4,-0.1,-0.8,-0.1,0.3,-0.1,-0.8,-0.2,-0.2,0.2,0.3,0.7,-0.1,0.1,0.3,0.6,-0.5,0.2,0.2,0.7,0.1,0.3,0.5,0.7,-0.1,-0.2,-0.1,0.1,-0.1,-0.2,-0.1,0.1,-0.1,-0.2,-0.1,0.1,-0.1,-0.2,-0.1,0.1,0.2,1.1,0.8,0.2,0.2,1,0.7,0.2,0.3,1.3,0.9,0.2,-0.2,1.2,0.8,0.2,-0.6,-2.5,12.1,7.9,0,-1.6,9,6.9,0,-1.7,10.3,7.4,-2.2,-4.3,17.7,9.6,-0.5,-0.1,1.4,1.5,-0.6,0,0.9,1.1,-0.4,-0.1,1.3,1.5,-0.3,-0.2,1.9,1.9,1,-0.3,1.2,0.6,1.3,0,1.6,0.4,0.8,-0.2,1.1,0.6,1.1,-0.9,1,0.9,-0.2,0.7,-0.2,0,0.1,0.3,-0.1,0.1,0,0.5,-0.2,0,-0.7,1.3,-0.4,-0.2,0.6,0.9,0.8,-0.3,1.2,0.8,1,-0.4,0.4,1.3,1.1,-0.3,0.3,0.5,0.4,-0.3,-1.1,50.17,7.744,0.9359845,12.7,11621,1770,10154.94043,5.35,5.6
1998/11/30,-0.7,-0.9,-0.9,-0.2,0.1,-0.2,-0.1,0.9,-2.2,-4.2,-2.8,0.1,1.6,1.3,1.6,2.5,6.9,6.7,7.2,7,-10.2,-9.1,-9.7,-11.8,-0.4,-0.6,-0.3,-0.4,1.4,1.9,1.3,0.9,2.9,3.1,2.5,3.3,2.5,3.4,2.8,1.2,-0.6,-0.8,-0.8,-0.1,-0.9,-1.2,-0.9,-0.5,-0.3,-0.3,-0.4,-0.2,0.1,0.1,0.1,0.1,0.4,0.3,0.4,0.6,-4.2,-5.7,-6.1,0.3,0.8,0.8,0.8,0.7,0,-0.1,0,0,-0.2,0,-0.1,-0.3,-0.3,-0.3,-0.4,-0.1,0.1,2.7,4.5,5.4,-3.4,-5.2,-0.1,2,4.3,5.1,-2.9,-5.2,0,2.7,4.4,5.4,-3.6,-5.3,0.5,3.7,4.9,5.9,-3.9,-5.1,0.8,-0.4,3.2,3.5,0.5,-3.1,0.7,-1.1,3.4,3.5,0.9,-3.6,0.6,-0.2,3.2,3.7,0.1,-3.3,1.3,0.6,2.5,3.3,0.3,-1.6,-1.3,5.4,7.5,9.7,-7.6,-9.7,-3.5,4.2,5.9,8.8,-8.4,-10.1,-1.9,5.2,7.5,9.4,-8,-10.3,1.2,6.7,8.9,10.9,-6.6,-8.8,1.7,1.7,2,2.7,-0.1,-0.4,1.4,1.4,1.7,2.6,-0.1,-0.4,1.6,1.7,2,2.8,-0.1,-0.4,2.6,2.6,2.8,2.9,-0.1,-0.3,6.3,6.5,5.9,4.9,0.4,1,6.2,6.4,5.8,5,0.3,0.9,6.5,6.7,6.2,5,0.5,1,6.2,6.5,5.8,4.3,0.5,1.2,-4.6,2.4,3.7,6.9,-12.6,-13.9,-3.2,2.2,2.6,7.4,-11.3,-11.7,-3.3,2.5,2.8,7.7,-12.2,-12.5,-7.9,2.3,5.7,5.4,-14.1,-17.5,-0.8,0.9,0.9,1.5,-1.3,-1.3,-1.1,0.7,0.8,1.8,-1.3,-1.4,-0.9,0.6,0.8,1.3,-0.9,-1.1,-0.3,1.4,1,1.6,-1.8,-1.4,1,1.1,4.3,4.3,0.3,-2.9,1.7,1.6,5.8,5.4,0.3,-3.9,0.7,0.9,3.8,3.9,0.4,-2.5,0.5,0.5,3.1,3.5,0.4,-2.2,3,4.9,3.8,4,-2,-0.9,3.1,5.2,4.7,3.9,-2.1,-1.6,2.5,4.2,3.4,4,-1.7,-0.9,3.7,5.6,3.4,4.1,-2.3,-0.1,2.1,3.7,3.1,2.1,-1.2,-0.6,3.4,5.3,4.9,2.8,-1.9,-1.5,2.9,4.5,3.7,2.5,-1.7,-0.9,0.1,1.3,0.8,1.2,-0.1,0.4,-1.6,-0.3,0.2,0.2,-1.9,-0.5,0.2,0,-1.5,-0.3,-0.1,0.1,-1.5,-0.2,0.6,0.6,-0.7,-0.8,0.5,-0.2,-0.9,-1.1,0.7,-0.3,-0.6,-0.7,0.3,-0.2,-0.4,-0.3,0.7,0,-4.9,0,0.2,0.6,-6.2,0,0.3,0.4,-4.8,0.1,0.2,0.5,-3.9,0,0.3,0.9,0.1,-0.1,0.2,0.2,0.1,-0.1,0.2,0.1,0.1,-0.1,0.2,0.2,0.1,-0.1,0.2,0.2,-0.2,0.4,0,-0.2,-0.2,0.2,0,-0.1,-0.3,0.4,0,-0.2,0.1,0.9,0,-0.2,1.7,-1.6,-0.7,1.8,2.2,-0.9,-2.5,0.4,2.2,-0.9,-2.5,0.6,0.6,-3.2,3.5,4.8,0.3,-0.5,0.5,0.4,-0.1,-0.4,0.1,0.2,0.4,-0.6,0.1,0.1,0.4,-0.6,1.4,0.8,0.7,0,0.1,-0.4,0.6,0,0.2,-0.2,0.7,0,0.1,-0.5,0.7,-0.1,0.1,-0.3,-0.1,0.2,-0.2,0,0,-0.1,-0.2,0,-0.1,-0.1,-0.3,-0.1,-0.3,1,0,0,-0.3,0,-0.1,-0.6,-0.5,-0.2,-0.2,-0.3,-0.4,-0.1,-0.1,-0.4,-0.1,0.1,-0.2,-1.2,-1.2,54.65,7.741,0.935368,11.04,9381,1926,10402.32031,5.11,5.7
1998/12/31,-1.6,-1.4,-1.7,-1.8,0.5,0.3,0.2,1.3,-3.4,-5.3,-4.2,-0.9,0.9,0.6,0.8,1.8,7.4,7.2,7.8,7.6,-16.2,-11.6,-12.4,-25.1,-0.9,-0.8,-0.8,-1.1,1.7,2.1,1.6,1.3,1.7,1.2,1.4,2.7,1.3,2,1.6,0.3,-0.7,-0.2,-0.6,-1.3,0.6,0.7,0.5,0.4,-0.7,-0.7,-0.9,-0.3,-0.3,-0.3,-0.3,-0.3,0.1,0.1,0.2,0,-9.3,-6,-6.5,-16.2,-1.1,-0.6,-1.1,-1.5,-0.3,-0.1,-0.2,-0.6,0.1,0.1,0.2,0,0.2,0.2,0.3,0.2,-0.7,2.5,4,5.2,-4.1,-5.6,-0.9,2.3,4,4.8,-3.7,-5.4,-0.9,2.3,3.9,5.2,-4,-5.6,-0.2,3.1,4.1,5.8,-4.9,-5.9,0.1,1.3,2.8,3.5,-0.8,-2.3,-0.2,1.3,3,3.5,-1,-2.7,-0.1,1.2,2.8,3.8,-1,-2.6,0.9,1.6,2.4,3.2,-0.3,-1.1,-2.2,4.4,6.7,9.1,-7.8,-10.1,-4.2,3.4,5.2,7.3,-8.7,-10.5,-2.8,3.8,6.6,8.9,-8,-10.8,0.1,6,8.1,10.9,-6.9,-9,1.6,1.6,1.9,1.6,-0.7,-1,1.3,1.3,1.6,1.5,-0.7,-1,1.6,1.6,1.9,1.7,-0.8,-1.1,2.5,2.5,2.8,1.8,-0.7,-1,6.9,6.8,5.8,5,0.6,1.6,6.7,6.7,5.8,5,0.5,1.4,7.2,7.1,6,5.1,0.7,1.8,7,6.2,5.5,4.6,1.4,2.1,-10.2,1.2,0.2,4.8,-17.4,-16.4,-9.1,1.2,0.7,4.9,-12.8,-12.3,-9.7,1.6,0.5,5,-14,-12.9,-11.8,0.4,-0.6,4.4,-25.5,-24.5,-0.4,0.4,0.5,1,-1.3,-1.4,-0.6,0.1,0.4,1.4,-0.9,-1.2,-0.3,0.2,0.5,0.9,-1,-1.3,-0.4,1.1,0.5,0.9,-2.2,-1.6,1.4,0.9,4.4,4.1,0.8,-2.7,1.9,1.5,7,5.5,0.6,-4.9,1.3,0.6,3.8,3.8,1,-2.2,0.9,0.8,2.3,2.8,0.5,-1,2.9,3.1,4.3,5.1,-1.4,-2.6,3.1,3.1,5.2,5.8,-1.9,-4,2.5,2.5,4,5.1,-1.1,-2.6,3.3,3.8,3.9,4.3,-1.1,-1.2,2.5,2.1,3.3,3,-0.8,-2,3.4,3.5,5.3,4,-1.5,-3.3,2.8,2.9,3.8,3.4,-1.3,-2.2,1.2,-0.1,1,1.6,0.4,-0.7,-0.6,0.1,-0.2,0.2,-0.8,0.4,0,0.3,-0.8,0,-0.2,0.2,-0.1,0,-0.3,0.2,-0.9,0.6,0.3,0.2,-1.2,0.8,0.4,0.2,-0.9,0.4,0.2,0.2,-0.5,0.3,0.3,0,-0.3,-0.2,0.1,0.6,-0.3,-0.1,0,0.5,-0.4,-0.5,0.1,0.6,-0.2,0.1,0.2,0.7,0.1,-0.1,-0.1,0.4,0.1,-0.1,-0.1,0.4,0.1,-0.1,-0.1,0.4,0.1,-0.1,-0.1,0.4,0.4,0.2,-0.5,-0.4,0.3,0.2,-0.3,-0.3,0.4,0.3,-0.6,-0.4,0.6,-0.2,-0.7,-0.6,-4.2,-0.6,-3.8,-2.9,-5.7,0,-2.7,-3.4,-6.1,0,-3,-3.7,0.3,-2.2,-5.7,-1.3,0.8,-0.5,-0.7,-0.6,0.8,-0.6,-0.6,-0.4,0.8,-0.4,-0.8,-0.6,0.7,-0.3,-0.8,-0.9,0,1,-0.4,-0.6,-0.1,1.3,-0.2,-0.3,0,0.8,-0.5,-0.6,0,1.1,-0.6,-1,-0.2,-0.2,0.9,1.2,0,0.1,0.7,1.9,-0.1,0,0.9,1.2,-0.3,-0.7,1,0.5,-0.3,0.6,-0.2,1.4,-0.3,1.2,-0.2,1.5,-0.4,0.4,-0.3,1.5,-0.1,0.3,0.1,1.1,-1,55.04,7.746,0.935806,9.82,8840,1975,10048.58008,4.07,5.9
1999/1/31,-1.1,-0.9,-1.6,-0.5,-0.5,-0.8,-0.8,0.7,-0.1,-0.5,-1.5,1.8,0.2,0.1,0.1,0.6,7.8,7.4,8,8.4,-15.5,-13.1,-14,-20,-1.2,-1.3,-1.3,-1,2.2,2.5,2.2,1.8,1.4,0.9,1,2.5,-1.2,-0.8,-1.3,-1.5,0.6,0.9,0.2,0.9,-0.3,-0.4,-0.3,0,4.1,5.7,3.5,3.7,-0.3,-0.3,-0.3,-0.3,0.3,0.3,0.4,0.2,-5.2,-5.4,-6.1,-3.5,-1.7,-1.2,-1.6,-2.4,-0.1,0,-0.2,-0.3,0.1,0,0,0.3,-1.3,-1.5,-1.4,-0.9,-1.6,0.1,3.2,5.4,-1.2,-4.3,-1.4,-0.1,2.7,5.1,-0.8,-3.6,-1.7,0,3.2,5.4,-1.6,-4.8,-1.8,0.5,3.7,5.9,-1,-4.2,0.5,0.8,0.2,4.3,-1.3,-0.7,0.3,0.7,-0.3,4.6,-1.5,-0.5,0.2,0.6,0.5,4.6,-1.4,-1.3,1.3,1.3,0.7,3.5,-0.6,0,-3.4,-1.3,6.1,8.9,1.2,-6.2,-5.3,-3.5,4.7,7.2,3,-5.2,-4.2,-1.9,5.8,8.7,0.4,-7.3,-0.9,1.2,7.6,10.7,0.6,-5.8,0.9,1.7,1.8,0.9,-1.5,-1.6,0.6,1.4,1.5,0.7,-1.3,-1.4,0.8,1.6,1.7,0.9,-1.5,-1.6,1.8,2.6,2.7,1.4,-2,-2.1,7.4,6.3,6.6,5,1.5,1.2,7.2,6.2,6.5,5.1,1.2,0.9,7.8,6.5,6.9,5.2,1.5,1.1,7.6,6.2,6.1,4.2,2.2,2.3,-16.2,-4.6,1.2,4.2,-10.9,-16.7,-11.6,-3.2,2.1,3.6,-9.9,-15.2,-12.4,-3.3,2,3.6,-10.7,-16,-25.1,-7.9,-0.5,5.6,-12.1,-19.5,-0.9,-0.8,0.7,0.5,-0.4,-1.9,-0.8,-1.1,0.7,1.2,-0.2,-2,-0.8,-0.9,0.6,0.7,-0.4,-1.9,-1.1,-0.3,0.8,-0.3,-0.7,-1.8,1.7,1,3.3,3.8,1.2,-1.1,2.1,1.7,4.9,5.3,0.8,-2.4,1.6,0.7,2.9,3.4,1.5,-0.7,1.3,0.5,1.8,2.5,1.3,0,1.7,3,4.7,5.1,-1.6,-3.3,1.2,3.1,5.3,5.8,-2.2,-4.4,1.4,2.5,4.3,5.1,-1.5,-3.3,2.7,3.7,4.6,4.3,-1.2,-2.1,1.3,2.1,4.1,4,-3.3,-5.3,2,3.4,6.2,5.1,-4.2,-7,1.6,2.9,4.9,4.7,-4.2,-6.2,0.3,0.1,1.6,2.3,-1.6,-3.1,-0.7,-1.6,0,0.1,-0.2,-1.9,0,0.3,-0.6,-1.5,0.1,0.1,-1.3,-1.5,-0.1,-0.4,0.6,-0.7,-0.1,0.7,0.7,-0.9,-0.2,0.8,0.5,-0.6,-0.1,0.6,0.4,-0.4,-0.1,0.6,-0.7,-4.9,0.2,0.7,-0.7,-6.2,0.1,0.6,-0.9,-4.8,0.2,0.6,-0.3,-3.9,0.3,0.9,-0.3,0.1,-0.2,0.4,-0.3,0.1,-0.2,0.2,-0.3,0.1,-0.2,0.4,-0.3,0.1,-0.2,0.9,0.1,-0.2,1.1,0,0.1,-0.2,1,0,0.2,-0.3,1.3,0.2,0,0.1,1.2,-0.6,-9.3,1.7,-2.5,-5.9,-6,2.2,-1.6,-3.8,-6.5,2.2,-1.7,-4.4,-16.2,0.6,-4.3,-9.8,-1.1,0.3,-0.1,-1.4,-0.6,-0.1,0,-0.7,-1.1,0.4,-0.1,-1,-1.5,0.4,-0.2,-2.4,-0.3,0.7,-0.3,-0.7,-0.1,0.6,0,-0.4,-0.2,0.7,-0.2,-0.7,-0.6,0.7,-0.9,-0.9,0.1,-0.1,0.7,0.4,0.1,0,0.3,0.3,0.2,-0.1,0.5,0.4,0,-0.3,1.3,0.5,0.2,-0.3,0.9,1.2,0.2,-0.5,0.8,1.4,0.3,-0.4,1.3,1.5,0.2,-0.1,0.5,0.8,-1.2,56.05,7.746,0.9361595,11.11,8092,2315,9506.900391,4.79,5.9
1999/2/28,-1.7,-1.5,-2.3,-1.1,-1.2,-1.5,-1.4,0.4,-1.3,-1.5,-2.9,0.9,0.2,0,0.2,0.8,4.2,3.6,4.7,4.7,-18.5,-16,-17.4,-22.6,-2.5,-2.2,-2.4,-2.8,1.3,2.1,1.2,0.3,1.6,1.2,1.1,2.6,0.5,0.8,0.9,-0.3,-0.4,0,-0.4,-0.8,0.7,0.9,0.7,0.5,-0.6,-0.6,-0.9,-0.4,-0.4,-0.5,-0.4,-0.3,0.8,0.7,0.9,0.8,-5.4,-4,-4.6,-8.1,-1.4,-1.1,-1.3,-1.7,-0.4,-0.3,-0.3,-0.5,0.1,0.1,0.1,0.1,0.3,0.6,0.7,-0.6,-1.1,-0.7,2.7,4.7,-1,-4.4,-0.9,-0.9,2,4.5,-0.6,-3.5,-1.6,-0.9,2.7,4.8,-1.4,-5,-0.5,-0.2,3.7,4.9,-0.9,-4.8,-0.5,0.1,-0.4,3.5,-1.3,-0.8,-0.8,-0.2,-1.1,3.6,-1.3,-0.4,-0.8,-0.1,-0.2,3.9,-1.3,-1.2,0.7,0.9,0.6,2.7,-0.5,-0.2,-0.1,-2.2,5.4,8.8,0.9,-6.7,-0.5,-4.2,4.2,7.2,2.7,-5.7,-1.5,-2.8,5.2,8.7,-0.1,-8.1,1.8,0.1,6.7,10.4,0.8,-5.8,0.2,1.6,1.7,0.4,-1.4,-1.5,0.1,1.3,1.4,0.2,-1.3,-1.4,0.1,1.6,1.7,0.4,-1.4,-1.5,0.6,2.5,2.6,0.8,-1.7,-1.8,7.8,6.9,6.5,8.3,-2.7,-2.3,7.4,6.7,6.4,8.8,-3.1,-2.8,8,7.2,6.7,8.2,-2.5,-2,8.4,7,6.5,6.9,-2.3,-1.8,-15.5,-10.2,2.4,3.1,-8.3,-20.9,-13.1,-9.1,2.2,3.9,-6.9,-18.2,-14,-9.7,2.5,4.3,-7.7,-19.9,-20,-11.8,2.3,0.6,-10.8,-24.9,-1.2,-0.4,0.9,0.1,-2.1,-3.4,-1.3,-0.6,0.7,0.8,-1.6,-2.9,-1.3,-0.3,0.6,0,-2.1,-3,-1,-0.4,1.4,-0.5,-2.4,-4.2,2.2,1.4,1.1,4.1,-0.1,0.2,2.5,1.9,1.6,4.9,0.2,0.5,2.2,1.3,0.9,4,-0.1,0.3,1.8,0.9,0.5,3.1,-0.6,-0.2,1.4,2.9,4.9,4.4,-1.3,-3.3,0.9,3.1,5.2,5.1,-1.9,-4,1,2.5,4.2,4.3,-1.4,-3.1,2.5,3.3,5.6,3.7,-0.7,-3,-1.2,2.5,3.7,1.2,-2,-3.2,-0.8,3.4,5.3,2.5,-2.6,-4.5,-1.3,2.8,4.5,1.3,-1.9,-3.6,-1.5,1.2,1.3,-0.1,-1.5,-1.6,0.6,-0.6,-0.3,0.3,0.9,-0.8,-0.5,0.6,0.2,-0.8,-0.3,0.4,0.9,-0.1,-0.2,-0.1,-0.3,-0.9,-0.8,1.4,-0.4,-1.2,-1.1,1.6,-0.3,-0.9,-0.7,1.3,0,-0.5,-0.3,0.9,4.1,-0.3,0,0.5,5.7,-0.3,0,0.4,3.5,-0.4,0.1,0.6,3.7,-0.2,0,0.6,-0.3,0.1,-0.1,-0.4,-0.3,0.1,-0.1,-0.4,-0.3,0.1,-0.1,-0.5,-0.3,0.1,-0.1,-0.4,0.3,0.4,0.4,4.3,0.3,0.3,0.2,4.4,0.4,0.4,0.4,4,0.2,0.6,0.9,4.3,-5.2,-4.2,-1.6,-1.9,-5.4,-5.7,-0.9,-0.7,-6.1,-6.1,-0.9,-0.6,-3.5,0.3,-3.2,-4.9,-1.7,0.8,-0.5,-0.1,-1.2,0.8,-0.4,-0.1,-1.6,0.8,-0.6,-0.1,-2.4,0.7,-0.6,0,-0.1,0,0,0.5,0,-0.1,0,0.1,-0.2,0,0,0.6,-0.3,0,-0.1,1,0.1,-0.2,0.2,0,0,0,-0.1,-0.1,0,-0.1,-0.1,-0.1,0.3,-0.3,1,0.1,-1.3,-0.3,0,-1.4,-1.5,-0.3,-0.2,-1,-1.4,-0.4,-0.1,-1.5,-0.9,-0.1,0.1,-1.8,-1.3,55.02,7.748,0.935809,10.27,7868,2248,9858.490234,4.84,6
1999/3/31,-2.6,-2.3,-3.3,-1.9,-1.9,-2.3,-2.2,-0.3,-2.4,-2.5,-4.1,-0.5,-1.2,-1.3,-1.1,-1,3.2,2.8,3.5,3.6,-19.7,-18.1,-19.4,-21.9,-3.9,-3.4,-4,-4,0.8,1.8,0.8,-0.5,1,0.7,0.7,1.7,0.4,0.9,0.5,-0.3,-0.6,-0.7,-0.7,-0.4,-0.8,-1,-0.8,-0.5,-0.7,-0.6,-0.8,-0.5,0,0,0,0,-0.3,-0.3,-0.4,-0.1,-0.8,-1.1,-1.2,0.1,-0.8,-0.6,-0.8,-0.9,-0.7,-1.1,-0.5,-0.2,-0.1,-0.2,-0.1,0,-0.1,0.1,-0.5,0.1,-1.7,-1.6,2.5,4.8,-1,-5.1,-1.5,-1.4,2.3,4.8,-0.9,-4.6,-2.3,-1.7,2.3,5,-1.6,-5.6,-1.1,-1.8,3.1,4.7,-0.1,-5,-1.2,0.5,1.3,4.2,-2.4,-3.2,-1.5,0.3,1.3,4.5,-2.6,-3.6,-1.4,0.2,1.2,4.5,-2.4,-3.4,0.4,1.3,1.6,3.2,-1.6,-1.9,-1.3,-3.4,4.4,8.7,1,-6.8,-1.5,-5.3,3.4,7,2.8,-5.9,-2.9,-4.2,3.8,8.5,0.1,-7.9,0.9,-0.9,6,10.4,0.4,-6.5,0.2,0.9,1.6,1.3,-2.1,-2.8,0,0.6,1.3,1,-1.9,-2.6,0.2,0.8,1.6,1.2,-1.9,-2.7,0.8,1.8,2.5,2.1,-2.8,-3.5,4.2,7.4,6.8,6.8,-4.2,-3.6,3.6,7.2,6.7,6.6,-4.4,-3.9,4.7,7.8,7.1,7,-4.3,-3.6,4.7,7.6,6.2,6.8,-4,-2.6,-18.5,-16.2,1.2,2.3,-3.5,-20.9,-16,-11.6,1.2,4.3,-6.5,-19.3,-17.4,-12.4,1.6,4.8,-7,-21,-22.6,-25.1,0.4,-3.1,3.2,-22.3,-2.5,-0.9,0.4,-0.2,-3,-4.3,-2.2,-0.8,0.1,0.7,-2.6,-3.5,-2.4,-0.8,0.2,-0.1,-3.2,-4.2,-2.8,-1.1,1.1,-1,-2.9,-5.1,1.3,1.7,0.9,2.2,-0.9,-0.1,2.1,2.1,1.5,2.8,-0.3,0.3,1.2,1.6,0.6,2,-0.8,0.2,0.3,1.3,0.8,1.9,-1.8,-1.3,1.6,1.7,3.1,4.7,-0.7,-2.1,1.2,1.2,3.1,5.5,-0.5,-2.4,1.1,1.4,2.5,4.6,-0.7,-1.8,2.6,2.7,3.8,4.2,-1,-2.1,0.5,1.3,2.1,2.1,-0.9,-1.7,0.8,2,3.5,3.8,-1.1,-2.6,0.9,1.6,2.9,2.5,-1.1,-2.4,-0.3,0.3,-0.1,0.3,-0.6,-0.2,-0.4,-0.7,0.1,0.3,0,-0.2,0.4,0.1,-0.4,-0.6,0,0.3,-0.8,-1.3,0,0.5,0.7,0.6,0.6,-0.1,0.9,0.7,0.8,-0.2,0.7,0.5,0.4,0,0.5,0.4,0.3,0.2,-0.6,-0.7,-0.2,0.5,-0.6,-0.7,-0.1,0.3,-0.9,-0.9,-0.5,0.4,-0.4,-0.3,0.1,0.8,-0.4,-0.3,-0.1,1.4,-0.5,-0.3,-0.1,1.3,-0.4,-0.3,-0.1,1.3,-0.3,-0.3,-0.1,1.7,0.8,0.1,0.2,0.7,0.7,0.1,0.2,0.5,0.9,0.2,0.3,0.7,0.8,0,-0.2,1,-5.4,-9.3,-0.6,0.7,-4,-6,0,1.3,-4.6,-6.5,0,1.3,-8.1,-16.2,-2.2,-0.8,-1.4,-1.1,-0.5,0.7,-1.1,-0.6,-0.6,0.7,-1.3,-1.1,-0.4,0.9,-1.7,-1.5,-0.3,0.4,-0.4,-0.3,1,-0.2,-0.3,-0.1,1.3,-0.8,-0.3,-0.2,0.8,-0.1,-0.5,-0.6,1.1,0.6,0.1,0.1,-0.2,0.5,0.1,0.1,0.1,0.3,0.1,0.2,0,0.3,0.1,0,-0.7,0.8,0.3,0.2,0.6,-0.1,0.6,0.2,1.2,0,0.7,0.3,0.4,-0.2,-0.6,0.2,0.3,0.1,-1.8,55.58,7.749,0.9358935,12.51,8161,2266,10942.2002,4.98,6.2
1999/4/30,-3.8,-3.3,-4.5,-3.3,-1.6,-1.9,-1.9,0,-3.6,-3.4,-5.4,-1.5,-4.2,-5.3,-3.7,-2.5,2.9,2.7,3.2,3.2,-24.2,-22,-23.5,-27.4,-5.6,-4.8,-5.7,-6.1,-1.7,-1.5,-1.4,-2.4,1,0.6,0.8,1.7,-1.1,-1,-1.1,-1.3,-0.4,-0.6,-0.5,0,-0.6,-0.7,-0.5,-0.5,-0.8,-0.7,-1.1,-0.6,-3.2,-4.1,-2.7,-1.6,0.5,0.5,0.6,0.5,5.8,3.8,4.6,9.6,-0.4,-0.6,-0.4,-0.3,-1.3,-1.8,-1.1,-0.9,-0.2,-0.2,-0.1,-0.4,-0.7,-0.9,-0.6,-0.6,-2.6,-1.1,0.1,4.7,-2.7,-3.9,-2.3,-0.9,-0.1,4.4,-2.4,-3.2,-3.3,-1.6,0,4.9,-2.9,-4.5,-1.9,-0.5,0.5,4.9,-2.8,-3.8,-1.9,-0.5,0.8,3,-1.1,-2.4,-2.3,-0.8,0.7,3.2,-1.1,-2.6,-2.2,-0.8,0.6,3.4,-1.1,-2.5,-0.3,0.7,1.3,2,-0.7,-1.3,-2.4,-0.1,-1.3,8,-3.5,-2.3,-2.5,-0.5,-3.5,6.2,-2.9,0.1,-4.1,-1.5,-1.9,8.1,-3.9,-3.5,-0.5,1.8,1.2,9.3,-3.3,-2.7,-1.2,0.2,1.7,1.5,-4.4,-5.9,-1.3,0.1,1.4,1.2,-5.4,-6.7,-1.1,0.1,1.6,1.4,-3.8,-5.3,-1,0.6,2.6,2.3,-3.1,-5.1,3.2,7.8,6.3,7.1,-4.9,-3.4,2.8,7.4,6.2,6.8,-4.7,-3.5,3.5,8,6.5,7.4,-4.8,-3.3,3.6,8.4,6.2,7.1,-5.2,-3,-19.7,-15.5,-4.6,5.7,-8.7,-19.6,-18.1,-13.1,-3.2,5.9,-8.9,-18.8,-19.4,-14,-3.3,6,-9.5,-20.2,-21.9,-20,-7.9,5,-7.4,-19.5,-3.9,-1.2,-0.8,0.9,-4.4,-4.8,-3.4,-1.3,-1.1,1.3,-3.5,-3.7,-4,-1.3,-0.9,1,-4.4,-4.8,-4,-1,-0.3,0.5,-5.1,-5.8,0.8,2.2,1,3.4,-3.9,-2.7,1.8,2.5,1.7,4.4,-4,-3.2,0.8,2.2,0.7,3,-3.6,-2.1,-0.5,1.8,0.5,2.9,-4.2,-2.9,1,1.4,3,4,-0.4,-2,0.7,0.9,3.1,5,-0.3,-2.5,0.7,1,2.5,3.8,-0.2,-1.7,1.7,2.5,3.7,3.3,-0.8,-2,0.4,-1.2,2.1,2.9,0.1,-3.2,0.9,-0.8,3.4,4.6,-0.2,-4.4,0.5,-1.3,2.9,3.5,0.2,-4,-0.3,-1.5,0.1,0.8,0.2,-1.4,-0.6,0.6,-1.6,0.9,-0.7,0.9,-1.9,0.4,-0.7,0.2,-1.5,0.8,-0.4,0.9,-1.5,1.5,-0.8,-0.3,-0.7,-0.9,-1,-0.4,-0.9,-1.1,-0.8,-0.3,-0.6,-0.8,-0.5,0,-0.4,-0.8,-0.7,4.1,-4.9,0.3,-0.6,5.7,-6.2,0.3,-0.8,3.5,-4.8,0.2,-0.5,3.7,-3.9,0.5,0,-0.3,0.1,-0.1,0,-0.3,0.1,-0.1,0,-0.3,0.1,-0.1,0,-0.3,0.1,-0.1,-0.3,0.3,-0.2,0.8,-0.3,0.3,-0.2,0.7,-0.4,0.4,-0.3,0.9,-0.1,0.2,0.1,0.8,-0.8,-5.2,1.7,12.1,-1.1,-5.4,2.2,9,-1.2,-6.1,2.2,10.3,0.1,-3.5,0.6,17.7,-0.8,-1.7,0.3,1.4,-0.6,-1.2,-0.1,0.9,-0.8,-1.6,0.4,1.3,-0.9,-2.4,0.4,1.9,-0.7,-0.1,0.7,1.2,-1.1,0,0.6,1.6,-0.5,-0.2,0.7,1.1,-0.2,-0.3,0.7,1,-0.1,0.1,-0.1,-0.2,-0.2,0,0,-0.1,-0.1,0,-0.1,-0.2,0,0.3,-0.3,-0.4,-0.1,-1.3,-0.3,0.8,0.1,-1.5,-0.5,1,-0.5,-1.4,-0.4,1.1,0.1,-0.9,-0.1,0.4,-2.2,57.22,7.748,0.9361565,15.29,9958,2342,13333.2002,5.03,6.3
1999/5/31,-4,-3.5,-4.6,-3.6,-1.5,-2,-1.7,-0.3,-4.5,-4.4,-6.4,-2.2,-4.4,-5.4,-4,-2.7,2.7,2.2,2.9,3.4,-22.9,-20.7,-22.1,-25.8,-5.8,-4.4,-5.6,-7.1,-1.3,-1,-1.1,-2.1,1.2,0.7,1,2,-1.5,-1.2,-1.5,-1.7,0,0,-0.2,0.3,0.5,0.6,0.5,0.4,-0.7,-0.8,-0.9,-0.4,0,0.1,0,-0.1,-0.3,-0.4,-0.3,0.1,1.1,-0.9,-0.7,5.7,0.3,0.4,0.1,0.4,0.5,0.7,0.5,0.3,0,-0.1,-0.1,0.3,-0.5,-0.4,-0.6,-0.6,-3.8,-1.7,-0.7,4.5,-2.3,-3.3,-3.3,-1.5,-0.9,4.3,-2,-2.6,-4.5,-2.3,-0.9,4.4,-2.3,-3.7,-3.3,-1.1,-0.2,4.9,-2.5,-3.4,-1.6,-1.2,0.1,3.2,-0.3,-1.6,-1.9,-1.5,-0.2,3.4,-0.5,-1.8,-1.9,-1.4,-0.1,3.2,-0.3,-1.6,0,0.4,0.9,2.5,-0.7,-1.2,-3.6,-1.3,-2.2,7.5,-3.2,-2.3,-3.4,-1.5,-4.2,5.9,-2.9,-0.2,-5.4,-2.9,-2.8,7.5,-3.5,-3.6,-1.5,0.9,0.1,8.9,-3.1,-2.3,-4.2,0.2,1.6,2,-4.6,-6,-5.3,0,1.3,1.7,-5.4,-6.7,-3.7,0.2,1.6,2,-4.2,-5.6,-2.5,0.8,2.5,2.8,-3.5,-5.2,2.9,4.2,6.9,5.9,-1.5,-4.2,2.7,3.6,6.7,5.8,-1.4,-4.5,3.2,4.7,7.2,6.2,-1.8,-4.3,3.2,4.7,7,5.8,-1.3,-3.6,-24.2,-18.5,-10.2,3.7,-4.4,-12.7,-22,-16,-9.1,2.6,-4.7,-11.6,-23.5,-17.4,-9.7,2.8,-4.7,-12.4,-27.4,-22.6,-11.8,5.7,-3.2,-14,-5.6,-2.5,-0.4,0.9,-3.3,-5.4,-4.8,-2.2,-0.6,0.8,-2.2,-3.8,-5.7,-2.4,-0.3,0.8,-3.2,-5.3,-6.1,-2.8,-0.4,1,-4.3,-6.7,-1.7,1.3,1.4,4.3,-2.6,-2.7,-1.5,2.1,1.9,5.8,-3.1,-2.9,-1.4,1.2,1.3,3.8,-2.3,-2.4,-2.4,0.3,0.9,3.1,-2.4,-3,1,1.6,2.9,3.8,-0.4,-1.7,0.6,1.2,3.1,4.7,-0.5,-2.4,0.8,1.1,2.5,3.4,-0.1,-1.5,1.7,2.6,3.3,3.4,-0.6,-1.3,-1.1,0.5,2.5,3.1,-2,-4,-1,0.8,3.4,4.9,-2,-4.6,-1.1,0.9,2.8,3.7,-2.4,-4.3,-1.3,-0.3,1.2,0.8,-1.4,-2.9,-0.4,-0.4,-0.6,0.2,-0.6,0,-0.8,0.2,-0.5,-0.4,-0.8,-0.1,0,-0.8,-0.1,0.6,-0.6,0.7,-0.9,0.5,-0.7,0.9,-1.2,0.7,-0.5,0.7,-0.9,0.3,-0.5,0.5,-0.5,0.7,-0.8,-0.6,-0.3,0.2,-0.7,-0.6,-0.3,0.3,-1.1,-0.9,-0.4,0.2,-0.6,-0.4,-0.2,0.3,-3.2,-0.4,0.1,0.2,-4.1,-0.5,0.1,0.2,-2.7,-0.4,0.1,0.2,-1.6,-0.3,0.1,0.2,0.5,0.8,0.4,0,0.5,0.7,0.3,0,0.6,0.9,0.4,0,0.5,0.8,0.6,0,5.8,-5.4,-4.2,-0.7,3.8,-4,-5.7,-2.5,4.6,-4.6,-6.1,-2.5,9.6,-8.1,0.3,3.5,-0.4,-1.4,0.8,0.5,-0.6,-1.1,0.8,0.1,-0.4,-1.3,0.8,0.1,-0.3,-1.7,0.7,1.4,-1.3,-0.4,0,0.1,-1.8,-0.3,-0.1,0.2,-1.1,-0.3,0,0.1,-0.9,-0.5,0,0.1,-0.2,0.1,-0.2,-0.2,-0.2,0.1,0,-0.2,-0.1,0.1,-0.1,-0.3,-0.4,0.1,-0.3,0,-0.7,0.3,-0.3,-0.1,-0.9,0.6,-0.3,-0.2,-0.6,0.7,-0.4,-0.1,-0.6,-0.6,-0.1,-0.2,-2.2,56.43,7.753,0.93677,15.23,9569,2125,12147.12012,4.61,6.2
1999/6/30,-4.1,-3.7,-4.8,-3.6,-2.3,-2.9,-2.3,-0.9,-5.3,-5.2,-7.4,-3,-0.7,-0.7,-0.7,-0.6,2.1,1.7,2.5,2.8,-20.9,-19.3,-20.7,-22.7,-4.8,-3.7,-4.8,-5.9,0.3,1.3,0.3,-1.1,0.2,0,0.1,0.7,-1.5,-1.2,-1.5,-1.6,-0.3,-0.2,-0.4,-0.3,-0.4,-0.5,-0.4,-0.3,-0.8,-0.8,-0.9,-0.6,3.8,4.9,3.3,2.1,-1,-0.9,-1,-1.3,-1.3,-1,-1.2,-1.8,0.2,0.1,0.1,0.4,1.2,2.1,0.9,0.4,-0.1,0.1,0,-0.3,-0.1,-0.1,-0.3,0.1,-4,-2.6,-1.6,4,-1.5,-2.5,-3.5,-2.3,-1.4,4,-1.4,-2.3,-4.6,-3.3,-1.7,3.9,-1.5,-3.1,-3.6,-1.9,-1.8,4.1,-1.7,-1.8,-1.5,-1.9,0.5,2.8,-0.4,-2.8,-2,-2.3,0.3,3,-0.6,-3.2,-1.7,-2.2,0.2,2.8,-0.1,-2.5,-0.3,-0.3,1.3,2.4,-0.6,-2.2,-4.5,-2.4,-3.4,6.7,-2.9,-1.9,-4.4,-2.5,-5.3,5.2,-2.7,0.1,-6.4,-4.1,-4.2,6.6,-3.3,-3.2,-2.2,-0.5,-0.9,8.1,-2.5,-2.1,-4.4,-1.2,0.9,1.9,0.5,-1.6,-5.4,-1.3,0.6,1.6,0.6,-1.3,-4,-1.1,0.8,1.9,0.4,-1.5,-2.7,-1,1.8,2.8,0.4,-2.4,2.7,3.2,7.4,5.8,-1.1,-5.3,2.2,2.8,7.2,5.8,-1.1,-5.5,2.9,3.5,7.8,6,-1,-5.3,3.4,3.6,7.6,5.5,-0.8,-4.8,-22.9,-19.7,-16.2,0.2,-1.2,-4.7,-20.7,-18.1,-11.6,0.7,-1.2,-7.7,-22.1,-19.4,-12.4,0.5,-1.3,-8.3,-25.8,-21.9,-25.1,-0.6,-0.8,2.4,-5.8,-3.9,-0.9,0.5,-0.9,-3.9,-4.4,-3.4,-0.8,0.4,-0.3,-2.9,-5.6,-4,-0.8,0.5,-0.8,-4,-7.1,-4,-1.1,0.5,-1.9,-4.8,-1.3,0.8,1.7,4.4,-0.5,-1.4,-1,1.8,2.1,7,-0.5,-0.8,-1.1,0.8,1.6,3.8,-0.5,-1.3,-2.1,-0.5,1.3,2.3,-0.6,-2.4,1.2,1,1.7,4.3,-0.8,-1.5,0.7,0.7,1.2,5.2,-0.7,-1.2,1,0.7,1.4,4,-0.6,-1.3,2,1.7,2.7,3.9,-1,-2,-1.5,0.4,1.3,3.3,-1.9,-2.8,-1.2,0.9,2,5.3,-2.1,-3.2,-1.5,0.5,1.6,3.8,-2,-3.1,-1.7,-0.3,0.3,1,-1.3,-1.9,0,-0.6,-0.7,-0.2,0,-0.7,-0.2,0,-0.2,-0.7,-0.6,-0.2,0.3,-0.4,-1.3,-0.3,0.5,-0.8,0.6,0.3,0.6,-1,0.7,0.4,0.5,-0.8,0.5,0.2,0.4,-0.5,0.4,0.3,-0.7,-0.7,-0.7,0.1,-0.8,-0.6,-0.7,0,-0.9,-0.8,-0.9,0.1,-0.4,-0.5,-0.3,0.2,0,0,-0.3,-0.1,0.1,0,-0.3,-0.1,0,0,-0.3,-0.1,-0.1,0,-0.3,-0.1,-0.3,-0.3,0.1,-0.5,-0.4,-0.3,0.1,-0.3,-0.3,-0.4,0.2,-0.6,0.1,-0.1,0,-0.7,1.1,-0.8,-9.3,-3.8,-0.9,-1.1,-6,-2.7,-0.7,-1.2,-6.5,-3,5.7,0.1,-16.2,-5.7,0.3,-0.8,-1.1,-0.7,0.4,-0.6,-0.6,-0.6,0.1,-0.8,-1.1,-0.8,0.4,-0.9,-1.5,-0.8,0.5,-0.7,-0.3,-0.4,0.7,-1.1,-0.1,-0.2,0.5,-0.5,-0.2,-0.5,0.3,-0.2,-0.6,-0.6,0,-0.1,0.1,0.9,-0.1,-0.2,0.1,0.7,-0.1,-0.1,0.2,0.9,0.3,0,0,1,-0.5,-0.1,0.2,-0.2,-0.4,0.1,0.2,-0.2,-0.6,-0.5,0.3,-0.3,-0.6,0.1,0.2,0.1,-2.1,56.45,7.756,0.9375,15.86,11886,2076,13532.13965,5.12,6.1
1999/7/31,-5.5,-5,-6.3,-5.1,-2.4,-3.1,-2.5,-1.2,-8.5,-8.8,-10.4,-5.8,-0.2,-0.3,-0.2,-0.1,0.9,0.6,1,1.6,-24.1,-22.5,-24.1,-25.3,-7.4,-5.9,-7.4,-8.7,-0.2,1,-0.3,-1.8,0.2,0.4,0.1,0,-1.7,-1.5,-2,-1.3,-1.5,-1.4,-1.4,-1.7,-0.3,-0.3,-0.3,-0.4,-3.1,-3.7,-3.1,-2.6,0.3,0.2,0.3,0.3,-0.1,-0.1,-0.2,0,-6.4,-5.5,-6,-7.5,-2.8,-2.3,-2.8,-3.2,-0.8,-0.3,-0.8,-1.6,0.6,0.6,0.5,0.6,0.7,0.4,0.7,0.9,-4.1,-3.8,-1.1,3.2,-1.7,-4.4,-3.7,-3.3,-0.9,2.7,-1.7,-4.1,-4.8,-4.5,-1.6,3.2,-1.8,-4.7,-3.6,-3.3,-0.5,3.7,-1.8,-4.6,-2.3,-1.6,-0.5,0.2,-0.8,-1.9,-2.9,-1.9,-0.8,-0.3,-1.2,-2.3,-2.3,-1.9,-0.8,0.5,-0.6,-1.7,-0.9,0,0.7,0.7,-1.2,-1.9,-5.3,-3.6,-0.1,6.1,-4.9,-8.4,-5.2,-3.4,-0.5,4.7,-5.4,-8.3,-7.4,-5.4,-1.5,5.8,-5,-8.9,-3,-1.5,1.8,7.6,-4.3,-7.6,-0.7,-4.2,0.2,1.8,4,-0.4,-0.7,-5.3,0.1,1.5,5,-0.4,-0.7,-3.7,0.1,1.7,3.5,-0.3,-0.6,-2.5,0.6,2.7,2.4,-0.7,2.1,2.9,7.8,6.6,-2,-6.9,1.7,2.7,7.4,6.5,-2.1,-6.8,2.5,3.2,8,6.9,-2.2,-7,2.8,3.2,8.4,6.1,-1.6,-6.8,-20.9,-24.2,-15.5,1.2,0.1,-8.6,-19.3,-22,-13.1,2.1,-0.5,-9.4,-20.7,-23.5,-14,2,-0.6,-10.1,-22.7,-27.4,-20,-0.5,2.1,-5.3,-4.8,-5.6,-1.2,0.7,-1.8,-6.2,-3.7,-4.8,-1.3,0.7,-1.1,-4.6,-4.8,-5.7,-1.3,0.6,-1.7,-6.1,-5.9,-6.1,-1,0.8,-2.6,-7.7,0.3,-1.7,2.2,3.3,1.5,-2.4,1.3,-1.5,2.5,4.9,2.5,-1.5,0.3,-1.4,2.2,2.9,1.1,-2.5,-1.1,-2.4,1.8,1.8,0.6,-3.6,0.2,1,1.4,4.7,-0.8,-1.2,0,0.6,0.9,5.3,-0.2,-0.5,0.1,0.8,1,4.3,-0.7,-0.9,0.7,1.7,2.5,4.6,-1.7,-2.5,-1.5,-1.1,-1.2,4.1,-0.6,-0.5,-1.2,-1,-0.8,6.2,-0.5,-0.7,-1.5,-1.1,-1.3,4.9,-0.9,-0.7,-1.6,-1.3,-1.5,1.6,0,0.2,-0.3,-0.4,0.6,0,-0.2,-0.6,0.9,0,-0.4,-0.5,0.2,0.1,-0.3,0,0.9,-0.1,-0.4,-0.6,-0.3,-0.1,-0.5,-0.7,-0.4,-0.2,-0.4,-0.5,-0.3,-0.1,-0.3,-0.5,0,-0.1,-0.8,-0.8,4.1,0.2,-0.8,-0.7,5.7,0.1,-0.9,-1.1,3.5,0.2,-0.6,-0.6,3.7,0.3,3.8,-3.2,-0.3,-0.2,4.9,-4.1,-0.3,-0.2,3.3,-2.7,-0.3,-0.2,2.1,-1.6,-0.3,-0.2,-1,0.5,0.3,1.1,-0.9,0.5,0.3,1,-1,0.6,0.4,1.3,-1.3,0.5,0.2,1.2,-1.3,5.8,-5.2,-2.5,-1,3.8,-5.4,-1.6,-1.2,4.6,-6.1,-1.7,-1.8,9.6,-3.5,-4.3,0.2,-0.4,-1.7,-0.1,0.1,-0.6,-1.2,0,0.1,-0.4,-1.6,-0.1,0.4,-0.3,-2.4,-0.2,1.2,-1.3,-0.1,-0.3,2.1,-1.8,0,0,0.9,-1.1,-0.2,-0.2,0.4,-0.9,-0.3,-0.9,-0.1,-0.2,0.1,0.7,0.1,-0.2,0,0.3,0,-0.1,0,0.5,-0.3,-0.4,0.3,1.3,-0.1,-0.7,-1.3,0.9,-0.1,-0.9,-1.5,0.8,-0.3,-0.6,-1.4,1.3,0.1,-0.6,-0.9,0.5,-1.4,55.03,7.76,0.9385,19.08,13276,1911,13186.86035,5.07,6.2
1999/8/31,-6.1,-5.2,-6.9,-6.1,-2.2,-2.5,-2.5,-1.5,-9.6,-9.5,-11.4,-7.4,0.3,0.2,0.3,0.4,-0.4,-0.3,-0.4,-0.5,-25.6,-24.1,-25.7,-26.5,-8.8,-7.5,-9,-9.8,-1.6,-0.3,-1.6,-3.3,-0.3,0.3,-0.1,-1.1,-1.9,-1.5,-2.1,-1.8,-0.9,-0.7,-0.9,-1.3,-0.6,-0.5,-0.7,-0.6,-1.2,-0.7,-1.1,-1.7,0.4,0.4,0.4,0.4,-0.9,-0.7,-1,-1.1,-3.5,-3,-3,-4.7,-2.1,-2.1,-2.3,-1.7,-1.4,-1.2,-1.3,-1.6,-0.2,-0.2,-0.3,-0.1,-0.2,-0.1,-0.1,-0.5,-5.5,-4,-1.7,2.7,-2.1,-4.4,-5,-3.5,-1.5,2,-1.7,-3.7,-6.3,-4.6,-2.3,2.7,-2.3,-4.6,-5.1,-3.6,-1.1,3.7,-2.5,-5,-2.4,-1.5,-1.2,-0.4,-0.7,-1,-3.1,-2,-1.5,-1.1,-0.5,-1,-2.5,-1.7,-1.4,-0.2,-0.8,-1.1,-1.2,-0.3,0.4,0.6,-1.2,-1.9,-8.5,-4.5,-1.3,5.4,-5.1,-8.3,-8.8,-4.4,-1.5,4.2,-5.1,-8,-10.4,-6.4,-2.9,5.2,-5,-8.5,-5.8,-2.2,0.9,6.7,-5.2,-8.3,-0.2,-4.4,0.2,1.7,4.7,0.1,-0.3,-5.4,0,1.4,5.6,0.2,-0.2,-4,0.2,1.7,4.3,0.1,-0.1,-2.7,0.8,2.6,3.1,-0.4,0.9,2.7,4.2,6.5,-3.1,-4.6,0.6,2.2,3.6,6.4,-2.5,-3.9,1,2.9,4.7,6.7,-3.3,-5.1,1.6,3.4,4.7,6.5,-3.9,-5.2,-24.1,-22.9,-18.5,2.4,-2.7,-7.1,-22.5,-20.7,-16,2.2,-3.4,-8.1,-24.1,-22.1,-17.4,2.5,-3.6,-8.3,-25.3,-25.8,-22.6,2.3,-0.7,-3.9,-7.4,-5.8,-2.5,0.9,-3,-6.3,-5.9,-4.4,-2.2,0.7,-3.1,-5.3,-7.4,-5.6,-2.4,0.6,-3.4,-6.6,-8.7,-7.1,-2.8,1.4,-2.7,-7,-0.2,-1.3,1.3,1.1,-0.3,-2.9,1,-1,2.1,1.6,0.7,-2.4,-0.3,-1.1,1.2,0.9,-0.5,-2.8,-1.8,-2.1,0.3,0.5,-1.2,-3.6,0.2,1.2,1.6,4.9,-1.5,-1.9,0.4,0.7,1.2,5.2,-0.4,-0.9,0.1,1,1.1,4.2,-1.1,-1.2,0,2,2.6,5.6,-3.1,-3.7,-1.7,-1.5,0.5,3.7,-0.4,-2.4,-1.5,-1.2,0.8,5.3,-0.3,-2.3,-2,-1.5,0.9,4.5,-0.6,-3,-1.3,-1.7,-0.3,1.3,-0.1,-1.5,-1.5,0,-0.4,-0.3,-1.4,0,0,-0.5,-1.4,-0.2,-0.4,-0.3,-1.7,0.3,-0.8,-0.2,-0.3,0.5,0.7,-0.8,-0.3,0.6,0.9,-1.1,-0.3,0.5,0.7,-0.7,-0.4,0.4,0.5,-0.3,-3.1,-0.7,-0.6,0,-3.7,-0.8,-0.6,0,-3.1,-0.9,-0.9,0.1,-2.6,-0.4,-0.4,0,0.3,0,-0.4,-0.1,0.2,0.1,-0.5,-0.1,0.3,0,-0.4,-0.1,0.3,-0.1,-0.3,-0.1,-0.1,-0.3,0.8,0.4,-0.1,-0.4,0.7,0.2,-0.2,-0.3,0.9,0.4,0,0.1,0.8,0.9,-6.4,1.1,-5.4,-1.6,-5.5,-0.9,-4,-0.9,-6,-0.7,-4.6,-0.9,-7.5,5.7,-8.1,-3.2,-2.8,0.3,-1.4,-0.5,-2.3,0.4,-1.1,-0.4,-2.8,0.1,-1.3,-0.6,-3.2,0.4,-1.7,-0.6,-0.8,0.5,-0.4,0,-0.3,0.7,-0.3,0,-0.8,0.5,-0.3,0,-1.6,0.3,-0.5,-0.1,0.6,0,0.1,0.2,0.6,-0.1,0.1,-0.1,0.5,-0.1,0.1,-0.1,0.6,0.3,0.1,1,0.7,-0.5,0.3,0,0.4,-0.4,0.6,-0.2,0.7,-0.6,0.7,-0.1,0.9,-0.6,-0.6,0.1,-1.3,53.12,7.763,0.939,20.22,13617,1790,13482.76953,5.57,6.4
1999/9/30,-6,-4.9,-6.9,-6.1,-1.4,-1.4,-1.8,-1.1,-10.3,-10.1,-11.9,-8.5,1.1,1,1.1,1.2,-2.4,-2.1,-2.8,-2.8,-23.1,-23.5,-24.7,-20.4,-8.9,-7.4,-9,-10,-2.7,-1.9,-2.5,-4,-0.3,0,-0.4,-0.4,-1.8,-0.5,-2.1,-2.6,0.2,0.7,0.1,0,1.4,1.9,1.2,0.7,-1,-0.8,-1,-1.1,0.6,0.6,0.7,0.6,-1.9,-1.6,-2,-2.5,2.6,0.9,1.4,6,-0.5,-0.5,-0.5,-0.6,-0.1,-0.3,-0.2,0.4,-0.2,-0.2,-0.4,-0.1,0.6,2.2,0.4,-0.4,-6.1,-4.1,-2.6,2.5,-1.9,-3.4,-5.2,-3.7,-2.3,2.3,-1.2,-2.6,-6.9,-4.8,-3.3,2.3,-2.1,-3.6,-6.1,-3.6,-1.9,3.1,-2.5,-4.2,-2.2,-2.3,-1.9,1.3,0.9,0.5,-2.5,-2.9,-2.3,1.3,1.5,0.9,-2.5,-2.3,-2.2,1.2,0.5,0.4,-1.5,-0.9,-0.3,1.6,-0.2,-0.8,-9.6,-5.3,-2.4,4.4,-5,-7.9,-9.5,-5.2,-2.5,3.4,-4.9,-7.6,-11.4,-7.4,-4.1,3.8,-4.5,-7.8,-7.4,-3,-0.5,6,-5.5,-8,0.3,-0.7,-1.2,1.6,1.8,2.3,0.2,-0.7,-1.3,1.3,1.7,2.3,0.3,-0.7,-1.1,1.6,1.8,2.2,0.4,-0.6,-1,2.5,1.8,2.2,-0.4,2.1,3.2,6.8,-4.5,-5.6,-0.3,1.7,2.8,6.7,-3.8,-4.9,-0.4,2.5,3.5,7.1,-5.3,-6.3,-0.5,2.8,3.6,6.2,-5.6,-6.4,-25.6,-20.9,-19.7,1.2,-2.2,-3.4,-24.1,-19.3,-18.1,1.2,-4.2,-5.4,-25.7,-20.7,-19.4,1.6,-4,-5.3,-26.5,-22.7,-21.9,0.4,2.3,1.5,-8.8,-4.8,-3.9,0.4,-4.1,-5,-7.5,-3.7,-3.4,0.1,-3.7,-4,-9,-4.8,-4,0.2,-4.2,-5,-9.8,-5.9,-4,1.1,-4.1,-6,-1.6,0.3,0.8,0.9,-3,-3.5,-0.3,1.3,1.8,1.5,-3.2,-3.7,-1.6,0.3,0.8,0.6,-2.8,-3.3,-3.3,-1.1,-0.5,0.8,-2.9,-3.5,-0.3,0.2,1,3.1,-0.5,-1.3,0.3,0,0.7,3.1,0,-0.7,-0.1,0.1,0.7,2.5,-0.5,-1.1,-1.1,0.7,1.7,3.8,-1.1,-2.1,-1.9,-1.5,0.4,2.1,-0.3,-2.2,-1.5,-1.2,0.9,3.5,0.7,-1.4,-2.1,-1.5,0.5,2.9,-0.6,-2.6,-1.8,-1.6,-0.3,-0.1,-1,-2.3,-0.9,-0.3,-0.6,0.1,-0.7,-0.2,-0.7,0.4,-0.9,-0.4,-0.7,0,-1.3,-0.3,-0.4,0,-0.6,-0.4,-0.8,0.6,-0.5,-0.5,-1,0.8,-0.7,-0.4,-0.8,0.4,-0.6,-0.3,-0.5,0.3,-1.2,-0.8,-0.7,-0.2,-0.7,-0.8,-0.6,-0.1,-1.1,-0.9,-0.8,-0.5,-1.7,-0.6,-0.5,0.1,0.4,3.8,0,-0.1,0.4,4.9,0,-0.1,0.4,3.3,0,-0.1,0.4,2.1,0,-0.1,-0.9,-1,-0.3,0.2,-0.7,-0.9,-0.3,0.2,-1,-1,-0.4,0.3,-1.1,-1.3,-0.1,-0.2,-3.5,-1.3,-0.8,-0.6,-3,-1,-1.1,0,-3,-1.2,-1.2,0,-4.7,-1.8,0.1,-2.2,-2.1,0.2,-0.8,-0.5,-2.1,0.1,-0.6,-0.6,-2.3,0.1,-0.8,-0.4,-1.7,0.4,-0.9,-0.3,-1.4,1.2,-0.7,1,-1.2,2.1,-1.1,1.3,-1.3,0.9,-0.5,0.8,-1.6,0.4,-0.2,1.1,-0.2,-0.1,-0.1,-0.2,-0.2,0.1,-0.2,0.1,-0.3,0,-0.1,0,-0.1,-0.3,0,-0.7,-0.2,-0.1,-0.1,0.6,-0.1,-0.1,0.1,1.2,-0.1,-0.3,-0.5,0.4,-0.5,0.1,0.1,0.3,-0.8,52.1,7.766,0.9385,22.54,12364,1768,12733.24023,5.51,6.5
1999/10/31,-4.2,-3.1,-5.1,-4.1,-2.4,-2.7,-2.6,-1.7,-4.4,-2,-6.3,-4.1,1.3,1.2,1.4,1.4,-1.5,-1.4,-1.7,-1.5,-21.4,-23.4,-24.2,-15.3,-8.3,-6.8,-8.4,-9.4,-1.4,-1.2,-1.1,-2.4,-0.1,0.1,-0.2,-0.1,-1.8,-0.2,-2,-2.9,0.3,0,0.3,0.6,-1.7,-2.1,-1.4,-1,1.4,2.2,1.3,0.7,0.4,0.4,0.4,0.4,0.7,0.5,0.7,1.5,4,2.4,2.9,7,1,0.5,1.1,1.2,2,1.3,2.3,2.4,0.1,0,0.1,0,-0.3,-0.3,-0.3,-0.5,-6,-5.5,-3.8,0.1,1.3,-0.4,-4.9,-5,-3.3,-0.1,1.9,0.2,-6.9,-6.3,-4.5,0,1.2,-0.6,-6.1,-5.1,-3.3,0.5,1,-0.8,-1.4,-2.4,-1.6,0.8,0,-0.8,-1.4,-3.1,-1.9,0.7,0.4,-0.8,-1.8,-2.5,-1.9,0.6,-0.1,-0.7,-1.1,-1.2,0,1.3,-0.5,-1.7,-10.3,-8.5,-3.6,-1.3,4.1,-0.8,-10.1,-8.8,-3.4,-3.5,6.8,1.4,-11.9,-10.4,-5.4,-1.9,4.1,-0.9,-8.5,-5.8,-1.5,1.2,1.7,-2.6,1.1,-0.2,-4.2,1.7,1.5,5.5,1,-0.3,-5.3,1.4,1.5,6.5,1.1,-0.2,-3.7,1.6,1.6,5.1,1.2,-0.1,-2.5,2.6,1.5,3.9,-2.4,0.9,2.9,6.3,-2.4,-4.4,-2.1,0.6,2.7,6.2,-2,-4.1,-2.8,1,3.2,6.5,-2.7,-4.9,-2.8,1.6,3.2,6.2,-3.1,-4.7,-23.1,-24.1,-24.2,-4.6,2.7,2.8,-23.5,-22.5,-22,-3.2,-0.9,-1.4,-24.7,-24.1,-23.5,-3.3,-0.1,-0.7,-20.4,-25.3,-27.4,-7.9,10,12.1,-8.9,-7.4,-5.6,-0.8,-0.9,-2.7,-7.4,-5.9,-4.8,-1.1,-0.9,-2,-9,-7.4,-5.7,-0.9,-1,-2.7,-10,-8.7,-6.1,-0.3,-0.7,-3.3,-2.7,-0.2,-1.7,1,-1.2,0.3,-1.9,1,-1.5,1.7,-2.2,0.3,-2.5,-0.3,-1.4,0.7,-0.8,0.3,-4,-1.8,-2.4,0.5,-0.6,0,-0.3,0.2,1,3,-0.3,-1.1,0,0.4,0.6,3.1,-0.3,-0.5,-0.4,0.1,0.8,2.5,-0.3,-1,-0.4,0,1.7,3.7,-0.1,-1.8,-1.8,-1.7,-1.1,2.1,-0.1,-0.7,-0.5,-1.5,-1,3.4,1.3,0.8,-2.1,-2,-1.1,2.9,0,-0.9,-2.6,-1.3,-1.3,0.1,-1.6,-1.6,0.2,-1.5,-0.4,-1.6,0.7,-1.4,-0.6,-1.9,0.1,-1.4,-0.5,-1.5,0,-1.7,0,-1.5,1.4,-0.3,-0.6,-0.7,1.9,-0.3,-0.7,-0.9,1.2,-0.3,-0.5,-0.6,0.7,-0.4,-0.5,-0.4,-1,-3.1,-0.8,-4.9,-0.8,-3.7,-0.7,-6.2,-1,-3.1,-1.1,-4.8,-1.1,-2.6,-0.6,-3.9,0.6,0.3,-3.2,0.1,0.6,0.2,-4.1,0.1,0.7,0.3,-2.7,0.1,0.6,0.3,-1.6,0.1,-1.9,-0.1,0.5,-0.2,-1.6,-0.1,0.5,-0.2,-2,-0.2,0.6,-0.3,-2.5,0,0.5,0.1,2.6,-6.4,5.8,1.7,0.9,-5.5,3.8,2.2,1.4,-6,4.6,2.2,6,-7.5,9.6,0.6,-0.5,-2.8,-0.4,0.3,-0.5,-2.3,-0.6,-0.1,-0.5,-2.8,-0.4,0.4,-0.6,-3.2,-0.3,0.4,-0.1,-0.8,-1.3,0.7,-0.3,-0.3,-1.8,0.6,-0.2,-0.8,-1.1,0.7,0.4,-1.6,-0.9,0.7,-0.2,0.6,-0.2,-0.1,-0.2,0.6,-0.2,0,-0.4,0.5,-0.1,-0.1,-0.1,0.6,-0.4,-0.3,0.6,0.7,-0.7,-0.3,2.2,0.4,-0.9,-0.5,0.4,0.7,-0.6,-0.4,-0.4,0.9,-0.6,-0.1,-0.6,51,7.768,0.9385,22,11855,1820,13256.9502,5.27,6.5
1999/11/30,-4.2,-2.9,-4.9,-4.5,-2.2,-2.4,-2.4,-1.6,-5.3,-2.5,-6.9,-5.6,1.2,1.1,1.3,1.3,-2.1,-1.7,-2.3,-2.8,-17.1,-18.6,-19,-13,-9,-7.5,-9.1,-10.3,-2.1,-1.7,-1.8,-3,-0.1,0.1,-0.2,0,-1.8,-0.3,-2.1,-2.7,-0.7,-0.7,-0.7,-0.8,-0.7,-0.9,-0.6,-0.4,-1.1,-0.7,-1,-1.7,0,0,0,0,0.1,0.1,0,0,-0.1,-0.6,-0.7,1.3,-0.6,-0.8,-0.7,-0.3,-1.1,-0.9,-1.1,-1.4,-0.2,-0.1,-0.2,-0.3,-0.6,-1,-0.7,-0.3,-4.2,-6.1,-4,-0.7,1.9,-0.2,-3.1,-5.2,-3.5,-0.9,2.3,0.6,-5.1,-6.9,-4.6,-0.9,2,-0.3,-4.1,-6.1,-3.6,-0.2,1.6,-0.9,-2.4,-2.2,-1.5,0.1,0,-0.7,-2.7,-2.5,-2,-0.2,0.1,-0.4,-2.6,-2.5,-1.7,-0.1,0.1,-0.7,-1.7,-1.5,-0.3,0.9,-0.1,-1.3,-4.4,-9.6,-4.5,-2.2,4.3,-0.8,-2,-9.5,-4.4,-4.2,7,1.9,-6.3,-11.4,-6.4,-2.8,4.5,-0.5,-4.1,-7.4,-2.2,0.1,1.8,-3.4,1.3,0.3,-4.4,1.6,0.9,5.6,1.2,0.2,-5.4,1.3,0.9,6.5,1.4,0.3,-4,1.6,1,5.3,1.4,0.4,-2.7,2.5,0.9,4,-1.5,-0.4,2.7,6.9,-1.7,-4.8,-1.4,-0.3,2.2,6.7,-1.4,-3.9,-1.7,-0.4,2.9,7.2,-1.9,-5.2,-1.5,-0.5,3.4,7,-2.3,-6.2,-21.4,-25.6,-22.9,-10.2,8.5,5.8,-23.4,-24.1,-20.7,-9.1,5.5,2.1,-24.2,-25.7,-22.1,-9.7,6.7,3.1,-15.3,-26.5,-25.8,-11.8,13.5,12.8,-8.3,-8.8,-5.8,-0.4,-0.2,-3.2,-6.8,-7.5,-4.4,-0.6,0,-3.1,-8.4,-9,-5.6,-0.3,-0.1,-3.5,-9.4,-9.8,-7.1,-0.4,-0.5,-3.2,-1.4,-1.6,-1.3,1.4,-0.5,-0.8,-1.2,-0.3,-1,1.9,-1.4,-0.7,-1.1,-1.6,-1.1,1.3,-0.2,-0.7,-2.4,-3.3,-2.1,0.9,0.3,-0.9,-0.1,-0.3,1.2,2.9,0.2,-1.3,0.1,0.3,0.7,3.1,-0.2,-0.6,-0.2,-0.1,1,2.5,-0.1,-1.2,-0.1,-1.1,2,3.3,1.1,-2,-1.8,-1.9,-1.5,2.5,0.1,-0.3,-0.2,-1.5,-1.2,3.4,1.2,0.9,-2,-2.1,-1.5,2.8,0,-0.6,-2.9,-1.8,-1.7,1.2,-0.9,-1,0.3,-0.9,0,-0.6,0,-0.7,0,-0.8,0.3,-0.9,-0.2,-0.8,0.6,-1.3,0.3,-0.1,-1.7,-0.6,0.5,-0.9,-2.1,-0.5,0.6,-1.2,-1.4,-0.7,0.5,-0.9,-1,-0.6,0.4,-0.5,1.4,-1.2,-0.7,-0.3,2.2,-0.7,-0.8,-0.3,1.3,-1.1,-0.9,-0.4,0.7,-1.7,-0.4,-0.2,0.4,0.4,0,0.1,0.4,0.4,0.1,0.1,0.4,0.4,0,0.1,0.4,0.4,-0.1,0.1,0.7,-0.9,-0.3,0.4,0.5,-0.7,-0.4,0.3,0.7,-1,-0.3,0.4,1.5,-1.1,0.1,0.6,4,-3.5,1.1,-4.2,2.4,-3,-0.9,-5.7,2.9,-3,-0.7,-6.1,7,-4.7,5.7,0.3,1,-2.1,0.3,0.8,0.5,-2.1,0.4,0.8,1.1,-2.3,0.1,0.8,1.2,-1.7,0.4,0.7,2,-1.4,0.5,0,1.3,-1.2,0.7,-0.1,2.3,-1.3,0.5,0,2.4,-1.6,0.3,0,0.1,-0.2,0,-0.2,0,-0.2,-0.1,0,0.1,-0.3,-0.1,-0.1,0,-0.1,0.3,-0.3,-0.3,-0.2,-0.5,-0.3,-0.3,-0.1,-0.4,-0.3,-0.3,-0.1,-0.6,-0.4,-0.5,-0.5,-0.6,-0.1,-0.9,51.98,7.771,0.939,24.58,9529,1983,15377.19043,5.63,6.5
1999/12/31,-4,-2.9,-4.9,-4.1,-2.4,-2.6,-2.6,-1.8,-5.9,-2.6,-7.3,-6.8,1.7,1.6,1.8,1.8,-2,-1.7,-2.2,-2.4,-12.8,-16.2,-16.6,-3.6,-9,-7.5,-9.1,-9.9,-2,-1.6,-1.8,-2.8,0.4,0.2,0,1.1,-2,-0.9,-2.4,-2.5,-0.5,-0.3,-0.5,-0.7,0.4,0.5,0.3,0.3,-1.2,-0.8,-1.3,-1.5,0.3,0.3,0.3,0.3,-0.2,-0.1,-0.2,-0.5,-4.3,-3.9,-3.2,-6.4,-0.8,-0.5,-0.8,-0.9,-0.3,0,-0.2,-0.6,0.7,0.6,0.6,1,-0.3,-0.7,-0.3,0.1,-4.2,-6,-4.1,-1.6,2,0.1,-2.9,-4.9,-3.7,-1.4,2,0.8,-4.9,-6.9,-4.8,-1.7,2,-0.1,-4.5,-6.1,-3.6,-1.8,2,-0.5,-2.2,-1.4,-2.3,0.5,-1,-0.1,-2.4,-1.4,-2.9,0.3,-1.2,0.3,-2.4,-1.8,-2.3,0.2,-0.8,-0.3,-1.6,-1.1,-0.9,1.3,-0.7,-0.9,-5.3,-10.3,-5.3,-3.4,4.4,-0.6,-2.5,-10.1,-5.2,-5.3,7.5,2.6,-6.9,-11.9,-7.4,-4.2,4.6,0.1,-5.6,-8.5,-3,-0.9,1.7,-3.8,1.2,1.1,-0.7,0.9,0.6,2.4,1.1,1,-0.7,0.6,0.6,2.3,1.3,1.1,-0.7,0.8,0.7,2.5,1.3,1.2,-0.6,1.8,0.6,2.4,-2.1,-2.4,2.1,7.4,0.4,-4.1,-1.7,-2.1,1.7,7.2,0.4,-3.4,-2.3,-2.8,2.5,7.8,0.6,-4.7,-2.8,-2.8,2.8,7.6,0.4,-5.2,-17.1,-23.1,-20.9,-16.2,10.3,8.1,-18.6,-23.5,-19.3,-11.6,7.3,3.1,-19,-24.7,-20.7,-12.4,8.1,4.1,-13,-20.4,-22.7,-25.1,16.8,19.1,-9,-8.9,-4.8,-0.9,-0.1,-4.2,-7.5,-7.4,-3.7,-0.8,-0.1,-3.8,-9.1,-9,-4.8,-0.8,-0.1,-4.3,-10.3,-10,-5.9,-1.1,0.1,-4,-2.1,-2.7,0.3,1.7,0.7,-2.3,-1.7,-1.9,1.3,2.1,0.3,-2.9,-1.8,-2.5,0.3,1.6,0.7,-2.1,-3,-4,-1.1,1.3,1.2,-1.7,-0.1,-0.3,0.2,1.7,0.7,0.2,0.1,0,0,1.2,0.2,0.2,-0.2,-0.4,0.1,1.4,0.4,-0.1,0,-0.4,0.7,2.7,1.5,0.4,-1.8,-1.8,-1.5,1.3,-0.2,-0.5,-0.3,-0.5,-1.2,2,-0.4,0.3,-2.1,-2.1,-1.5,1.6,-0.3,-0.9,-2.7,-2.6,-1.6,0.3,0.1,-0.9,-0.7,0.2,-0.3,-0.7,-0.7,0.7,-0.2,-0.2,-0.7,0.1,-0.4,-0.6,-0.8,0,-0.3,-1.3,-0.7,1.4,-0.4,0.6,-0.9,1.9,-0.5,0.7,-0.6,1.2,-0.4,0.5,-0.4,0.7,-0.3,0.4,-1.1,-1,-0.8,-0.7,-0.7,-0.8,-0.8,-0.7,-1,-1,-0.9,-0.9,-1.7,-1.1,-0.6,-0.3,0,0.6,3.8,-0.3,0,0.6,4.9,-0.3,0,0.7,3.3,-0.3,0,0.6,2.1,-0.3,0.1,-1.9,-1,0.1,0.1,-1.6,-0.9,0.1,0,-2,-1,0.2,0,-2.5,-1.3,0,-0.1,2.6,-1.3,-9.3,-0.6,0.9,-1,-6,-0.7,1.4,-1.2,-6.5,1.3,6,-1.8,-16.2,-0.6,-0.5,0.2,-1.1,-0.8,-0.5,0.1,-0.6,-0.7,-0.5,0.1,-1.1,-0.3,-0.6,0.4,-1.5,-1.1,-0.1,1.2,-0.3,-0.9,-0.3,2.1,-0.1,-1.1,-0.2,0.9,-0.2,-1.4,0.4,0.4,-0.6,-0.2,-0.2,-0.1,0.1,-0.1,-0.2,0.1,0.1,-0.2,-0.4,0,0.2,-0.3,-0.1,-0.3,0,-0.6,0.6,-0.1,0.2,-1,2.2,-0.1,0.2,-0.7,0.4,-0.3,0.3,-0.3,-0.4,0.1,0.2,-1,53.86,7.771,0.938,25.47,9115,2043,16962.09961,3.99,6.2
2000/1/31,-5.3,-4.2,-5.7,-6.2,-2.4,-2.5,-2.4,-2.3,-10.4,-8.3,-11,-11.4,2.3,2.2,2.4,2.4,-2.3,-2,-2.6,-2.5,-14,-16,-16.3,-8.3,-7.5,-6.4,-7.8,-7.9,-1.9,-1.6,-1.7,-2.6,0.1,0.1,-0.1,0.5,-1.1,0.4,-1.3,-2.2,-0.7,-0.5,-0.6,-1,-0.2,-0.2,-0.2,-0.4,-0.8,-0.5,-0.6,-1.3,0.1,0.1,0.1,0.1,0.3,0.1,0.3,0.8,-6.7,-6,-5.9,-8.6,-0.1,-0.1,-0.1,-0.1,0,0,0,0,-0.2,-0.2,-0.1,-0.2,-0.3,-0.3,-0.3,-0.4,-4,-4.2,-5.5,-1.1,-1.1,0.2,-2.9,-3.1,-5,-0.9,-1.1,0.8,-4.9,-5.1,-6.3,-1.6,-0.6,0.6,-4.1,-4.1,-5.1,-0.5,-2.1,-1.1,-2.4,-2.4,-2.4,-0.5,0,0,-2.6,-2.7,-3.1,-0.8,0.2,0.6,-2.6,-2.6,-2.5,-0.8,0.2,0.1,-1.8,-1.7,-1.2,0.7,-0.6,-1.1,-5.9,-4.4,-8.5,-0.1,-6,-1.9,-2.6,-2,-8.8,-0.5,-6.3,0.5,-7.3,-6.3,-10.4,-1.5,-4.7,-0.6,-6.8,-4.1,-5.8,1.8,-7.3,-5.6,1.7,1.3,-0.2,0.2,1,2.5,1.6,1.2,-0.3,0.1,1,2.5,1.8,1.4,-0.2,0.1,1,2.6,1.8,1.4,-0.1,0.6,1,2.5,-2,-1.5,0.9,7.8,-0.8,-3.2,-1.7,-1.4,0.6,7.4,-0.6,-2.6,-2.2,-1.7,1,8,-0.9,-3.6,-2.4,-1.5,1.6,8.4,-1,-4.1,-12.8,-21.4,-24.1,-15.5,7.4,10.1,-16.2,-23.4,-22.5,-13.1,7.4,6.5,-16.6,-24.2,-24.1,-14,7.9,7.8,-3.6,-15.3,-25.3,-20,7,17,-9,-8.3,-7.4,-1.2,0.8,-0.1,-7.5,-6.8,-5.9,-1.3,0.4,-0.5,-9.1,-8.4,-7.4,-1.3,0.6,-0.4,-9.9,-9.4,-8.7,-1,1.5,0.8,-2,-1.4,-0.2,2.2,-0.5,-1.7,-1.6,-1.2,1,2.5,-0.4,-2.6,-1.8,-1.1,-0.3,2.2,-0.6,-1.4,-2.8,-2.4,-1.8,1.8,-0.2,-0.8,0.4,-0.1,0.2,1.4,0.2,-0.1,0.2,0.1,0.4,0.9,0,-0.3,0,-0.2,0.1,1,0.1,-0.2,1.1,-0.1,0,2.5,0.6,0.5,-2,-1.8,-1.7,-1.2,0.7,0.6,-0.9,-0.2,-1.5,-0.8,0.6,1.9,-2.4,-2,-2,-1.3,0.7,0.7,-2.5,-2.9,-1.3,-1.5,0.7,-0.9,-0.5,0.3,-1.5,0.6,-0.3,0,-1.4,0.9,-0.5,0.3,-1.4,0.2,-0.7,0.6,-1.7,0.9,0.4,-1.7,-0.3,-0.3,0.5,-2.1,-0.3,-0.4,0.3,-1.4,-0.3,-0.3,0.3,-1,-0.4,0,-1.2,1.4,-3.1,4.1,-0.8,2.2,-3.7,5.7,-1.3,1.3,-3.1,3.5,-1.5,0.7,-2.6,3.7,0.3,0.4,0.3,-0.3,0.3,0.4,0.2,-0.3,0.3,0.4,0.3,-0.3,0.3,0.4,0.3,-0.3,-0.2,0.7,-0.1,0.3,-0.1,0.5,-0.1,0.3,-0.2,0.7,-0.2,0.4,-0.5,1.5,0,0.2,-4.3,4,-6.4,-5.2,-3.9,2.4,-5.5,-5.4,-3.2,2.9,-6,-6.1,-6.4,7,-7.5,-3.5,-0.8,1,-2.8,-1.7,-0.5,0.5,-2.3,-1.2,-0.8,1.1,-2.8,-1.6,-0.9,1.2,-3.2,-2.4,-0.3,2,-0.8,-0.1,0,1.3,-0.3,0,-0.2,2.3,-0.8,-0.2,-0.6,2.4,-1.6,-0.3,0.7,0.1,0.6,0.1,0.6,0,0.6,0,0.6,0.1,0.5,0,1,0,0.6,0.3,-0.3,-0.3,0.7,-1.3,-0.7,-0.3,0.4,-1.5,-0.3,-0.3,0.7,-1.4,0.1,-0.5,0.9,-0.9,-0.2,53.3,7.781,0.9405,25.51,8473.1184,2433,15532.33984,5.87,5.8
2000/2/29,-5.1,-4.2,-5.4,-5.8,-2.7,-2.9,-2.7,-2.6,-10.5,-8.4,-10.8,-11.8,3.4,3.6,3.4,3,-3.1,-2.6,-3.4,-3.5,-13.1,-15.6,-15.8,-6.3,-6.3,-5.5,-6.8,-6.2,-0.6,-0.5,-0.2,-1.5,0.5,0.2,0.2,1.3,-0.4,0.1,-1,0,-0.1,0,-0.1,0,0.4,0.5,0.4,0.2,-0.7,-0.8,-0.7,-0.7,0.4,0.5,0.3,0.3,0,0,-0.1,-0.3,-4.6,-4.4,-4.4,-5.3,-0.8,-1,-1,-0.4,1.4,0.8,1.3,2,0.7,0.6,0.6,0.8,1,0.8,0.8,1.3,-5.3,-4.2,-6.1,-1.7,-0.9,1,-4.2,-2.9,-5.2,-1.5,-1.3,1,-5.7,-4.9,-6.9,-2.3,-0.5,1.5,-6.2,-4.5,-6.1,-1.1,-1.3,0.3,-2.4,-2.2,-2.2,-1.2,-0.5,-0.5,-2.5,-2.4,-2.5,-1.5,-0.5,-0.4,-2.4,-2.4,-2.5,-1.4,-0.3,-0.2,-2.3,-1.6,-1.5,0.4,-1,-1.1,-10.4,-5.3,-9.6,-1.3,-5.2,-0.9,-8.3,-2.5,-9.5,-1.5,-5.9,1.1,-11,-6.9,-11.4,-2.9,-3.9,0.6,-11.4,-5.6,-7.4,0.9,-6.2,-4.4,2.3,1.2,0.3,0.2,2.2,3.1,2.2,1.1,0.2,0,2.5,3.4,2.4,1.3,0.3,0.2,2.1,3.1,2.4,1.3,0.4,0.8,1.7,2.6,-2.3,-2.1,-0.4,4.2,-1,-2.7,-2,-1.7,-0.3,3.6,-0.9,-2.3,-2.6,-2.3,-0.4,4.7,-1.1,-3,-2.5,-2.8,-0.5,4.7,-0.7,-3,-14,-17.1,-25.6,-18.5,4,12.5,-16,-18.6,-24.1,-16,3,8.5,-16.3,-19,-25.7,-17.4,3.2,9.9,-8.3,-13,-26.5,-22.6,6.7,20.2,-7.5,-9,-8.8,-2.5,2.7,2.5,-6.4,-7.5,-7.5,-2.2,2,2,-7.8,-9.1,-9,-2.4,2.3,2.2,-7.9,-10.3,-9.8,-2.8,4.1,3.6,-1.9,-2.1,-1.6,1.3,1.5,1,-1.6,-1.7,-0.3,2.1,1.2,-0.2,-1.7,-1.8,-1.6,1.2,1.6,1.4,-2.6,-3,-3.3,0.3,1.5,1.8,0.1,-0.1,-0.3,1.6,0.6,0.8,0.1,0.1,0.3,1.2,0.1,-0.1,-0.1,-0.2,-0.1,1.1,0.4,0.3,0.5,0,-1.1,2.6,1.3,2.4,-1.1,-1.8,-1.9,0.5,1.4,1.5,0.4,-0.3,-1.5,0.8,0.4,1.6,-1.3,-2.1,-2.1,0.9,1.1,1.1,-2.2,-2.7,-1.8,-0.3,2.7,1.8,-0.7,-0.7,-0.9,-0.4,-0.5,-0.7,-0.7,0,-0.6,-0.7,-0.9,-0.4,-1,-0.8,-1.3,-0.8,-0.2,-0.7,-0.6,0.7,-0.2,-0.9,-0.5,0.9,-0.2,-0.6,-0.7,0.7,-0.4,-0.4,-0.6,0.5,-0.8,-1.1,-1.2,-0.6,-0.5,-0.7,-0.7,-0.6,-0.6,-1,-1.1,-0.9,-1.3,-1.7,-1.7,-0.4,0.1,0,0.4,-0.4,0.1,0,0.4,-0.5,0.1,0,0.4,-0.4,0.1,0,0.4,-0.3,0.3,0.1,-0.9,0.8,0.1,0.1,-0.7,0.7,0.3,0,-1,0.9,0.8,0,-1.1,0.8,-6.7,-0.1,-3.5,-5.4,-6,-0.6,-3,-4,-5.9,-0.7,-3,-4.6,-8.6,1.3,-4.7,-8.1,-0.1,-0.6,-2.1,-1.4,-0.1,-0.8,-2.1,-1.1,-0.1,-0.7,-2.3,-1.3,-0.1,-0.3,-1.7,-1.7,0,-1.1,-1.4,-0.4,0,-0.9,-1.2,-0.3,0,-1.1,-1.3,-0.3,0,-1.4,-1.6,-0.5,-0.2,-0.2,-0.2,0.1,-0.2,-0.1,-0.2,0.1,-0.1,-0.2,-0.3,0.1,-0.2,-0.3,-0.1,0.1,-0.3,-0.6,-0.2,0.3,-0.3,-1,-0.1,0.6,-0.3,-0.7,-0.1,0.7,-0.4,-0.3,-0.5,-0.6,0.7,55.32,7.782,0.94,27.78,8258,2391,17169.43945,5.85,5.7
2000/3/31,-5,-4,-5.3,-5.7,-2.7,-2.8,-2.6,-2.6,-10.2,-8.2,-10.5,-11.5,3.6,3.8,3.7,3.2,-2.4,-2,-2.7,-2.9,-10.6,-14.3,-14.4,-1,-5.7,-5.2,-6.1,-5.7,-0.3,0.4,-0.1,-1.5,0.3,0.1,0,0.7,-1.7,-0.8,-1.8,-2.2,-0.4,-0.5,-0.4,-0.3,-0.8,-1,-0.7,-0.6,-0.4,-0.4,-0.4,-0.2,0.2,0.2,0.2,0.2,0.1,0.1,0.1,-0.1,2,0.2,-0.1,7,1.3,1.8,1.6,0.3,-0.5,-0.3,-0.5,-0.8,-0.6,-0.7,-0.4,-0.6,-1,-0.8,-0.7,-1.6,-5.1,-4,-6,-2.6,-1,1,-4.2,-2.9,-4.9,-2.3,-1.1,0.9,-5.4,-4.9,-6.9,-3.3,-0.4,1.6,-5.8,-4.1,-6.1,-1.9,-1.6,0.4,-2.7,-2.4,-1.4,-1.9,-0.3,-1.3,-2.9,-2.6,-1.4,-2.3,-0.2,-1.4,-2.7,-2.6,-1.8,-2.2,0,-0.8,-2.6,-1.8,-1.1,-0.3,-0.8,-1.5,-10.5,-5.9,-10.3,-2.4,-4.3,0.1,-8.4,-2.6,-10.1,-2.5,-5.6,1.9,-10.8,-7.3,-11.9,-4.1,-3.2,1.4,-11.8,-6.8,-8.5,-0.5,-4.7,-3,3.4,1.7,1.1,-1.2,1.9,2.5,3.6,1.6,1,-1.3,2.2,2.8,3.4,1.8,1.1,-1.1,1.9,2.6,3,1.8,1.2,-1,1.4,2,-3.1,-2,-2.4,3.2,-0.4,0,-2.6,-1.7,-2.1,2.8,-0.3,0.1,-3.4,-2.2,-2.8,3.5,-0.5,0.1,-3.5,-2.4,-2.8,3.6,-0.5,-0.1,-13.1,-12.8,-23.1,-19.7,2.2,12.5,-15.6,-16.2,-23.5,-18.1,1.9,9.2,-15.8,-16.6,-24.7,-19.4,2.2,10.3,-6.3,-3.6,-20.4,-21.9,2.6,19.4,-6.3,-9,-8.9,-3.9,3.3,3.2,-5.5,-7.5,-7.4,-3.4,2.3,2.2,-6.8,-9.1,-9,-4,3,2.9,-6.2,-9.9,-10,-4,4.2,4.3,-0.6,-2,-2.7,0.8,1.7,2.4,-0.5,-1.6,-1.9,1.8,2,2.3,-0.2,-1.8,-2.5,0.8,1.7,2.4,-1.5,-2.8,-4,-0.5,1.3,2.5,0.5,0.4,-0.3,1,-0.1,0.6,0.2,0.2,0,0.7,-0.1,0.1,0.2,0,-0.4,0.7,0,0.4,1.3,1.1,-0.4,1.7,-0.4,1.1,-0.4,-2,-1.8,0.4,0.3,0.1,0.1,-0.9,-0.5,0.9,0.1,-0.3,-1,-2.4,-2.1,0.5,0.6,0.3,0,-2.5,-2.6,-0.3,0.3,0.4,-0.1,-0.5,0.2,-0.6,0,-0.3,0.7,-0.7,-0.1,-0.5,0.1,-0.7,0,-0.7,0,-0.4,0.4,0.4,1.4,-0.8,0.5,0.5,1.9,-1,0.4,0.3,1.2,-0.8,0.2,0.3,0.7,-0.5,-0.7,-1.2,-1,-0.7,-0.8,-0.8,-0.8,-0.6,-0.7,-1.3,-1,-0.8,-0.7,-1.5,-1.1,-0.5,0.4,0.3,0.6,0,0.5,0.3,0.6,0,0.3,0.3,0.7,0,0.3,0.3,0.6,0,0,-0.2,-1.9,-0.3,0,-0.1,-1.6,-0.3,-0.1,-0.2,-2,-0.4,-0.3,-0.5,-2.5,-0.1,-4.6,-4.3,2.6,-0.8,-4.4,-3.9,0.9,-1.1,-4.4,-3.2,1.4,-1.2,-5.3,-6.4,6,0.1,-0.8,-0.8,-0.5,-0.8,-1,-0.5,-0.5,-0.6,-1,-0.8,-0.5,-0.8,-0.4,-0.9,-0.6,-0.9,1.4,-0.3,-0.1,-0.7,0.8,0,-0.3,-1.1,1.3,-0.2,-0.2,-0.5,2,-0.6,0.4,-0.2,0.7,0.7,-0.2,-0.1,0.6,0.6,-0.2,-0.2,0.6,0.6,-0.4,-0.1,0.8,1,-0.1,0,1,-0.3,0.6,-0.1,0.8,-0.7,2.2,0.1,0.8,-0.3,0.4,-0.5,1.3,0.1,-0.4,0.1,-0.2,54.16,7.786,0.941,27.49,8696.2212,2408,17406.53906,6.17,5.5
2000/4/30,-4.4,-3.4,-4.6,-5.2,-2.3,-2.4,-2.3,-2.3,-10,-8,-10,-11.6,7.2,8.5,6.7,5,-2.4,-2.2,-2.7,-2.6,-10.1,-13.2,-13.2,-2.5,-4.6,-4.2,-5.1,-4.1,1.1,2.2,1,-0.4,0.7,0.4,0.2,1.8,-0.3,0.4,-0.6,-0.5,0.1,0,0,0.3,-0.1,-0.2,-0.2,0,-0.6,-0.6,-0.6,-0.6,0.3,0.3,0.3,0.3,0.1,0.1,0.1,0.3,4.9,3.7,4.2,7.1,-0.7,-0.9,-0.9,-0.3,0,0,0,-0.1,0.3,0.3,0.2,0.5,0.6,0.5,0.6,0.8,-5,-5.3,-4.2,-3.8,0.9,-0.2,-4,-4.2,-3.1,-3.3,0.8,-0.3,-5.3,-5.7,-5.1,-4.5,1.1,0.5,-5.7,-6.2,-4.1,-3.3,1,-1.1,-2.7,-2.4,-2.4,-1.6,0.1,0.1,-2.8,-2.5,-2.7,-1.9,0.1,0.3,-2.6,-2.4,-2.6,-1.9,0.1,0.3,-2.6,-2.3,-1.7,0,0,-0.6,-10.2,-10.4,-4.4,-3.6,0.4,-5.6,-8.2,-8.3,-2,-3.4,0.3,-6,-10.5,-11,-6.3,-5.4,1,-3.7,-11.5,-11.4,-4.1,-1.5,-0.2,-7.5,3.6,2.3,1.3,-4.2,4.9,5.9,3.8,2.2,1.2,-5.3,6.3,7.3,3.7,2.4,1.4,-3.7,4.3,5.3,3.2,2.4,1.4,-2.5,2.6,3.6,-2.4,-2.3,-1.5,2.9,-0.1,-0.9,-2,-2,-1.4,2.7,-0.2,-0.8,-2.7,-2.6,-1.7,3.2,-0.1,-1,-2.9,-2.5,-1.5,3.2,-0.1,-1.1,-10.6,-14,-21.4,-24.2,3.9,11.3,-14.3,-16,-23.4,-22,2.8,10.2,-14.4,-16.3,-24.2,-23.5,3.1,11,-1,-8.3,-15.3,-27.4,5.8,12.8,-5.7,-7.5,-8.3,-5.6,2.9,3.7,-5.2,-6.4,-6.8,-4.8,2.2,2.6,-6.1,-7.8,-8.4,-5.7,2.7,3.3,-5.7,-7.9,-9.4,-6.1,3.8,5.3,-0.3,-1.9,-1.4,-1.7,3,2.5,0.4,-1.6,-1.2,-1.5,3.8,3.4,-0.1,-1.7,-1.1,-1.4,2.7,2.1,-1.5,-2.6,-2.4,-2.4,2.2,2,0.3,0.1,-0.1,1,0.6,0.8,0.1,0.1,0.1,0.6,0.3,0.3,0,-0.1,-0.2,0.8,0.3,0.4,0.7,0.5,-0.1,1.7,1.3,1.9,-1.7,-1.1,-1.8,-1.1,0.8,1.5,-0.8,0.4,-0.2,-1,0,0.6,-1.8,-1.3,-2,-1.1,0.7,1.4,-2.2,-2.2,-2.9,-1.3,1.7,2.4,-0.4,-0.7,0.3,-0.4,-0.5,-0.5,0,-0.6,-0.4,-0.6,0.3,-0.5,-0.3,-1,0.6,0,-0.8,-0.2,-1.7,-0.6,-1,-0.2,-2.1,-0.7,-0.7,-0.2,-1.4,-0.5,-0.6,-0.4,-1,-0.5,-0.4,-0.8,1.4,-0.8,-0.4,-0.5,2.2,-0.7,-0.4,-0.6,1.3,-1.1,-0.2,-1.3,0.7,-0.6,0.2,0.1,0.4,-3.2,0.2,0.1,0.4,-4.1,0.2,0.1,0.4,-2.7,0.2,0.1,0.4,-1.6,0.1,0.3,0.7,0.5,0.1,0.1,0.5,0.5,0.1,0.3,0.7,0.6,-0.1,0.8,1.5,0.5,2,-6.7,4,5.8,0.2,-6,2.4,3.8,-0.1,-5.9,2.9,4.6,7,-8.6,7,9.6,1.3,-0.1,1,-0.4,1.8,-0.1,0.5,-0.6,1.6,-0.1,1.1,-0.4,0.3,-0.1,1.2,-0.3,-0.5,0,2,-1.3,-0.3,0,1.3,-1.8,-0.5,0,2.3,-1.1,-0.8,0,2.4,-0.9,-0.6,-0.2,0.1,-0.2,-0.7,-0.2,0,-0.2,-0.4,-0.1,0.1,-0.1,-0.6,-0.2,0,-0.4,-1,-0.3,-0.3,-0.7,-0.8,-0.3,-0.3,-0.9,-0.7,-0.3,-0.3,-0.6,-1.6,-0.4,-0.5,-0.6,-0.3,51.62,7.787,0.941,22.76,9123,2466,15519.2998,6.06,5.4
2000/5/31,-4.5,-3.4,-4.6,-5.6,-2.8,-3,-2.8,-2.7,-9.9,-7.8,-9.8,-11.8,7,8.3,6.6,5,-1.9,-1.6,-2.1,-2.2,-10,-12.2,-12.5,-4.5,-4.8,-4.5,-5.2,-4.5,0.8,2.1,0.7,-0.7,0.5,0.4,0.2,1.1,-0.1,0.7,-0.3,-0.3,-0.2,-0.2,-0.3,-0.2,0.1,0.2,0.1,0.1,-0.6,-0.6,-0.6,-0.6,0,0,0,0,0.5,0.3,0.6,1.2,0.8,0,-0.2,3,-0.7,-0.6,-0.8,-0.6,0.2,0.6,0.3,-0.1,-0.3,-0.3,-0.3,-0.4,-0.3,-0.2,-0.2,-0.3,-4.4,-5.1,-4.2,-4,0.6,-0.3,-3.4,-4.2,-2.9,-3.5,0.8,-0.5,-4.6,-5.4,-4.9,-4.6,0.8,0.3,-5.2,-5.8,-4.5,-3.6,0.2,-1.1,-2.3,-2.7,-2.2,-1.5,-0.1,-0.6,-2.4,-2.9,-2.4,-2,-0.1,-0.6,-2.3,-2.7,-2.4,-1.7,-0.1,-0.4,-2.3,-2.6,-1.6,-0.3,-0.1,-1.1,-10,-10.5,-5.3,-4.5,0.6,-4.6,-8,-8.4,-2.5,-4.4,0.6,-5.3,-10,-10.8,-6.9,-6.4,1,-2.9,-11.6,-11.8,-5.6,-2.2,0,-6.2,7.2,3.4,1.2,-4.4,3.6,5.8,8.5,3.6,1.1,-5.4,4.7,7.2,6.7,3.4,1.3,-4,3.2,5.3,5,3,1.3,-2.7,2,3.7,-2.4,-3.1,-2.1,2.7,1.2,0.2,-2.2,-2.6,-1.7,2.2,1,0.1,-2.7,-3.4,-2.3,2.9,1.3,0.2,-2.6,-3.5,-2.8,3.4,1.3,0.6,-10.1,-13.1,-17.1,-22.9,3.1,7.1,-13.2,-15.6,-18.6,-20.7,3.4,6.4,-13.2,-15.8,-19,-22.1,3.3,6.5,-2.5,-6.3,-13,-25.8,1.8,8.5,-4.6,-6.3,-9,-5.8,1.5,4.2,-4.2,-5.5,-7.5,-4.4,1,3,-5.1,-6.8,-9.1,-5.6,1.6,3.9,-4.1,-6.2,-10.3,-7.1,1.7,5.8,1.1,-0.6,-2.1,-1.3,1.4,2.9,2.2,-0.5,-1.7,-1,2.6,3.8,1,-0.2,-1.8,-1.1,0.9,2.5,-0.4,-1.5,-3,-2.1,0.8,2.3,0.7,0.5,-0.1,1.2,0,0.6,0.4,0.2,0.1,0.7,0.2,0.3,0.2,0.2,-0.2,1,0,0.4,1.8,1.3,0,2,-0.2,1.1,-0.3,-0.4,-1.8,-1.5,0.3,1.7,0.4,0.1,-0.3,-1.2,0.6,1,-0.6,-1,-2.1,-1.5,0.7,1.8,-0.5,0,-2.7,-1.7,-0.3,2.4,0.1,-0.1,-0.7,0,0,0,-0.7,0,0,-0.1,-0.7,-0.2,0.3,0,-0.8,0.3,-0.1,0.4,-0.7,0.5,-0.2,0.5,-0.9,0.6,-0.2,0.4,-0.6,0.5,0,0.2,-0.4,0.4,-0.6,-0.7,-1.1,-0.7,-0.6,-0.8,-0.7,-0.8,-0.6,-0.7,-1,-0.9,-0.6,-0.7,-1.7,-0.4,0.3,0.4,0,0,0.3,0.5,0,0.1,0.3,0.3,0,0,0.3,0.3,0,-0.1,0.1,0,0.1,-0.3,0.1,0,0.1,-0.4,0.1,-0.1,0,-0.3,0.3,-0.3,0,0.1,4.9,-4.6,-0.1,1.1,3.7,-4.4,-0.6,-0.9,4.2,-4.4,-0.7,-0.7,7.1,-5.3,1.3,5.7,-0.7,-0.8,-0.6,0.3,-0.9,-1,-0.8,0.4,-0.9,-1,-0.7,0.1,-0.3,-0.4,-0.3,0.4,0,1.4,-1.1,0.5,0,0.8,-0.9,0.7,0,1.3,-1.1,0.5,-0.1,2,-1.4,0.3,0.3,0.7,-0.2,0,0.3,0.6,-0.1,-0.1,0.2,0.6,-0.2,-0.1,0.5,0.8,-0.3,0.3,0.6,1,-0.6,-0.5,0.5,0.8,-1,-0.4,0.6,0.8,-0.7,-0.6,0.8,1.3,-0.3,-0.6,0.1,49.13,7.792,0.9425,27.74,10996,2219,14713.86035,6.83,5
2000/6/30,-4.5,-3.5,-4.5,-5.7,-2.7,-2.8,-2.7,-2.4,-9.8,-7.4,-9.6,-12.1,2.9,3.1,3,2.6,-1.2,-1,-1.2,-1.3,-10.8,-12.5,-12.7,-6.3,-5.1,-4.7,-5.3,-5.2,0.2,0.5,0.4,-0.5,0.7,0.3,0.3,1.7,0.2,1,0.2,-0.4,-0.4,-0.3,-0.3,-0.5,-0.4,-0.5,-0.4,-0.3,-0.7,-0.4,-0.6,-1,-0.2,-0.2,-0.2,-0.2,-0.2,-0.2,-0.2,-0.3,-2.2,-1.3,-1.4,-4,-0.4,-0.4,-0.3,-0.6,0.7,0.5,0.6,0.8,0.2,0.1,0.1,0.3,0.1,0.2,0.2,0.1,-4.5,-5,-4,-4.1,0.5,-0.5,-3.4,-4,-2.9,-3.7,0.5,-0.6,-4.6,-5.3,-4.9,-4.8,0.8,0.4,-5.6,-5.7,-4.1,-3.6,0,-1.6,-2.8,-2.7,-2.4,-2.3,0,-0.3,-3,-2.8,-2.6,-2.9,0,-0.2,-2.8,-2.6,-2.6,-2.3,-0.1,-0.1,-2.7,-2.6,-1.8,-0.9,0.2,-0.6,-9.9,-10.2,-5.9,-5.3,0.4,-3.9,-7.8,-8.2,-2.6,-5.2,0.8,-4.8,-9.8,-10.5,-7.3,-7.4,0.9,-2.3,-11.8,-11.5,-6.8,-3,-0.6,-5.3,7,3.6,1.7,-0.7,-0.7,1.2,8.3,3.8,1.6,-0.7,-0.7,1.5,6.6,3.7,1.8,-0.7,-0.7,1.2,5,3.2,1.8,-0.6,-0.6,0.8,-1.9,-2.4,-2,2.1,1.2,0.8,-1.6,-2,-1.7,1.7,1,0.7,-2.1,-2.7,-2.2,2.5,1.5,1,-2.2,-2.9,-2.4,2.8,1.6,1.1,-10,-10.6,-12.8,-20.9,-0.2,2,-12.2,-14.3,-16.2,-19.3,1.8,3.7,-12.5,-14.4,-16.6,-20.7,1.7,3.9,-4.5,-1,-3.6,-22.7,-5.3,-2.7,-4.8,-5.7,-9,-4.8,0.6,3.9,-4.5,-5.2,-7.5,-3.7,0.5,2.8,-5.2,-6.1,-9.1,-4.8,0.8,3.8,-4.5,-5.7,-9.9,-5.9,0.5,4.7,0.8,-0.3,-2,0.3,0.5,2.2,2.1,0.4,-1.6,1.3,0.1,2.1,0.7,-0.1,-1.8,0.3,0.5,2.2,-0.7,-1.5,-2.8,-1.1,1,2.3,0.5,0.3,0.4,0.2,0.4,0.3,0.4,0.1,0.2,0,0.2,0.1,0.2,0,0,0.1,0.3,0.3,1.1,0.7,1.1,0.7,1,0.6,-0.1,-1.7,-2,-1.5,1.9,2.2,0.7,-0.8,-0.9,-1.2,1.8,1.9,-0.3,-1.8,-2.4,-1.5,2,2.6,-0.3,-2.2,-2.5,-1.6,1.8,2.1,-0.2,-0.4,-0.5,-0.3,-0.2,-0.5,-0.3,-0.2,-0.3,-0.4,-0.5,-0.4,-0.2,-0.3,-0.7,-0.3,0.1,-0.8,0.4,-0.4,0.2,-1,0.5,-0.5,0.1,-0.7,0.3,-0.4,0.1,-0.6,0.3,-0.3,-0.6,-0.4,-1.2,-0.8,-0.6,-0.4,-0.8,-0.8,-0.6,-0.4,-1.3,-0.9,-0.6,-0.2,-1.5,-0.6,0,0.2,0.3,3.8,0,0.2,0.3,4.9,0,0.2,0.3,3.3,0,0.2,0.3,2.1,0.5,0.1,-0.2,-1,0.3,0.1,-0.1,-0.9,0.6,0.1,-0.2,-1,1.2,-0.1,-0.5,-1.3,0.8,2,-4.3,-1.3,0,0.2,-3.9,-1,-0.2,-0.1,-3.2,-1.2,3,7,-6.4,-1.8,-0.7,1.3,-0.8,0.2,-0.6,1.8,-0.5,0.1,-0.8,1.6,-0.8,0.1,-0.6,0.3,-0.9,0.4,0.2,-0.5,-0.3,1.2,0.6,-0.3,0,2.1,0.3,-0.5,-0.2,0.9,-0.1,-0.8,-0.6,0.4,-0.3,-0.6,0.7,-0.1,-0.3,-0.7,0.6,0.1,-0.3,-0.4,0.6,0,-0.4,-0.6,1,-0.3,-0.3,-1,-0.3,-0.1,-0.2,-0.8,-0.7,-0.1,-0.2,-0.7,-0.3,-0.3,-0.3,-1.6,0.1,0.1,0.5,46.97,7.794,0.9425,29.8,12757,2190,16155.78027,6.86,5
2000/7/31,-3.2,-2.2,-3.3,-4.3,-2.3,-2.3,-2.2,-2,-7.2,-4.1,-7,-10,2.7,2.9,2.8,2.4,-0.7,-0.6,-0.7,-1.1,-10.3,-11.1,-11.7,-7.6,-3,-2.9,-3.2,-2.8,0.9,0.6,1,1.2,1.6,0.7,0.8,3.6,0.7,1.1,0.5,0.7,-0.1,-0.1,-0.1,-0.1,0.1,0.2,0.1,0.1,-0.3,-0.3,-0.3,-0.3,-0.1,-0.1,-0.1,-0.1,0.2,0.2,0.2,0.3,-5.3,-4,-4,-8.5,-0.9,-0.7,-1.1,-0.8,-0.1,-0.1,-0.1,-0.2,1.5,1.4,1.2,2.1,0.7,0.4,0.5,1.2,-4.5,-4.4,-5.3,-5.5,1.2,2.1,-3.5,-3.4,-4.2,-5,1.2,2,-4.5,-4.6,-5.7,-6.3,1.3,2.4,-5.7,-5.2,-6.2,-5.1,0.9,1.9,-2.7,-2.3,-2.4,-2.4,0,0.1,-2.8,-2.4,-2.5,-3.1,0.1,0.2,-2.7,-2.3,-2.4,-2.5,0.1,0.2,-2.4,-2.3,-2.3,-1.2,0.3,0.3,-9.8,-10,-10.4,-8.5,2.8,3.2,-7.4,-8,-8.3,-8.8,3.9,4.2,-9.6,-10,-11,-10.4,3,4,-12.1,-11.6,-11.4,-5.8,1.6,1.4,2.9,7.2,2.3,-0.2,-4.5,0.4,3.1,8.5,2.2,-0.3,-5.6,0.7,3,6.7,2.4,-0.2,-3.9,0.4,2.6,5,2.4,-0.1,-2.6,0,-1.2,-2.4,-2.3,0.9,1.7,1.6,-1,-2.2,-2,0.6,1.6,1.4,-1.2,-2.7,-2.6,1,2,1.9,-1.3,-2.6,-2.5,1.6,1.5,1.4,-10.8,-10.1,-14,-24.1,-0.2,3.7,-12.5,-13.2,-16,-22.5,2.1,4.9,-12.7,-13.2,-16.3,-24.1,1.5,4.6,-6.3,-2.5,-8.3,-25.3,-5.1,0.7,-5.1,-4.6,-7.5,-7.4,1.6,4.5,-4.7,-4.2,-6.4,-5.9,1.3,3.5,-5.3,-5.1,-7.8,-7.4,1.9,4.6,-5.2,-4.1,-7.9,-8.7,1.3,5.1,0.2,1.1,-1.9,-0.2,-0.2,2.8,0.5,2.2,-1.6,1,-1.6,2.2,0.4,1,-1.7,-0.3,0,2.7,-0.5,-0.4,-2.6,-1.8,1.6,3.8,0.7,0.7,0.1,0.2,0.9,1.5,0.3,0.4,0.1,0.4,0.3,0.6,0.3,0.2,-0.1,0.1,0.6,0.9,1.7,1.8,0.5,0,1.8,3.1,0.2,-0.3,-1.1,-1.7,1,1.8,1,0.4,0.4,-1.5,0.7,0.7,0.2,-0.6,-1.3,-2,1.1,1.8,-0.4,-0.5,-2.2,-1.3,1.2,2.9,-0.4,0.1,-0.7,-1.5,-0.3,0,-0.5,-1.4,-0.3,0,-0.6,-1.4,-0.5,0.3,-1,-1.7,-0.4,-0.1,-0.2,-0.3,-0.5,-0.2,-0.2,-0.3,-0.4,-0.2,-0.2,-0.3,-0.3,0,-0.4,-0.4,-0.7,-0.6,-0.8,-3.1,-0.4,-0.6,-0.5,-3.7,-0.6,-0.6,-0.6,-3.1,-1,-0.6,-1.3,-2.6,-0.2,0.3,0.1,0.3,-0.2,0.3,0.1,0.2,-0.2,0.3,0.1,0.3,-0.2,0.3,0.1,0.3,-0.2,0.1,0.3,-0.1,-0.2,0.1,0.1,-0.1,-0.2,0.1,0.3,-0.2,-0.3,0.3,0.8,0,-2.2,4.9,-6.7,-6.4,-1.3,3.7,-6,-5.5,-1.4,4.2,-5.9,-6,-4,7.1,-8.6,-7.5,-0.4,-0.7,-0.1,-2.8,-0.4,-0.9,-0.1,-2.3,-0.3,-0.9,-0.1,-2.8,-0.6,-0.3,-0.1,-3.2,0.7,0,0,-0.8,0.5,0,0,-0.3,0.6,0,0,-0.8,0.8,-0.1,0,-1.6,0.2,0.3,-0.2,0.6,0.1,0.3,-0.2,0.6,0.1,0.2,-0.1,0.5,0.3,0.5,-0.2,0.6,0.1,0.6,-0.3,0.7,0.2,0.5,-0.3,0.4,0.2,0.6,-0.3,0.7,0.1,0.8,-0.4,0.9,0.5,48.15,7.797,0.9425,28.68,13486,1980,16840.98047,6.64,5.1
2000/8/31,-2.7,-1.8,-2.7,-3.6,-1.7,-1.8,-1.6,-1.3,-6.5,-3.6,-6.4,-8.9,2.6,2.7,2.5,2.6,-0.1,0,-0.1,-0.3,-11.6,-11.9,-12.8,-9.4,-1.7,-1.5,-1.8,-1.8,1.8,1.5,1.8,2.2,1.9,1,1.2,3.7,1.2,1.5,1,1.4,-0.3,-0.2,-0.3,-0.5,0.1,0.1,0.1,0.2,-0.4,-0.2,-0.4,-0.5,0.3,0.3,0.3,0.2,-0.2,-0.1,-0.2,-0.5,-4.5,-3.5,-3.6,-7,-0.7,-0.7,-0.7,-0.7,-0.7,-0.5,-0.7,-1,0,0.1,0.1,-0.1,0.2,0.2,0.2,0.2,-3.2,-4.5,-5.1,-6.1,1.8,2.4,-2.2,-3.4,-4.2,-5.2,1.6,2.4,-3.3,-4.6,-5.4,-6.9,1.9,2.7,-4.3,-5.6,-5.8,-6.1,2,2.2,-2.3,-2.8,-2.7,-2.2,1.1,1,-2.3,-3,-2.9,-2.5,1.2,1.1,-2.2,-2.8,-2.7,-2.5,1.2,1.1,-2,-2.7,-2.6,-1.5,1.4,1.3,-7.2,-9.9,-10.5,-9.6,3.4,4,-4.1,-7.8,-8.4,-9.5,4.2,4.8,-7,-9.8,-10.8,-11.4,3.4,4.4,-10,-11.8,-11.8,-7.4,2.9,2.9,2.7,7,3.4,0.3,-4.4,-0.8,2.9,8.3,3.6,0.2,-5.6,-0.9,2.8,6.6,3.4,0.3,-4.1,-0.9,2.4,5,3,0.4,-2.4,-0.4,-0.7,-1.9,-3.1,-0.4,1.8,3,-0.6,-1.6,-2.6,-0.3,1.6,2.6,-0.7,-2.1,-3.4,-0.4,2,3.3,-1.1,-2.2,-3.5,-0.5,1.9,3.2,-10.3,-10,-13.1,-25.6,-1.6,1.5,-11.1,-12.2,-15.6,-24.1,0.3,3.7,-11.7,-12.5,-15.8,-25.7,-0.3,3,-7.6,-4.5,-6.3,-26.5,-4.9,-3.1,-3,-4.8,-6.3,-8.8,3.1,4.6,-2.9,-4.5,-5.5,-7.5,3,4,-3.2,-5.2,-6.8,-9,3.4,5,-2.8,-4.5,-6.2,-9.8,2.7,4.4,0.9,0.8,-0.6,-1.6,1,2.4,0.6,2.1,-0.5,-0.3,-0.6,2,1,0.7,-0.2,-1.6,1.1,2,1.2,-0.7,-1.5,-3.3,2.9,3.7,1.6,0.5,0.5,-0.3,1.4,1.4,0.7,0.4,0.2,0.3,0.6,0.8,0.8,0.2,0.2,-0.1,1,1,3.6,1.1,1.3,-1.1,2.6,2.4,0.7,-0.1,-0.4,-1.9,1.3,1.6,1.1,0.7,0.1,-1.5,0.8,1.4,0.5,-0.3,-1,-2.1,1.3,2,0.7,-0.3,0,-1.8,1.7,1.4,-0.1,-0.2,-0.1,-0.9,-0.1,-0.2,0,-0.7,-0.1,-0.3,-0.1,-0.9,-0.1,-0.2,0,-1.3,0.1,0.1,0.4,-0.6,0.2,0.2,0.5,-0.5,0.1,0.1,0.4,-0.7,0.1,0.1,0.2,-0.6,-0.3,-0.6,-0.7,-1.2,-0.3,-0.6,-0.8,-0.7,-0.3,-0.6,-0.7,-1.1,-0.3,-0.6,-0.7,-1.7,-0.1,0,0.4,0.4,-0.1,0,0.5,0.4,-0.1,0,0.3,0.4,-0.1,0,0.3,0.4,0.2,0.5,0,-0.9,0.2,0.3,0,-0.7,0.2,0.6,-0.1,-1,0.3,1.2,-0.3,-1.1,-5.3,0.8,-4.6,-3.5,-4,0,-4.4,-3,-4,-0.2,-4.4,-3,-8.5,3,-5.3,-4.7,-0.9,-0.7,-0.8,-2.1,-0.7,-0.6,-1,-2.1,-1.1,-0.8,-1,-2.3,-0.8,-0.6,-0.4,-1.7,-0.1,0.2,1.4,-1.4,-0.1,0.6,0.8,-1.2,-0.1,0.3,1.3,-1.3,-0.2,-0.1,2,-1.6,1.5,-0.3,0.7,-0.2,1.4,-0.3,0.6,-0.2,1.2,-0.3,0.6,-0.3,2.1,-0.4,0.8,-0.1,0.7,-0.3,1,-0.2,0.4,-0.2,0.8,-0.1,0.5,-0.2,0.8,-0.1,1.2,-0.3,1.3,-0.5,0.3,48.88,7.798,0.9425,30.2,13871.1096,1885,17097.50977,6.65,5.1
2000/9/30,-2.6,-2.1,-2.5,-3.3,-2.9,-3.3,-2.5,-2.1,-5.7,-3,-5.5,-7.9,3.1,3.6,3,2.4,1.3,1.2,1.5,1.2,-7.2,-8.7,-8.8,-3.7,-0.5,-0.5,-0.6,-0.5,2.5,2.5,2.5,2.4,1.3,1,1.2,1.9,-0.1,-0.7,-0.2,0.5,0.1,0.1,0.1,0.1,0.2,0.3,0.2,0,-0.2,-0.2,-0.2,-0.2,0.7,0.8,0.6,0.6,-0.4,-0.2,-0.5,-0.6,7,5.6,5.5,10.8,-0.3,-0.3,-0.4,-0.3,0.5,0.6,0.5,0.4,-1,-0.8,-0.7,-1.6,-0.7,-0.6,-0.7,-0.8,-2.7,-4.5,-5,-6,1.9,2.4,-1.8,-3.5,-4,-4.9,1.4,1.9,-2.7,-4.5,-5.3,-6.9,2,2.8,-3.6,-5.7,-5.7,-6.1,2.4,2.4,-1.7,-2.7,-2.7,-1.4,-0.2,-0.2,-1.8,-2.8,-2.8,-1.4,-0.5,-0.5,-1.6,-2.7,-2.6,-1.8,0.2,0.1,-1.3,-2.4,-2.6,-1.1,0.3,0.5,-6.5,-9.8,-10.2,-10.3,4.1,4.5,-3.6,-7.4,-8.2,-10.1,4.4,5.2,-6.4,-9.6,-10.5,-11.9,4.1,5,-8.9,-12.1,-11.5,-8.5,4.2,3.6,2.6,2.9,3.6,1.1,0.2,-0.5,2.7,3.1,3.8,1,0.5,-0.2,2.5,3,3.7,1.1,0,-0.7,2.6,2.6,3.2,1.2,-0.2,-0.8,-0.1,-1.2,-2.4,-2.4,2.5,3.7,0,-1,-2,-2.1,2.2,3.2,-0.1,-1.2,-2.7,-2.8,2.7,4.2,-0.3,-1.3,-2.9,-2.8,2.5,4.1,-11.6,-10.8,-10.6,-23.1,3.6,3.4,-11.9,-12.5,-14.3,-23.5,3.8,5.6,-12.8,-12.7,-14.4,-24.7,3.9,5.6,-9.4,-6.3,-1,-20.4,2.6,-2.7,-1.7,-5.1,-5.7,-8.9,4.6,5.2,-1.5,-4.7,-5.2,-7.4,4.2,4.7,-1.8,-5.3,-6.1,-9,4.7,5.5,-1.8,-5.2,-5.7,-10,4.7,5.2,1.8,0.2,-0.3,-2.7,2.3,2.8,1.5,0.5,0.4,-1.9,2,2.1,1.8,0.4,-0.1,-2.5,2.1,2.6,2.2,-0.5,-1.5,-4,2.9,3.9,1.9,0.7,0.3,-0.3,0.6,1,1,0.3,0.1,0,0.7,0.9,1.2,0.3,0,-0.4,0.9,1.2,3.7,1.7,0.7,-0.4,0.2,1.2,1.2,0.2,-1.7,-1.8,-0.3,1.6,1.5,1,-0.8,-0.5,-1.7,0.1,1,0.2,-1.8,-2.1,-0.4,1.6,1.4,-0.4,-2.2,-2.6,0.9,2.7,-0.3,-0.4,-0.4,0.2,-0.2,-0.3,-0.5,0.7,-0.3,-0.3,-0.4,0.1,-0.5,-0.5,-0.3,0,0.1,-0.4,-0.8,1.4,0.1,-0.5,-1,1.9,0.1,-0.4,-0.7,1.2,0.2,-0.3,-0.6,0.7,-0.4,-0.7,-0.4,-1,-0.2,-0.4,-0.4,-0.8,-0.4,-0.6,-0.4,-1,-0.5,-1,-0.2,-1.1,0.3,-0.2,0.2,0.6,0.3,-0.2,0.2,0.6,0.3,-0.2,0.2,0.7,0.2,-0.2,0.2,0.6,-0.2,-0.2,0.1,-1.9,-0.1,-0.2,0.1,-1.6,-0.2,-0.2,0.1,-2,-0.5,-0.3,-0.1,-2.5,-4.5,-2.2,2,2.6,-3.5,-1.3,0.2,0.9,-3.6,-1.4,-0.1,1.4,-7,-4,7,6,-0.7,-0.4,1.3,-0.5,-0.7,-0.4,1.8,-0.5,-0.7,-0.3,1.6,-0.5,-0.7,-0.6,0.3,-0.6,-0.7,0.7,-0.5,-0.1,-0.5,0.5,-0.3,-0.3,-0.7,0.6,-0.5,-0.2,-1,0.8,-0.8,0.4,0,0.2,-0.6,-0.2,0.1,0.1,-0.7,-0.2,0.1,0.1,-0.4,-0.4,-0.1,0.3,-0.6,-0.1,0.2,0.1,-1,0.6,0.2,0.2,-0.8,2.2,0.2,0.2,-0.7,0.4,0.2,0.1,-1.6,-0.4,0,48.8,7.796,0.943,33.14,13405.5756,1866,15648.98047,6.6,4.9
2000/10/31,-3.1,-2.7,-3.2,-3.4,-1.4,-1.6,-1.3,-1,-6.7,-5.5,-6.7,-8.3,2.8,3,2.7,2.4,0.5,0.5,0.4,0.8,-9.7,-10.9,-10.6,-7.4,-5.3,-5.1,-5.8,-4.5,0.4,1.9,0.5,-0.9,1.4,0.9,1.3,2,-0.9,-1.9,-0.9,-0.1,0,-0.1,0,0.2,-0.4,-0.6,-0.4,-0.2,-0.1,-0.2,-0.1,-0.1,0.8,0.7,0.8,0.7,0.1,0,0.2,0.4,4.1,3.3,3.5,5.6,-0.6,-1,-0.9,0.2,0.5,1,0.4,0.2,0.2,0.1,0.3,0.3,-0.3,-0.4,-0.3,-0.4,-2.6,-3.2,-4.4,-4.2,0.1,1.3,-2.1,-2.2,-3.4,-3.1,-0.5,0.7,-2.5,-3.3,-4.6,-5.1,0.1,1.4,-3.3,-4.3,-5.2,-4.1,0.9,1.8,-2.9,-2.3,-2.3,-2.4,0.9,0.9,-3.3,-2.3,-2.4,-2.7,0.7,0.8,-2.5,-2.2,-2.3,-2.6,0.9,1,-2.1,-2,-2.3,-1.7,1,1.3,-5.7,-7.2,-10,-4.4,0.5,3.3,-3,-4.1,-8,-2,-1.4,2.5,-5.5,-7,-10,-6.3,0.3,3.3,-7.9,-10,-11.6,-4.1,1.7,3.3,3.1,2.7,7.2,1.3,0.1,-4.4,3.6,2.9,8.5,1.2,0.1,-5.5,3,2.8,6.7,1.4,-0.1,-4,2.4,2.4,5,1.4,0,-2.6,1.3,-0.7,-2.4,-1.5,1.2,2.9,1.2,-0.6,-2.2,-1.4,1.1,2.7,1.5,-0.7,-2.7,-1.7,1.1,3.1,1.2,-1.1,-2.6,-1.5,1.9,3.4,-7.2,-10.3,-10.1,-21.4,0.6,0.4,-8.7,-11.1,-13.2,-23.4,0.2,2.3,-8.8,-11.7,-13.2,-24.2,1.1,2.6,-3.7,-7.6,-2.5,-15.3,0.2,-4.9,-0.5,-3,-4.6,-8.3,-2.3,-0.7,-0.5,-2.9,-4.2,-6.8,-2.2,-0.9,-0.6,-3.2,-5.1,-8.4,-2.6,-0.7,-0.5,-2.8,-4.1,-9.4,-1.7,-0.4,2.5,0.9,1.1,-1.4,-0.5,-0.7,2.5,0.6,2.2,-1.2,1.3,-0.3,2.5,1,1,-1.1,-0.5,-0.5,2.4,1.2,-0.4,-2.4,-2.1,-0.5,1.3,1.6,0.7,-0.1,-0.2,0.7,1,0.7,0.4,0.1,0.2,0.5,1.2,0.8,0.2,-0.2,0.5,1.1,1.9,3.6,1.8,-0.1,-1.6,0.2,-0.1,0.7,-0.3,-1.8,-1.6,-0.6,-0.7,1.1,0.4,-0.2,-3,-2.3,-0.2,0.5,-0.6,-2,-1.4,-0.3,0.5,0.7,-0.5,-2.9,-0.8,0.4,0.1,-0.1,0.1,0.3,0.1,-0.1,0,0,0.1,-0.1,0,0.3,0.1,-0.1,0.3,0.6,0.2,0.1,-0.1,-1.7,0.3,0.2,-0.2,-2.1,0.2,0.1,-0.2,-1.4,0,0.1,0,-1,-0.2,-0.3,-0.6,1.4,-0.2,-0.3,-0.6,2.2,-0.2,-0.3,-0.6,1.3,-0.2,-0.3,-0.6,0.7,0.7,-0.1,0.3,0.4,0.8,-0.1,0.3,0.4,0.6,-0.1,0.3,0.4,0.6,-0.1,0.3,0.4,-0.4,0.2,0.1,0.7,-0.2,0.2,0.1,0.5,-0.5,0.2,0.1,0.7,-0.6,0.3,0.3,1.5,7,-5.3,4.9,4,5.6,-4,3.7,2.4,5.5,-4,4.2,2.9,10.8,-8.5,7.1,7,-0.3,-0.9,-0.7,1,-0.3,-0.7,-0.9,0.5,-0.4,-1.1,-0.9,1.1,-0.3,-0.8,-0.3,1.2,0.5,-0.1,0,2,0.6,-0.1,0,1.3,0.5,-0.1,0,2.3,0.4,-0.2,-0.1,2.4,-1,1.5,0.3,0.1,-0.8,1.4,0.3,0,-0.7,1.2,0.2,0.1,-1.6,2.1,0.5,0,-0.7,0.7,0.6,-0.3,-0.6,0.4,0.5,-0.3,-0.7,0.5,0.6,-0.3,-0.8,1.2,0.8,-0.5,0,48.1,7.798,0.943,30.96,12519,1930,14895.33984,6.59,4.8
2000/11/30,-2.3,-1.9,-2.4,-2.5,-0.7,-0.8,-0.8,-0.7,-5.8,-4.9,-5.8,-6.8,3.1,3.3,3,2.7,0.5,0.6,0.5,0.4,-6.4,-7.9,-6.3,-5.1,-4.9,-4.9,-5.5,-4.1,2.7,4.6,2.6,0.9,1.3,0.9,1.2,1.9,-0.5,-1.3,-0.5,0,0.1,0.1,0.1,0.1,-0.1,0,-0.1,-0.1,-0.1,-0.1,-0.1,-0.1,0.4,0.4,0.4,0.3,0.1,0.2,0.1,-0.3,3.6,2.7,4.1,3.8,-0.3,-0.5,-0.3,0.1,1.1,1.7,1.1,0.4,-0.3,-0.1,-0.3,-0.4,-0.3,-0.3,-0.4,-0.1,-3.1,-2.7,-4.5,-4.2,0.4,2.2,-2.7,-1.8,-3.4,-2.9,-0.1,1.5,-3.2,-2.7,-4.6,-4.9,0.3,2.2,-3.4,-3.6,-5.6,-4.5,1.1,3.1,-1.4,-1.7,-2.8,-2.2,1,2.1,-1.6,-1.8,-3,-2.4,1,2.2,-1.3,-1.6,-2.8,-2.4,0.8,2,-1,-1.3,-2.7,-1.6,0.6,2,-6.7,-6.5,-9.9,-5.3,0.7,4.1,-5.5,-3.6,-7.8,-2.5,-1.3,2.9,-6.7,-6.4,-9.8,-6.9,0.6,4,-8.3,-8.9,-11.8,-5.6,2.1,5,2.8,2.6,7,1.2,0.5,-3.9,3,2.7,8.3,1.1,0.6,-5,2.7,2.5,6.6,1.3,0.5,-3.6,2.4,2.6,5,1.3,0.1,-2.3,0.5,-0.1,-1.9,-2.1,0.6,2.4,0.5,0,-1.6,-1.7,0.6,2.2,0.4,-0.1,-2.1,-2.3,0.6,2.6,0.8,-0.3,-2.2,-2.8,0.7,2.6,-9.7,-11.6,-10,-17.1,5.2,3.6,-10.9,-11.9,-12.2,-18.6,4,4.3,-10.6,-12.8,-12.5,-19,6.5,6.2,-7.4,-9.4,-4.5,-13,4.3,-0.6,-5.3,-1.7,-4.8,-9,-3.2,-0.1,-5.1,-1.5,-4.5,-7.5,-3.4,-0.4,-5.8,-1.8,-5.2,-9.1,-3.7,-0.3,-4.5,-1.8,-4.5,-10.3,-2.3,0.4,0.4,1.8,0.8,-2.1,0.9,1.9,1.9,1.5,2.1,-1.7,3.1,2.5,0.5,1.8,0.7,-1.8,0.8,1.9,-0.9,2.2,-0.7,-3,-1.3,1.6,1.4,1.9,0.5,-0.1,-0.6,0.8,0.9,1,0.4,0.1,-0.1,0.5,1.3,1.2,0.2,-0.2,0,1,2,3.7,1.1,0,-1.8,0.8,-0.9,1.2,-0.1,-1.8,-1.7,-0.4,-1.9,1.5,0.7,-0.3,-2.8,-2,-0.9,1,-0.3,-2.1,-1.5,-0.2,-0.1,1.4,-0.3,-2.7,-1.4,0.3,0,-0.3,-0.2,-0.7,-0.1,-0.2,-0.2,-0.7,0,-0.3,-0.3,-0.7,0.2,-0.5,-0.2,-0.8,-0.4,0.1,0.1,-0.7,-0.6,0.1,0.2,-0.9,-0.4,0.1,0.1,-0.6,-0.2,0.2,0.1,-0.4,-0.1,-0.4,-0.6,-1.1,-0.2,-0.2,-0.6,-0.7,-0.1,-0.4,-0.6,-1,-0.1,-0.5,-0.6,-1.7,0.8,0.3,0,0,0.7,0.3,0,0,0.8,0.3,0,0,0.7,0.2,0,0,0.1,-0.2,0.5,0.1,0,-0.1,0.3,0.1,0.2,-0.2,0.6,0,0.4,-0.5,1.2,0,4.1,-4.5,0.8,-0.1,3.3,-3.5,0,-0.6,3.5,-3.6,-0.2,-0.7,5.6,-7,3,1.3,-0.6,-0.7,-0.7,-0.6,-1,-0.7,-0.6,-0.8,-0.9,-0.7,-0.8,-0.7,0.2,-0.7,-0.6,-0.3,0.5,-0.7,0.2,-1.1,1,-0.5,0.6,-0.9,0.4,-0.7,0.3,-1.1,0.2,-1,-0.1,-1.4,0.2,0,-0.3,-0.2,0.1,0.1,-0.3,-0.1,0.3,0.1,-0.3,-0.2,0.3,-0.1,-0.4,-0.3,-0.3,0.2,-0.3,-0.6,-0.4,0.2,-0.2,-1,-0.3,0.2,-0.2,-0.7,-0.4,0.2,-0.3,-0.3,1.3,46.39,7.799,0.9425,32.55,10070,2107,13984.38965,6.62,4.6
2000/12/31,-2.1,-1.9,-2.1,-2.3,-1.5,-1.8,-1.4,-1,-4.8,-4.2,-4.7,-5.6,2.6,2.8,2.4,2.2,0.7,0.7,0.7,0.9,-7,-7.2,-6.4,-7.7,-5.4,-5.2,-5.7,-5.2,3,4.5,2.9,1.7,1.2,0.8,1.1,1.6,0.4,0.1,0.5,0.6,-0.3,-0.3,-0.2,-0.4,-0.4,-0.6,-0.3,0,-0.1,-0.1,-0.1,-0.2,-0.2,-0.2,-0.2,-0.2,0,0,0,0,-5,-3.1,-3.3,-9,-1.3,-0.9,-1,-2,0.1,-0.1,0,0.2,0.6,0.5,0.5,0.8,0.7,0.7,0.7,0.7,-2.3,-2.6,-4.5,-4,0.5,2.4,-1.9,-2.1,-3.5,-2.9,0.2,1.6,-2.4,-2.5,-4.5,-4.9,0.4,2.4,-2.5,-3.3,-5.7,-4.1,1,3.4,-0.7,-2.9,-2.7,-2.4,1.4,1.2,-0.8,-3.3,-2.8,-2.6,1.5,1,-0.8,-2.5,-2.7,-2.6,1.1,1.3,-0.7,-2.1,-2.4,-1.8,1.1,1.4,-5.8,-5.7,-9.8,-5.9,0.9,5,-4.9,-3,-7.4,-2.6,-1.2,3.2,-5.8,-5.5,-9.6,-7.3,0.8,4.9,-6.8,-7.9,-12.1,-6.8,2.3,6.5,3.1,3.1,2.9,1.7,-0.5,-0.3,3.3,3.6,3.1,1.6,-0.8,-0.3,3,3,3,1.8,-0.6,-0.6,2.7,2.4,2.6,1.8,-0.2,-0.4,0.5,1.3,-1.2,-2,-0.6,1.9,0.6,1.2,-1,-1.7,-0.5,1.7,0.5,1.5,-1.2,-2.2,-0.8,1.9,0.4,1.2,-1.3,-2.4,-0.3,2.2,-6.4,-7.2,-10.8,-12.8,0.2,3.8,-7.9,-8.7,-12.5,-16.2,1.5,5.3,-6.3,-8.8,-12.7,-16.6,2.4,6.3,-5.1,-3.7,-6.3,-3.6,-4,-1.4,-4.9,-0.5,-5.1,-9,-4.9,-0.3,-4.9,-0.5,-4.7,-7.5,-4.7,-0.5,-5.5,-0.6,-5.3,-9.1,-5.1,-0.4,-4.1,-0.5,-5.2,-9.9,-4.7,0,2.7,2.5,0.2,-2,0.5,2.8,4.6,2.5,0.5,-1.6,2,4,2.6,2.5,0.4,-1.8,0.4,2.5,0.9,2.4,-0.5,-2.8,-0.7,2.2,1.3,1.3,0.7,0.4,-0.1,0.5,0.9,1,0.3,0.2,-0.2,0.5,1.2,1.2,0.3,0,-0.1,0.8,1.9,1.9,1.7,1.1,-0.3,-0.1,-0.5,-0.1,0.2,-2,0.5,0.2,-1.3,-0.7,1,-0.9,0.8,-0.9,-0.5,-0.2,0.2,-2.4,0.7,0.3,0,0.5,-0.4,-2.5,0.1,1,0.1,0.1,-0.4,-0.5,0.1,0.1,-0.3,-0.3,0.1,0.1,-0.3,-0.5,0.1,0.1,-0.5,-0.7,-0.1,0.2,-0.4,0.4,0,0.3,-0.5,0.5,-0.1,0.2,-0.4,0.3,-0.1,0,-0.3,0.3,-0.1,-0.2,-0.7,-1.2,-0.1,-0.2,-0.4,-0.8,-0.1,-0.2,-0.6,-1.3,-0.1,-0.2,-1,-1.5,0.4,0.7,-0.2,0.3,0.4,0.8,-0.2,0.3,0.4,0.6,-0.2,0.3,0.3,0.6,-0.2,0.3,0.1,-0.4,-0.2,-0.2,0.2,-0.2,-0.2,-0.1,0.1,-0.5,-0.2,-0.2,-0.3,-0.6,-0.3,-0.5,3.6,7,-2.2,-4.3,2.7,5.6,-1.3,-3.9,4.1,5.5,-1.4,-3.2,3.8,10.8,-4,-6.4,-0.3,-0.3,-0.4,-0.8,-0.5,-0.3,-0.4,-0.5,-0.3,-0.4,-0.3,-0.8,0.1,-0.3,-0.6,-0.9,1.1,0.5,0.7,-0.3,1.7,0.6,0.5,0,1.1,0.5,0.6,-0.2,0.4,0.4,0.8,-0.6,-0.3,-1,0.2,0.7,-0.1,-0.8,0.1,0.6,-0.3,-0.7,0.1,0.6,-0.4,-1.6,0.3,1,-0.3,-0.7,0.1,-0.3,-0.3,-0.6,0.2,-0.7,-0.4,-0.7,0.2,-0.3,-0.1,-0.8,0.1,0.1,1.5,44.41,7.796,0.943,25.66,9019.9044,2183,15095.53027,5.41,4.4
2001/1/31,-1.5,-1.4,-1.7,-1.4,-0.8,-1.1,-0.9,-0.1,-4.2,-3.8,-4.2,-4.6,2.3,2.3,2.2,2.4,0,0.2,-0.2,-0.6,-8.4,-9.4,-8.8,-7,-6.1,-5.9,-6.6,-5.6,2.6,4.1,2.5,1.4,1.8,1.6,1.6,2.2,2.2,2,2.2,2.4,-0.1,0,-0.1,-0.1,0.5,0.5,0.4,0.5,-0.1,-0.1,-0.1,-0.3,-0.2,-0.3,-0.2,0.2,-0.5,-0.3,-0.5,-0.8,-8.1,-8.2,-8.3,-7.9,-0.9,-0.9,-1.1,-0.6,-0.4,-0.4,-0.4,-0.4,0.4,0.5,0.3,0.4,1.4,1.6,1.5,1.3,-2.1,-3.1,-3.2,-5.3,1.6,1.7,-1.9,-2.7,-2.2,-4.2,1.3,0.8,-2.1,-3.2,-3.3,-5.7,1.5,1.6,-2.3,-3.4,-4.3,-6.2,2,2.9,-1.5,-1.4,-2.3,-2.4,0.6,1.5,-1.8,-1.6,-2.3,-2.5,0.5,1.2,-1.4,-1.3,-2.2,-2.4,0.4,1.3,-1,-1,-2,-2.3,0.9,1.9,-4.8,-6.7,-7.2,-10.4,2.5,3,-4.2,-5.5,-4.1,-8.3,1.7,0.3,-4.7,-6.7,-7,-11,2.5,2.8,-5.6,-8.3,-10,-11.4,3.7,5.4,2.6,2.8,2.7,2.3,-0.5,-0.4,2.8,3,2.9,2.2,-0.7,-0.6,2.4,2.7,2.8,2.4,-0.5,-0.6,2.2,2.4,2.4,2.4,0,0,0.7,0.5,-0.7,-2.3,-0.5,0.7,0.7,0.5,-0.6,-2,-0.3,0.8,0.7,0.4,-0.7,-2.6,-0.6,0.5,0.9,0.8,-1.1,-2.5,-1.4,0.5,-7,-9.7,-10.3,-14,1.3,1.9,-7.2,-10.9,-11.1,-16,1.5,1.7,-6.4,-10.6,-11.7,-16.3,1.8,2.9,-7.7,-7.4,-7.6,-8.3,0.4,0.6,-5.4,-5.3,-3,-7.5,-0.8,-3.1,-5.2,-5.1,-2.9,-6.4,-0.8,-3,-5.7,-5.8,-3.2,-7.8,-0.8,-3.4,-5.2,-4.5,-2.8,-7.9,-1.1,-2.8,3,0.4,0.9,-1.9,2.2,1.7,4.5,1.9,0.6,-1.6,2.2,3.5,2.9,0.5,1,-1.7,2,1.5,1.7,-0.9,1.2,-2.6,2.3,0.2,1.2,1.4,1.6,0.1,0.4,0.2,0.8,0.9,0.7,0.1,0.7,0.9,1.1,1.3,0.8,-0.1,0.3,0.8,1.6,2,3.6,0.5,0.2,-1.4,0.4,-0.9,0.7,-1.1,3.1,1.5,0.1,-1.9,1.1,0.4,3.9,0.9,0.5,-0.9,0.5,-1.3,3.1,1.7,0.6,-0.1,0.7,-2.2,2.5,1.7,-0.3,0,-0.1,-0.7,-0.3,-0.1,-0.1,-0.5,-0.2,0,-0.1,-0.6,-0.4,0.2,-0.1,-1,-0.4,-0.4,0.1,-0.2,-0.6,-0.6,0.2,-0.2,-0.3,-0.4,0.1,-0.2,0,-0.2,0.1,-0.4,-0.1,-0.1,-0.3,-0.8,-0.1,-0.2,-0.3,-0.5,-0.1,-0.1,-0.3,-0.6,-0.2,-0.1,-0.3,-1.3,-0.2,0.8,-0.1,0.1,-0.2,0.7,-0.1,0.1,-0.2,0.8,-0.1,0.1,-0.2,0.7,-0.1,0.1,0,0.1,0.2,0.3,0,0,0.2,0.1,0,0.2,0.2,0.3,0,0.4,0.3,0.8,-5,4.1,-5.3,-6.7,-3.1,3.3,-4,-6,-3.3,3.5,-4,-5.9,-9,5.6,-8.5,-8.6,-1.3,-0.6,-0.9,-0.1,-0.9,-1,-0.7,-0.1,-1,-0.9,-1.1,-0.1,-2,0.2,-0.8,-0.1,0.1,0.5,-0.1,0,-0.1,1,-0.1,0,0,0.4,-0.1,0,0.2,0.2,-0.2,0,0.6,0.2,1.5,-0.2,0.5,0.1,1.4,-0.2,0.5,0.3,1.2,-0.1,0.8,0.3,2.1,-0.2,0.7,-0.3,0.7,-0.3,0.7,-0.4,0.4,-0.3,0.7,-0.3,0.5,-0.3,0.7,-0.4,1.2,-0.4,1.2,43.54,7.798,0.943,25.62,9008.1108,2511,16102.34961,5.74,4.2
2001/2/28,-2.4,-2.5,-2.5,-2.3,-1.3,-1.8,-1.4,-0.4,-3.6,-3.2,-3.6,-4,-11.7,-15.5,-10,-5.9,0.6,0.5,0.6,0.9,-8.7,-9.7,-9.6,-6.5,-5.9,-5.4,-6.3,-5.8,1.2,3.4,1.3,-0.7,0,-0.1,0.1,-0.1,-0.3,0.1,-0.1,-0.8,-1,-1.2,-1,-0.9,-0.1,-0.1,-0.1,0,-0.1,-0.1,-0.1,-0.1,-13.4,-17.1,-11.7,-7.8,0.6,0.4,0.7,1.2,-4.9,-4.7,-5.2,-4.8,-0.6,-0.5,-0.6,-0.6,0.1,0.1,0.1,-0.1,-1.1,-1.1,-0.9,-1.4,-1.5,-1.1,-1.5,-1.8,-1.5,-2.3,-2.7,-5.1,-0.1,0.3,-1.4,-1.9,-1.8,-4.2,-0.6,-0.7,-1.7,-2.4,-2.7,-5.4,-0.1,0.2,-1.4,-2.5,-3.6,-5.8,0.2,1.3,-0.8,-0.7,-1.7,-2.7,-0.6,0.4,-1.1,-0.8,-1.8,-2.9,-1,0,-0.9,-0.8,-1.6,-2.7,-0.6,0.2,-0.1,-0.7,-1.3,-2.6,0.3,0.9,-4.2,-5.8,-6.5,-10.5,2.2,2.9,-3.8,-4.9,-3.6,-8.4,1.7,0.4,-4.2,-5.8,-6.4,-10.8,2.2,2.8,-4.6,-6.8,-8.9,-11.8,2.8,4.9,2.3,3.1,2.6,3.4,-14.8,-14.3,2.3,3.3,2.7,3.6,-18.8,-18.2,2.2,3,2.5,3.4,-13,-12.5,2.4,2.7,2.6,3,-8.6,-8.5,0,0.5,-0.1,-3.1,0.1,0.7,0.2,0.6,0,-2.6,-0.1,0.5,-0.2,0.5,-0.1,-3.4,0.1,0.7,-0.6,0.4,-0.3,-3.5,0.5,1.2,-8.4,-6.4,-11.6,-13.1,-2.3,2.9,-9.4,-7.9,-11.9,-15.6,-1.8,2.2,-8.8,-6.3,-12.8,-15.8,-3.3,3.2,-7,-5.1,-9.4,-6.3,-1.4,2.9,-6.1,-4.9,-1.7,-6.3,-1,-4.2,-5.9,-4.9,-1.5,-5.5,-0.5,-3.9,-6.6,-5.5,-1.8,-6.8,-0.8,-4.5,-5.6,-4.1,-1.8,-6.2,-1.7,-4,2.6,2.7,1.8,-0.6,-1.5,-0.6,4.1,4.6,1.5,-0.5,-1.2,1.9,2.5,2.6,1.8,-0.2,-1.3,-0.5,1.4,0.9,2.2,-1.5,-1.6,-2.9,1.8,1.3,1.9,0.5,-1.3,-1.9,1.6,0.9,1,0.2,-1,-1.1,1.6,1.2,1.2,0.2,-1.1,-1.1,2.2,1.9,3.7,1.3,-2,-3.8,2.2,-0.5,1.2,-0.4,0.2,-1.5,2,-1.3,1.5,0.1,1.4,-1.4,2.2,-0.5,1,-1,0.4,-1.1,2.4,0,1.4,0,-0.8,-2.2,-0.1,0.1,-0.3,-0.1,0,0.1,-0.2,0,-0.1,0.1,-0.3,-0.1,-0.1,0.1,-0.5,0,0.5,-0.1,0.1,0.4,0.5,0,0.1,0.5,0.4,-0.1,0.1,0.4,0.5,-0.1,0.2,0.2,-0.1,-0.1,-0.4,-0.7,-0.1,-0.1,-0.2,-0.8,-0.1,-0.1,-0.4,-0.7,-0.3,-0.1,-0.5,-0.7,-0.2,0.4,0.3,0.4,-0.3,0.4,0.3,0.5,-0.2,0.4,0.3,0.3,0.2,0.3,0.2,0.3,-0.5,0.1,-0.2,0,-0.3,0.2,-0.1,0,-0.5,0.1,-0.2,-0.1,-0.8,-0.3,-0.5,-0.3,-8.1,3.6,-4.5,-4.6,-8.2,2.7,-3.5,-4.4,-8.3,4.1,-3.6,-4.4,-7.9,3.8,-7,-5.3,-0.9,-0.3,-0.7,-0.8,-0.9,-0.5,-0.7,-1,-1.1,-0.3,-0.7,-1,-0.6,0.1,-0.7,-0.4,-0.4,1.1,-0.7,1.4,-0.4,1.7,-0.5,0.8,-0.4,1.1,-0.7,1.3,-0.4,0.4,-1,2,0.4,-0.3,0,0.7,0.5,-0.1,0.1,0.6,0.3,-0.3,0.1,0.6,0.4,-0.4,-0.1,0.8,1.4,-0.3,0.2,1,1.6,-0.3,0.2,0.8,1.5,-0.4,0.2,0.8,1.3,-0.1,0.2,1.3,0,45.92,7.799,0.943,27.5,8461.3932,2458,14787.87012,5.59,4.3
2001/3/31,-1.9,-2.1,-2,-1.5,-1.2,-1.7,-1.4,0,-3.4,-2.9,-3.4,-3.9,-12,-15.8,-10.4,-6.1,3.3,3.4,3.4,2.6,-1.6,-2.9,-2.5,0.8,-7.3,-7.3,-8,-6.5,2,3.8,2,0.4,0.6,0.7,0.5,0.6,0.8,1,0.7,0.7,0.2,-0.1,0.1,0.5,-0.7,-0.9,-0.7,-0.2,-0.2,-0.2,-0.2,-0.1,-0.1,-0.1,-0.1,-0.1,2.8,3,2.8,1.7,9.9,7.8,7.7,15.4,-0.3,-0.2,-0.2,-0.4,0.3,0.2,0.2,0.4,0.1,0.1,0,0.1,0,0.1,0.1,-0.1,-2.4,-2.1,-2.6,-5,0.2,0.7,-2.5,-1.9,-2.1,-4,-0.2,0,-2.5,-2.1,-2.5,-5.3,0.1,0.5,-2.3,-2.3,-3.3,-5.7,0.8,1.8,-1.3,-1.5,-2.9,-2.7,0.3,1.7,-1.8,-1.8,-3.3,-2.8,0.1,1.6,-1.4,-1.4,-2.5,-2.6,0,1.1,-0.4,-1,-2.1,-2.6,1,2.1,-3.6,-4.8,-5.7,-10.2,1.4,2.3,-3.2,-4.2,-3,-8.2,1.3,0.1,-3.6,-4.7,-5.5,-10.5,1.3,2.1,-4,-5.6,-7.9,-11.5,1.7,4,-11.7,2.6,3.1,3.6,-14.6,-15.1,-15.5,2.8,3.6,3.8,-18.6,-19.4,-10,2.4,3,3.7,-12.8,-13.4,-5.9,2.2,2.4,3.2,-8.3,-8.5,0.6,0.7,1.3,-2.4,2.6,2,0.5,0.7,1.2,-2,2.7,2.2,0.6,0.7,1.5,-2.7,2.7,1.9,0.9,0.9,1.2,-2.9,1.7,1.4,-8.7,-7,-7.2,-10.6,5.4,5.6,-9.7,-7.2,-8.7,-14.3,4.3,5.8,-9.6,-6.4,-8.8,-14.4,3.9,6.3,-6.5,-7.7,-3.7,-1,8.5,4.5,-5.9,-5.4,-0.5,-5.7,-1.9,-6.8,-5.4,-5.2,-0.5,-5.2,-2.1,-6.8,-6.3,-5.7,-0.6,-6.1,-2.3,-7.4,-5.8,-5.2,-0.5,-5.7,-1.3,-6,1.2,3,2.5,-0.3,-1,-0.5,3.4,4.5,2.5,0.4,-0.7,1.3,1.3,2.9,2.5,-0.1,-0.9,-0.5,-0.7,1.7,2.4,-1.5,-1.3,-2,0,1.2,1.3,0.3,-0.6,-0.7,-0.1,0.8,1,0.1,-0.1,-0.3,0.1,1.1,1.2,0,-0.6,-0.7,-0.1,1.6,1.9,0.7,-1,-1.3,-0.3,0.4,-0.1,-1.7,0.4,0.9,0.1,0.1,-0.7,-0.8,0.9,1.7,-0.1,0.5,-0.2,-1.8,0.2,0.9,-0.8,0.6,0.5,-2.2,0.1,0.2,-1,-0.3,0.1,-0.4,-1.2,-0.3,0.1,-0.5,-1,-0.2,0.1,-0.4,-0.9,-0.4,0.1,-0.3,-0.1,-0.4,0.2,-0.8,-0.1,-0.6,0.3,-1,-0.1,-0.3,0.2,-0.7,0,0,0,-0.6,-0.1,-0.1,-0.2,-0.4,-0.1,-0.1,-0.2,-0.4,-0.1,-0.1,-0.2,-0.4,-0.1,-0.2,-0.2,-0.2,-13.4,-0.2,0.7,0.2,-17.1,-0.2,0.8,0.2,-11.7,-0.2,0.6,0.2,-7.8,-0.2,0.6,0.2,0.6,0,-0.4,0.1,0.4,0,-0.2,0.1,0.7,0,-0.5,0.1,1.2,0,-0.6,-0.1,-4.9,-5,7,2,-4.7,-3.1,5.6,0.2,-5.2,-3.3,5.5,-0.1,-4.8,-9,10.8,7,-0.6,-1.3,-0.3,1.3,-0.5,-0.9,-0.3,1.8,-0.6,-1,-0.4,1.6,-0.6,-2,-0.3,0.3,0.1,0.1,0.5,-0.5,0.1,-0.1,0.6,-0.3,0.1,0,0.5,-0.5,-0.1,0.2,0.4,-0.8,-1.1,0.6,-1,-0.6,-1.1,0.5,-0.8,-0.7,-0.9,0.5,-0.7,-0.4,-1.4,0.8,-1.6,-0.6,-1.5,0.7,-0.7,-1,-1.1,0.7,-0.6,-0.8,-1.5,0.7,-0.7,-0.7,-1.8,0.7,-0.8,-1.6,0.8,44.4,7.797,0.943,24.5,9137,2482,12760.63965,5.29,4.4
2001/4/30,-1.4,-1.2,-1.6,-1.4,-1,-1.4,-1.2,0.1,-3,-2.5,-3,-3.5,0.7,0.7,0.6,1,3.6,3.7,3.7,2.3,-1.9,-2.4,-1.8,-1.6,-7,-6.9,-7.6,-6.3,1.7,3.7,1.6,-0.1,0.8,0.9,0.7,0.7,0.3,0.5,0.2,0.3,0.6,0.8,0.5,0.4,0.1,0.2,0,0.1,-0.2,-0.2,-0.2,-0.1,14.8,19.9,12.6,7.9,0.4,0.4,0.4,0,4.6,4.2,4.9,4.5,-0.4,-0.5,-0.5,-0.1,-0.4,-0.1,-0.4,-0.7,0.5,0.5,0.4,0.6,0.2,0,0.1,0.4,-1.9,-1.5,-3.1,-4.4,0.1,1.7,-2.1,-1.4,-2.7,-3.4,0.2,1.5,-2,-1.7,-3.2,-4.6,0.1,1.6,-1.5,-1.4,-3.4,-5.2,0,2,-1.2,-0.8,-1.4,-2.3,-0.2,0.4,-1.7,-1.1,-1.6,-2.4,-0.3,0.2,-1.4,-0.9,-1.3,-2.3,-0.3,0.1,0,-0.1,-1,-2.3,0.2,1.1,-3.4,-4.2,-6.7,-10,1.2,3.7,-2.9,-3.8,-5.5,-8,1.3,3,-3.4,-4.2,-6.7,-10,1.2,3.7,-3.9,-4.6,-8.3,-11.6,1.1,4.8,-12,2.3,2.8,7.2,-1.6,-2.1,-15.8,2.3,3,8.5,-1.6,-2.3,-10.4,2.2,2.7,6.7,-1.6,-2.1,-6.1,2.4,2.4,5,-1.4,-1.4,3.3,0,0.5,-2.4,3.6,3.1,3.4,0.2,0.5,-2.2,3.5,3.2,3.4,-0.2,0.4,-2.7,3.9,3.3,2.6,-0.6,0.8,-2.6,2.9,1.5,-1.6,-8.4,-9.7,-10.1,6.5,7.8,-2.9,-9.4,-10.9,-13.2,7,8.5,-2.5,-8.8,-10.6,-13.2,7,8.8,0.8,-7,-7.4,-2.5,5.4,5.8,-7.3,-6.1,-5.3,-4.6,-0.9,-1.7,-7.3,-5.9,-5.1,-4.2,-1,-1.8,-8,-6.6,-5.8,-5.1,-1,-1.8,-6.5,-5.6,-4.5,-4.1,-0.7,-1.8,2,2.6,0.4,1.1,-0.9,1.3,3.8,4.1,1.9,2.2,-0.4,1.8,2,2.5,0.5,1,-0.9,1.1,0.4,1.4,-0.9,-0.4,-1.5,0.8,0.6,1.8,1.4,0.7,-1,-0.6,0.7,1.6,0.9,0.4,-0.7,0,0.5,1.6,1.3,0.2,-0.9,-0.6,0.6,2.2,2,1.8,-1.5,-1.3,0.8,2.2,-0.9,-0.3,-1.9,1.2,1,2,-1.9,0.4,-1.5,2.4,0.7,2.2,-0.9,-0.6,-2,1.1,0.7,2.4,-0.1,-0.5,-2.1,0.4,0.2,-0.1,0,0.1,-0.1,0,-0.1,0,0.1,-0.1,0,0,0.5,-0.1,0.2,0.3,-0.7,0.5,-0.4,-0.1,-0.9,0.5,-0.6,-0.2,-0.7,0.4,-0.4,-0.2,-0.2,0.5,-0.2,0,-0.2,-0.1,-0.1,-0.6,-0.2,-0.1,-0.2,-0.6,-0.2,-0.1,-0.1,-0.6,-0.1,-0.3,-0.1,-0.6,-0.1,-0.2,0.8,0.3,-0.1,-0.3,0.7,0.3,-0.1,-0.2,0.8,0.3,-0.1,0.2,0.7,0.3,2.8,-0.5,0.1,0.1,3,-0.3,0,0.1,2.8,-0.5,0.2,0.1,1.7,-0.8,0.4,0.3,9.9,-8.1,4.1,4.9,7.8,-8.2,3.3,3.7,7.7,-8.3,3.5,4.2,15.4,-7.9,5.6,7.1,-0.3,-0.9,-0.6,-0.7,-0.2,-0.9,-1,-0.9,-0.2,-1.1,-0.9,-0.9,-0.4,-0.6,0.2,-0.3,0.3,-0.4,0.5,0,0.2,-0.4,1,0,0.2,-0.4,0.4,0,0.4,-0.4,0.2,-0.1,0.1,0.4,0.2,0.3,0.1,0.5,0.1,0.3,0,0.3,0.3,0.2,0.1,0.4,0.3,0.5,0,1.4,-0.3,0.6,0.1,1.6,-0.4,0.5,0.1,1.5,-0.3,0.6,-0.1,1.3,-0.4,0.8,1.6,44.48,7.798,0.943,25.66,9386,2540,13386.04004,4.67,4.5
2001/5/31,-1.5,-1.3,-1.6,-1.6,-1.2,-1.6,-1.3,0,-2.6,-2.2,-2.6,-3.1,0.7,0.7,0.7,1,3,3.4,3,0.9,-4.4,-3.9,-3.6,-5.9,-7.4,-7.3,-7.8,-6.8,1.9,3.4,1.8,0.6,0.7,0.9,0.7,0.5,0.2,0.3,0,0.2,-0.3,-0.2,-0.3,-0.3,-0.1,-0.1,-0.1,0,-0.2,-0.2,-0.2,-0.2,0,0,0,0,-0.1,0,-0.1,-0.2,-1.8,-1.5,-2.1,-1.6,-1,-1,-1,-1.1,0.5,0.3,0.4,0.6,-0.3,-0.3,-0.3,-0.5,-0.4,-0.4,-0.4,-0.4,-1.4,-2.4,-2.3,-4.5,0.9,0.8,-1.2,-2.5,-1.9,-3.4,1.2,0.6,-1.6,-2.5,-2.4,-4.6,0.9,0.8,-1.4,-2.3,-2.5,-5.6,0.7,0.9,-1,-1.3,-0.7,-2.8,0.1,-0.5,-1.4,-1.8,-0.8,-3,0.2,-0.8,-1.2,-1.4,-0.8,-2.8,0.1,-0.5,0.1,-0.4,-0.7,-2.7,0.4,0.7,-3,-3.6,-5.8,-9.9,1,3.2,-2.5,-3.2,-4.9,-7.8,1,2.7,-3,-3.6,-5.8,-9.8,1,3.2,-3.5,-4,-6.8,-11.8,0.9,3.7,0.7,-11.7,3.1,7,12.4,-2.4,0.7,-15.5,3.3,8.3,16.2,-2.6,0.6,-10,3,6.6,10.7,-2.3,1,-5.9,2.7,5,6.9,-1.7,3.6,0.6,0.5,-1.9,2.4,2.5,3.7,0.5,0.6,-1.6,2.9,2.8,3.7,0.6,0.5,-2.1,2.4,2.5,2.3,0.9,0.4,-2.2,0,0.5,-1.9,-8.7,-6.4,-10,4.3,2,-2.4,-9.7,-7.9,-12.2,5.8,4,-1.8,-9.6,-6.3,-12.5,6,2.7,-1.6,-6.5,-5.1,-4.5,0.6,-0.8,-7,-5.9,-4.9,-4.8,-1.5,-2.5,-6.9,-5.4,-4.9,-4.5,-1.9,-2.4,-7.6,-6.3,-5.5,-5.2,-1.5,-2.3,-6.3,-5.8,-4.1,-4.5,-1,-2.7,1.7,1.2,2.7,0.8,0.7,-0.8,3.7,3.4,4.6,2.1,0,-1.2,1.6,1.3,2.6,0.7,0.5,-0.8,-0.1,-0.7,0.9,-0.7,1.3,-0.3,0.8,0,1.3,0.5,0.7,-0.6,0.9,-0.1,0.9,0.4,1,0,0.7,0.1,1.2,0.2,0.6,-0.5,0.7,-0.1,1.9,1.1,0.6,-1.4,0.3,-0.3,-0.5,-0.1,0.5,0.7,0.5,0.1,-1.3,0.7,0.2,1.6,0.2,-0.1,-0.5,-0.3,0.1,0.5,0.3,-0.8,0,-0.3,1,0.2,0.6,-1,0.1,-0.2,0.8,-1.2,0.1,-0.2,0.5,-1,0.1,-0.3,0.4,-0.9,0.1,-0.2,0.1,-0.1,-0.1,0.1,0.2,-0.1,0,0.2,0,-0.1,-0.1,0.1,0.1,0,-0.1,0.1,-0.2,-0.1,-0.1,-0.6,-0.2,-0.1,-0.1,-0.6,-0.2,-0.1,-0.1,-0.6,-0.1,-0.1,-0.1,-0.6,14.8,-13.4,0.4,0,19.9,-17.1,0.4,0,12.6,-11.7,0.4,0,7.9,-7.8,0.3,0,0.4,0.6,0.1,0.5,0.4,0.4,0.2,0.3,0.4,0.7,0.1,0.6,0,1.2,-0.3,1.2,4.6,-4.9,3.6,0.8,4.2,-4.7,2.7,0,4.9,-5.2,4.1,-0.2,4.5,-4.8,3.8,3,-0.4,-0.6,-0.3,-0.7,-0.5,-0.5,-0.5,-0.6,-0.5,-0.6,-0.3,-0.8,-0.1,-0.6,0.1,-0.6,-0.4,0.1,1.1,0.2,-0.1,0.1,1.7,0.6,-0.4,0.1,1.1,0.3,-0.7,-0.1,0.4,-0.1,0.5,-1.1,-0.3,-0.3,0.5,-1.1,-0.1,-0.3,0.4,-0.9,-0.3,-0.3,0.6,-1.4,-0.4,-0.4,0.2,-1.5,-0.3,-0.3,0,-1.1,-0.3,-0.2,0.1,-1.5,-0.4,-0.2,0.4,-1.8,-0.1,-0.3,1.7,44.06,7.798,0.943,28.31,11719.4004,2290,13174.41016,4.24,4.5
2001/6/30,-1.1,-0.7,-1.2,-1.3,-0.1,-0.2,-0.3,0.3,-2.1,-1.9,-2.1,-2.3,0.9,0.9,0.9,1.2,3.3,3.7,3.4,1.6,-5.1,-4.9,-4.7,-6.1,-7.4,-7.2,-7.9,-6.6,1.3,3,1.3,-0.2,0.7,0.9,0.7,0.4,0.2,0.3,0.3,0.1,0,0.2,0,-0.2,0.6,1,0.6,0.1,-0.1,-0.1,-0.1,-0.1,0,0,0,0,0.2,0.1,0.2,0.4,-3,-2.3,-2.5,-4.2,-0.4,-0.4,-0.5,-0.5,0.1,0.1,0.1,0,0.1,0.1,0.1,0.1,0.2,0.2,0.4,0,-1.5,-1.9,-2.1,-4.5,0.8,1,-1.3,-2.1,-1.9,-3.5,1.4,1.2,-1.6,-2,-2.1,-4.5,0.8,0.9,-1.6,-1.5,-2.3,-5.7,0.2,1,-1.2,-1.2,-1.5,-2.7,1.1,1.4,-1.6,-1.7,-1.8,-2.8,1.5,1.6,-1.3,-1.4,-1.4,-2.7,1.1,1.1,0,0,-1,-2.4,0.3,1.3,-2.6,-3.4,-4.8,-9.8,1.3,2.7,-2.2,-2.9,-4.2,-7.4,1,2.3,-2.6,-3.4,-4.7,-9.6,1.3,2.6,-3.1,-3.9,-5.6,-12.1,1.6,3.3,0.7,-12,2.6,2.9,12.9,-1.7,0.7,-15.8,2.8,3.1,16.7,-1.9,0.7,-10.4,2.4,3,11.3,-1.5,1,-6.1,2.2,2.6,7.3,-1,3,3.3,0.7,-1.2,0,2.6,3.4,3.4,0.7,-1,0.3,3,3,3.4,0.7,-1.2,0,2.7,0.9,2.6,0.9,-1.3,-1,0.7,-4.4,-1.6,-7,-10.8,-3.5,1.9,-3.9,-2.9,-7.2,-12.5,-2,2.3,-3.6,-2.5,-6.4,-12.7,-2.2,1.7,-5.9,0.8,-7.7,-6.3,-6.9,1.6,-7.4,-7.3,-5.4,-5.1,-0.1,-2,-7.3,-7.3,-5.2,-4.7,0.1,-2,-7.8,-8,-5.7,-5.3,0.1,-2.2,-6.8,-6.5,-5.2,-5.2,-0.1,-1.4,1.9,2,3,0.2,-0.7,-1.7,3.4,3.8,4.5,0.5,-0.8,-1.5,1.8,2,2.9,0.4,-0.7,-1.6,0.6,0.4,1.7,-0.5,-0.6,-1.9,0.7,0.6,1.2,0.7,0.1,-0.5,0.9,0.7,0.8,0.3,0.2,0.1,0.7,0.5,1.1,0.3,0.2,-0.4,0.5,0.6,1.6,1.7,-0.2,-1.2,0.2,0.8,0.4,0.2,-0.6,-0.2,0.3,1,0.1,1,-0.7,0.2,0,0.7,0.5,0.2,-0.4,-0.2,0.2,0.7,0.6,-0.4,-0.6,-0.5,-0.3,0.2,-0.3,-0.4,-0.2,-0.1,-0.3,-0.3,-0.3,0.1,-0.2,-0.3,-0.3,0.5,-0.4,-0.5,-0.1,-0.7,-0.4,-0.4,-0.1,-0.9,-0.6,-0.5,-0.1,-0.7,-0.3,-0.4,0,-0.2,0,-0.3,-0.2,-0.2,-0.1,-0.7,-0.2,-0.2,-0.1,-0.4,-0.2,-0.2,-0.1,-0.6,-0.2,-0.1,-0.2,-1,0,-0.1,-0.2,-0.2,0,-0.1,-0.2,-0.2,0,-0.1,-0.2,-0.2,0,-0.1,-0.2,-0.2,-0.1,2.8,0,-0.2,0,3,0,-0.2,-0.1,2.8,0,-0.2,-0.2,1.7,0,-0.3,-1.8,9.9,-5,-2.2,-1.5,7.8,-3.1,-1.3,-2.1,7.7,-3.3,-1.4,-1.6,15.4,-9,-4,-1,-0.3,-1.3,-0.4,-1,-0.2,-0.9,-0.4,-1,-0.2,-1,-0.3,-1.1,-0.4,-2,-0.6,0.5,0.3,0.1,0.7,0.3,0.2,-0.1,0.5,0.4,0.2,0,0.6,0.6,0.4,0.2,0.8,-0.3,0.1,0.6,0.2,-0.3,0.1,0.5,0.1,-0.3,0,0.5,0.1,-0.5,0.1,0.8,0.3,-0.4,0,0.7,0.1,-0.4,0.1,0.7,0.2,-0.4,0.1,0.7,0.2,-0.4,-0.1,0.7,0.1,1.4,43.38,7.797,0.943,27.85,12489.9192,2245,13042.53027,3.95,4.5
2001/7/31,-0.9,-0.5,-1.1,-1.2,0.4,0.6,0.1,0.6,-2,-1.7,-2,-2.3,1.2,1.1,1.1,1.4,2.8,3.2,2.9,0.7,-5.1,-4.8,-4.6,-6.3,-7.3,-7.2,-7.9,-6.5,1.1,2.7,1,-0.3,0.2,0.4,0.2,-0.1,0.5,0.8,0.6,0.2,0.1,0.2,0,-0.1,0.7,0.9,0.6,0.4,-0.2,-0.2,-0.2,-0.3,0.1,0.1,0.1,0.1,-0.3,-0.3,-0.3,-0.6,-5.3,-3.9,-3.9,-8.7,-0.8,-0.7,-1,-0.7,-0.3,-0.3,-0.4,-0.3,1,0.8,0.7,1.7,1,0.8,0.9,1.4,-1.1,-1.4,-1.5,-3.2,0.5,0.6,-0.7,-1.2,-1.4,-2.2,0.7,0.9,-1.2,-1.6,-1.7,-3.3,0.5,0.6,-1.3,-1.4,-1.4,-4.3,0.2,0.2,-0.1,-1,-0.8,-2.3,1.4,1.2,-0.2,-1.4,-1.1,-2.3,2,1.7,-0.3,-1.2,-0.9,-2.2,1.3,1,0.3,0.1,-0.1,-2,0.5,0.7,-2.1,-3,-4.2,-7.2,1,2.2,-1.9,-2.5,-3.8,-4.1,0.8,2.1,-2.1,-3,-4.2,-7,1,2.2,-2.3,-3.5,-4.6,-10,1.2,2.3,0.9,0.7,2.3,2.7,0.5,-1.1,0.9,0.7,2.3,2.9,0.4,-1.2,0.9,0.6,2.2,2.8,0.5,-1.1,1.2,1,2.4,2.4,0.4,-1,3.3,3.6,0,-0.7,-0.8,2.8,3.7,3.7,0.2,-0.6,-0.5,3,3.4,3.7,-0.2,-0.7,-0.8,3.1,1.6,2.3,-0.6,-1.1,-1.6,1.3,-5.1,-1.9,-8.4,-10.3,-3.2,3.3,-4.9,-2.4,-9.4,-11.1,-2.4,4.6,-4.7,-1.8,-8.8,-11.7,-2.8,4.2,-6.1,-1.6,-7,-7.6,-4.7,0.7,-7.4,-7,-6.1,-3,-0.3,-1.2,-7.2,-6.9,-5.9,-2.9,-0.3,-1.3,-7.9,-7.6,-6.6,-3.2,-0.3,-1.3,-6.6,-6.3,-5.6,-2.8,-0.2,-0.9,1.3,1.7,2.6,0.9,-0.6,-1.5,3,3.7,4.1,0.6,-1,-1.4,1.3,1.6,2.5,1,-0.6,-1.5,-0.2,-0.1,1.4,1.2,-0.2,-1.7,0.7,0.8,1.8,1.6,-0.6,-1.6,0.9,0.9,1.6,0.7,-0.5,-1.2,0.7,0.7,1.6,0.8,-0.5,-1.4,0.4,0.7,2.2,3.6,-0.8,-2.3,0.2,0.3,2.2,0.7,0.2,-1.7,0.3,0.5,2,1.1,0.3,-1.2,0.3,0.2,2.2,0.5,0.4,-1.6,0.1,0.3,2.4,0.7,-0.1,-2.2,0,0.6,-0.1,-0.1,0.2,0.8,0,-0.1,0,0.5,-0.1,-0.1,-0.2,0.4,-0.1,-0.1,0.6,0.1,0.5,0.1,1,0.2,0.5,0.2,0.6,0,0.4,0.1,0.1,0.1,0.5,0.1,-0.1,-0.2,-0.1,-0.3,-0.1,-0.2,-0.1,-0.3,-0.1,-0.2,-0.1,-0.3,-0.1,-0.1,-0.3,-0.3,0,14.8,-0.2,-0.1,0,19.9,-0.3,-0.1,0,12.6,-0.2,-0.1,0,7.9,0.2,-0.1,0.2,0.4,-0.5,0.2,0.1,0.4,-0.3,0.2,0.2,0.4,-0.5,0.2,0.4,0,-0.8,0.3,-3,4.6,-8.1,-5.3,-2.3,4.2,-8.2,-4,-2.5,4.9,-8.3,-4,-4.2,4.5,-7.9,-8.5,-0.4,-0.4,-0.9,-0.9,-0.4,-0.5,-0.9,-0.7,-0.5,-0.5,-1.1,-1.1,-0.5,-0.1,-0.6,-0.8,0.1,-0.4,-0.4,-0.1,0.1,-0.1,-0.4,-0.1,0.1,-0.4,-0.4,-0.1,0,-0.7,-0.4,-0.2,0.1,0.5,0.4,1.5,0.1,0.5,0.5,1.4,0.1,0.4,0.3,1.2,0.1,0.6,0.4,2.1,0.2,0.2,1.4,0.7,0.2,0,1.6,0.4,0.4,0.1,1.5,0.5,0,0.4,1.3,1.2,1.5,42.87,7.798,0.943,24.61,13619,2040,12316.69043,3.82,4.7
2001/8/31,-1.1,-0.9,-1.2,-1.2,-0.7,-0.9,-0.8,-0.3,-1.7,-1.7,-1.7,-1.8,0.6,0.5,0.6,0.9,2.7,3.1,2.8,0.8,-4.3,-3.9,-3.6,-6,-7.5,-7.4,-8.2,-6.5,1.3,2.9,1.2,0,0,0.2,0.1,-0.2,0.6,0.9,0.7,0.3,-0.5,-0.6,-0.4,-0.5,-1.1,-1.4,-0.9,-0.8,-0.1,-0.2,-0.1,0,-0.3,-0.4,-0.2,-0.2,-0.2,-0.2,-0.2,-0.4,-3.8,-2.7,-2.6,-6.7,-0.9,-0.9,-1.1,-0.7,-0.5,-0.3,-0.5,-0.7,-0.1,-0.1,0,-0.2,0.3,0.4,0.3,0.3,-0.9,-1.5,-2.4,-2.7,0.4,1.3,-0.5,-1.3,-2.5,-1.8,0.4,1.6,-1.1,-1.6,-2.5,-2.7,0.4,1.3,-1.2,-1.6,-2.3,-3.6,0.4,1.1,0.4,-1.2,-1.3,-1.7,0.5,0.6,0.6,-1.6,-1.8,-1.8,0.7,0.9,0.1,-1.3,-1.4,-1.6,0.5,0.6,0.6,0,-0.4,-1.3,-0.3,0.1,-2,-2.6,-3.6,-6.5,0.9,1.9,-1.7,-2.2,-3.2,-3.6,0.5,1.5,-2,-2.6,-3.6,-6.4,0.9,1.9,-2.3,-3.1,-4,-8.9,1.3,2.2,1.2,0.7,-11.7,2.6,-0.1,12.3,1.1,0.7,-15.5,2.7,-0.2,16,1.1,0.7,-10,2.5,-0.1,10.6,1.4,1,-5.9,2.6,-0.1,6.8,2.8,3,0.6,-0.1,-0.3,2.1,3.2,3.4,0.5,0,-0.3,2.6,2.9,3,0.6,-0.1,-0.2,2.2,0.7,0.9,0.9,-0.3,-0.1,-0.1,-5.1,-4.4,-8.7,-11.6,0.1,4.4,-4.8,-3.9,-9.7,-11.9,0,5.8,-4.6,-3.6,-9.6,-12.8,0,6,-6.3,-5.9,-6.5,-9.4,-0.1,0.5,-7.3,-7.4,-5.9,-1.7,-0.1,-1.6,-7.2,-7.3,-5.4,-1.5,-0.1,-2,-7.9,-7.8,-6.3,-1.8,-0.4,-1.9,-6.5,-6.8,-5.8,-1.8,0.3,-0.7,1.1,1.9,1.2,1.8,-0.6,0.1,2.7,3.4,3.4,1.5,-0.5,-0.5,1,1.8,1.3,1.8,-0.6,-0.1,-0.3,0.6,-0.7,2.2,-0.6,0.7,0.2,0.7,0,1.9,-0.7,0,0.4,0.9,-0.1,1,-0.7,0.3,0.2,0.7,0.1,1.2,-0.6,0,-0.1,0.5,-0.1,3.7,-0.7,-0.1,0.5,0.2,-0.3,1.2,0.4,0.9,0.8,0.3,0.1,1.5,0.6,0.8,0.6,0,-0.1,1,0.7,0.8,0.2,0.2,-0.8,1.4,0.1,1.1,0.1,-0.3,-1,-0.3,0.2,-0.2,-1.2,-0.2,0,-0.3,-1,-0.3,-0.1,-0.3,-0.9,-0.5,0.7,-0.1,-0.1,0.1,0.9,-0.1,-0.1,0.1,0.6,-0.1,-0.1,0.1,0.4,0,0,0.2,-0.2,-0.2,-0.1,-0.4,-0.2,-0.2,-0.1,-0.2,-0.2,-0.2,-0.1,-0.4,-0.3,-0.2,-0.1,-0.5,0.1,0,-13.4,0.3,0.1,0,-17.1,0.3,0.1,0,-11.7,0.3,0.1,0,-7.8,0.2,-0.3,-0.1,0.6,-0.2,-0.3,0,0.4,-0.1,-0.3,-0.1,0.7,-0.2,-0.6,-0.2,1.2,-0.5,-5.3,-1.8,-4.9,-4.5,-3.9,-1.5,-4.7,-3.5,-3.9,-2.1,-5.2,-3.6,-8.7,-1.6,-4.8,-7,-0.8,-1,-0.6,-0.7,-0.7,-1,-0.5,-0.7,-1,-1,-0.6,-0.7,-0.7,-1.1,-0.6,-0.7,-0.3,0.5,0.1,-0.7,-0.3,0.3,0.1,-0.5,-0.4,0.4,0.1,-0.7,-0.3,0.6,-0.1,-1,1,-0.3,-1.1,0,0.8,-0.3,-1.1,0.1,0.7,-0.3,-0.9,0.1,1.7,-0.5,-1.4,-0.1,1,-0.4,-1.5,0.2,0.8,-0.4,-1.1,0.2,0.9,-0.4,-1.5,0.2,1.4,-0.4,-1.8,0.2,1,42.03,7.8,0.943,25.68,14271,1942,11090.48047,3.66,5
2001/9/30,-1.2,-0.9,-1.3,-1.4,-0.5,-0.6,-0.7,-0.2,-1.8,-1.7,-1.7,-1.9,-0.2,-0.5,-0.2,0.2,3.5,3.8,3.6,1.9,-5.1,-4,-4.1,-7.7,-8.1,-8.2,-8.7,-6.9,1.7,3.2,1.5,0.5,-0.1,0.1,-0.2,-0.2,0.5,0.8,0.6,0.2,0,0.1,0,0,0.4,0.6,0.3,0.2,-0.2,-0.2,-0.2,-0.3,-0.2,-0.2,-0.2,-0.1,0.4,0.4,0.3,0.5,6.1,5.4,5,8.8,-0.9,-1.1,-0.9,-0.7,0.9,0.9,0.8,1,-1.1,-0.9,-1,-1.6,-0.8,-0.7,-0.7,-1,-1.1,-1.1,-1.9,-2.6,-0.1,0.7,-0.9,-0.7,-2.1,-2.1,-0.2,1.2,-1.2,-1.2,-2,-2.5,-0.1,0.7,-1.2,-1.3,-1.5,-3.3,-0.1,0.1,-0.7,-0.1,-1.2,-2.9,-0.4,0.7,-0.9,-0.2,-1.7,-3.3,-0.4,1.1,-0.8,-0.3,-1.4,-2.5,-0.4,0.7,-0.3,0.3,0,-2.1,-0.5,-0.2,-1.7,-2.1,-3.4,-5.7,0.3,1.6,-1.7,-1.9,-2.9,-3,0.2,1.2,-1.7,-2.1,-3.4,-5.5,0.4,1.7,-1.8,-2.3,-3.9,-7.9,0.4,2,0.6,0.9,-12,3.1,-1.1,11.8,0.5,0.9,-15.8,3.6,-1.4,15.3,0.6,0.9,-10.4,3,-1.1,10.2,0.9,1.2,-6.1,2.4,-1,6.3,2.7,3.3,3.3,1.3,0.2,0.2,3.1,3.7,3.4,1.2,0.1,0.4,2.8,3.4,3.4,1.5,0.2,0.2,0.8,1.6,2.6,1.2,0.3,-0.7,-4.3,-5.1,-1.6,-7.2,0,-3.5,-3.9,-4.9,-2.9,-8.7,0.9,-1.1,-3.6,-4.7,-2.5,-8.8,0.6,-1.6,-6,-6.1,0.8,-3.7,-1.6,-8.5,-7.5,-7.4,-7.3,-0.5,-0.7,-0.8,-7.4,-7.2,-7.3,-0.5,-1,-0.9,-8.2,-7.9,-8,-0.6,-0.8,-0.7,-6.5,-6.6,-6.5,-0.5,-0.3,-0.4,1.3,1.3,2,2.5,0.4,-0.3,2.9,3,3.8,2.5,0.2,-0.6,1.2,1.3,2,2.5,0.2,-0.5,0,-0.2,0.4,2.4,0.7,0.1,0,0.7,0.6,1.3,-0.8,-0.7,0.2,0.9,0.7,1,-0.8,-0.6,0.1,0.7,0.5,1.2,-0.9,-0.7,-0.2,0.4,0.6,1.9,-0.6,-0.8,0.6,0.2,0.8,-0.1,0.3,-0.3,0.9,0.3,1,-0.7,0.5,-0.2,0.7,0.3,0.7,-0.2,0.3,-0.1,0.3,0.1,0.7,0.5,0.1,-0.5,-0.5,0,0.2,0.1,-0.6,0.2,-0.1,0.1,-0.4,0,0.1,0.1,-0.5,-0.2,0.5,0.1,-1.1,0.6,-0.7,0.2,-1.4,1,-0.9,0.3,-0.9,0.6,-0.7,0.2,-0.8,0.1,-0.2,0,-0.1,-0.1,-0.2,-0.2,-0.2,-0.1,-0.2,-0.2,-0.1,-0.1,-0.2,-0.2,0,-0.1,-0.1,-0.2,-0.3,0,-0.1,0.7,-0.4,0,-0.1,0.8,-0.2,0,-0.1,0.6,-0.2,0,-0.1,0.6,-0.2,0.2,2.8,-0.4,-0.2,0.1,3,-0.2,-0.2,0.2,2.8,-0.5,-0.4,0.4,1.7,-0.6,-3.8,-3,9.9,7,-2.7,-2.3,7.8,5.6,-2.6,-2.5,7.7,5.5,-6.7,-4.2,15.4,10.8,-0.9,-0.4,-0.3,-0.3,-0.9,-0.4,-0.2,-0.3,-1.1,-0.5,-0.2,-0.4,-0.7,-0.5,-0.4,-0.3,-0.5,0.1,0.3,0.5,-0.3,0.1,0.2,0.6,-0.5,0.1,0.2,0.5,-0.7,0,0.4,0.4,-0.1,0.1,0.1,-1,-0.1,0.1,0.1,-0.8,0,0.1,0,-0.7,-0.2,0.1,0.1,-1.6,0.3,0.2,0,-0.7,0.4,0.2,0.1,-0.6,0.3,0.4,0.1,-0.7,0.3,0,-0.1,-0.8,-0.1,40.65,7.799,0.943,25.62,13590,1896,9950.700195,2.75,5.4
2001/10/31,-1.2,-1.1,-1.4,-1.3,-1,-1.1,-1.1,-0.4,-1.7,-1.7,-1.7,-1.8,-1.1,-1.3,-1.1,-0.6,5.5,6.1,5.6,2.5,-5.5,-5.6,-5.3,-5.8,-7,-6.6,-7.5,-6.5,1.6,2.4,1.5,1,0,0.2,-0.1,-0.2,0.6,0.9,0.6,0.3,-0.1,-0.3,-0.1,0.3,-0.9,-1.1,-0.8,-0.5,-0.1,-0.1,-0.1,-0.1,-0.1,-0.1,-0.1,-0.1,2,2.2,2.1,1,3.6,1.6,2.1,7.8,0.6,0.7,0.5,0.6,0.4,0.2,0.4,0.6,0.3,0.1,0.3,0.4,-0.3,-0.3,-0.3,-0.3,-1.2,-0.9,-1.4,-3.1,-0.3,0.2,-0.9,-0.5,-1.2,-2.7,-0.6,0.1,-1.3,-1.1,-1.6,-3.2,-0.3,0.2,-1.4,-1.2,-1.4,-3.4,-0.1,0.1,-0.5,0.4,-1,-1.4,-1.4,0,-0.6,0.6,-1.4,-1.6,-1.7,0.3,-0.7,0.1,-1.2,-1.3,-1.2,0.1,-0.2,0.6,0.1,-1,-1,-0.5,-1.8,-2,-3,-6.7,0.3,1.3,-1.7,-1.7,-2.5,-5.5,0,0.8,-1.7,-2,-3,-6.7,0.3,1.3,-1.9,-2.3,-3.5,-8.3,0.5,1.7,-0.2,1.2,0.7,2.8,-2.3,-1.8,-0.5,1.1,0.7,3,-2.4,-2,-0.2,1.1,0.6,2.7,-2.2,-1.7,0.2,1.4,1,2.4,-2,-1.6,3.5,2.8,3.6,0.5,2.7,1.9,3.8,3.2,3.7,0.5,2.9,2.4,3.6,2.9,3.7,0.4,2.7,1.9,1.9,0.7,2.3,0.8,1.8,0.2,-5.1,-5.1,-1.9,-9.7,-0.4,-3.6,-4,-4.8,-2.4,-10.9,-0.8,-3.2,-4.1,-4.6,-1.8,-10.6,-0.7,-3.5,-7.7,-6.3,-1.6,-7.4,0.5,-4.2,-8.1,-7.3,-7,-5.3,0.3,0,-8.2,-7.2,-6.9,-5.1,0.6,0.3,-8.7,-7.9,-7.6,-5.8,0.4,0.1,-6.9,-6.5,-6.3,-4.5,0,-0.2,1.7,1.1,1.7,0.4,0.5,-0.1,3.2,2.7,3.7,1.9,-0.3,-1.3,1.5,1,1.6,0.5,0.5,-0.1,0.5,-0.3,-0.1,-0.9,1.3,1.1,-0.1,0.2,0.8,1.4,-0.2,-0.8,0.1,0.4,0.9,0.9,-0.2,-0.7,-0.2,0.2,0.7,1.3,-0.3,-0.8,-0.2,-0.1,0.7,2,-0.1,-0.9,0.5,0.5,0.3,-0.9,0.1,0.3,0.8,0.8,0.5,-1.9,0.1,0.4,0.6,0.6,0.2,-0.9,0,0.4,0.2,0.2,0.3,-0.1,0.1,0,0,0.1,0.6,0,0.1,0.2,0.8,-0.1,0,0,0.5,0,0,-0.1,0.4,0.2,0.4,0.7,0.1,-0.4,0.6,0.9,0.2,-0.6,0.3,0.6,0,-0.4,0.2,0.4,0.1,-0.2,-0.2,-0.2,-0.2,-0.1,-0.2,-0.2,-0.2,-0.2,-0.2,-0.2,-0.2,-0.1,-0.3,-0.3,-0.1,-0.1,-0.2,0.1,14.8,0.8,-0.2,0.1,19.9,0.7,-0.2,0.1,12.6,0.8,-0.1,0.1,7.9,0.7,0.4,-0.3,0.4,0.1,0.4,-0.3,0.4,0,0.3,-0.3,0.4,0.2,0.5,-0.6,0,0.4,6.1,-5.3,4.6,4.1,5.4,-3.9,4.2,3.3,5,-3.9,4.9,3.5,8.8,-8.7,4.5,5.6,-0.9,-0.8,-0.4,-0.6,-1.1,-0.7,-0.5,-1,-0.9,-1,-0.5,-0.9,-0.7,-0.7,-0.1,0.2,0.9,-0.3,-0.4,0.5,0.9,-0.3,-0.1,1,0.8,-0.4,-0.4,0.4,1,-0.3,-0.7,0.2,-1.1,1,0.5,0.2,-0.9,0.8,0.5,0.1,-1,0.7,0.4,0.3,-1.6,1.7,0.6,0.3,-0.8,1,0.2,-0.3,-0.7,0.8,0,-0.4,-0.7,0.9,0.1,-0.3,-1,1.4,0.4,-0.4,0.2,40.36,7.8,0.943,20.54,12856.5252,1935,10073.96973,2.66,5.6
2001/11/30,-1.4,-1.2,-1.5,-1.6,-1.2,-1.5,-1.3,-0.5,-1.8,-1.7,-1.9,-1.9,-2.2,-2.4,-2.2,-1.6,5.5,5.9,5.7,3.2,-3,-0.8,-2.2,-6.2,-7.3,-6.6,-7.8,-7,-0.3,0.1,-0.4,-0.5,-0.1,0.2,-0.1,-0.3,0.4,0.8,0.6,-0.1,-0.1,-0.1,0,-0.2,-0.3,-0.4,-0.3,-0.2,-0.2,-0.2,-0.2,-0.2,-0.7,-0.7,-0.8,-0.7,0.1,0,0.2,0.4,6.3,7.9,7.4,3.4,-0.6,-0.6,-0.7,-0.4,-0.8,-0.6,-0.8,-1.1,-0.3,-0.1,-0.2,-0.6,-0.4,-0.4,-0.3,-0.5,-1.2,-1.1,-1.5,-2.3,-0.3,0.1,-1.1,-0.9,-1.3,-1.9,-0.3,0.1,-1.4,-1.2,-1.6,-2.4,-0.3,0.1,-1.3,-1.2,-1.6,-2.5,-0.4,0,-1,-0.7,-1.2,-0.7,-0.5,0,-1.1,-0.9,-1.6,-0.8,-0.6,0.1,-1.1,-0.8,-1.3,-0.8,-0.5,0,-0.4,-0.3,0,-0.7,-0.2,-0.5,-1.7,-1.7,-2.6,-5.8,-0.1,0.8,-1.7,-1.7,-2.2,-4.9,0,0.5,-1.7,-1.7,-2.6,-5.8,-0.2,0.7,-1.8,-1.8,-3.1,-6.8,-0.1,1.2,-1.1,0.6,0.7,3.1,-2.8,-2.9,-1.3,0.5,0.7,3.3,-2.9,-3.1,-1.1,0.6,0.7,3,-2.8,-2.9,-0.6,0.9,1,2.7,-2.5,-2.6,5.5,2.7,3,0.5,2.8,2.5,6.1,3.1,3.4,0.6,2.8,2.5,5.6,2.8,3,0.5,2.9,2.7,2.5,0.8,0.9,0.4,2.4,2.3,-5.5,-4.3,-4.4,-6.4,1.3,1.4,-5.6,-3.9,-3.9,-7.9,3.1,3.1,-5.3,-3.6,-3.6,-6.3,1.4,1.4,-5.8,-6,-5.9,-5.1,-0.2,-0.3,-7,-7.5,-7.4,-4.9,0.2,0.1,-6.6,-7.4,-7.3,-4.9,0.8,0.7,-7.5,-8.2,-7.8,-5.5,0.4,0,-6.5,-6.5,-6.8,-4.1,-0.5,-0.2,1.6,1.3,1.9,2.7,-1.6,-2.2,2.4,2.9,3.4,4.6,-2.8,-3.3,1.5,1.2,1.8,2.6,-1.6,-2.2,1,0,0.6,0.9,-0.5,-1.1,0,0,0.7,1.3,-0.1,-0.8,0.2,0.2,0.9,0.9,0,-0.7,-0.1,0.1,0.7,1.2,-0.2,-0.8,-0.2,-0.2,0.5,1.9,-0.1,-0.8,0.6,0.6,0.2,-0.5,-0.2,0.2,0.9,0.9,0.3,-1.3,-0.1,0.5,0.6,0.7,0,-0.5,-0.1,0.6,0.3,0.3,0.2,0,-0.4,-0.3,-0.1,-0.5,-0.3,0.1,-0.3,-0.6,-0.2,0.1,-0.1,-0.4,-0.3,0.1,0.3,-0.5,-0.3,0.1,-0.9,-1.1,-0.1,-0.1,-1.1,-1.4,-0.1,0,-0.8,-0.9,-0.1,-0.1,-0.5,-0.8,0,-0.1,-0.1,-0.1,-0.2,-0.1,-0.1,-0.2,-0.2,-0.1,-0.1,-0.1,-0.2,-0.1,-0.1,0,-0.2,-0.1,-0.1,-0.3,0,0.4,-0.1,-0.4,0,0.4,-0.1,-0.2,0,0.4,-0.1,-0.2,0,0.3,2,-0.2,-0.1,0.1,2.2,-0.2,0,0.2,2.1,-0.2,-0.1,0.1,1,-0.4,-0.2,-0.3,3.6,-3.8,-1.8,3.6,1.6,-2.7,-1.5,2.7,2.1,-2.6,-2.1,4.1,7.8,-6.7,-1.6,3.8,0.6,-0.9,-1,-0.3,0.7,-0.9,-1,-0.5,0.5,-1.1,-1,-0.3,0.6,-0.7,-1.1,0.1,0.4,-0.5,0.5,1.1,0.2,-0.3,0.3,1.7,0.4,-0.5,0.4,1.1,0.6,-0.7,0.6,0.4,0.3,-0.1,-0.3,-0.3,0.1,-0.1,-0.3,-0.1,0.3,0,-0.3,-0.3,0.4,-0.2,-0.5,-0.4,-0.3,0.3,-0.4,-0.3,-0.3,0.4,-0.4,-0.3,-0.3,0.3,-0.4,-0.4,-0.3,0.3,-0.4,-0.1,-0.3,39.81,7.798,0.943,18.8,10488,2074,11279.25,2.06,5.9
2001/12/31,-3.6,-6.2,-2.6,-1.7,-1.1,-1.1,-1.2,-1.1,-8.7,-18.9,-5.4,-1.9,-2.7,-2.9,-2.8,-2.1,5.5,5.8,5.7,3.2,-1.5,0.5,-0.8,-4.5,-7,-6.4,-7.7,-6.7,-0.5,0,-0.6,-1.1,-0.2,0.1,-0.2,-0.4,-0.9,-1.2,-0.9,-0.6,-2.4,-5.3,-1.4,-0.5,-0.3,-0.1,-0.2,-0.7,-7.1,-17.5,-3.7,-0.1,-0.7,-0.7,-0.8,-0.7,0,0,0,0.1,-3.4,-1.8,-1.9,-7.3,-1,-0.6,-0.8,-1.7,-0.2,-0.1,-0.2,-0.3,0.5,0.4,0.4,0.7,-0.6,-1.4,-0.8,0.2,-1.4,-1.2,-1.1,-2.1,-2.4,-2.5,-1.2,-0.9,-0.7,-1.9,-5.3,-5.5,-1.5,-1.3,-1.2,-2.1,-1.3,-1.4,-1.6,-1.4,-1.3,-2.3,-0.3,-0.4,-1.2,-0.5,-0.1,-1.5,-0.6,-1,-1.5,-0.6,-0.2,-1.8,-0.5,-0.9,-1.3,-0.7,-0.3,-1.4,-0.5,-0.9,-0.5,-0.2,0.3,-1,-0.9,-1.4,-1.8,-1.8,-2.1,-4.8,-6.9,-6.6,-1.7,-1.7,-1.9,-4.2,-17.2,-17,-1.9,-1.7,-2.1,-4.7,-3.7,-3.3,-1.9,-1.9,-2.3,-5.6,0,0.4,-2.2,-0.2,0.9,2.6,-2.5,-3.6,-2.4,-0.5,0.9,2.8,-2.4,-3.8,-2.2,-0.2,0.9,2.4,-2.6,-3.7,-1.6,0.2,1.2,2.2,-2.3,-3.3,5.5,3.5,3.3,0.7,2,2.2,5.9,3.8,3.7,0.7,2,2.1,5.7,3.6,3.4,0.7,2.1,2.3,3.2,1.9,1.6,0.9,1.3,1.6,-3,-5.1,-5.1,-7,3.6,3.6,-0.8,-4,-4.9,-7.2,4.5,5.4,-2.2,-4.1,-4.7,-6.4,3.3,3.9,-6.2,-7.7,-6.1,-7.7,3.2,1.6,-7.3,-8.1,-7.4,-5.4,1.1,0.4,-6.6,-8.2,-7.2,-5.2,1.8,0.8,-7.8,-8.7,-7.9,-5.7,1,0.2,-7,-6.9,-6.6,-5.2,0.2,-0.1,-0.3,1.7,1.3,3,-2.2,-1.8,0.1,3.2,3,4.5,-3.2,-3,-0.4,1.5,1.3,2.9,-2.1,-1.9,-0.5,0.5,-0.2,1.7,-1.6,-0.9,-0.1,-0.1,0.7,1.2,-0.1,-0.9,0.2,0.1,0.9,0.8,0,-0.8,-0.1,-0.2,0.7,1.1,0,-0.9,-0.3,-0.2,0.4,1.6,-0.2,-0.8,0.4,0.5,0.2,0.4,-1.4,-1.1,0.8,0.8,0.3,0.1,-2,-1.5,0.6,0.6,0.3,0.5,-1.5,-1.2,-0.1,0.2,0.1,0.6,-0.8,-0.7,-0.1,0,0,-0.3,-0.1,0.1,0.2,-0.3,0,0,0,-0.2,-0.2,0,-0.2,-0.4,-0.3,0.4,0.6,-0.4,-0.4,0.6,1,-0.6,-0.3,0.3,0.6,-0.3,-0.2,0.2,0.1,0,-0.2,-0.2,-0.1,-0.1,-0.2,-0.2,-0.1,-0.1,-0.2,-0.2,-0.1,-0.1,-0.2,-0.3,-0.1,-0.2,-0.7,-0.2,0,-0.2,-0.7,-0.2,0,-0.2,-0.8,-0.2,0,-0.2,-0.7,-0.1,0,-0.2,0.1,0.4,0.2,0,0,0.4,0.1,0,0.2,0.3,0.2,0,0.4,0.5,0.4,0,6.3,6.1,-3,-5,7.9,5.4,-2.3,-3.1,7.4,5,-2.5,-3.3,3.4,8.8,-4.2,-9,-0.6,-0.9,-0.4,-1.3,-0.6,-1.1,-0.4,-0.9,-0.7,-0.9,-0.5,-1,-0.4,-0.7,-0.5,-2,-0.8,0.9,0.1,0.1,-0.6,0.9,0.1,-0.1,-0.8,0.8,0.1,0,-1.1,1,0,0.2,-0.3,-1.1,0.1,0.6,-0.1,-0.9,0.1,0.5,-0.2,-1,0.1,0.5,-0.6,-1.6,0.1,0.8,-0.4,-0.8,0.2,0.7,-0.4,-0.7,0.2,0.7,-0.3,-0.7,0.4,0.7,-0.5,-1,0,0.7,-0.3,40.66,7.797,0.943,18.71,9113,2152,11397.20996,1.52,6.1
2002/1/31,-3.5,-3.9,-3.4,-3.2,-1.8,-2,-1.8,-1.3,-5.4,-6.3,-5.4,-4.3,-16.6,-21,-14.8,-9.8,6,6.1,6.2,4.4,0.9,4.2,2.4,-4.6,-7.3,-6.6,-7.7,-7.5,0.1,0.5,0,-0.3,-1.5,-1.2,-1.3,-2,-2.9,-3.2,-2.8,-2.7,0,2.5,-0.9,-1.6,-0.2,-0.4,-0.3,0.3,3.5,15.4,-0.1,-2.8,-14.5,-18.9,-12.6,-7.6,0,-0.1,0,0.4,-5.9,-4.8,-5.4,-8,-1.2,-1.1,-1.1,-1.4,0.2,0.1,0.2,0.4,-0.9,-0.8,-0.7,-1.2,-0.6,-0.5,-0.5,-0.9,-3.6,-1.2,-0.9,-1.5,-2.3,-2.6,-6.2,-1.1,-0.5,-1.4,-2.8,-3.4,-2.6,-1.4,-1.1,-1.7,-2,-2.3,-1.7,-1.3,-1.2,-1.4,-1.9,-2,-1.1,-1,0.4,-0.8,-0.8,-2.2,-1.1,-1.1,0.6,-1.1,-0.9,-2.6,-1.2,-1.1,0.1,-0.9,-0.7,-1.9,-1.1,-0.4,0.6,-0.1,-0.9,-1.9,-8.7,-1.7,-2,-4.2,-3.7,-3.4,-18.9,-1.7,-1.7,-3.8,-4.6,-4.6,-5.4,-1.7,-2,-4.2,-3.7,-3.4,-1.9,-1.8,-2.3,-4.6,-2.5,-2,-2.7,-1.1,1.2,2.3,-15.5,-17.8,-2.9,-1.3,1.1,2.3,-19.7,-22.1,-2.8,-1.1,1.1,2.2,-13.7,-15.9,-2.1,-0.6,1.4,2.4,-9.2,-11.2,5.5,5.5,2.8,0,0.5,3.2,5.8,6.1,3.2,0.2,0,2.9,5.7,5.6,2.9,-0.2,0.6,3.3,3.2,2.5,0.7,-0.6,1.9,3.7,-1.5,-5.5,-5.1,-8.4,6.4,6,0.5,-5.6,-4.8,-9.4,9.8,9,-0.8,-5.3,-4.6,-8.8,7.7,7,-4.5,-5.8,-6.3,-7,1.2,1.7,-7,-7,-7.3,-6.1,-0.3,0,-6.4,-6.6,-7.2,-5.9,0,0.6,-7.7,-7.5,-7.9,-6.6,-0.2,0.2,-6.7,-6.5,-6.5,-5.6,-1,-1,-0.5,1.6,1.1,2.6,-1.5,-1,0,2.4,2.7,4.1,-1.9,-2.2,-0.6,1.5,1,2.5,-1.5,-1,-1.1,1,-0.3,1.4,-1.3,0,-0.2,0,0.2,1.8,-1.5,-1.7,0.1,0.2,0.4,1.6,-1.4,-1.6,-0.2,-0.1,0.2,1.6,-1.2,-1.5,-0.4,-0.2,-0.1,2.2,-1.8,-1.9,-0.9,0.6,0.5,2.2,-3.5,-3.4,-1.2,0.9,0.8,2,-4.1,-4,-0.9,0.6,0.6,2.2,-3.4,-3.4,-0.6,0.3,0.2,2.4,-3,-2.9,-2.4,-0.1,0.1,-0.1,-5.3,-0.3,0.2,0,-1.4,-0.1,0,-0.1,-0.5,0.3,-0.1,-0.1,-0.3,-0.9,0.7,0.5,-0.1,-1.1,0.9,0.5,-0.2,-0.8,0.6,0.4,-0.7,-0.5,0.4,0.5,-7.1,-0.1,-0.2,-0.1,-17.5,-0.1,-0.2,-0.1,-3.7,-0.1,-0.2,-0.1,-0.1,-0.1,-0.3,-0.3,-0.7,-0.1,0.1,-0.2,-0.7,-0.1,0.1,-0.3,-0.8,-0.1,0.1,-0.2,-0.7,-0.1,0.1,0.2,0,2,-0.3,-0.5,0,2.2,-0.3,-0.3,0,2.1,-0.3,-0.5,0.1,1,-0.6,-0.8,-3.4,3.6,-5.3,-8.1,-1.8,1.6,-3.9,-8.2,-1.9,2.1,-3.9,-8.3,-7.3,7.8,-8.7,-7.9,-1,0.6,-0.8,-0.9,-0.6,0.7,-0.7,-0.9,-0.8,0.5,-1,-1.1,-1.7,0.6,-0.7,-0.6,-0.2,0.4,-0.3,-0.4,-0.1,0.2,-0.3,-0.4,-0.2,0.4,-0.4,-0.4,-0.3,0.6,-0.3,-0.4,0.5,0.3,1,0.4,0.4,0.1,0.8,0.5,0.4,0.3,0.7,0.3,0.7,0.4,1.7,0.4,-0.6,-0.3,1,1.4,-1.4,-0.3,0.8,1.6,-0.8,-0.3,0.9,1.5,0.2,-0.3,1.4,1.3,-1,40.31,7.8,0.943,19.42,9040,2516,10725.2998,1.85,6.3
2002/2/28,-2.3,-2.4,-2.3,-2,-1,-0.9,-1,-0.9,-5.5,-6.4,-5.5,-4.6,-4.1,-5.2,-3.8,-2.4,5.1,5.6,5.2,2.3,1.1,4.3,3.1,-5,-7.3,-6.7,-7.8,-7.2,0.4,0.6,0.1,0.4,0.4,0.5,0.2,0.4,0.3,-0.7,0.1,1.2,0.2,0.3,0.2,0.3,0.7,0.9,0.7,0.4,-0.2,-0.2,-0.2,-0.4,-0.3,-0.4,-0.3,-0.3,-0.3,-0.1,-0.3,-0.8,-4.7,-4.6,-4.6,-5.2,-0.6,-0.6,-0.7,-0.3,0.4,0.2,0.3,0.6,0.7,0.7,0.6,0.9,1.7,1.6,1.5,2.1,-3.5,-1.4,-1.1,-2.4,-0.9,-1.2,-3.9,-1.2,-0.9,-2.5,-1.2,-1.5,-3.4,-1.5,-1.2,-2.5,-0.8,-1.1,-3.2,-1.6,-1.2,-2.3,-0.4,-0.8,-1.8,-1.2,-0.7,-1.3,0.2,-0.3,-2,-1.5,-0.9,-1.8,0.6,0,-1.8,-1.3,-0.8,-1.4,0.3,-0.2,-1.3,-0.5,-0.3,-0.4,-0.4,-0.6,-5.4,-1.8,-1.7,-3.6,-3.7,-3.8,-6.3,-1.7,-1.7,-3.2,-4.7,-4.7,-5.4,-1.9,-1.7,-3.6,-3.6,-3.8,-4.3,-1.9,-1.8,-4,-2.7,-2.8,-16.6,-2.2,0.6,-11.7,-1.9,-4.7,-21,-2.4,0.5,-15.5,-2.8,-5.7,-14.8,-2.2,0.6,-10,-1.6,-4.4,-9.8,-1.6,0.9,-5.9,-0.8,-3.3,6,5.5,2.7,0.6,-0.4,2.4,6.1,5.9,3.1,0.5,-0.3,2.5,6.2,5.7,2.8,0.6,-0.5,2.4,4.4,3.2,0.8,0.9,-0.9,1.5,0.9,-3,-4.3,-8.7,4.1,5.4,4.2,-0.8,-3.9,-9.7,5.1,8.2,2.4,-2.2,-3.6,-9.6,5.3,6.7,-4.6,-6.2,-6,-6.5,1.2,1,-7.3,-7.3,-7.5,-5.9,0,0.2,-6.6,-6.6,-7.4,-5.4,-0.1,0.7,-7.7,-7.8,-8.2,-6.3,0,0.4,-7.5,-7,-6.5,-5.8,-0.2,-0.7,0.1,-0.3,1.3,1.2,0.7,-0.9,0.5,0.1,2.9,3.4,0.5,-2.3,0,-0.4,1.2,1.3,0.5,-1.1,-0.3,-0.5,0,-0.7,0.9,0.4,-1.5,-0.1,0,0,0.5,0.4,-1.2,0.2,0.2,-0.1,0.3,0.3,-1.3,-0.1,0.1,0.1,0.3,0.1,-2,-0.3,-0.2,-0.1,0.7,0.6,-2.9,0.4,0.6,-0.3,-0.1,-0.3,-3.2,0.8,0.9,0.1,-1.5,-1.6,-2.8,0.6,0.7,-0.1,-0.5,-0.6,-2.7,-0.1,0.3,-0.8,1.3,0.9,0,-0.1,-0.5,-1,2.5,-0.1,-0.6,-1.2,-0.9,0,-0.4,-1,-1.6,-0.2,-0.5,-0.9,-0.2,-0.3,-1.1,-0.1,-0.4,-0.4,-1.4,-0.1,-0.3,-0.3,-0.9,-0.1,0.3,-0.2,-0.8,0,3.5,-0.2,-0.1,-0.1,15.4,-0.2,-0.2,-0.1,-0.1,-0.2,-0.1,-0.1,-2.8,-0.2,0,-0.1,-14.5,-0.7,-0.3,-13.4,-18.9,-0.7,-0.4,-17.1,-12.6,-0.8,-0.2,-11.7,-7.6,-0.7,-0.2,-7.8,0,0.1,-0.2,0.6,-0.1,0,-0.2,0.4,0,0.2,-0.2,0.7,0.4,0.4,-0.4,1.2,-5.9,6.3,-3.8,-4.9,-4.8,7.9,-2.7,-4.7,-5.4,7.4,-2.6,-5.2,-8,3.4,-6.7,-4.8,-1.2,-0.6,-0.9,-0.6,-1.1,-0.6,-0.9,-0.5,-1.1,-0.7,-1.1,-0.6,-1.4,-0.4,-0.7,-0.6,0.2,-0.8,-0.5,0.1,0.1,-0.6,-0.3,0.1,0.2,-0.8,-0.5,0.1,0.4,-1.1,-0.7,-0.1,-0.9,-0.3,-0.1,-1.1,-0.8,-0.1,-0.1,-1.1,-0.7,-0.2,0,-0.9,-1.2,-0.6,-0.2,-1.4,-0.6,-0.4,0.3,-1.5,-0.5,-0.4,0.4,-1.1,-0.5,-0.3,0.3,-1.5,-0.9,-0.5,0.3,-1.8,0,40.66,7.8,0.945,20.28,8496.6408,2520,10482.5498,1.83,6.6
2002/3/31,-2.2,-2,-2.3,-2.5,-1.1,-0.9,-1.1,-1.3,-5.8,-6.5,-5.7,-5,12.7,17.4,10.6,6.8,2.5,2.7,2.6,1.2,-1.4,1.6,0.6,-6.8,-7.2,-6.4,-7.5,-7.4,1,1,0.7,1.2,-0.1,0.1,-0.1,-0.3,-1.1,-1.9,-1.1,-0.5,0.2,0.4,0.1,0,-0.8,-0.9,-0.8,-0.6,-0.4,-0.3,-0.4,-0.5,17.4,23.6,14.9,9.3,0.3,0.1,0.3,0.6,7.3,5,5.1,13.3,-0.1,0.1,0.1,-0.6,0.8,0.6,0.8,1.1,-0.4,-0.4,-0.3,-0.6,-1.3,-1.2,-1.1,-1.8,-2.3,-3.6,-1.2,-1.9,1.4,-1,-2.4,-6.2,-0.9,-2.1,4.2,-1.1,-2.3,-2.6,-1.3,-2,0.3,-1,-2,-1.7,-1.4,-1.5,-0.8,-1.1,-1,-1.1,-0.5,-1.2,0,-0.6,-0.9,-1.1,-0.6,-1.7,0.2,-0.3,-1,-1.2,-0.7,-1.4,0.1,-0.4,-0.9,-1.1,-0.2,0,-0.2,-1.1,-5.5,-8.7,-1.8,-3.4,2.9,-4,-6.4,-18.9,-1.7,-2.9,12.4,-4.8,-5.5,-5.4,-1.7,-3.4,-0.3,-4,-4.6,-1.9,-1.9,-3.9,-3.1,-3.1,-4.1,-2.7,-0.2,-12,15.4,12.9,-5.2,-2.9,-0.5,-15.8,20.3,17.9,-3.8,-2.8,-0.2,-10.4,13.4,10.8,-2.4,-2.1,0.2,-6.1,8.9,6.6,5.1,5.5,3.5,3.3,-3,-1,5.6,5.8,3.8,3.4,-3.1,-1.1,5.2,5.7,3.6,3.4,-3.1,-1,2.3,3.2,1.9,2.6,-2,-0.7,1.1,-1.5,-5.1,-1.6,0.1,3.7,4.3,0.5,-4,-2.9,1.1,5.6,3.1,-0.8,-4.1,-2.5,1.4,4.7,-5,-4.5,-7.7,0.8,-2.3,0.9,-7.3,-7,-8.1,-7.3,-0.2,0.9,-6.7,-6.4,-8.2,-7.3,0,1.8,-7.8,-7.7,-8.7,-8,0.2,1.2,-7.2,-6.7,-6.9,-6.5,-0.7,-0.5,0.4,-0.5,1.7,2,1.5,-0.7,0.6,0,3.2,3.8,1,-2.2,0.1,-0.6,1.5,2,1.3,-0.8,0.4,-1.1,0.5,0.4,2.3,0.7,0.4,-0.2,-0.1,0.6,0.1,0,0.5,0.1,0.1,0.7,0,0,0.2,-0.2,-0.2,0.5,0.1,0.1,0.4,-0.4,-0.2,0.6,0.1,-0.1,0.3,-0.9,0.5,0.8,-0.2,-1.6,-0.7,-1.2,0.8,1,-0.7,-2.7,0.1,-0.9,0.6,0.7,-0.2,-1.7,1.2,-0.6,0.2,0.7,0.1,-0.7,0.2,-2.4,0,0.2,0.3,-5.3,0.1,-0.1,0.2,-1.4,0,0.1,0.3,-0.5,0,0.5,0.7,-0.3,0.4,-0.7,0.9,-0.1,0.6,-0.9,0.7,-0.2,0.3,-0.7,0.4,-0.7,0.2,-0.2,-0.2,-7.1,-0.2,-0.2,-0.2,-17.5,-0.2,-0.2,-0.2,-3.7,-0.2,-0.2,-0.4,-0.1,-0.3,-0.1,-0.3,-0.7,-0.2,-0.1,-0.4,-0.7,-0.2,-0.1,-0.3,-0.8,-0.2,-0.1,-0.3,-0.7,-0.1,-0.1,-0.3,0,0.4,2.8,-0.1,0,0.4,3,-0.3,0,0.3,2.8,-0.8,0.1,0.5,1.7,-4.7,-3.4,6.1,9.9,-4.6,-1.8,5.4,7.8,-4.6,-1.9,5,7.7,-5.2,-7.3,8.8,15.4,-0.6,-1,-0.9,-0.3,-0.6,-0.6,-1.1,-0.2,-0.7,-0.8,-0.9,-0.2,-0.3,-1.7,-0.7,-0.4,0.4,-0.2,0.9,0.3,0.2,-0.1,0.9,0.2,0.3,-0.2,0.8,0.2,0.6,-0.3,1,0.4,0.7,0.5,-1.1,0.1,0.7,0.4,-0.9,0.1,0.6,0.4,-1,0,0.9,0.7,-1.6,0.1,1.7,-0.6,-0.8,0,1.6,-1.4,-0.7,0.1,1.5,-0.8,-0.7,0.1,2.1,0.2,-1,-0.1,-0.8,41.21,7.799,0.945,23.7,8763,2491,11032.91992,1.74,6.9
2002/4/30,-3.1,-3.3,-3,-2.9,-1.9,-1.8,-1.8,-2.3,-6,-6.6,-5.8,-5.4,-9.3,-10.7,-9,-7.2,2.5,2.5,2.6,2.1,1.5,3,2,-0.6,-6.9,-6.5,-7.4,-6.7,2,1.4,1.7,3,-0.7,-0.6,-0.6,-1,-1.7,-2.4,-1.6,-1.3,-0.3,-0.6,-0.3,0,-0.7,-0.7,-0.6,-1,-0.4,-0.3,-0.4,-0.6,-7.7,-8.7,-7.4,-6.2,0.4,0.3,0.5,0.9,7.6,5.6,6.4,11.5,-0.1,-0.6,-0.3,0.6,0.6,0.2,0.5,1.1,-0.1,-0.2,-0.1,-0.1,-0.4,-0.5,-0.5,-0.4,-2.2,-3.5,-1.2,-1.4,0.4,-1.9,-2,-3.9,-1.1,-1.2,0.6,-2.2,-2.3,-3.4,-1.4,-1.6,0.4,-1.6,-2.5,-3.2,-1.3,-1.4,0.3,-1.6,-1.1,-1.8,-1,-1,-0.1,-0.9,-0.9,-2,-1.1,-1.4,0.2,-0.7,-1.1,-1.8,-1.1,-1.2,0,-0.7,-1.3,-1.3,-0.4,0.1,-1,-1.9,-5.8,-5.4,-1.7,-3,-0.6,-4.3,-6.5,-6.3,-1.7,-2.5,-0.3,-4.9,-5.7,-5.4,-1.7,-3,-0.4,-4.1,-5,-4.3,-1.8,-3.5,-1.1,-3.6,12.7,-16.6,-1.1,0.7,7.3,-8.2,17.4,-21,-1.3,0.7,10.3,-9.4,10.6,-14.8,-1.1,0.6,5.8,-7.9,6.8,-9.8,-0.6,1,2.6,-6.6,2.5,6,5.5,3.6,-3.5,-3,2.7,6.1,6.1,3.7,-3.6,-3.6,2.6,6.2,5.6,3.7,-3.6,-3,1.2,4.4,2.5,2.3,-2.3,-0.4,-1.4,0.9,-5.5,-1.9,0.6,7,1.6,4.2,-5.6,-2.4,-1.2,8.6,0.6,2.4,-5.3,-1.8,-0.4,7.3,-6.8,-4.6,-5.8,-1.6,4,5.2,-7.2,-7.3,-7,-7,0.4,0.1,-6.4,-6.6,-6.6,-6.9,0.1,0.1,-7.5,-7.7,-7.5,-7.6,0.3,0.1,-7.4,-7.5,-6.5,-6.3,0.8,-0.2,1,0.1,1.6,1.7,1.9,0.4,1,0.5,2.4,3.7,0.9,-1,0.7,0,1.5,1.6,1.7,0.2,1.2,-0.3,1,-0.1,3.3,2,-0.1,-1.5,0,0.8,0.8,-0.7,0.1,-1.2,0.2,0.9,0.6,-0.8,-0.1,-1.3,-0.1,0.7,0.7,-0.5,-0.3,-2,-0.2,0.7,1,-0.8,-1.1,-2.9,0.6,0.3,1.2,-2.3,-1.9,-3.2,0.9,0.5,0.8,-3.3,-1.1,-2.8,0.6,0.2,1.2,-2.2,-0.5,-2.7,0.3,0.3,1.4,-1.6,0.2,0,-0.1,0.6,0.4,2.5,-0.3,0.8,0.1,-0.9,-0.1,0.5,0,-1.6,0.3,0.4,-0.8,-0.2,-0.9,0.1,-0.9,-0.4,-1.1,0.2,-0.8,-0.3,-0.8,0,-0.6,0.3,-0.5,0.1,-0.4,3.5,-0.1,-0.2,-0.3,15.4,-0.1,-0.2,-0.4,-0.1,-0.1,-0.2,-0.5,-2.8,-0.1,-0.1,17.4,-14.5,-0.1,14.8,23.6,-18.9,-0.1,19.9,14.9,-12.6,-0.1,12.6,9.3,-7.6,-0.1,7.9,0.3,0,2,0.4,0.1,-0.1,2.2,0.4,0.3,0,2.1,0.4,0.6,0.4,1,0,7.3,-5.9,3.6,4.6,5,-4.8,1.6,4.2,5.1,-5.4,2.1,4.9,13.3,-8,7.8,4.5,-0.1,-1.2,0.6,-0.4,0.1,-1.1,0.7,-0.5,0.1,-1.1,0.5,-0.5,-0.6,-1.4,0.6,-0.1,0.8,0.2,0.4,-0.4,0.6,0.1,0.2,-0.1,0.8,0.2,0.4,-0.4,1.1,0.4,0.6,-0.7,-0.4,-0.9,0.3,0.5,-0.4,-0.8,0.1,0.5,-0.3,-0.7,0.3,0.4,-0.6,-1.2,0.4,0.6,-1.3,-0.6,-0.3,0.2,-1.2,-0.5,-0.3,0,-1.1,-0.5,-0.3,0.1,-1.8,-0.9,-0.3,0.4,-1.3,40.78,7.799,0.945,25.73,10801,2561,11497.58008,1.82,7.1
2002/5/31,-3.1,-3.5,-3,-2.9,-2.2,-2.2,-2.2,-2.2,-6,-6.7,-5.9,-5.6,-8.4,-9.8,-8,-6.3,2.3,2.4,2.3,2,2.4,4.5,3.8,-1.4,-6.1,-5.8,-6.4,-5.8,2.1,1.4,1.8,3.3,-0.5,-0.5,-0.3,-0.8,-2.4,-3.4,-2.3,-1.6,-0.3,-0.4,-0.3,-0.3,-0.4,-0.5,-0.5,0.1,-0.3,-0.2,-0.3,-0.4,1,1,1.1,1,-0.2,-0.2,-0.3,-0.3,-0.9,-0.1,-0.4,-2.3,-0.1,-0.2,0,-0.2,0.6,0.4,0.6,0.9,-0.1,-0.1,0,-0.2,-1.1,-1.5,-1.1,-0.7,-3.1,-2.3,-1.4,-1.5,-0.8,-1.7,-3.3,-2.4,-1.2,-1.3,-1.1,-2.3,-3,-2.3,-1.5,-1.6,-0.7,-1.5,-2.9,-2,-1.6,-1.6,-0.9,-1.3,-1.9,-1,-1.2,-1.2,-1.2,-1,-1.8,-0.9,-1.5,-1.6,-1.3,-0.7,-1.8,-1,-1.3,-1.3,-1.2,-0.9,-2.3,-0.9,-0.5,0,-1.3,-1.7,-6,-5.5,-1.8,-2.6,-0.5,-4.2,-6.6,-6.4,-1.7,-2.2,-0.3,-5,-5.8,-5.5,-1.9,-2.6,-0.4,-4,-5.4,-4.6,-1.9,-3.1,-1,-3.7,-9.3,-4.1,-2.2,0.7,-4.3,-6.2,-10.7,-5.2,-2.4,0.7,-4.6,-7.4,-9,-3.8,-2.2,0.7,-4.2,-5.8,-7.2,-2.4,-1.6,1,-3.9,-4.7,2.5,5.1,5.5,3,-2.8,-3.2,2.5,5.6,5.9,3.4,-3.2,-3.5,2.6,5.2,5.7,3,-2.9,-3.4,2.1,2.3,3.2,0.9,-0.3,-1.2,1.5,1.1,-3,-4.4,1.3,5.4,3,4.3,-0.8,-3.9,0.2,5.3,2,3.1,-2.2,-3.6,0.7,6,-0.6,-5,-6.2,-5.9,3.6,4.8,-6.9,-7.3,-7.3,-7.4,1.2,1.2,-6.5,-6.7,-6.6,-7.3,0.9,0.8,-7.4,-7.8,-7.8,-7.8,1.4,1.4,-6.7,-7.2,-7,-6.8,1.4,1.2,2,0.4,-0.3,1.9,1.7,2.4,1.4,0.6,0.1,3.4,0.8,1.3,1.7,0.1,-0.4,1.8,1.7,2.2,3,0.4,-0.5,0.6,2.9,3.8,-0.7,0.4,-0.1,0.7,-0.9,-0.4,-0.6,0.5,0.2,0.9,-1,-0.7,-0.6,0.2,-0.1,0.7,-0.5,-0.2,-1,0.4,-0.3,0.5,-1.2,-0.5,-1.7,0.3,0.4,0.2,-2.7,-2.8,-2.4,-0.7,0.8,0.3,-2.7,-4.2,-1.6,0.1,0.6,0,-2.4,-2.9,-1.3,1.2,-0.1,0.2,-2.8,-1.5,-0.3,0.2,-0.1,-0.3,-0.6,0.3,-0.1,-0.2,-0.3,0.2,0,-0.3,0,0.3,-0.2,-0.3,-0.7,0.7,-0.3,-0.1,-0.7,0.9,-0.4,-0.1,-0.6,0.7,-0.3,-0.1,-1,0.4,-0.2,0,-0.4,-0.2,-0.2,-0.2,-0.3,-0.2,-0.2,-0.2,-0.4,-0.2,-0.2,-0.2,-0.6,-0.4,-0.2,-0.2,-7.7,-0.3,-0.7,0,-8.7,-0.4,-0.7,0,-7.4,-0.3,-0.8,0,-6.2,-0.3,-0.7,0,0.4,-0.3,0.1,-0.1,0.3,-0.1,0,0,0.5,-0.3,0.2,-0.1,0.9,-0.8,0.4,-0.2,7.6,-4.7,6.3,-1.8,5.6,-4.6,7.9,-1.5,6.4,-4.6,7.4,-2.1,11.5,-5.2,3.4,-1.6,-0.1,-0.6,-0.6,-1,-0.6,-0.6,-0.6,-1,-0.3,-0.7,-0.7,-1,0.6,-0.3,-0.4,-1.1,0.6,0.4,-0.8,0.5,0.2,0.2,-0.6,0.3,0.5,0.3,-0.8,0.4,1.1,0.6,-1.1,0.6,-0.1,0.7,-0.3,-0.3,-0.2,0.7,-0.1,-0.3,-0.1,0.6,-0.2,-0.3,-0.1,0.9,-0.6,-0.5,-0.4,1.7,-0.4,-0.4,-0.5,1.6,-0.4,-0.4,-0.5,1.5,-0.3,-0.4,-0.4,2.1,-0.5,-0.4,-1.1,39.98,7.799,0.945,25.35,11913,2292,11301.94043,1.79,7.3
2002/6/30,-3.3,-3.9,-3.2,-2.8,-3,-3.2,-2.9,-2.5,-6.3,-6.9,-6.1,-5.9,-8.2,-9.6,-7.8,-6.1,1.3,1.3,1.3,1.1,3.4,5.7,5.3,-1.3,-5.7,-5.6,-6.2,-4.9,2.8,1.7,2.3,4.5,-0.4,-0.5,-0.3,-0.6,-2.6,-3.7,-2.8,-1.3,-0.2,-0.2,-0.2,-0.2,-0.1,0,-0.1,-0.3,-0.4,-0.4,-0.4,-0.4,0.2,0.2,0.2,0.2,-0.8,-0.9,-0.9,-0.4,-2,-1.1,-1.1,-4.1,0,-0.2,-0.3,0.5,0.7,0.3,0.6,1.1,0.2,0.1,0.1,0.3,0,-0.1,-0.1,0.2,-3.1,-2.2,-3.6,-1.1,-1.1,0.3,-3.5,-2,-6.2,-0.7,-1.9,2.3,-3,-2.3,-2.6,-1.2,-0.9,-0.6,-2.9,-2.5,-1.7,-1.3,-0.3,-1.1,-2.2,-1.1,-1.1,-0.1,-1.9,-1.9,-2.2,-0.9,-1.1,-0.2,-2.3,-2.1,-2.2,-1.1,-1.2,-0.3,-1.8,-1.7,-2.2,-1.3,-1.1,0.3,-1.2,-1.4,-6,-5.8,-8.7,-2.1,-0.5,2.4,-6.7,-6.5,-18.9,-1.9,-0.4,12,-5.9,-5.7,-5.4,-2.1,-0.4,-0.7,-5.6,-5,-1.9,-2.3,-0.9,-4,-8.4,12.7,-2.7,0.9,-20.9,-5.5,-9.8,17.4,-2.9,0.9,-27,-6.7,-8,10.6,-2.8,0.9,-18.4,-5,-6.3,6.8,-2.1,1.2,-12.9,-4,2.3,2.5,5.5,3.3,-1.2,-4.2,2.4,2.7,5.8,3.7,-1.4,-4.5,2.3,2.6,5.7,3.4,-1.3,-4.4,2,1.2,3.2,1.6,-0.1,-2.1,2.4,-1.4,-1.5,-5.1,4.8,4.9,4.5,1.6,0.5,-4.9,4.1,5.2,3.8,0.6,-0.8,-4.7,4.7,6.1,-1.4,-6.8,-4.5,-6.1,5.5,3.2,-6.1,-7.2,-7,-7.4,1.5,1.3,-5.8,-6.4,-6.4,-7.2,0.8,0.8,-6.4,-7.5,-7.7,-7.9,1.3,1.5,-5.8,-7.4,-6.7,-6.6,2.5,1.8,2.1,1,-0.5,1.3,1.8,3.3,1.4,1,0,3,0.7,1.7,1.8,0.7,-0.6,1.3,1.6,2.9,3.3,1.2,-1.1,-0.2,3.3,5.6,-0.5,-0.1,-0.2,0.7,-0.3,-0.2,-0.5,0.1,0.1,0.9,-0.6,-0.6,-0.3,-0.1,-0.2,0.7,-0.2,-0.1,-0.8,-0.3,-0.4,0.4,-0.3,-0.2,-2.4,-1.1,-0.9,0.2,-1.5,-1.7,-3.4,-1.9,-1.2,0.3,-1.8,-2.5,-2.3,-1.1,-0.9,0.3,-1.7,-1.9,-1.6,-0.5,-0.6,0.1,-0.8,-0.7,-0.3,0.2,-2.4,0,-0.4,0.4,-5.3,0.2,-0.3,0.1,-1.4,0,-0.3,0,-0.5,-0.2,-0.4,-0.8,-0.3,0.6,-0.5,-0.9,-0.1,1,-0.5,-0.8,-0.2,0.6,0.1,-0.6,-0.7,0.1,-0.3,-0.4,-7.1,-0.1,-0.2,-0.3,-17.5,-0.1,-0.3,-0.4,-3.7,-0.1,-0.4,-0.5,-0.1,-0.1,1,17.4,-0.7,0,1,23.6,-0.7,0,1.1,14.9,-0.8,0,1,9.3,-0.7,0,-0.2,0.3,0,0.2,-0.2,0.1,0,0.1,-0.3,0.3,0,0.2,-0.3,0.6,0.1,0.4,-0.9,7.3,-3.4,-3,-0.1,5,-1.8,-2.3,-0.4,5.1,-1.9,-2.5,-2.3,13.3,-7.3,-4.2,-0.1,-0.1,-1,-0.4,-0.2,0.1,-0.6,-0.4,0,0.1,-0.8,-0.5,-0.2,-0.6,-1.7,-0.5,0.6,0.8,-0.2,0.1,0.4,0.6,-0.1,0.1,0.6,0.8,-0.2,0.1,0.9,1.1,-0.3,0,-0.1,-0.4,0.5,0.1,-0.1,-0.4,0.4,0.1,0,-0.3,0.4,0.1,-0.2,-0.6,0.7,0.1,-1.1,-1.3,-0.6,0.2,-1.5,-1.2,-1.4,0.2,-1.1,-1.1,-0.8,0.4,-0.7,-1.8,0.2,0,-0.8,39.51,7.798,0.945,24.08,13009.8528,2185,10598.5498,1.73,7.6
2002/7/31,-3.4,-4.1,-3.3,-2.7,-3.4,-3.9,-3.3,-2.6,-6.1,-7,-6,-5.2,-8.5,-9.9,-8.2,-6.4,2.7,2.7,2.7,2.5,2.5,4.4,3.7,-1,-5.8,-5.7,-6.1,-5.4,2.2,1.4,1.8,3.6,-0.1,0,0.2,-0.6,-2.4,-3.7,-2.6,-1.2,0,0,-0.1,0.1,0.2,0.2,0.1,0.4,0,-0.2,0,0.3,-0.2,-0.2,-0.2,-0.2,1.1,1.1,1.1,0.8,-6.2,-5.1,-5.4,-8.5,-0.9,-0.7,-0.8,-1.3,-0.8,-0.5,-0.8,-1.1,1.4,1.3,1.2,1.6,1.2,0.9,1.1,1.5,-3.3,-3.1,-3.5,-0.9,-0.3,0.1,-3.9,-3.3,-3.9,-0.5,-0.8,-0.2,-3.2,-3,-3.4,-1.1,-0.3,0.1,-2.8,-2.9,-3.2,-1.2,0.2,0.5,-3,-1.9,-1.8,0.4,-1.5,-1.6,-3.2,-1.8,-2,0.6,-2.1,-1.9,-2.9,-1.8,-1.8,0.1,-1.5,-1.5,-2.5,-2.3,-1.3,0.6,-0.3,-1.3,-6.3,-6,-5.4,-2,-0.1,-0.7,-6.9,-6.6,-6.3,-1.7,-0.4,-0.7,-6.1,-5.8,-5.4,-2,-0.2,-0.6,-5.9,-5.4,-4.3,-2.3,0.2,-0.9,-8.2,-9.3,-16.6,1.2,0.8,8.1,-9.6,-10.7,-21,1.1,0.8,11.1,-7.8,-9,-14.8,1.1,0.8,6.6,-6.1,-7.2,-9.8,1.4,0.8,3.4,1.3,2.5,6,2.8,0.2,-3.3,1.3,2.5,6.1,3.2,0.2,-3.4,1.3,2.6,6.2,2.9,0.1,-3.5,1.1,2.1,4.4,0.7,0.4,-1.9,3.4,1.5,0.9,-5.1,1,1.6,5.7,3,4.2,-4.8,1.4,0.2,5.3,2,2.4,-4.6,1.7,1.3,-1.3,-0.6,-4.6,-6.3,-0.4,3.6,-5.7,-6.9,-7.3,-7.3,1.1,1.5,-5.6,-6.5,-6.6,-7.2,0.8,0.9,-6.2,-7.4,-7.7,-7.9,1.3,1.6,-4.9,-6.7,-7.5,-6.5,1.3,2.1,2.8,2,0.1,1.1,0.2,2.1,1.7,1.4,0.5,2.7,0,0.9,2.3,1.7,0,1,0.1,1.8,4.5,3,-0.3,-0.3,0.6,3.9,-0.4,-0.7,-1.5,0.2,0.6,1.4,-0.5,-0.6,-1.2,0.4,0.6,1.2,-0.3,-0.6,-1.3,0.2,0.8,1.5,-0.6,-1,-2,-0.1,0.4,1.4,-2.6,-1.7,-2.9,0.5,-0.7,0.5,-3.7,-2.4,-3.2,0.8,-1.3,-0.5,-2.8,-1.6,-2.8,0.6,-1,0.2,-1.3,-1.3,-2.7,0.2,0.1,1.5,-0.2,-0.3,0,0.1,-0.2,-0.6,2.5,0.2,-0.2,-0.3,-0.9,0,-0.2,0,-1.6,-0.1,-0.1,-0.7,-0.2,0.7,0,-0.7,-0.4,0.9,-0.1,-0.6,-0.3,0.6,-0.3,-1,0.3,0.4,-0.4,-0.4,3.5,-0.2,-0.4,-0.3,15.4,-0.2,-0.4,-0.4,-0.1,-0.2,-0.4,-0.6,-2.8,-0.3,0.2,-7.7,-14.5,0.1,0.2,-8.7,-18.9,0.1,0.2,-7.4,-12.6,0.1,0.2,-6.2,-7.6,0.1,-0.8,0.4,0,-0.3,-0.9,0.3,-0.1,-0.3,-0.9,0.5,0,-0.3,-0.4,0.9,0.4,-0.6,-2,7.6,-5.9,-5.3,-1.1,5.6,-4.8,-3.9,-1.1,6.4,-5.4,-3.9,-4.1,11.5,-8,-8.7,0,-0.1,-1.2,-0.8,-0.2,-0.6,-1.1,-0.7,-0.3,-0.3,-1.1,-1,0.5,0.6,-1.4,-0.7,0.7,0.6,0.2,-0.3,0.3,0.2,0.1,-0.3,0.6,0.5,0.2,-0.4,1.1,1.1,0.4,-0.3,0.2,-0.1,-0.9,1,0.1,-0.2,-0.8,0.8,0.1,-0.1,-0.7,0.7,0.3,-0.1,-1.2,1.7,0,-0.4,-0.6,1,-0.1,-0.5,-0.5,0.8,-0.1,-0.5,-0.5,0.9,0.2,-0.4,-0.9,1.4,-0.9,38.94,7.799,0.945,25.74,14673,2001,10267.36035,1.76,7.8
2002/8/31,-3.3,-3.7,-3.2,-2.8,-2.1,-2.1,-2.2,-1.8,-6.4,-7.2,-6.3,-5.6,-8.5,-9.8,-8.2,-6.4,3.1,3,3.1,3.6,2.1,4.1,2.9,-1.2,-5.5,-5.4,-5.7,-5.2,2,1.2,1.6,3.3,-0.6,-0.6,-0.4,-0.8,-2.9,-4.3,-2.9,-1.8,-0.4,-0.2,-0.3,-0.6,0.3,0.5,0.3,0,-0.4,-0.4,-0.4,-0.4,-0.2,-0.2,-0.2,-0.2,0.2,0.1,0.1,0.6,-4.2,-2.9,-3.3,-6.8,-0.6,-0.6,-0.7,-0.4,-0.7,-0.5,-0.7,-1,-0.6,-0.8,-0.7,-0.4,-0.2,-0.3,0,-0.2,-3.4,-3.1,-2.3,-1.1,-0.2,-1,-4.1,-3.5,-2.4,-0.9,-0.2,-1.3,-3.3,-3,-2.3,-1.2,-0.2,-0.9,-2.7,-2.9,-2,-1.2,0.1,-0.8,-3.4,-2.2,-1,-0.7,0.1,-1.1,-3.9,-2.2,-0.9,-0.9,0.1,-1.2,-3.3,-2.2,-1,-0.8,0,-1.2,-2.6,-2.2,-0.9,-0.3,0.4,-0.9,-6.1,-6,-5.5,-1.7,-0.4,-0.9,-7,-6.7,-6.4,-1.7,-0.5,-0.8,-6,-5.9,-5.5,-1.7,-0.4,-0.8,-5.2,-5.6,-4.6,-1.8,0,-1,-8.5,-8.4,-4.1,0.6,-0.1,-4.4,-9.9,-9.8,-5.2,0.5,0,-4.6,-8.2,-8,-3.8,0.6,-0.2,-4.4,-6.4,-6.3,-2.4,0.9,-0.1,-4,2.7,2.3,5.1,2.7,0.8,-2,2.7,2.4,5.6,3.1,0.6,-2.6,2.7,2.3,5.2,2.8,0.8,-2.1,2.5,2,2.3,0.8,1.6,1.3,2.5,2.4,1.1,-4.3,-0.3,1,4.4,4.5,4.3,-3.9,-0.4,-0.2,3.7,3.8,3.1,-3.6,-0.9,-0.2,-1,-1.4,-5,-6,0.2,3.8,-5.8,-6.1,-7.3,-7.5,0.6,1.8,-5.7,-5.8,-6.7,-7.4,0.4,1.3,-6.1,-6.4,-7.8,-8.2,0.7,2.1,-5.4,-5.8,-7.2,-6.5,0.6,2,2.2,2.1,0.4,1.3,-0.1,1.6,1.4,1.4,0.6,2.9,-0.2,0.6,1.8,1.8,0.1,1.2,-0.2,1.5,3.6,3.3,0.4,0,0,2.9,-0.1,-0.5,0.4,0,-0.1,-1,0,-0.5,0.5,0.2,-0.1,-1.1,0.2,-0.3,0.2,0.1,-0.1,-0.6,-0.6,-0.8,0.4,-0.2,0,-1.2,-2.4,-2.4,0.3,0.6,-0.5,-3.2,-3.7,-3.4,-0.7,0.9,-0.9,-3.6,-2.6,-2.3,0.1,0.7,-0.6,-3,-1.2,-1.6,1.2,0.3,-0.2,-3,0,-0.3,0.2,-0.5,0,-0.4,0.3,-0.6,-0.1,-0.3,0.2,-0.4,0.1,-0.3,0.3,-0.5,0.2,-0.4,0.7,-1.1,0.2,-0.5,0.9,-1.4,0.1,-0.5,0.7,-0.9,0.4,0.1,0.4,-0.8,0,-0.3,-0.2,-0.1,-0.2,-0.2,-0.2,-0.2,0,-0.3,-0.2,-0.1,0.3,-0.4,-0.4,0,-0.2,1,-0.3,-0.3,-0.2,1,-0.4,-0.4,-0.2,1.1,-0.3,-0.2,-0.2,1,-0.3,-0.2,1.1,-0.2,-0.3,-0.2,1.1,-0.2,-0.1,-0.2,1.1,-0.3,-0.3,-0.2,0.8,-0.3,-0.8,-0.4,-6.2,-0.9,-4.7,-3.8,-5.1,-0.1,-4.6,-2.7,-5.4,-0.4,-4.6,-2.6,-8.5,-2.3,-5.2,-6.7,-0.9,-0.1,-0.6,-0.9,-0.7,-0.2,-0.6,-0.9,-0.8,0,-0.7,-1.1,-1.3,-0.2,-0.3,-0.7,-0.8,0.6,0.4,-0.5,-0.5,0.4,0.2,-0.3,-0.8,0.6,0.3,-0.5,-1.1,0.9,0.6,-0.7,1.4,-0.1,0.7,-0.1,1.3,-0.1,0.7,-0.1,1.2,0,0.6,0,1.6,-0.2,0.9,-0.2,1.2,-1.1,1.7,0.3,0.9,-1.5,1.6,0.4,1.1,-1.1,1.5,0.3,1.5,-0.7,2.1,0.3,-0.7,37.79,7.799,0.945,26.65,14442,1946,10043.87012,1.81,7.8
2002/9/30,-3.7,-4.2,-3.7,-3,-2.5,-2.9,-2.7,-1.5,-6.6,-7.4,-6.5,-5.9,-8.4,-9.7,-8.1,-6.3,2.2,2.3,2.2,2,-0.3,0.6,-0.2,-1.4,-5.4,-5,-5.4,-5.7,1.8,0.5,1.5,3.4,-0.6,-0.6,-0.3,-0.9,-3.7,-5.2,-3.7,-2.4,-0.4,-0.4,-0.4,-0.2,-0.1,-0.2,-0.2,0.5,-0.5,-0.4,-0.5,-0.6,-0.1,-0.1,-0.1,-0.1,-0.5,-0.3,-0.5,-1.1,3.6,1.9,1.8,8.5,-0.8,-0.7,-0.6,-1.2,0.7,0.3,0.7,1.1,-1.1,-0.8,-0.8,-1.7,-1.6,-1.6,-1.6,-1.6,-3.3,-3.3,-2.2,-1.2,-0.4,-1.5,-3.7,-3.9,-2,-0.9,-0.3,-2.2,-3.2,-3.2,-2.3,-1.3,-0.5,-1.4,-2.8,-2.8,-2.5,-1.4,-0.2,-0.5,-2.1,-3,-1.1,-0.5,0.5,-1.4,-2.1,-3.2,-0.9,-0.6,0.3,-2,-2.2,-2.9,-1.1,-0.7,0.2,-1.6,-1.8,-2.5,-1.3,-0.2,1,-0.2,-6.4,-6.3,-5.8,-1.8,-0.3,-0.8,-7.2,-6.9,-6.5,-1.7,-0.5,-0.9,-6.3,-6.1,-5.7,-1.7,-0.4,-0.8,-5.6,-5.9,-5,-1.9,0,-0.9,-8.5,-8.2,12.7,-0.2,-0.2,-21.1,-9.8,-9.6,17.4,-0.5,-0.1,-27.1,-8.2,-7.8,10.6,-0.2,-0.3,-18.7,-6.4,-6.1,6.8,0.2,-0.2,-13.1,3.1,1.3,2.5,3.5,0.9,-0.3,3,1.3,2.7,3.8,1,-0.4,3.1,1.3,2.6,3.6,0.9,-0.4,3.6,1.1,1.2,1.9,0.9,0.8,2.1,3.4,-1.4,-5.1,-3.7,1.1,4.1,5.7,1.6,-4,-5.1,-1,2.9,5.3,0.6,-4.1,-5.5,-0.8,-1.2,-1.3,-6.8,-7.7,-0.1,5.4,-5.5,-5.7,-7.2,-8.1,0.3,1.8,-5.4,-5.6,-6.4,-8.2,0.6,1.4,-5.7,-6.2,-7.5,-8.7,0.8,2.1,-5.2,-4.9,-7.4,-6.9,-0.8,1.7,2,2.8,1,1.7,-1,0.8,1.2,1.7,1,3.2,-1.2,-0.5,1.6,2.3,0.7,1.5,-0.8,0.8,3.3,4.5,1.2,0.5,-1.1,2.2,-0.6,-0.4,-0.1,-0.1,-0.2,-0.5,-0.6,-0.5,0.1,0.1,-0.1,-0.7,-0.4,-0.3,-0.1,-0.2,0,-0.2,-0.8,-0.6,-0.3,-0.2,-0.3,-0.6,-2.9,-2.6,-1.1,0.5,-1.1,-2.6,-4.3,-3.7,-1.9,0.8,-1.5,-3.3,-2.9,-2.8,-1.1,0.6,-0.9,-2.6,-1.8,-1.3,-0.5,0.2,-1.1,-1.9,-0.4,-0.2,0.2,0,-0.2,-0.2,0.4,0.1,-0.3,-0.2,0.1,0,-0.6,-0.2,0,0,0.3,-0.1,-0.8,0.4,0.5,0,-0.9,0.6,0.3,-0.1,-0.8,0.3,0,-0.3,-0.6,0.2,-0.4,-0.4,-0.4,-0.2,-0.4,-0.4,-0.3,-0.2,-0.4,-0.4,-0.4,-0.2,-0.4,-0.4,-0.5,-0.3,-0.2,0.2,17.4,-0.2,-0.2,0.2,23.6,-0.2,-0.2,0.2,14.9,-0.2,-0.2,0.2,9.3,-0.1,0.2,-0.8,0.3,0.4,0.1,-0.9,0.1,0.4,0.1,-0.9,0.3,0.3,0.6,-0.4,0.6,0.5,-4.2,-2,7.3,6.1,-2.9,-1.1,5,5.4,-3.3,-1.1,5.1,5,-6.8,-4.1,13.3,8.8,-0.6,0,-0.1,-0.9,-0.6,-0.2,0.1,-1.1,-0.7,-0.3,0.1,-0.9,-0.4,0.5,-0.6,-0.7,-0.7,0.7,0.8,0.9,-0.5,0.3,0.6,0.9,-0.7,0.6,0.8,0.8,-1,1.1,1.1,1,-0.6,0.2,-0.4,-1.1,-0.8,0.1,-0.4,-0.9,-0.7,0.1,-0.3,-1,-0.4,0.3,-0.6,-1.6,-0.2,0,-1.3,-0.8,-0.3,-0.1,-1.2,-0.7,0,-0.1,-1.1,-0.7,-0.2,0.2,-1.8,-1,-0.7,36.94,7.8,0.945,28.4,13495,1898,9072.209961,1.85,7.6
2002/10/31,-3.6,-4,-3.5,-3.2,-1.9,-2.1,-2.1,-1.4,-6.7,-7.4,-6.6,-6,-7.9,-9.3,-7.6,-5.9,0.7,0.4,0.7,2.2,0.8,3.3,2,-3.3,-6.3,-6.2,-6.3,-6.5,1.3,0.4,1.1,2.7,-1.3,-1.2,-1.1,-1.7,-3.4,-4.8,-3.4,-2.1,0,0,0,0.1,-0.3,-0.3,-0.2,-0.3,-0.1,-0.1,-0.1,-0.1,0.3,0.3,0.4,0.3,0.6,0.3,0.7,1.2,4.8,4.4,4.4,5.8,-0.4,-0.5,-0.5,-0.3,0,0,-0.1,-0.1,-0.4,-0.5,-0.4,-0.4,0,0.1,0,0,-3.7,-3.4,-3.1,-1.2,-0.2,-0.5,-4.2,-4.1,-3.3,-1.1,0.1,-0.7,-3.7,-3.3,-3,-1.4,-0.2,-0.5,-3,-2.7,-2.9,-1.3,-0.5,-0.3,-2.5,-3.4,-1.9,-1,1.5,0,-2.9,-3.9,-1.8,-1.1,1.8,-0.3,-2.7,-3.3,-1.8,-1.1,1.2,-0.3,-1.5,-2.6,-2.3,-0.4,1.2,0.9,-6.6,-6.1,-6,-1.7,-0.6,-0.7,-7.4,-7,-6.6,-1.7,-0.4,-0.8,-6.5,-6,-5.8,-1.7,-0.6,-0.8,-5.9,-5.2,-5.4,-1.8,-0.8,-0.6,-8.4,-8.5,-9.3,-1.1,0.6,1.4,-9.7,-9.9,-10.7,-1.3,0.6,1.4,-8.1,-8.2,-9,-1.1,0.6,1.4,-6.3,-6.4,-7.2,-0.6,0.5,1.3,2.2,2.7,2.5,5.5,-2,-1.8,2.3,2.7,2.5,6.1,-2.3,-2.1,2.2,2.7,2.6,5.6,-2,-1.9,2,2.5,2.1,2.5,-0.3,0.1,-0.3,2.5,1.5,-5.5,-1.7,-0.7,0.6,4.4,3,-5.6,-1.1,0.3,-0.2,3.7,2,-5.3,-1.7,0,-1.4,-1,-0.6,-5.8,-2.3,-2.7,-5.4,-5.8,-6.9,-7,-0.5,0.6,-5,-5.7,-6.5,-6.6,-0.5,0.3,-5.4,-6.1,-7.4,-7.5,-0.2,1.1,-5.7,-5.4,-6.7,-6.5,-1.1,0.2,1.8,2.2,2,1.6,-0.9,-0.7,0.5,1.4,1.4,2.4,-1,-1,1.5,1.8,1.7,1.5,-0.7,-0.6,3.4,3.6,3,1,-0.9,-0.3,-0.6,-0.1,-0.7,0,-1.2,-0.6,-0.6,0,-0.6,0.2,-1.2,-0.6,-0.3,0.2,-0.6,-0.1,-1.3,-0.5,-0.9,-0.6,-1,-0.2,-1.1,-0.7,-3.7,-2.4,-1.7,0.6,-1,-1.7,-5.2,-3.7,-2.4,0.9,-1.1,-2.4,-3.7,-2.6,-1.6,0.6,-0.8,-1.8,-2.4,-1.2,-1.3,0.3,-0.9,-0.8,-0.4,0,-0.3,-0.1,-0.4,0,-0.6,-0.3,-0.4,-0.1,-0.3,-0.1,-0.2,0.1,0,0.3,-0.1,0.2,-0.7,-0.9,-0.2,0.2,-0.7,-1.1,-0.2,0.1,-0.6,-0.8,0.5,0.4,-1,-0.5,-0.5,0,-0.4,-0.1,-0.4,-0.2,-0.3,-0.1,-0.5,0,-0.4,-0.1,-0.6,0.3,-0.6,-0.1,-0.1,-0.2,-7.7,-0.1,-0.1,-0.2,-8.7,-0.1,-0.1,-0.2,-7.4,-0.1,-0.1,-0.2,-6.2,-0.1,-0.5,1.1,0.4,2,-0.3,1.1,0.3,2.2,-0.5,1.1,0.5,2.1,-1.1,0.8,0.9,1,3.6,-6.2,7.6,3.6,1.9,-5.1,5.6,1.6,1.8,-5.4,6.4,2.1,8.5,-8.5,11.5,7.8,-0.8,-0.9,-0.1,0.6,-0.7,-0.7,-0.6,0.7,-0.6,-0.8,-0.3,0.5,-1.2,-1.3,0.6,0.6,0.7,-0.8,0.6,0.4,0.3,-0.5,0.2,0.2,0.7,-0.8,0.5,0.4,1.1,-1.1,1.1,0.6,-1.1,1.4,-0.1,0.3,-0.8,1.3,-0.2,0.1,-0.8,1.2,-0.1,0.3,-1.7,1.6,-0.1,0.4,-1.6,1.2,-0.4,-0.3,-1.6,0.9,-0.5,-0.3,-1.6,1.1,-0.5,-0.3,-1.6,1.5,-0.4,-0.3,-0.8,36.18,7.799,0.945,27.54,12604.5756,1941,9441.25,1.82,7.4
2002/11/30,-3.6,-4.1,-3.6,-3.1,-2,-2.1,-2.1,-1.3,-7.1,-7.8,-7,-6.3,-7.2,-8.5,-6.8,-5.2,0.6,0.3,0.5,2,-0.7,0.1,0.8,-3.6,-6,-6.1,-5.9,-6.1,2.3,1.1,2.1,4,-1.2,-1.2,-1.1,-1.4,-3.3,-4.6,-3.4,-2,-0.1,-0.2,-0.1,-0.1,-0.3,-0.4,-0.4,-0.1,-0.6,-0.6,-0.6,-0.6,0.1,0.1,0.1,0.1,-0.1,-0.1,-0.1,0.1,4.8,4.5,6.1,3.1,-0.3,-0.5,-0.3,0,0.1,0.1,0.2,0.1,-0.3,-0.2,-0.3,-0.2,-0.3,-0.2,-0.3,-0.4,-3.6,-3.3,-3.1,-1.4,-0.3,-0.5,-4,-3.7,-3.5,-1.2,-0.4,-0.6,-3.5,-3.2,-3,-1.5,-0.4,-0.6,-3.2,-2.8,-2.9,-1.6,-0.3,-0.2,-1.9,-2.1,-2.2,-1.2,0.1,0.2,-2.1,-2.1,-2.2,-1.5,0,0.1,-2.1,-2.2,-2.2,-1.3,0.1,0.1,-1.4,-1.8,-2.2,-0.5,0.5,0.9,-6.7,-6.4,-6,-1.8,-0.7,-1.1,-7.4,-7.2,-6.7,-1.7,-0.6,-1.1,-6.6,-6.3,-5.9,-1.9,-0.7,-1.1,-6,-5.6,-5.6,-1.9,-0.7,-0.7,-7.9,-8.5,-8.4,-2.2,1.3,1.2,-9.3,-9.8,-9.8,-2.4,1.3,1.3,-7.6,-8.2,-8,-2.2,1.4,1.2,-5.9,-6.4,-6.3,-1.6,1.2,1.1,0.7,3.1,2.3,5.5,-2.5,-1.7,0.4,3,2.4,5.9,-2.7,-2.1,0.7,3.1,2.3,5.7,-2.6,-1.8,2.2,3.6,2,3.2,-1.6,0,0.8,2.1,2.4,-3,-2.8,-3.1,3.3,4.1,4.5,-0.8,-4,-4.4,2,2.9,3.8,-2.2,-2.1,-3,-3.3,-1.2,-1.4,-6.2,-2.4,-2.2,-6.3,-5.5,-6.1,-7.3,-0.5,0.1,-6.2,-5.4,-5.8,-6.6,-0.7,-0.3,-6.3,-5.7,-6.4,-7.8,-0.2,0.5,-6.5,-5.2,-5.8,-7,-0.9,-0.3,1.3,2,2.1,-0.3,0.3,0.2,0.4,1.2,1.4,0.1,-0.1,-0.3,1.1,1.6,1.8,-0.4,0.5,0.3,2.7,3.3,3.3,-0.5,0.7,0.7,-1.3,-0.6,-0.5,-0.1,-0.6,-0.7,-1.2,-0.6,-0.5,0.2,-0.6,-0.7,-1.1,-0.4,-0.3,-0.1,-0.7,-0.8,-1.7,-0.8,-0.8,-0.3,-0.6,-0.6,-3.4,-2.9,-2.4,0.4,-0.4,-0.9,-4.8,-4.3,-3.4,0.8,-0.3,-1.2,-3.4,-2.9,-2.3,0.6,-0.5,-1.1,-2.1,-1.8,-1.6,-0.1,-0.2,-0.4,0,-0.4,-0.3,-0.1,0,-0.2,-0.4,-0.1,0,-0.3,-0.3,0,0.1,-0.6,-0.3,-0.2,-0.3,0.3,-0.4,-0.3,-0.3,0.5,-0.5,-0.4,-0.2,0.3,-0.5,-0.3,-0.3,0,0.1,-0.2,-0.1,-0.4,-0.3,-0.2,-0.1,-0.4,-0.2,-0.2,-0.1,-0.4,-0.3,-0.2,-0.1,-0.4,-0.4,-0.2,0.3,-0.2,1,-0.7,0.3,-0.2,1,-0.7,0.4,-0.2,1.1,-0.8,0.3,-0.2,1,-0.7,0.6,0.2,-0.2,0.1,0.3,0.1,-0.2,0,0.7,0.1,-0.3,0.2,1.2,0.6,-0.3,0.4,4.8,-4.2,-0.9,6.3,4.4,-2.9,-0.1,7.9,4.4,-3.3,-0.4,7.4,5.8,-6.8,-2.3,3.4,-0.4,-0.6,-0.1,-0.6,-0.5,-0.6,-0.2,-0.6,-0.5,-0.7,0,-0.7,-0.3,-0.4,-0.2,-0.4,0,-0.7,0.6,-0.8,0,-0.5,0.4,-0.6,-0.1,-0.7,0.6,-0.8,-0.1,-1,0.9,-1.1,-0.4,-0.6,-0.1,-0.3,-0.5,-0.8,-0.1,-0.1,-0.4,-0.7,0,-0.2,-0.4,-0.4,-0.2,-0.6,0,-0.2,-1.1,-0.4,0.1,-0.3,-1.5,-0.4,0,0,-1.1,-0.3,0,-0.2,-0.7,-0.5,-0.7,35.95,7.798,0.945,24.34,10309,2075,10069.87012,1.23,7.2
2002/12/31,-1.5,1,-2.6,-2.8,-2.1,-2.5,-2.3,-1,-0.5,11.2,-4.1,-6.7,-6.2,-7.5,-5.8,-4.3,0.3,0.1,0.2,1.3,-3,-3.1,-2.5,-3.8,-5.8,-6,-5.8,-5.6,2.6,1.2,2.3,4.4,-0.9,-0.9,-0.8,-1.1,-1.4,-2,-1.4,-0.9,-0.3,-0.3,-0.3,-0.3,-0.4,-0.5,-0.4,-0.4,-0.6,-0.6,-0.7,-0.5,0.4,0.5,0.3,0.3,-0.3,-0.2,-0.3,-0.6,-5.7,-4.9,-5,-7.6,-0.8,-0.5,-0.8,-1.1,0.1,0.1,0.1,0.1,0.8,0.7,0.6,1,1.3,1.4,1.3,1.4,-3.6,-3.7,-3.3,-3.6,2.2,1.8,-4.1,-4.2,-3.9,-6.2,5.2,4.9,-3.6,-3.7,-3.2,-2.6,1.1,0.6,-3.1,-3,-2.8,-1.7,0.2,0,-2,-2.5,-3,-1.1,0.4,0.9,-2.1,-2.9,-3.2,-1.1,0.4,0.7,-2.1,-2.7,-2.9,-1.2,0.4,0.6,-1.3,-1.5,-2.5,-1.1,0.5,1.5,-7.1,-6.6,-6.3,-8.7,6.1,5.8,-7.8,-7.4,-6.9,-18.9,18.6,18.1,-7,-6.5,-6.1,-5.4,2.4,2,-6.3,-5.9,-5.9,-1.9,-0.8,-0.8,-7.2,-8.4,-8.2,-2.7,2.2,2,-8.5,-9.7,-9.6,-2.9,2.2,2.1,-6.8,-8.1,-7.8,-2.8,2.3,2,-5.2,-6.3,-6.1,-2.1,2,1.8,0.6,2.2,1.3,5.5,-1.9,-1,0.3,2.3,1.3,5.8,-2.2,-1.2,0.5,2.2,1.3,5.7,-2,-1.1,2,2,1.1,3.2,-0.7,0.2,-0.7,-0.3,3.4,-1.5,-2.7,-6.4,0.1,0.6,5.7,0.5,-3.7,-8.8,0.8,-0.2,5.3,-0.8,-2.3,-7.8,-3.6,-1.4,-1.3,-4.5,-2.4,-2.5,-6,-5.4,-5.7,-7,-0.4,-0.1,-6.1,-5,-5.6,-6.4,-1,-0.4,-5.9,-5.4,-6.2,-7.7,-0.4,0.4,-6.1,-5.7,-4.9,-6.7,0.1,-0.7,2.3,1.8,2.8,-0.5,0.8,-0.2,1.1,0.5,1.7,0,0.7,-0.5,2.1,1.5,2.3,-0.6,0.8,0,4,3.4,4.5,-1.1,1,-0.1,-1.2,-0.6,-0.4,-0.2,-0.3,-0.5,-1.2,-0.6,-0.5,0.1,-0.3,-0.4,-1.1,-0.3,-0.3,-0.2,-0.5,-0.5,-1.4,-0.9,-0.6,-0.4,-0.2,-0.5,-3.3,-3.7,-2.6,-0.9,2.3,1.2,-4.6,-5.2,-3.7,-1.2,3.2,1.7,-3.4,-3.7,-2.8,-0.9,2.3,1.4,-2,-2.4,-1.3,-0.6,1.5,0.4,-0.1,-0.4,-0.2,-2.4,-0.2,-0.4,-0.2,-5.3,-0.1,-0.4,-0.2,-1.4,-0.1,-0.2,-0.2,-0.5,-0.3,-0.1,-0.1,-0.3,-0.4,-0.2,0,-0.1,-0.4,-0.2,-0.1,-0.2,-0.1,0.5,-0.3,-0.7,-0.6,-0.5,-0.4,-7.1,-0.6,-0.4,-0.4,-17.5,-0.6,-0.5,-0.4,-3.7,-0.6,-0.6,-0.4,-0.1,0.1,-0.1,0.2,-0.7,0.1,-0.1,0.2,-0.7,0.1,-0.1,0.2,-0.8,0.1,-0.1,0.2,-0.7,-0.1,-0.5,-0.8,0,-0.1,-0.3,-0.9,0,-0.1,-0.5,-0.9,0,0.1,-1.1,-0.4,0.1,4.8,3.6,-2,-3.4,4.5,1.9,-1.1,-1.8,6.1,1.8,-1.1,-1.9,3.1,8.5,-4.1,-7.3,-0.3,-0.8,0,-1,-0.5,-0.7,-0.2,-0.6,-0.3,-0.6,-0.3,-0.8,0,-1.2,0.5,-1.7,0.1,0.7,0.7,-0.2,0.1,0.3,0.3,-0.1,0.2,0.7,0.6,-0.2,0.1,1.1,1.1,-0.3,-0.3,-1.1,0.2,0.5,-0.2,-0.8,0.1,0.4,-0.3,-0.8,0.1,0.4,-0.2,-1.7,0.3,0.7,-0.3,-1.6,0,-0.6,-0.2,-1.6,-0.1,-1.4,-0.3,-1.6,-0.1,-0.8,-0.4,-1.6,0.2,0.2,-0.4,35.83,7.798,0.945,28.33,9565,2215,9321.290039,1.16,7.2
2003/1/31,-1.6,-1.6,-1.7,-1.4,-1.9,-2.1,-2.1,-1.2,-1.9,-0.3,-2.1,-3.6,-9.4,-11.9,-8.5,-6.4,0.2,0.2,0.2,0.5,-3,-3.3,-2.8,-3.1,-5.5,-5.7,-5.6,-5,3.2,1.5,2.9,5.3,0.4,0,0.3,1,-0.3,-1.2,-0.4,0.5,-0.1,-0.1,-0.1,-0.1,0,0,0,0.1,2,3.5,1.9,0.4,-17.4,-22.9,-15.1,-9.7,-0.1,0,-0.1,-0.4,-5.9,-5,-5.7,-7.3,-0.8,-0.8,-0.9,-0.8,0.8,0.3,0.7,1.3,0.4,0.1,0.4,0.9,0.4,0.3,0.4,0.5,-1.5,-3.6,-3.4,-3.5,2,1.8,1,-4,-4.1,-3.9,2.4,2.5,-2.6,-3.5,-3.3,-3.4,1.8,1.6,-2.8,-3.2,-2.7,-3.2,1.8,1.3,-2.1,-1.9,-3.4,-1.8,0,1.5,-2.5,-2.1,-3.9,-2,0,1.8,-2.3,-2.1,-3.3,-1.8,0,1.2,-1,-1.4,-2.6,-1.3,0.2,1.4,-0.5,-6.7,-6.1,-5.4,4.8,4.2,11.2,-7.4,-7,-6.3,7.1,6.7,-4.1,-6.6,-6,-5.4,4.5,3.9,-6.7,-6,-5.2,-4.3,2.4,1.6,-6.2,-7.9,-8.5,-16.6,-1.5,-0.9,-7.5,-9.3,-9.9,-21,-2.6,-2,-5.8,-7.6,-8.2,-14.8,-0.9,-0.3,-4.3,-5.9,-6.4,-9.8,-0.5,0,0.3,0.7,2.7,6,-0.5,-2.5,0.1,0.4,2.7,6.1,-0.2,-2.5,0.2,0.7,2.7,6.2,-0.5,-2.5,1.3,2.2,2.5,4.4,-1.7,-2,-3,0.8,2.5,0.9,-3.8,-5.5,-3.1,3.3,4.4,4.2,-6.6,-7.7,-2.5,2,3.7,2.4,-4.8,-6.5,-3.8,-3.3,-1,-4.6,0.2,-2.1,-5.8,-6.3,-5.8,-7.3,0.8,0.3,-6,-6.2,-5.7,-6.6,0.5,0,-5.8,-6.3,-6.1,-7.7,0.7,0.5,-5.6,-6.5,-5.4,-7.5,1.5,0.4,2.6,1.3,2.2,0.1,1.9,1,1.2,0.4,1.4,0.5,1.1,0.1,2.3,1.1,1.8,0,1.8,1.1,4.4,2.7,3.6,-0.3,2.6,1.7,-0.9,-1.3,-0.1,-1.5,1.7,0.5,-0.9,-1.2,0,-1.2,1.2,0,-0.8,-1.1,0.2,-1.3,1.4,0.1,-1.1,-1.7,-0.6,-2,2.7,1.6,-1.4,-3.4,-2.4,-2.9,3.1,2.1,-2,-4.8,-3.7,-3.2,3.6,2.5,-1.4,-3.4,-2.6,-2.8,3,2.2,-0.9,-2.1,-1.2,-2.7,2.6,1.7,-0.3,0,0,0,-0.3,0,0,2.5,-0.3,0,-0.1,-0.9,-0.3,0.1,0.1,-1.6,-0.4,-0.3,0.2,-0.2,-0.5,-0.3,0.2,-0.4,-0.4,-0.2,0.1,-0.3,-0.4,-0.3,0.4,0.3,-0.6,-0.1,0,3.5,-0.6,-0.1,-0.2,15.4,-0.7,-0.1,0,-0.1,-0.5,-0.1,0.3,-2.8,0.4,0.3,-0.2,-14.5,0.5,0.3,-0.2,-18.9,0.3,0.4,-0.2,-12.6,0.3,0.3,-0.2,-7.6,-0.3,0.6,1.1,0,-0.2,0.3,1.1,-0.1,-0.3,0.7,1.1,0,-0.6,1.2,0.8,0.4,-5.7,4.8,-6.2,-5.9,-4.9,4.4,-5.1,-4.8,-5,4.4,-5.4,-5.4,-7.6,5.8,-8.5,-8,-0.8,-0.4,-0.9,-1.2,-0.5,-0.5,-0.7,-1.1,-0.8,-0.5,-0.8,-1.1,-1.1,-0.3,-1.3,-1.4,0.1,0,-0.8,0.2,0.1,0,-0.5,0.1,0.1,-0.1,-0.8,0.2,0.1,-0.1,-1.1,0.4,0.8,-0.4,1.4,-0.9,0.7,-0.5,1.3,-0.8,0.6,-0.4,1.2,-0.7,1,-0.4,1.6,-1.2,1.3,0,1.2,-0.6,1.4,0.1,0.9,-0.5,1.3,0,1.1,-0.5,1.4,0,1.5,-0.9,0.4,35.66,7.798,0.945,31.18,9178,2565,9258.950195,1.33,7
2003/2/28,-2,-2,-2.2,-1.9,-2.1,-2.4,-2.2,-1.3,-2.3,-0.6,-2.6,-3.9,-7.7,-10,-6.9,-5,0.8,0.5,0.8,2.2,-4.3,-4.6,-3.9,-4.7,-5.9,-6.2,-6,-5.7,4,2,3.7,6.3,-0.5,-1,-0.5,0.1,-2.1,-2.7,-2.1,-1.5,-0.2,-0.1,-0.3,-0.3,0.5,0.6,0.6,0.3,-0.6,-0.5,-0.7,-0.7,1.5,1.7,1.5,1.3,0.3,0.2,0.4,0.8,-6,-5.9,-5.7,-6.7,-1.1,-1.1,-1.1,-1,1.2,0.8,1.1,1.6,-0.2,-0.3,-0.2,0,-0.1,0.1,-0.2,0.1,-1.6,-3.6,-3.3,-2.3,1.6,1.3,-1.6,-4.1,-3.7,-2.4,2.1,1.7,-1.7,-3.6,-3.2,-2.3,1.4,1,-1.4,-3.1,-2.8,-2,1.2,0.9,-1.9,-2,-2.1,-1,-0.1,0,-2.1,-2.1,-2.1,-0.9,-0.3,-0.3,-2.1,-2.1,-2.2,-1,-0.1,0,-1.2,-1.3,-1.8,-0.9,0,0.5,-1.9,-7.1,-6.4,-5.5,4.8,4.1,-0.3,-7.8,-7.2,-6.4,7.2,6.6,-2.1,-7,-6.3,-5.5,4.4,3.7,-3.6,-6.3,-5.6,-4.6,2.4,1.7,-9.4,-7.2,-8.5,-4.1,-0.5,0.8,-11.9,-8.5,-9.8,-5.2,-1.5,-0.2,-8.5,-6.8,-8.2,-3.8,-0.1,1.3,-6.4,-5.2,-6.4,-2.4,0.2,1.4,0.2,0.6,3.1,5.1,0.2,-2.3,0.2,0.3,3,5.6,0.2,-2.5,0.2,0.5,3.1,5.2,0.3,-2.3,0.5,2,3.6,2.3,0.2,-1.4,-3,-0.7,2.1,1.1,-3.6,-6.4,-3.3,0.1,4.1,4.3,-4.7,-8.7,-2.8,0.8,2.9,3.1,-4.7,-6.8,-3.1,-3.6,-1.2,-5,-1.1,-3.5,-5.5,-6,-5.5,-7.3,0.1,-0.4,-5.7,-6.1,-5.4,-6.7,-0.1,-0.8,-5.6,-5.9,-5.7,-7.8,-0.1,-0.3,-5,-6.1,-5.2,-7.2,0.4,-0.5,3.2,2.3,2,0.4,1.7,2,1.5,1.1,1.2,0.6,0.9,0.8,2.9,2.1,1.6,0.1,1.6,2.1,5.3,4,3.3,0.4,2.3,3,0.4,-1.2,-0.6,0.4,0.7,0.1,0,-1.2,-0.6,0.5,0.2,-0.4,0.3,-1.1,-0.4,0.2,0.6,-0.1,1,-1.4,-0.8,0.4,1.5,0.9,-0.3,-3.3,-2.9,0.3,1.2,0.8,-1.2,-4.6,-4.3,-0.7,1.9,1.6,-0.4,-3.4,-2.9,0.1,1.3,0.8,0.5,-2,-1.8,1.2,0.5,0.3,-0.1,-0.1,-0.4,0.2,-0.1,-0.2,-0.2,0.3,-0.1,-0.1,-0.3,0.2,-0.1,-0.1,-0.6,0.3,0,-0.3,0.3,0.7,0,-0.4,0.5,0.9,0,-0.4,0.3,0.7,0.1,-0.1,0,0.4,2,-0.6,-0.4,-0.2,3.5,-0.6,-0.4,-0.2,1.9,-0.6,-0.4,-0.2,0.4,-0.6,-0.4,-0.4,-17.4,0.1,-0.2,-0.3,-22.9,0.1,-0.2,-0.4,-15.1,0.1,-0.2,-0.3,-9.7,0.1,-0.2,-0.3,-0.1,-0.1,0.2,-0.3,0,-0.1,0.1,-0.1,-0.1,-0.1,0.1,-0.3,-0.4,0.1,0.6,-0.8,-5.9,4.8,-4.2,-4.7,-5,4.5,-2.9,-4.6,-5.7,6.1,-3.3,-4.6,-7.3,3.1,-6.8,-5.2,-0.8,-0.3,-0.6,-0.6,-0.8,-0.5,-0.6,-0.6,-0.9,-0.3,-0.7,-0.7,-0.8,0,-0.4,-0.3,0.8,0.1,-0.7,0.4,0.3,0.1,-0.5,0.2,0.7,0.2,-0.7,0.3,1.3,0.1,-1,0.6,0.4,-0.3,-0.6,0.7,0.1,-0.2,-0.8,0.7,0.4,-0.3,-0.7,0.6,0.9,-0.2,-0.4,0.9,0.4,-0.3,-0.2,1.7,0.3,-0.2,-0.3,1.6,0.4,-0.3,0,1.5,0.5,-0.4,-0.2,2.1,0.2,35.49,7.8,0.945,32.77,8781,2578,9122.660156,1.33,7.3
2003/3/31,-2.1,-1.9,-2.3,-1.9,-1.8,-2.1,-2.1,-0.9,-2.5,-0.8,-2.8,-4.1,-2.9,-3.9,-2.6,-1.9,0.5,0.3,0.5,1.9,-3,-3.1,-2.8,-3.2,-6.7,-7.1,-7.2,-5.7,2.6,1.1,2.4,4.3,-0.2,-1,-0.4,0.7,-2.6,-3.3,-2.7,-2,0.2,0.6,0,0,-0.6,-0.6,-0.7,-0.2,-0.6,-0.5,-0.6,-0.7,23.5,32,20.2,12.9,0,-0.1,0,0.3,8.7,6.7,6.2,15,-0.9,-0.9,-1.2,-0.6,-0.5,-0.3,-0.5,-0.8,-0.1,-0.3,-0.1,0,-1.9,-1.8,-1.7,-2.3,-2,-1.5,-3.7,-2.2,-0.6,1.6,-2,1,-4.2,-2,-2.9,2.3,-2.2,-2.6,-3.7,-2.3,0.3,1.4,-1.9,-2.8,-3,-2.5,0.9,1.1,-2.1,-2.1,-2.5,-1.1,0.3,0.7,-2.4,-2.5,-2.9,-0.9,0.4,0.8,-2.2,-2.3,-2.7,-1.1,0.2,0.6,-1.3,-1,-1.5,-1.3,0.1,0.6,-2.3,-0.5,-6.6,-5.8,-2,4.1,-0.6,11.2,-7.4,-6.5,-12,6.6,-2.6,-4.1,-6.5,-5.7,1.3,3.7,-3.9,-6.7,-5.9,-5,2.6,1.8,-7.7,-6.2,-8.4,12.7,3.3,5.5,-10,-7.5,-9.7,17.4,3.6,5.8,-6.9,-5.8,-8.1,10.6,3.2,5.5,-5,-4.3,-6.3,6.8,2.4,4.4,0.8,0.3,2.2,2.5,0.2,-1.7,0.5,0.1,2.3,2.7,0.2,-2,0.8,0.2,2.2,2.6,0.3,-1.7,2.2,1.3,2,1.2,0.6,-0.1,-4.3,-3,-0.3,-1.4,0,-2.7,-4.6,-3.1,0.6,1.6,0,-3.7,-3.9,-2.5,-0.2,0.6,-0.3,-2.6,-4.7,-3.8,-1.4,-6.8,0.6,-1.8,-5.9,-5.8,-5.4,-7.2,-0.9,-1.3,-6.2,-6,-5,-6.4,-1.1,-2.1,-6,-5.8,-5.4,-7.5,-1.4,-1.8,-5.7,-5.6,-5.7,-7.4,-0.1,0,4,2.6,1.8,1,0,0.8,2,1.2,0.5,1,-0.1,0.6,3.7,2.3,1.5,0.7,0.1,0.9,6.3,4.4,3.4,1.2,-0.1,0.9,-0.5,-0.9,-0.6,-0.1,0.7,0.4,-1,-0.9,-0.6,0.1,-0.1,-0.4,-0.5,-0.8,-0.3,-0.1,0.4,-0.1,0.1,-1.1,-0.9,-0.3,1.8,1.6,-2.1,-1.4,-3.7,-1.1,-1.2,1.1,-2.7,-2,-5.2,-1.9,-1.3,1.9,-2.1,-1.4,-3.7,-1.1,-1.3,1,-1.5,-0.9,-2.4,-0.5,-1.1,0.4,-0.2,-0.3,-0.4,0.2,-0.1,-0.3,-0.4,0.4,-0.3,-0.3,-0.4,0.1,-0.3,-0.3,-0.2,0,0.5,-0.4,-0.1,-0.8,0.6,-0.5,-0.2,-0.9,0.6,-0.4,-0.2,-0.8,0.3,-0.4,0.5,-0.6,-0.6,-0.6,-0.5,-0.4,-0.5,-0.6,-0.4,-0.3,-0.7,-0.7,-0.5,-0.4,-0.7,-0.5,-0.6,-0.5,1.5,0.4,-0.1,17.4,1.7,0.5,-0.1,23.6,1.5,0.3,-0.1,14.9,1.3,0.3,-0.1,9.3,0.3,-0.3,-0.5,0.3,0.2,-0.2,-0.3,0.1,0.4,-0.3,-0.5,0.3,0.8,-0.6,-1.1,0.6,-6,-5.7,3.6,7.3,-5.9,-4.9,1.9,5,-5.7,-5,1.8,5.1,-6.7,-7.6,8.5,13.3,-1.1,-0.8,-0.8,-0.1,-1.1,-0.5,-0.7,0.1,-1.1,-0.8,-0.6,0.1,-1,-1.1,-1.2,-0.6,1.2,0.1,0.7,0.8,0.8,0.1,0.3,0.6,1.1,0.1,0.7,0.8,1.6,0.1,1.1,1.1,-0.2,0.8,-1.1,-0.4,-0.3,0.7,-0.8,-0.4,-0.2,0.6,-0.8,-0.3,0,1,-1.7,-0.6,-0.1,1.3,-1.6,-1.3,0.1,1.4,-1.6,-1.2,-0.2,1.3,-1.6,-1.1,0.1,1.4,-1.6,-1.8,0.9,33.55,7.798,0.945,30.61,9176,2650,8634.450195,1.38,7.4
2003/4/30,-1.8,-1.2,-2,-2.1,-1.5,-1.7,-1.8,-0.4,-2.9,-1.2,-3.3,-4.3,12.8,14.2,12.5,10.7,-0.1,-0.2,-0.2,0.7,-3.8,-2.7,-2.6,-6.5,-7.4,-7.4,-7.6,-7.1,0.5,-0.1,0.3,1.2,0,-0.7,-0.2,0.9,-2.3,-2.9,-2.1,-2.1,0,0.1,0.1,-0.2,-0.4,-0.4,-0.3,-0.5,-0.8,-0.7,-0.9,-0.8,7.3,8.5,7,5.8,-0.2,-0.3,-0.2,-0.3,6.8,6,6.7,7.7,-0.8,-0.9,-0.7,-0.9,-1.5,-1,-1.5,-1.9,0,0,0,0.1,-0.1,-0.1,0.1,-0.5,-2.1,-1.6,-3.6,-3.1,-0.2,1.8,-1.9,-1.6,-4,-3.3,0.4,2.8,-2.3,-1.7,-3.5,-3,-0.3,1.5,-1.9,-1.4,-3.2,-2.9,-0.7,1.1,-1.8,-1.9,-1.9,-1.9,0.4,0.4,-2.1,-2.1,-2.1,-1.8,0.4,0.4,-2.1,-2.1,-2.1,-1.8,0.3,0.3,-0.9,-1.2,-1.4,-2.3,0.8,1,-2.5,-1.9,-6.7,-6,-1,3.8,-0.8,-0.3,-7.4,-6.6,-0.9,6.2,-2.8,-2.1,-6.6,-5.8,-1.2,3.3,-4.1,-3.6,-6,-5.4,-0.7,1.7,-2.9,-9.4,-7.9,-9.3,22.2,20.7,-3.9,-11.9,-9.3,-10.7,26.1,23.5,-2.6,-8.5,-7.6,-9,21,20.1,-1.9,-6.4,-5.9,-7.2,17.1,16.6,0.5,0.2,0.7,2.5,-0.3,-0.8,0.3,0.2,0.4,2.5,-0.4,-0.6,0.5,0.2,0.7,2.6,-0.4,-0.9,1.9,0.5,2.2,2.1,0.2,-1.5,-3,-3,0.8,1.5,-0.8,-4.6,-3.1,-3.3,3.3,3,0.6,-6,-2.8,-2.8,2,2,0.2,-4.6,-3.2,-3.1,-3.3,-0.6,-3.4,-3.2,-6.7,-5.5,-6.3,-6.9,-1.9,-1.1,-7.1,-5.7,-6.2,-6.5,-1.7,-1.2,-7.2,-5.6,-6.3,-7.4,-2,-1.3,-5.7,-5,-6.5,-6.7,-2.1,-0.6,2.6,3.2,1.3,2,-2.7,-0.8,1.1,1.5,0.4,1.4,-1.6,-0.5,2.4,2.9,1.1,1.7,-2.6,-0.8,4.3,5.3,2.7,3,-4.1,-1.5,-0.2,0.4,-1.3,-0.7,-0.4,1.3,-1,0,-1.2,-0.6,-0.7,0.5,-0.4,0.3,-1.1,-0.6,-0.5,0.9,0.7,1,-1.7,-1,-0.1,2.6,-2.6,-0.3,-3.4,-1.7,-2,1.1,-3.3,-1.2,-4.8,-2.4,-1.7,1.9,-2.7,-0.4,-3.4,-1.6,-1.7,1.3,-2,0.5,-2.1,-1.3,-2.6,0,0.2,-0.1,0,-0.3,0.6,-0.1,0,-0.6,0,-0.1,0,-0.3,0,-0.1,0.1,0,-0.6,0,-0.3,-0.7,-0.6,0,-0.3,-0.7,-0.7,0,-0.2,-0.6,-0.2,0.1,-0.3,-1,-0.6,2,-0.1,-0.4,-0.5,3.5,-0.1,-0.3,-0.6,1.9,-0.1,-0.4,-0.7,0.4,-0.1,-0.6,23.5,-17.4,0.3,-7.7,32,-22.9,0.3,-8.7,20.2,-15.1,0.4,-7.4,12.9,-9.7,0.3,-6.2,0,-0.1,0.6,0.4,-0.1,0,0.3,0.3,0,-0.1,0.7,0.5,0.3,-0.4,1.2,0.9,8.7,-5.9,4.8,7.6,6.7,-5,4.4,5.6,6.2,-5.7,4.4,6.4,15,-7.3,5.8,11.5,-0.9,-0.8,-0.4,-0.1,-0.9,-0.8,-0.5,-0.6,-1.2,-0.9,-0.5,-0.3,-0.6,-0.8,-0.3,0.6,-0.5,0.8,0,0.6,-0.3,0.3,0,0.2,-0.5,0.7,-0.1,0.5,-0.8,1.3,-0.1,1.1,-0.1,0.4,-0.4,-0.1,-0.3,0.1,-0.5,-0.2,-0.1,0.4,-0.4,-0.1,0,0.9,-0.4,-0.1,-1.9,0.4,0,-0.4,-1.8,0.3,0.1,-0.5,-1.7,0.4,0,-0.5,-2.3,0.5,0,-0.4,1,33.25,7.799,0.945,25,10003.608,2532,8717.219727,1.31,7.8
2003/5/31,-2.5,-1.7,-2.7,-3,-1.5,-1.6,-1.7,-0.9,-3.4,-1.6,-3.7,-5.1,10.7,12.1,10.3,8.8,0,-0.1,-0.1,0.7,-7.7,-6.9,-6.8,-10,-7.8,-7.8,-8.3,-7.1,0.7,0,0.6,1.4,-0.6,-1.3,-0.9,0.4,-4.1,-4.6,-3.9,-4,-1,-0.9,-1,-1.2,-0.4,-0.4,-0.4,-0.3,-0.8,-0.6,-0.7,-1.2,-0.8,-0.8,-0.9,-0.8,-0.1,-0.1,-0.2,-0.3,-5,-4.4,-4.7,-6,-0.6,-0.7,-0.7,-0.2,0.8,0.5,0.9,1,-0.7,-0.6,-0.7,-0.8,-2.9,-3.3,-2.9,-2.5,-1.8,-2,-3.6,-3.1,-0.5,1.1,-1.2,-2,-4.1,-3.5,0.3,2.4,-2,-2.2,-3.6,-3,-0.5,0.9,-2.1,-1.9,-3.1,-2.9,-1.1,0.1,-1.5,-2.1,-2,-2.2,0.6,0.5,-1.7,-2.4,-2.1,-2.2,0.8,0.5,-1.8,-2.2,-2.1,-2.2,0.5,0.4,-0.4,-1.3,-1.3,-2.2,0.4,0.4,-2.9,-2.3,-7.1,-6,-1.1,3.7,-1.2,-0.6,-7.8,-6.7,-1,6.2,-3.3,-2.6,-7,-5.9,-1.1,3.3,-4.3,-3.9,-6.3,-5.6,-1.2,1.2,12.8,-7.7,-7.2,-8.4,18.4,17.9,14.2,-10,-8.5,-9.8,22.1,20.6,12.5,-6.9,-6.8,-8,17.2,17.1,10.7,-5,-5.2,-6.3,13.8,14,-0.1,0.8,0.6,2.3,-0.8,-0.6,-0.2,0.5,0.3,2.4,-0.6,-0.4,-0.2,0.8,0.5,2.3,-0.9,-0.6,0.7,2.2,2,2,-1.5,-1.3,-3.8,-4.3,-0.7,2.4,-3.4,-7,-2.7,-4.6,0.1,4.5,-2.3,-7,-2.6,-3.9,0.8,3.8,-2.9,-7.6,-6.5,-4.7,-3.6,-1.4,-5.3,-6.4,-7.4,-5.9,-6,-6.1,-1.9,-1.8,-7.4,-6.2,-6.1,-5.8,-1.6,-1.7,-7.6,-6,-5.9,-6.4,-2.3,-2.4,-7.1,-5.7,-6.1,-5.8,-1.4,-1,0.5,4,2.3,2.1,-3.3,-1.6,-0.1,2,1.1,1.4,-2,-1.1,0.3,3.7,2.1,1.8,-3.1,-1.5,1.2,6.3,4,3.3,-4.9,-2.6,0,-0.5,-1.2,-0.5,-0.1,0.6,-0.7,-1,-1.2,-0.5,-0.3,-0.1,-0.2,-0.5,-1.1,-0.3,-0.4,0.2,0.9,0.1,-1.4,-0.8,0.3,1.8,-2.3,-2.1,-3.3,-2.4,-2,-0.8,-2.9,-2.7,-4.6,-3.4,-1.9,0,-2.1,-2.1,-3.4,-2.3,-1.8,-0.5,-2.1,-1.5,-2,-1.6,-2.5,-2,0,-0.2,-0.1,-0.3,0.1,-0.1,-0.2,-0.4,0.1,-0.3,-0.1,-0.3,-0.2,-0.3,-0.1,-0.3,-0.4,0.5,-0.3,-0.4,-0.4,0.6,-0.4,-0.5,-0.3,0.6,-0.4,-0.5,-0.5,0.3,-0.1,0.1,-0.8,-0.6,-0.6,-0.3,-0.7,-0.5,-0.6,-0.2,-0.9,-0.7,-0.6,-0.3,-0.8,-0.7,-0.6,-0.4,7.3,1.5,0.1,1,8.5,1.7,0.1,1,7,1.5,0.1,1.1,5.8,1.3,0.1,1,-0.2,0.3,-0.1,-0.2,-0.3,0.2,-0.1,-0.2,-0.2,0.4,-0.1,-0.3,-0.3,0.8,0.1,-0.3,6.8,-6,4.8,-0.9,6,-5.9,4.5,-0.1,6.7,-5.7,6.1,-0.4,7.7,-6.7,3.1,-2.3,-0.8,-1.1,-0.3,-0.1,-0.9,-1.1,-0.5,-0.2,-0.7,-1.1,-0.3,0,-0.9,-1,0,-0.2,-1.5,1.2,0.1,0.6,-1,0.8,0.1,0.4,-1.5,1.1,0.2,0.6,-1.9,1.6,0.1,0.9,0,-0.2,-0.3,-0.1,0,-0.3,-0.2,-0.1,0,-0.2,-0.3,0,0.1,0,-0.2,-0.2,-0.1,-0.1,-0.3,-1.1,-0.1,0.1,-0.2,-1.5,0.1,-0.2,-0.3,-1.1,-0.5,0.1,-0.4,-0.7,0.7,32.52,7.797,0.945,25.86,11887,2235,9487.379883,1.28,8.2
2003/6/30,-3.1,-2.4,-3.2,-3.7,-1.5,-1.5,-1.6,-1.1,-4,-1.9,-4.3,-6,-0.7,-0.9,-0.6,0.4,0.8,0.8,0.8,1,-7.5,-6.9,-7,-8.9,-7.9,-7.5,-7.9,-8.1,0.5,0.1,0.4,0.7,-1.2,-2,-1.4,-0.2,-4.7,-5.3,-4.4,-4.7,-0.8,-0.8,-0.7,-0.9,-0.1,0,0,-0.5,-1,-0.7,-0.9,-1.4,-10.1,-11.4,-9.7,-7.5,0,0,0,-0.2,-1.7,-1.1,-1.3,-2.9,-0.1,0.2,0.1,-0.6,0.5,0.4,0.4,0.4,-0.4,-0.7,-0.4,-0.3,-0.6,-0.8,-0.6,-0.5,-2.5,-2.1,-1.5,-3.3,-1,-1.6,-1.7,-1.9,1,-3.9,-0.5,-3.4,-2.7,-2.3,-2.6,-3.2,-0.9,-0.6,-3,-1.9,-2.8,-2.8,-1.8,-0.9,-1.5,-1.8,-2.1,-3,0.3,0.6,-1.6,-2.1,-2.5,-3.2,0.6,1,-1.7,-2.1,-2.3,-2.9,0.5,0.7,-0.9,-0.9,-1,-2.5,-0.2,-0.1,-3.4,-2.5,-0.5,-6.3,-1.5,-3.5,-1.6,-0.8,11.2,-6.9,-1.1,-13.1,-3.7,-2.8,-4.1,-6.1,-1.5,-0.2,-5.1,-4.1,-6.7,-5.9,-1.9,0.7,10.7,-2.9,-6.2,-8.2,2.2,5.5,12.1,-3.9,-7.5,-9.6,3,6.6,10.3,-2.6,-5.8,-7.8,2,5.2,8.8,-1.9,-4.3,-6.1,2.3,4.7,0,0.5,0.3,1.3,0.3,0.5,-0.1,0.3,0.1,1.3,0.5,0.7,-0.1,0.5,0.2,1.3,0.3,0.6,0.7,1.9,1.3,1.1,-0.9,-0.3,-7.7,-3,-3,3.4,-4.5,-4.5,-6.9,-3.1,-3.1,5.7,-3.8,-3.8,-6.8,-2.8,-2.5,5.3,-4.2,-4.5,-10,-3.2,-3.8,-1.3,-5.7,-5.1,-7.8,-6.7,-5.8,-5.7,-1.2,-2.1,-7.8,-7.1,-6,-5.6,-0.4,-1.5,-8.3,-7.2,-5.8,-6.2,-0.7,-2.1,-7.1,-5.7,-5.6,-4.9,-2.4,-2.5,0.7,2.6,2.6,2.8,-2.1,-2.1,0,1.1,1.2,1.7,-1,-1.1,0.6,2.4,2.3,2.3,-2,-1.9,1.4,4.3,4.4,4.5,-3.6,-3.7,-0.6,-0.2,-0.9,-0.4,-1,-0.3,-1.3,-1,-0.9,-0.5,-1,-1.1,-0.9,-0.4,-0.8,-0.3,-1,-0.6,0.4,0.7,-1.1,-0.6,-0.9,0.9,-4.1,-2.6,-1.4,-2.6,-2.1,-3.3,-4.6,-3.3,-2,-3.7,-2,-3.3,-3.9,-2.7,-1.4,-2.8,-1.7,-3,-4,-2,-0.9,-1.3,-2.7,-3.8,-1,0.2,-0.3,-0.2,-0.9,0.6,-0.3,-0.2,-1,0,-0.3,-0.2,-1.2,0,-0.3,-0.2,-0.4,-0.6,-0.4,-0.1,-0.4,-0.6,-0.5,0,-0.4,-0.7,-0.4,-0.1,-0.3,-0.2,-0.4,-0.3,-0.8,-0.6,-0.6,-0.4,-0.6,-0.5,-0.6,-0.4,-0.7,-0.6,-0.7,-0.4,-1.2,-0.7,-0.5,-0.4,-0.8,23.5,0.4,0.2,-0.8,32,0.5,0.2,-0.9,20.2,0.3,0.2,-0.8,12.9,0.3,0.2,-0.1,0,-0.3,-0.8,-0.1,-0.1,-0.2,-0.9,-0.2,0,-0.3,-0.9,-0.3,0.3,-0.6,-0.4,-5,8.7,-5.7,-2,-4.4,6.7,-4.9,-1.1,-4.7,6.2,-5,-1.1,-6,15,-7.6,-4.1,-0.6,-0.9,-0.8,0,-0.7,-0.9,-0.5,-0.2,-0.7,-1.2,-0.8,-0.3,-0.2,-0.6,-1.1,0.5,0.8,-0.5,0.1,0.7,0.5,-0.3,0.1,0.3,0.9,-0.5,0.1,0.6,1,-0.8,0.1,1.1,-0.7,-0.1,0.8,0.2,-0.6,-0.3,0.7,0.1,-0.7,-0.1,0.6,0.1,-0.8,0,1,0.3,-2.9,-1.9,1.3,0,-3.3,-1.8,1.4,-0.1,-2.9,-1.7,1.3,-0.1,-2.5,-2.3,1.4,0.2,0.3,32.67,7.797,0.945,27.65,12722.5728,2290,9577.120117,1.45,8.5
2003/7/31,-4,-3.6,-4.1,-4.5,-1.5,-1.7,-1.7,-1.1,-7.7,-6.4,-7.8,-8.9,-1.1,-1.3,-1,0.1,0,-0.1,-0.1,0.7,-4.8,-4.8,-4.7,-5,-7.1,-7,-7.3,-6.9,0.7,0.3,0.8,0.9,-1.7,-2.3,-1.6,-1.1,-4.7,-5.2,-4.3,-5,-1,-1.3,-1,-0.7,0.1,0,0.1,0.3,-3.8,-4.8,-3.8,-2.8,-0.6,-0.6,-0.6,-0.6,0.2,0.1,0.2,0.5,-3.4,-2.9,-3.1,-4.5,-0.2,-0.2,-0.2,0,-0.6,-0.3,-0.5,-0.8,0.9,1,0.9,0.7,1.1,1,1.2,1.1,-3.1,-1.8,-1.6,-3.4,-2.2,-2.4,-2.4,-1.2,-1.6,-4.1,-2.4,-2,-3.2,-2,-1.7,-3.3,-2.1,-2.4,-3.7,-2.1,-1.4,-2.7,-2.4,-3.1,-1.5,-1.5,-1.9,-3.4,0,0.4,-1.5,-1.7,-2.1,-3.9,0,0.4,-1.6,-1.8,-2.1,-3.3,0.1,0.4,-1.1,-0.4,-1.2,-2.6,-0.7,0.1,-4,-2.9,-1.9,-6.1,-4.8,-5.8,-1.9,-1.2,-0.3,-7,-5.2,-6.1,-4.3,-3.3,-2.1,-6,-4.5,-5.7,-6,-4.3,-3.6,-5.2,-4.6,-5.3,-0.7,12.8,-9.4,-8.5,-13.9,8.3,-0.9,14.2,-11.9,-9.9,-15.5,10.6,-0.6,12.5,-8.5,-8.2,-13.5,7.5,0.4,10.7,-6.4,-6.4,-10.6,6.5,0.8,-0.1,0.2,2.7,0.1,-0.2,0.8,-0.2,0.2,2.7,0.1,-0.3,0.8,-0.2,0.2,2.7,0.1,-0.3,1,0.7,0.5,2.5,0,0.2,-7.5,-3.8,-3,2.5,-1,-1.8,-6.9,-2.7,-3.3,4.4,-2.1,-1.5,-7,-2.6,-2.8,3.7,-2.1,-1.9,-8.9,-6.5,-3.1,-1,1.5,-1.9,-7.9,-7.4,-5.5,-5.8,0.3,-1.6,-7.5,-7.4,-5.7,-5.7,0.4,-1.3,-7.9,-7.6,-5.6,-6.1,0.3,-1.7,-8.1,-7.1,-5,-5.4,0.2,-1.9,0.5,0.5,3.2,2.2,0.2,-2.5,0.1,-0.1,1.5,1.4,0.4,-1.2,0.4,0.3,2.9,1.8,0.5,-2.1,0.7,1.2,5.3,3.6,-0.3,-4.4,-1.2,0,0.4,-0.1,-1.7,-2.1,-2,-0.7,0,0,-1.6,-2.3,-1.4,-0.2,0.3,0.2,-1.4,-1.9,-0.2,0.9,1,-0.6,-2,-2.1,-4.7,-2.3,-0.3,-2.4,-2.4,-4.4,-5.3,-2.9,-1.2,-3.7,-2.3,-4,-4.4,-2.1,-0.4,-2.6,-2.2,-3.9,-4.7,-2.1,0.5,-1.2,-2.9,-5.5,-0.8,0,-0.1,0,-0.8,0.1,-0.1,0,-0.7,0.1,-0.1,-0.1,-0.9,-0.2,-0.1,0.1,-0.1,-0.4,0,0.2,0,-0.4,0,0.2,0,-0.3,0,0.1,-0.5,-0.5,0.1,0.4,-1,-0.8,2,0,-0.7,-0.7,3.5,-0.2,-0.9,-0.9,1.9,0,-1.4,-0.8,0.4,0.3,-10.1,7.3,-17.4,-0.2,-11.4,8.5,-22.9,-0.2,-9.7,7,-15.1,-0.2,-7.5,5.8,-9.7,-0.2,0,-0.2,-0.1,1.1,0,-0.3,0,1.1,0,-0.2,-0.1,1.1,-0.2,-0.3,-0.4,0.8,-1.7,6.8,-5.9,-6.2,-1.1,6,-5,-5.1,-1.3,6.7,-5.7,-5.4,-2.9,7.7,-7.3,-8.5,-0.1,-0.8,-0.8,-0.9,0.2,-0.9,-0.8,-0.7,0.1,-0.7,-0.9,-0.8,-0.6,-0.9,-0.8,-1.3,0.5,-1.5,0.8,-0.8,0.4,-1,0.3,-0.5,0.4,-1.5,0.7,-0.8,0.4,-1.9,1.3,-1.1,-0.4,0,0.4,1.4,-0.7,0,0.1,1.3,-0.4,0,0.4,1.2,-0.3,0.1,0.9,1.6,-0.6,-0.1,0.4,1.2,-0.8,-0.1,0.3,0.9,-0.6,0.1,0.4,1.1,-0.5,-0.5,0.5,1.5,0.5,32.14,7.798,0.945,28.35,14442,2028,10134.83008,1.04,8.8
2003/8/31,-3.8,-3.5,-3.9,-4.1,-1.9,-2,-1.9,-1.4,-8,-6.7,-8.2,-9.1,0.5,0.6,0.4,0.4,-0.2,-0.1,-0.2,-0.3,-2.9,-4,-3.9,0,-6.9,-6.6,-6.9,-7.2,1.4,0.5,1.2,2.1,-0.7,-1.1,-0.7,-0.5,-3.7,-4.1,-3.3,-3.9,-0.1,-0.1,-0.1,-0.1,0,0,0.1,-0.3,-0.7,-0.8,-0.8,-0.5,1.3,1.7,1.2,0.1,0,0.1,0,-0.4,-2.2,-2.2,-2.4,-2,-0.4,-0.2,-0.3,-0.7,-0.1,-0.3,-0.2,0.1,0.3,0.5,0.3,0.2,0.9,0.8,1,1,-4,-2.5,-2,-3.3,-1.3,-1.8,-3.6,-1.7,-2,-3.7,-1.8,-1.5,-4.1,-2.7,-2.2,-3.2,-1.2,-1.7,-4.5,-3,-1.9,-2.8,-1.1,-2.2,-1.5,-1.5,-2.1,-2.1,-0.4,0.2,-1.7,-1.6,-2.4,-2.1,-0.4,0.4,-1.7,-1.7,-2.2,-2.2,-0.2,0.3,-1.1,-0.9,-1.3,-1.8,-0.5,-0.1,-7.7,-3.4,-2.3,-6.4,-4.6,-5.7,-6.4,-1.6,-0.6,-7.2,-5.1,-6.1,-7.8,-3.7,-2.6,-6.3,-4.5,-5.6,-8.9,-5.1,-3.9,-5.6,-4,-5.2,-1.1,10.7,-7.7,-8.5,-10.2,8.2,-1.3,12.1,-10,-9.8,-11.5,10.6,-1,10.3,-6.9,-8.2,-9.9,7.3,0.1,8.8,-5,-6.4,-8.4,5.4,0,0,0.8,3.1,-0.2,-1,-0.1,-0.1,0.5,3,0,-0.6,-0.1,-0.1,0.8,3.1,-0.1,-1,0.7,0.7,2.2,3.6,-1,-2.5,-4.8,-7.7,-4.3,2.1,4.8,1.4,-4.8,-6.9,-4.6,4.1,2.9,0.6,-4.7,-6.8,-3.9,2.9,2.9,0,-5,-10,-4.7,-1.2,10,4.7,-7.1,-7.8,-5.9,-5.5,0.9,-1,-7,-7.8,-6.2,-5.4,1.2,-0.4,-7.3,-8.3,-6,-5.7,1.4,-0.9,-6.9,-7.1,-5.7,-5.2,-0.1,-1.5,0.7,0.7,4,2,0.7,-2.6,0.3,0,2,1.2,0.5,-1.5,0.8,0.6,3.7,1.6,0.6,-2.5,0.9,1.4,6.3,3.3,0.7,-4.2,-1.7,-0.6,-0.5,-0.6,-0.1,-0.2,-2.3,-1.3,-1,-0.6,0.2,-0.1,-1.6,-0.9,-0.5,-0.4,0.2,-0.2,-1.1,0.4,0.1,-0.8,-0.9,-0.6,-4.7,-4.1,-2.1,-2.9,0.4,-1.6,-5.2,-4.6,-2.7,-4.3,0.5,-1.4,-4.3,-3.9,-2.1,-2.9,0.6,-1.2,-5,-4,-1.5,-1.8,0.1,-2.4,-1,-1,-0.2,-0.4,-1.3,-0.9,-0.1,-0.2,-1,-1,-0.3,-0.3,-0.7,-1.2,-0.3,-0.6,0.1,-0.4,0.5,0.3,0,-0.4,0.6,0.5,0.1,-0.4,0.6,0.3,0.3,-0.3,0.3,0,-3.8,-0.8,-0.6,-0.4,-4.8,-0.6,-0.5,-0.4,-3.8,-0.7,-0.7,-0.4,-2.8,-1.2,-0.7,-0.4,-0.6,-0.8,1.5,-0.2,-0.6,-0.8,1.7,-0.2,-0.6,-0.9,1.5,-0.2,-0.6,-0.8,1.3,-0.2,0.2,-0.1,0.3,0.2,0.1,-0.1,0.2,0.1,0.2,-0.2,0.4,0.1,0.5,-0.3,0.8,0.6,-3.4,-5,-6,-4.2,-2.9,-4.4,-5.9,-2.9,-3.1,-4.7,-5.7,-3.3,-4.5,-6,-6.7,-6.8,-0.2,-0.6,-1.1,-0.6,-0.2,-0.7,-1.1,-0.6,-0.2,-0.7,-1.1,-0.7,0,-0.2,-1,-0.4,-0.6,0.8,1.2,-0.7,-0.3,0.5,0.8,-0.5,-0.5,0.9,1.1,-0.7,-0.8,1,1.6,-1,0.9,-0.7,-0.2,-0.6,1,-0.6,-0.3,-0.8,0.9,-0.7,-0.2,-0.7,0.7,-0.8,0,-0.4,1.1,-2.9,-0.1,-0.2,1,-3.3,0.1,-0.3,1.2,-2.9,-0.2,0,1.1,-2.5,0.1,-0.2,0.9,32.39,7.798,0.945,29.89,14899.5072,1995,10908.99023,1.01,8.8
2003/9/30,-3.2,-2.8,-3.2,-3.8,-1.3,-0.9,-1.1,-2.1,-8.1,-6.8,-8.3,-9.3,1,1,0.9,0.8,0.1,0,0.1,0.6,-0.6,-0.8,-0.1,-1.2,-6.1,-5.8,-6.2,-6.2,2.8,1.3,2.5,4.5,-0.1,-0.6,-0.2,0.6,-2.8,-3,-2.5,-3,0.2,0.4,0.2,0.1,0.5,0.9,0.6,-0.2,-0.6,-0.5,-0.6,-0.8,0.4,0.4,0.4,0.4,-0.2,-0.2,-0.2,-0.2,6,5.3,5.8,7.1,0.1,0.2,0.1,0,2.1,1.1,1.9,3.5,-0.4,-0.3,-0.3,-0.6,-0.7,-0.5,-0.7,-0.7,-3.8,-3.1,-2.1,-3.7,-0.1,-1.1,-3.5,-2.4,-1.9,-4.2,-0.4,-0.9,-3.9,-3.2,-2.3,-3.7,0,-0.9,-4.1,-3.7,-1.9,-3,-0.1,-1.9,-1.9,-1.5,-1.8,-2.5,0.2,0.5,-2,-1.5,-2.1,-2.9,0.6,1.2,-1.9,-1.6,-2.1,-2.7,0.5,1,-1.4,-1.1,-0.9,-1.5,-1,-1.2,-8,-4,-2.5,-6.6,-4.1,-5.6,-6.7,-1.9,-0.8,-7.4,-4.9,-6,-8.2,-4.3,-2.8,-6.5,-4,-5.5,-9.1,-6,-4.1,-5.9,-3.3,-5.2,0.5,-0.7,-2.9,-8.4,1.7,3.9,0.6,-0.9,-3.9,-9.7,1.9,4.9,0.4,-0.6,-2.6,-8.1,1.5,3.5,0.4,0.4,-1.9,-6.3,0.4,2.7,-0.2,0.8,0.5,2.2,-0.7,-0.4,-0.1,0.8,0.3,2.3,-0.8,-0.3,-0.2,0.8,0.5,2.2,-0.7,-0.4,-0.3,1,1.9,2,-0.4,-1.3,-2.9,-7.5,-3,-0.3,6.9,2.4,-4,-6.9,-3.1,0.6,6.1,2.3,-3.9,-7,-2.8,-0.2,6.9,2.7,0,-8.9,-3.2,-1.4,7.7,2,-6.9,-7.9,-6.7,-5.4,1.8,0.6,-6.6,-7.5,-7.1,-5,1.7,1.3,-6.9,-7.9,-7.2,-5.4,1.7,1,-7.2,-8.1,-5.7,-5.7,1.9,-0.5,1.4,0.5,2.6,1.8,2.3,0.2,0.5,0.1,1.1,0.5,1.2,0.2,1.2,0.4,2.4,1.5,2.1,0.1,2.1,0.7,4.3,3.4,3.8,0.2,-0.7,-1.2,-0.2,-0.6,1.1,0.1,-1.1,-2,-1,-0.6,1.4,0.4,-0.7,-1.4,-0.4,-0.3,1.2,0.2,-0.5,-0.2,0.7,-0.9,0.8,-0.1,-3.7,-4.7,-2.6,-3.7,1.9,-0.2,-4.1,-5.3,-3.3,-5.2,2.3,0.3,-3.3,-4.4,-2.7,-3.7,1.9,0.2,-3.9,-4.7,-2,-2.4,1.7,-1,-0.1,-0.8,0.2,-0.4,-0.1,-0.8,0.6,-0.4,-0.1,-0.7,0,-0.4,-0.1,-0.9,0,-0.2,0,-0.1,-0.6,-0.1,0,0,-0.6,-0.2,0.1,0,-0.7,-0.2,-0.3,-0.5,-0.2,0.5,-0.7,-1,-0.6,-0.5,-0.8,-0.7,-0.5,-0.4,-0.8,-0.9,-0.6,-0.5,-0.5,-1.4,-0.7,-0.6,1.3,-10.1,23.5,-0.1,1.7,-11.4,32,-0.1,1.2,-9.7,20.2,-0.1,0.1,-7.5,12.9,-0.1,0,0,0,-0.5,0.1,0,-0.1,-0.3,0,0,0,-0.5,-0.4,-0.2,0.3,-1.1,-2.2,-1.7,8.7,3.6,-2.2,-1.1,6.7,1.9,-2.4,-1.3,6.2,1.8,-2,-2.9,15,8.5,-0.4,-0.1,-0.9,-0.8,-0.2,0.2,-0.9,-0.7,-0.3,0.1,-1.2,-0.6,-0.7,-0.6,-0.6,-1.2,-0.1,0.5,-0.5,0.7,-0.3,0.4,-0.3,0.3,-0.2,0.4,-0.5,0.7,0.1,0.4,-0.8,1.1,0.3,-0.4,-0.1,-1.1,0.5,-0.7,-0.3,-0.8,0.3,-0.4,-0.1,-0.8,0.2,-0.3,0,-1.7,0.9,-0.6,-1.9,-1.6,0.8,-0.8,-1.8,-1.6,1,-0.6,-1.7,-1.6,1,-0.5,-2.3,-1.6,1.1,33.26,7.743,0.945,27.11,13991.4108,1916,11229.87012,1.17,8.5
2003/10/31,-2.7,-2,-2.7,-3.3,-1.6,-1.3,-1.4,-2.3,-5.7,-3.3,-6.1,-7.9,1.1,1.2,1.1,1,-0.5,-0.5,-0.6,-0.6,-0.7,-1.4,-0.8,0.3,-5.5,-5.1,-5.5,-5.8,3.1,1.8,2.8,4.7,0.1,-0.6,0,1.1,-3.5,-3.9,-3.2,-3.5,0.6,0.8,0.6,0.5,-0.6,-0.7,-0.5,-0.5,2.5,3.6,2.3,1.4,0.5,0.5,0.5,0.5,-0.1,-0.1,0,0,4.7,3.8,3.6,7.5,0.3,0.3,0.3,0.2,0.2,0.4,0.3,0.1,-0.2,-0.5,-0.3,0,-0.7,-0.9,-0.7,-0.5,-3.2,-4,-1.8,-3.6,1.3,-0.9,-2.8,-3.6,-1.2,-4,1.6,-0.8,-3.2,-4.1,-2,-3.5,1.4,-0.7,-3.8,-4.5,-2.1,-3.2,1.2,-1.2,-1.3,-1.5,-1.5,-1.9,-0.1,-0.1,-0.9,-1.7,-1.7,-2.1,0.4,0.4,-1.1,-1.7,-1.8,-2.1,0.3,0.4,-2.1,-1.1,-0.4,-1.4,-1.2,-1.9,-8.1,-7.7,-2.9,-6.7,2,-2.8,-6.8,-6.4,-1.2,-7.4,3.1,-2.1,-8.3,-7.8,-3.3,-6.6,1.7,-2.8,-9.3,-8.9,-4.3,-6,1,-3.6,1,-1.1,12.8,-7.9,2.2,-11.7,1,-1.3,14.2,-9.3,2.5,-13,0.9,-1,12.5,-7.6,2.1,-11.4,0.8,0.1,10.7,-5.9,0.9,-9.7,0.1,0,-0.1,0.7,-0.5,-0.4,0,-0.1,-0.2,0.4,-0.4,-0.3,0.1,-0.1,-0.2,0.7,-0.5,-0.4,0.6,0.7,0.7,2.2,-1.3,-1.3,-0.6,-4.8,-3.8,0.8,4.1,3.1,-0.8,-4.8,-2.7,3.3,3.4,1.3,-0.1,-4.7,-2.6,2,3.9,1.8,-1.2,-5,-6.5,-3.3,5.3,6.8,-6.1,-7.1,-7.4,-6.3,1.6,1.9,-5.8,-7,-7.4,-6.2,1.9,2.3,-6.2,-7.3,-7.6,-6.3,1.8,2.1,-6.2,-6.9,-7.1,-6.5,1.1,1.3,2.8,0.7,0.5,1.3,2.4,2.6,1.3,0.3,-0.1,0.4,1.5,1.9,2.5,0.8,0.3,1.1,2,2.5,4.5,0.9,1.2,2.7,3.8,3.5,-0.1,-1.7,0,-1.3,1.8,0.1,-0.6,-2.3,-0.7,-1.2,1.7,0.1,-0.2,-1.6,-0.2,-1.1,1.6,0.2,0.6,-1.1,0.9,-1.7,2.2,0.2,-2.8,-4.7,-2.3,-3.4,1.2,-1.2,-3,-5.2,-2.9,-4.8,1.3,-1,-2.5,-4.3,-2.1,-3.4,1.1,-1.1,-3,-5,-2.1,-2.1,1.5,-1.4,0.2,-1,0,0,0.4,-1.3,0.1,0,0.2,-1,0.1,0,0.1,-0.7,-0.2,0.1,0.5,0.1,-0.4,-0.3,0.9,0,-0.4,-0.3,0.6,0.1,-0.3,-0.2,-0.2,0.3,-0.5,-0.3,-0.6,-3.8,-0.8,-0.1,-0.5,-4.8,-0.7,-0.1,-0.6,-3.8,-0.9,-0.1,-0.8,-2.8,-0.8,-0.1,0.4,-0.6,7.3,0.3,0.4,-0.6,8.5,0.3,0.4,-0.6,7,0.4,0.4,-0.6,5.8,0.3,-0.2,0.2,-0.2,0.6,-0.2,0.1,-0.3,0.3,-0.2,0.2,-0.2,0.7,-0.2,0.5,-0.3,1.2,6,-3.4,6.8,4.8,5.3,-2.9,6,4.4,5.8,-3.1,6.7,4.4,7.1,-4.5,7.7,5.8,0.1,-0.2,-0.8,-0.4,0.2,-0.2,-0.9,-0.5,0.1,-0.2,-0.7,-0.5,0,0,-0.9,-0.3,2.1,-0.6,-1.5,0,1.1,-0.3,-1,0,1.9,-0.5,-1.5,-0.1,3.5,-0.8,-1.9,-0.1,-0.4,0.9,0,-0.4,-0.3,1,0,-0.5,-0.3,0.9,0,-0.4,-0.6,0.7,0.1,-0.4,-0.7,1.1,-0.1,0,-0.5,1,-0.1,0.1,-0.7,1.2,0.1,0,-0.7,1.1,-0.5,0,1.8,35.17,7.763,0.945,29.61,13809.0816,1875,12190.09961,1.03,8.1
2003/11/30,-2.4,-1.8,-2.5,-2.8,-1.4,-1.3,-1.2,-1.8,-5.6,-3.1,-6,-7.9,1.3,1.4,1.3,1.1,-0.5,-0.4,-0.5,-0.6,1.9,0.9,0.6,5.1,-5.4,-4.9,-5.5,-5.8,3.8,2.1,3.5,5.9,0,-1,-0.1,1.2,-3.3,-4,-3,-3,0.1,0,0.1,0.4,-0.1,-0.3,-0.2,0.4,-0.5,-0.4,-0.6,-0.5,0.3,0.3,0.3,0.3,0,0,0,0.1,7.6,7,7.7,8,-0.2,-0.2,-0.3,0,0.9,0.5,0.8,1.2,-0.4,-0.6,-0.4,-0.1,-0.1,-0.3,-0.2,0.1,-2.7,-3.8,-2.5,-3.6,1.4,0.1,-2,-3.5,-1.7,-4.1,1.7,-0.1,-2.7,-3.9,-2.7,-3.6,1.4,0.2,-3.3,-4.1,-3,-3.1,1.3,0.2,-1.6,-1.9,-1.5,-2,0.5,0.1,-1.3,-2,-1.6,-2.1,0.7,0.3,-1.4,-1.9,-1.7,-2.1,0.7,0.5,-2.3,-1.4,-0.9,-1.3,-0.4,-0.9,-5.7,-8,-3.4,-7.1,2.4,-2.2,-3.3,-6.7,-1.6,-7.8,3.6,-1.5,-6.1,-8.2,-3.7,-7,2.2,-2.3,-7.9,-9.1,-5.1,-6.3,1.2,-2.8,1.1,0.5,10.7,-7.2,0.8,-9.4,1.2,0.6,12.1,-8.5,0.8,-10.7,1.1,0.4,10.3,-6.8,0.9,-9,1,0.4,8.8,-5.2,0.7,-7.7,-0.5,-0.2,0,0.6,-0.3,-0.5,-0.5,-0.1,-0.1,0.3,-0.3,-0.3,-0.6,-0.2,-0.1,0.5,-0.3,-0.4,-0.6,-0.3,0.7,2,-0.3,-1.3,-0.7,-2.9,-7.7,-0.7,4.8,9.6,-1.4,-4,-6.9,0.1,4.9,7.8,-0.8,-3.9,-6.8,0.8,4.5,7.4,0.3,0,-10,-3.6,5.1,15.1,-5.5,-6.9,-7.8,-6,1.5,2.4,-5.1,-6.6,-7.8,-6.1,1.7,2.9,-5.5,-6.9,-8.3,-5.9,1.4,2.8,-5.8,-7.2,-7.1,-6.1,1.4,1.3,3.1,1.4,0.7,2.3,2.4,3.1,1.8,0.5,0,1.1,1.6,2.1,2.8,1.2,0.6,2.1,2.3,2.9,4.7,2.1,1.4,4,3.8,4.5,0.1,-0.7,-0.6,-1.2,0.7,0.6,-0.6,-1.1,-1.3,-1.2,0.1,0.3,0,-0.7,-0.9,-1.1,0.6,0.8,1.1,-0.5,0.4,-1.4,1.7,0.8,-3.5,-3.7,-4.1,-3.3,0.4,0.8,-3.9,-4.1,-4.6,-4.6,0.1,0.6,-3.2,-3.3,-3.9,-3.4,0.3,0.9,-3.5,-3.9,-4,-2,0.9,1,0.6,-0.1,-1,-0.1,0.8,-0.1,-0.9,-0.2,0.6,-0.1,-1,-0.1,0.5,-0.1,-1.2,-0.1,-0.6,0,-0.4,-0.3,-0.7,0,-0.4,-0.4,-0.5,0.1,-0.4,-0.4,-0.5,-0.3,-0.3,-0.1,2.5,-0.7,-0.8,-0.6,3.6,-0.8,-0.6,-0.6,2.3,-0.8,-0.7,-0.6,1.4,-0.5,-1.2,-0.6,0.5,1.3,-0.8,0.1,0.5,1.7,-0.8,0.1,0.5,1.2,-0.9,0.1,0.5,0.1,-0.8,0.1,-0.1,0,-0.1,-0.1,-0.1,0.1,-0.1,-0.1,0,0,-0.2,-0.1,0,-0.4,-0.3,0.1,4.7,-2.2,-5,4.8,3.8,-2.2,-4.4,4.5,3.6,-2.4,-4.7,6.1,7.5,-2,-6,3.1,0.3,-0.4,-0.6,-0.3,0.3,-0.2,-0.7,-0.5,0.3,-0.3,-0.7,-0.3,0.2,-0.7,-0.2,0,0.2,-0.1,0.8,0.1,0.4,-0.3,0.5,0.1,0.3,-0.2,0.9,0.2,0.1,0.1,1,0.1,-0.2,0.3,-0.7,-0.3,-0.5,0.5,-0.6,-0.2,-0.3,0.3,-0.7,-0.3,0,0.2,-0.8,-0.2,-0.7,0.9,-2.9,-0.3,-0.9,0.8,-3.3,-0.2,-0.7,1,-2.9,-0.3,-0.5,1,-2.5,-0.4,3,36.43,7.762,0.945,28.75,9786,2066,12317.46973,1.01,7.6
2003/12/31,-1.9,-1.2,-2.1,-2.5,-0.8,-0.6,-0.7,-1.3,-5.5,-3,-5.9,-7.9,9.8,11,9.6,8.1,0.3,0.3,0.2,0.5,3.7,1.7,1.7,9,-5,-4.6,-5,-5.4,4.6,2.6,4.3,7,-0.3,-1.2,-0.2,0.5,-3.8,-4.7,-3.4,-3.6,0.2,0.3,0.2,0.1,0.2,0.2,0.2,0.1,-0.5,-0.5,-0.5,-0.5,8.8,10,8.5,7.2,0.5,0.5,0.5,0.6,-4.1,-4.2,-4.1,-4.2,-0.4,-0.2,-0.3,-0.7,0.8,0.5,0.8,1.1,0.5,0.5,0.5,0.4,0.8,0.7,0.9,0.8,-2.4,-3.2,-3.1,-1.5,1.3,1.2,-1.8,-2.8,-2.4,1,1.6,1.2,-2.5,-3.2,-3.2,-2.6,1.1,1.1,-2.8,-3.8,-3.7,-2.8,1.3,1.2,-1.4,-1.3,-1.5,-2.1,0.5,0.7,-1.3,-0.9,-1.5,-2.5,0.3,0.9,-1.2,-1.1,-1.6,-2.3,0.4,0.9,-1.8,-2.1,-1.1,-1,0.8,-0.2,-5.6,-8.1,-4,-0.5,2.6,-1.5,-3.1,-6.8,-1.9,11.2,3.8,-1.1,-6,-8.3,-4.3,-4.1,2.4,-1.6,-7.9,-9.3,-6,-6.7,1.4,-1.9,1.3,1,-0.7,-6.2,8.8,10.5,1.4,1,-0.9,-7.5,10,11.9,1.3,0.9,-0.6,-5.8,8.7,10.2,1.1,0.8,0.4,-4.3,7.3,7.7,-0.5,0.1,0.8,0.3,0.2,-0.5,-0.4,0,0.8,0.1,0.3,-0.5,-0.5,0.1,0.8,0.2,0.1,-0.6,-0.6,0.6,1,1.3,-0.1,-0.5,1.9,-0.6,-7.5,-3,4.3,11.2,0.9,-0.8,-6.9,-3.1,2.5,8.6,0.6,-0.1,-7,-2.5,1.8,8.7,5.1,-1.2,-8.9,-3.8,10.2,17.9,-5.4,-6.1,-7.9,-5.8,1.1,2.9,-4.9,-5.8,-7.5,-6,1.2,2.9,-5.5,-6.2,-7.9,-5.8,1.2,2.9,-5.8,-6.2,-8.1,-5.6,0.8,2.7,3.8,2.8,0.5,2.6,1.8,4.1,2.1,1.3,0.1,1.2,1.3,2.5,3.5,2.5,0.4,2.3,1.8,3.9,5.9,4.5,0.7,4.4,2.5,6.3,0,-0.1,-1.2,-0.9,-0.2,0.9,-1,-0.6,-2,-0.9,-0.6,0.8,-0.1,-0.2,-1.4,-0.8,0,1.2,1.2,0.6,-0.2,-1.1,-0.1,0.7,-3.3,-2.8,-4.7,-1.4,-1,0.9,-4,-3,-5.3,-2,-1.7,0.6,-3,-2.5,-4.4,-1.4,-0.9,1,-3,-3,-4.7,-0.9,-0.6,1.1,0.1,0.2,-0.8,-0.3,0,0.4,-0.8,-0.3,0.1,0.2,-0.7,-0.3,0.4,0.1,-0.9,-0.3,-0.1,0.5,-0.1,-0.4,-0.3,0.9,0,-0.5,-0.2,0.6,0,-0.4,0.4,-0.2,-0.5,-0.4,-0.5,-0.6,-1,-0.6,-0.4,-0.5,-0.7,-0.6,-0.6,-0.6,-0.9,-0.7,-0.5,-0.8,-1.4,-0.5,0.3,0.4,-10.1,0.4,0.3,0.4,-11.4,0.5,0.3,0.4,-9.7,0.3,0.3,0.4,-7.5,0.3,0,-0.2,0,-0.3,0,-0.2,0,-0.2,0,-0.2,0,-0.3,0.1,-0.2,-0.2,-0.6,7.6,6,-1.7,-5.7,7,5.3,-1.1,-4.9,7.7,5.8,-1.3,-5,8,7.1,-2.9,-7.6,-0.2,0.1,-0.1,-0.8,-0.2,0.2,0.2,-0.5,-0.3,0.1,0.1,-0.8,0,0,-0.6,-1.1,0.9,2.1,0.5,0.1,0.5,1.1,0.4,0.1,0.8,1.9,0.4,0.1,1.2,3.5,0.4,0.1,-0.4,-0.4,-0.4,0.8,-0.6,-0.3,-0.7,0.7,-0.4,-0.3,-0.4,0.6,-0.1,-0.6,-0.3,1,-0.1,-0.7,-0.6,1.3,-0.3,-0.5,-0.8,1.4,-0.2,-0.7,-0.6,1.3,0.1,-0.7,-0.5,1.4,3.2,37.07,7.763,0.9375,29.81,9759,2271,12575.94043,0.94,7.2
2004/1/31,-1.5,-0.7,-1.6,-2.1,0.1,0.4,0.3,-0.8,-7.9,-6.7,-8.1,-8.9,34,45,30.1,20.6,-0.1,-0.2,-0.2,0.3,4.2,1.8,2.2,9.9,-4.5,-3.9,-4.4,-5.1,4.8,2.8,4.4,7.2,-0.1,-0.9,-0.1,0.5,-1.9,-2.4,-1.4,-2,0.3,0.4,0.4,0.2,0.9,0.9,1,0.6,-0.5,-0.4,-0.5,-0.6,0.8,0.8,0.8,0.7,-0.5,-0.4,-0.5,-0.7,-5.5,-4.9,-5.1,-6.5,-0.3,0,-0.2,-0.6,0.9,0.5,0.9,1.4,0.6,0.4,0.5,0.9,2.4,2.6,2.6,2.1,-1.9,-2.7,-4,-1.6,1.2,2.5,-1.2,-2,-3.6,-1.6,1.3,2.9,-2.1,-2.7,-4.1,-1.7,1.1,2.5,-2.5,-3.3,-4.5,-1.4,1.2,2.4,-0.8,-1.6,-1.5,-1.9,1.7,1.6,-0.6,-1.3,-1.7,-2.1,1.7,2.1,-0.7,-1.4,-1.7,-2.1,1.7,2,-1.3,-2.3,-1.1,-1.2,1.5,0.3,-5.5,-5.7,-7.7,-1.9,-2.2,-0.2,-3,-3.3,-6.4,-0.3,-3.4,-0.3,-5.9,-6.1,-7.8,-2.1,-2,-0.3,-7.9,-7.9,-8.9,-3.6,-1,0,9.8,1.1,-1.1,-9.4,32.9,35.1,11,1.2,-1.3,-11.9,43.8,46.3,9.6,1.1,-1,-8.5,29,31.1,8.1,1,0.1,-6.4,19.6,20.5,0.3,-0.5,0,0.2,0.4,-0.1,0.3,-0.5,-0.1,0.2,0.3,-0.1,0.2,-0.6,-0.1,0.2,0.4,-0.1,0.5,-0.6,0.7,0.5,0.9,-0.4,3.7,-0.7,-4.8,-3,4.9,9,1.7,-1.4,-4.8,-3.3,3.2,6.6,1.7,-0.8,-4.7,-2.8,3,6.9,9,0.3,-5,-3.1,9.6,14.9,-5,-5.5,-7.1,-5.5,1,2.6,-4.6,-5.1,-7,-5.7,1.2,3.1,-5,-5.5,-7.3,-5.6,1.1,2.9,-5.4,-5.8,-6.9,-5,0.7,1.8,4.6,3.1,0.7,3.2,1.7,4.1,2.6,1.8,0.3,1.5,1,2.5,4.3,2.8,0.8,2.9,1.6,3.6,7,4.7,0.9,5.3,2.5,6.3,-0.3,0.1,-1.7,0.4,-0.2,1.6,-1.2,-0.6,-2.3,0,-0.3,1.4,-0.2,0,-1.6,0.3,-0.1,1.5,0.5,1.1,-1.1,1,-0.6,1.6,-3.8,-3.5,-4.7,-0.3,1.6,2.8,-4.7,-3.9,-5.2,-1.2,1.5,2.8,-3.4,-3.2,-4.3,-0.4,1.8,2.9,-3.6,-3.5,-5,0.5,1.5,3,0.2,0.6,-1,-0.1,0.3,0.8,-1.3,-0.1,0.2,0.6,-1,-0.1,0.1,0.5,-0.7,-0.1,0.2,-0.6,0.1,0,0.2,-0.7,0,0,0.2,-0.5,0.1,0,0.1,-0.5,0.3,0.1,-0.5,2.5,-3.8,2,-0.5,3.6,-4.8,3.5,-0.5,2.3,-3.8,1.9,-0.5,1.4,-2.8,0.4,8.8,0.5,-0.6,-17.4,10,0.5,-0.6,-22.9,8.5,0.5,-0.6,-15.1,7.2,0.5,-0.6,-9.7,0.5,-0.1,0.2,-0.1,0.5,-0.1,0.1,0,0.5,0,0.2,-0.1,0.6,0,0.5,-0.4,-4.1,4.7,-3.4,-5.9,-4.2,3.8,-2.9,-5,-4.1,3.6,-3.1,-5.7,-4.2,7.5,-4.5,-7.3,-0.4,0.3,-0.2,-0.8,-0.2,0.3,-0.2,-0.8,-0.3,0.3,-0.2,-0.9,-0.7,0.2,0,-0.8,0.8,0.2,-0.6,0.8,0.5,0.4,-0.3,0.3,0.8,0.3,-0.5,0.7,1.1,0.1,-0.8,1.3,0.5,-0.2,0.9,0.4,0.5,-0.5,1,0.1,0.5,-0.3,0.9,0.4,0.4,0,0.7,0.9,0.8,-0.7,1.1,0.4,0.7,-0.9,1,0.3,0.9,-0.7,1.2,0.4,0.8,-0.5,1.1,0.5,3.2,38.41,7.774,0.9335,31.28,9215.1288,2595,13289.37012,1.03,7
2004/2/29,-2,-1.1,-2.1,-2.8,-0.2,0.2,-0.1,-0.9,-7.7,-6.6,-7.9,-8.7,33.3,44,29.4,20.1,-0.1,-0.1,-0.1,-0.2,7.8,6.3,6.2,12.4,-3.3,-3,-3.4,-3.5,2.9,1.6,2.7,4.6,-0.8,-1.4,-0.7,-0.4,-5.1,-5.8,-4.6,-5.1,-0.7,-0.5,-0.8,-1,0.3,0.4,0.1,0.2,-0.4,-0.4,-0.4,-0.5,1,1,1,0.9,0.3,0.3,0.4,0.4,-2.7,-1.8,-2,-4.6,0.1,-0.2,-0.1,0.8,-0.6,-0.4,-0.6,-0.8,-0.8,-0.9,-0.8,-0.9,-3.3,-3.4,-3.4,-3.1,-1.5,-2.4,-3.8,-2,0.4,1.8,-0.7,-1.8,-3.5,-2,0.7,2.4,-1.6,-2.5,-3.9,-2.2,0.4,1.8,-2.1,-2.8,-4.1,-1.9,0,1.3,0.1,-1.4,-1.9,-2.1,1.2,1.7,0.4,-1.3,-2,-2.4,1.5,2.2,0.3,-1.2,-1.9,-2.2,1.1,1.8,-0.8,-1.8,-1.4,-1.3,0.9,0.5,-7.9,-5.6,-8,-2.3,-2.1,0.3,-6.7,-3.1,-6.7,-0.6,-3.5,0.1,-8.1,-6,-8.2,-2.6,-1.9,0.3,-8.9,-7.9,-9.1,-3.9,-0.8,0.4,34,1.3,0.5,-7.7,32,32.8,45,1.4,0.6,-10,42.6,43.4,30.1,1.3,0.4,-6.9,28.1,29,20.6,1.1,0.4,-5,19,19.7,-0.1,-0.5,-0.2,0.8,0.4,0.1,-0.2,-0.4,-0.1,0.5,0.3,0,-0.2,-0.5,-0.2,0.8,0.4,0.1,0.3,-0.6,-0.3,2.2,0.4,0.1,4.2,1.9,-2.9,-4.3,5.9,10.7,1.8,0.9,-4,-4.6,5.4,10.3,2.2,0.6,-3.9,-3.9,5.6,10.1,9.9,5.1,0,-4.7,7.3,12.4,-4.5,-5.4,-6.9,-5.9,2.1,3.6,-3.9,-4.9,-6.6,-6.2,1.9,3.6,-4.4,-5.5,-6.9,-6,2.1,3.5,-5.1,-5.8,-7.2,-5.7,2.3,3.7,4.8,3.8,1.4,4,-0.9,1.5,2.8,2.1,0.5,2,-0.5,1.1,4.4,3.5,1.2,3.7,-0.8,1.5,7.2,5.9,2.1,6.3,-1.3,2.5,-0.1,0,-0.7,-0.5,-0.8,-0.1,-0.9,-1,-1.1,-1,-0.4,-0.3,-0.1,-0.1,-0.7,-0.5,-0.6,0,0.5,1.2,-0.5,0.1,-1.6,0.1,-1.9,-3.3,-3.7,-2.1,-1.8,-1.4,-2.4,-4,-4.1,-2.7,-1.8,-1.7,-1.4,-3,-3.3,-2.1,-1.6,-1.3,-2,-3,-3.9,-1.5,-2.1,-1.2,0.3,0.1,-0.1,-0.2,0.4,0,-0.1,-0.1,0.4,0.1,-0.1,-0.3,0.2,0.4,-0.1,-0.3,0.9,-0.1,0,0.5,0.9,-0.3,0,0.6,1,-0.2,0.1,0.6,0.6,0.4,-0.3,0.3,-0.5,-0.5,-0.7,-0.6,-0.4,-0.4,-0.8,-0.5,-0.5,-0.6,-0.8,-0.7,-0.6,-0.5,-0.5,-0.7,0.8,0.3,1.3,1.5,0.8,0.3,1.7,1.7,0.8,0.3,1.2,1.5,0.7,0.3,0.1,1.3,-0.5,0,0,0.3,-0.4,0,0.1,0.2,-0.5,0,0,0.4,-0.7,0.1,-0.4,0.8,-5.5,7.6,-2.2,-6,-4.9,7,-2.2,-5.9,-5.1,7.7,-2.4,-5.7,-6.5,8,-2,-6.7,-0.3,-0.2,-0.4,-1.1,0,-0.2,-0.2,-1.1,-0.2,-0.3,-0.3,-1.1,-0.6,0,-0.7,-1,0.9,0.9,-0.1,1.2,0.5,0.5,-0.3,0.8,0.9,0.8,-0.2,1.1,1.4,1.2,0.1,1.6,0.6,-0.4,0.3,-0.2,0.4,-0.6,0.5,-0.3,0.5,-0.4,0.3,-0.2,0.9,-0.1,0.2,0,2.4,-0.1,0.9,-0.1,2.6,-0.3,0.8,0.1,2.6,-0.2,1,-0.2,2.1,0.1,1,0.1,2.1,43.07,7.781,0.94095,30.86,9038,2651,13907.03027,1.04,7
2004/3/31,-2.1,-1.8,-2.1,-2.5,0.5,0.9,0.7,-0.8,-7.5,-6.5,-7.7,-8.3,2.6,3.4,2.4,1.9,-0.1,0,-0.1,-0.7,6,3.8,4.8,10.1,-2.8,-2.1,-2.4,-3.9,3.7,2,3.4,5.8,-0.4,-0.9,-0.4,0,-3.1,-3.9,-2.8,-3,0.1,-0.1,0,0.3,0.1,0.1,0.2,-0.1,-0.4,-0.4,-0.5,-0.3,-5,-5.3,-4.9,-4.3,0,0,0,-0.2,6.9,4.3,4.9,12.6,-0.4,0,-0.1,-1,0.2,0.1,0.2,0.3,0.2,0.2,0.2,0.4,0.1,0.2,0.2,-0.2,-2,-1.9,-3.2,-2.1,-0.2,1.1,-1.1,-1.2,-2.8,-1.9,-0.6,1,-2.1,-2.1,-3.2,-2.3,0,1.1,-2.8,-2.5,-3.8,-1.9,0,1.3,-0.2,-0.8,-1.3,-1.8,1.3,1.8,0.2,-0.6,-0.9,-2.1,1.5,1.8,-0.1,-0.7,-1.1,-2.1,1.4,1.8,-0.9,-1.3,-2.1,-0.9,0.5,1.3,-7.7,-5.5,-8.1,-2.5,-2,0.6,-6.6,-3,-6.8,-0.8,-3.5,0.3,-7.9,-5.9,-8.3,-2.8,-1.8,0.6,-8.7,-7.9,-9.3,-4.1,-0.4,1,33.3,9.8,1,-2.9,-7.2,1.6,44,11,1,-3.9,-7.6,2.4,29.4,9.6,0.9,-2.6,-7.2,1.5,20.1,8.1,0.8,-1.9,-6.2,1.1,-0.1,0.3,0.1,0.5,-0.4,-0.2,-0.1,0.3,0,0.3,-0.3,0,-0.1,0.2,0.1,0.5,-0.3,-0.2,-0.2,0.5,0.6,1.9,-1.2,-1.3,7.8,3.7,-0.6,-3,2.3,6.6,6.3,1.7,-0.8,-3.1,2.1,4.6,6.2,1.7,-0.1,-2.8,3.1,4.9,12.4,9,-1.2,-3.2,1.1,11.3,-3.3,-5,-6.1,-6.7,2.2,3.3,-3,-4.6,-5.8,-7.1,2.5,3.7,-3.4,-5,-6.2,-7.2,2.6,3.8,-3.5,-5.4,-6.2,-5.7,1.5,2.3,2.9,4.6,2.8,2.6,-0.9,0.9,1.6,2.6,1.3,1.1,-0.6,0.7,2.7,4.3,2.5,2.4,-0.9,0.9,4.6,7,4.5,4.3,-1.2,1.3,-0.8,-0.3,-0.1,-0.2,-0.1,-0.3,-1.4,-1.2,-0.6,-1,0.3,-0.3,-0.7,-0.2,-0.2,-0.4,-0.2,-0.2,-0.4,0.5,0.6,0.7,-0.5,-0.6,-5.1,-3.8,-2.8,-2.6,0.7,-0.3,-5.8,-4.7,-3,-3.3,0.8,-0.9,-4.6,-3.4,-2.5,-2.7,0.6,-0.3,-5.1,-3.6,-3,-2,0.6,0,-0.7,0.2,0.2,0.2,-0.5,0.3,0.4,0.6,-0.8,0.2,0.2,0,-1,0.1,0.1,0,0.3,0.2,0.5,-0.6,0.4,0.2,0.9,-0.6,0.1,0.2,0.6,-0.7,0.2,0.1,-0.2,-0.2,-0.4,-0.5,-0.6,-0.6,-0.4,-0.5,-0.5,-0.5,-0.4,-0.5,-0.6,-0.6,-0.5,-0.5,-0.8,-0.7,1,8.8,0.4,23.5,1,10,0.4,32,1,8.5,0.4,20.2,0.9,7.2,0.4,12.9,0.3,0.5,-0.2,0,0.3,0.5,-0.2,-0.1,0.4,0.5,-0.2,0,0.4,0.6,-0.2,0.3,-2.7,-4.1,6,8.7,-1.8,-4.2,5.3,6.7,-2,-4.1,5.8,6.2,-4.6,-4.2,7.1,15,0.1,-0.4,0.1,-0.9,-0.2,-0.2,0.2,-0.9,-0.1,-0.3,0.1,-1.2,0.8,-0.7,0,-0.6,-0.6,0.8,2.1,-0.5,-0.4,0.5,1.1,-0.3,-0.6,0.8,1.9,-0.5,-0.8,1.1,3.5,-0.8,-0.8,0.5,-0.4,-0.1,-0.9,0.5,-0.3,-0.3,-0.8,0.5,-0.3,-0.1,-0.9,0.4,-0.6,0,-3.3,0.8,-0.7,-1.9,-3.4,0.7,-0.5,-1.8,-3.4,0.9,-0.7,-1.7,-3.1,0.8,-0.7,-2.3,3,45.37,7.794,0.9423,33.63,9635.616,2749,12681.66992,1.05,7.1
2004/4/30,-1.5,-1.5,-1.5,-1.6,0.8,1.1,0.9,-0.1,-7.1,-6.2,-7.4,-7.9,-4.2,-4.6,-4,-3.3,0.2,0.4,0.2,-0.4,6.9,5.7,6.8,8.2,-1.6,-1.1,-1.6,-1.9,6.6,3.9,6.2,9.6,-0.2,-0.6,-0.1,0.1,-1.4,-2.1,-1.2,-1.2,0.6,0.4,0.6,0.7,-0.1,-0.2,-0.1,0.1,-0.4,-0.3,-0.5,-0.4,0.2,0.1,0.2,0.4,0.1,0.1,0.1,0,7.6,7.9,8.7,5.9,0.4,0.1,0.1,1.1,1.3,0.8,1.2,1.7,0.3,0.3,0.3,0.2,1.6,1.8,1.7,1.4,-2.1,-1.5,-2.7,-1.8,0,1.2,-1.8,-0.7,-2,-1.2,-0.8,0.5,-2.1,-1.6,-2.7,-2,0.1,1.2,-2.5,-2.1,-3.3,-2.1,0.5,1.7,0.5,0.1,-1.6,-1.5,0.7,2.4,0.9,0.4,-1.3,-1.7,0.7,2.4,0.7,0.3,-1.4,-1.8,0.6,2.3,-0.8,-0.8,-2.3,-0.4,0.7,2.2,-7.5,-7.9,-5.7,-2.9,0.8,-1.4,-6.5,-6.7,-3.3,-1.2,0.5,-2.9,-7.7,-8.1,-6.1,-3.3,0.7,-1.3,-8.3,-8.9,-7.9,-4.3,1,0,2.6,34,1.1,12.8,-38.2,-5.3,3.4,45,1.2,14.2,-49.6,-5.8,2.4,30.1,1.1,12.5,-34.1,-5.1,1.9,20.6,1,10.7,-23.9,-4.3,-0.1,-0.1,-0.5,-0.1,0.3,0.7,0,-0.2,-0.5,-0.2,0.6,0.9,-0.1,-0.2,-0.6,-0.2,0.4,0.8,-0.7,0.3,-0.6,0.7,-0.7,0.2,6,4.2,-0.7,-3.8,2.7,7.6,3.8,1.8,-1.4,-2.7,3.9,7.1,4.8,2.2,-0.8,-2.6,4.6,7.6,10.1,9.9,0.3,-6.5,-1.7,7.9,-2.8,-4.5,-5.5,-7.4,2.9,3.9,-2.1,-3.9,-5.1,-7.4,2.8,4,-2.4,-4.4,-5.5,-7.6,2.8,3.9,-3.9,-5.1,-5.8,-7.1,3.2,3.9,3.7,4.8,3.1,0.5,1.8,3.5,2,2.8,1.8,-0.1,1.1,2.1,3.4,4.4,2.8,0.3,1.8,3.4,5.8,7.2,4.7,1.2,2.4,4.9,-0.4,-0.1,0.1,0,-0.1,-0.3,-0.9,-0.9,-0.6,-0.7,0.3,0,-0.4,-0.1,0,-0.2,0,-0.1,0,0.5,1.1,0.9,-0.4,-1,-3.1,-1.9,-3.5,-2.3,0.5,2.1,-3.9,-2.4,-3.9,-2.9,0.3,1.8,-2.8,-1.4,-3.2,-2.1,0.2,2,-3,-2,-3.5,-2.1,0.8,2.3,0.1,0.3,0.6,0,-0.1,0.4,0.8,0.1,0,0.4,0.6,0.1,0.3,0.2,0.5,-0.2,0.1,0.9,-0.6,-0.4,0.1,0.9,-0.7,-0.4,0.2,1,-0.5,-0.3,-0.1,0.6,-0.5,-0.5,-0.4,-0.5,2.5,-0.8,-0.4,-0.4,3.6,-0.7,-0.5,-0.5,2.3,-0.9,-0.3,-0.6,1.4,-0.8,-5,0.8,0.5,7.3,-5.3,0.8,0.5,8.5,-4.9,0.8,0.5,7,-4.3,0.7,0.5,5.8,0,-0.5,-0.1,-0.2,0,-0.4,-0.1,-0.3,0,-0.5,0,-0.2,-0.2,-0.7,0,-0.3,6.9,-5.5,4.7,6.8,4.3,-4.9,3.8,6,4.9,-5.1,3.6,6.7,12.6,-6.5,7.5,7.7,-0.4,-0.3,0.3,-0.8,0,0,0.3,-0.9,-0.1,-0.2,0.3,-0.7,-1,-0.6,0.2,-0.9,0.2,0.9,0.2,-1.5,0.1,0.5,0.4,-1,0.2,0.9,0.3,-1.5,0.3,1.4,0.1,-1.9,0.2,0.6,-0.2,0,0.2,0.4,-0.5,0,0.2,0.5,-0.3,0,0.4,0.9,0,0.1,0.1,2.4,-0.7,-0.1,0.2,2.6,-0.9,-0.1,0.2,2.6,-0.7,0.1,-0.2,2.1,-0.5,-0.5,3.8,46.46,7.799,0.9429,33.59,10482,2583,11942.95996,1.03,7.1
2004/5/31,-0.9,-0.7,-0.9,-1.1,1,1.3,1.1,0.3,-6.7,-5.8,-7.1,-7.4,1.3,1.2,1.4,1.4,0.9,0.9,0.9,0.4,10.4,8.5,9.9,13.1,-1.3,-0.5,-1,-2.5,3.2,1.7,2.9,5.1,0.2,-0.4,0.4,0.5,0.6,0.4,0.8,0.4,-0.4,-0.2,-0.4,-0.6,-0.1,-0.2,-0.2,0.1,-0.4,-0.2,-0.4,-0.6,4.8,5.2,4.7,4.1,0.5,0.4,0.5,0.5,-1.9,-1.9,-1.9,-1.8,-0.3,0,-0.1,-0.8,-2.4,-1.5,-2.3,-3.1,-0.3,-0.3,-0.2,-0.3,-0.9,-0.7,-0.9,-1,-1.5,-2,-2.4,-2.5,1.1,1.5,-1.5,-1.1,-1.8,-1.7,0.4,1.1,-1.5,-2.1,-2.5,-2.7,1.2,1.6,-1.6,-2.8,-2.8,-3,1.7,1.7,0.8,-0.2,-1.4,-1.5,1.2,2.4,1.1,0.2,-1.3,-1.6,1.1,2.6,0.9,-0.1,-1.2,-1.7,1.2,2.3,-0.1,-0.9,-1.8,-0.9,1.2,2.1,-7.1,-7.7,-5.6,-3.4,1,-1.1,-6.2,-6.6,-3.1,-1.6,0.8,-2.7,-7.4,-7.9,-6,-3.7,0.8,-1.1,-7.9,-8.7,-7.9,-5.1,1.3,0.5,-4.2,33.3,1.3,10.7,-32,0,-4.6,44,1.4,12.1,-42.8,-0.2,-4,29.4,1.3,10.3,-28,0.1,-3.3,20.1,1.1,8.8,-18.7,0.3,0.2,-0.1,-0.5,0,1,1.4,0.4,-0.1,-0.4,-0.1,1,1.3,0.2,-0.1,-0.5,-0.1,1,1.4,-0.4,-0.2,-0.6,0.7,0.6,1,6.9,7.8,1.9,-7.7,2.6,8.5,5.7,6.3,0.9,-6.9,2.2,7.6,6.8,6.2,0.6,-6.8,3.7,9.3,8.2,12.4,5.1,-10,0.7,8,-1.6,-3.3,-5.4,-7.8,2,4.1,-1.1,-3,-4.9,-7.8,2.5,4.4,-1.6,-3.4,-5.5,-8.3,2.4,4.5,-1.9,-3.5,-5.8,-7.1,1,3.3,6.6,2.9,3.8,0.7,0.3,-0.6,3.9,1.6,2.1,0,0.1,-0.4,6.2,2.7,3.5,0.6,0.2,-0.6,9.6,4.6,5.9,1.4,0.5,-0.8,-0.2,-0.8,0,-0.6,1,0.2,-0.6,-1.4,-1,-1.3,1,0.6,-0.1,-0.7,-0.1,-0.9,1.1,0.5,0.1,-0.4,1.2,0.4,0.9,-0.7,-1.4,-5.1,-3.3,-4.1,5.7,3.9,-2.1,-5.8,-4,-4.6,6.2,4.4,-1.2,-4.6,-3,-3.9,5.4,3.8,-1.2,-5.1,-3,-4,5.5,3.4,0.6,-0.7,0.1,-1,0.4,-0.5,0,-0.9,0.6,-0.8,0.1,-1,0.7,-1,0.4,-1.2,-0.1,0.3,-0.1,-0.4,-0.2,0.4,-0.3,-0.4,-0.1,0.1,-0.2,-0.4,0.1,0.2,0.4,-0.3,-0.4,-0.4,-0.5,-0.8,-0.3,-0.4,-0.4,-0.6,-0.5,-0.4,-0.6,-0.7,-0.4,-0.5,-0.5,-1.2,0.2,1,0.3,-0.8,0.1,1,0.3,-0.8,0.2,1,0.3,-0.9,0.4,0.9,0.3,-0.8,0.1,0.3,0,-0.1,0.1,0.3,0,-0.1,0.1,0.4,0,-0.2,0,0.4,0.1,-0.3,7.6,-2.7,7.6,-5,7.9,-1.8,7,-4.4,8.7,-2,7.7,-4.7,5.9,-4.6,8,-6,0.4,0.1,-0.2,-0.6,0.1,-0.2,-0.2,-0.7,0.1,-0.1,-0.3,-0.7,1.1,0.8,0,-0.2,1.3,-0.6,0.9,0.8,0.8,-0.4,0.5,0.5,1.2,-0.6,0.8,0.9,1.7,-0.8,1.2,1,0.3,-0.8,-0.4,-0.7,0.3,-0.9,-0.6,-0.6,0.3,-0.8,-0.4,-0.7,0.2,-0.9,-0.1,-0.8,1.6,-3.3,-0.1,-2.9,1.8,-3.4,-0.3,-3.3,1.7,-3.4,-0.2,-2.9,1.4,-3.1,0.1,-2.5,4.4,46.51,7.793,0.9422,37.57,11467,2256,12198.24023,1.02,6.9
2004/6/30,-0.1,0.1,-0.2,-0.3,1.4,1.7,1.4,0.7,-6.2,-5.5,-6.6,-6.4,12.8,14.4,12.5,9.8,0,0,0,0.2,10.5,8.7,10.3,12.7,-1.3,-1,-1.4,-1.6,3.2,1.6,3,5.4,1.2,0.8,1.3,1.5,1,0.7,1.1,1,-0.1,0,-0.1,-0.1,0.2,0.4,0.2,0,-0.3,-0.3,-0.4,-0.3,0.1,0.1,0.1,0.1,-0.8,-0.9,-0.9,-0.4,-1.6,-0.9,-1,-3.3,-0.2,-0.4,-0.3,0.3,0.5,0.3,0.5,0.8,0.5,0.4,0.5,0.7,-0.2,-0.5,-0.2,0,-0.9,-2.1,-1.9,-3.1,2,1.8,-0.7,-1.8,-1.2,-2.4,1.9,1.3,-0.9,-2.1,-2.1,-3.2,1.9,1.9,-1.1,-2.5,-2.5,-3.7,2.2,2.2,1,0.5,-0.8,-1.5,0.9,2.2,1.3,0.9,-0.6,-1.5,0.8,2.3,1.1,0.7,-0.7,-1.6,0.7,2.1,0.3,-0.8,-1.3,-1.1,1.5,2,-6.7,-7.5,-5.5,-4,1.3,-0.7,-5.8,-6.5,-3,-1.9,1,-2.5,-7.1,-7.7,-5.9,-4.3,1.1,-0.7,-7.4,-8.3,-7.9,-6,1.9,1.5,1.3,2.6,9.8,-0.7,10.2,3,1.2,3.4,11,-0.9,11,3.4,1.4,2.4,9.6,-0.6,10.1,2.9,1.4,1.9,8.1,0.4,7.9,1.7,0.9,-0.1,0.3,0.8,0.1,-0.3,0.9,0,0.3,0.8,0,-0.3,0.9,-0.1,0.2,0.8,0.1,-0.2,0.4,-0.7,0.5,1,0.9,-0.3,10.4,6,3.7,-7.5,4.5,6.8,8.5,3.8,1.7,-6.9,4.9,7,9.9,4.8,1.7,-7,5.5,8.6,13.1,10.1,9,-8.9,2.6,3.7,-1.3,-2.8,-5,-7.9,1.5,3.7,-0.5,-2.1,-4.6,-7.5,1.1,3.6,-1,-2.4,-5,-7.9,1,3.6,-2.5,-3.9,-5.4,-8.1,2.3,3.8,3.2,3.7,4.6,0.5,-0.5,-1.4,1.7,2,2.6,0.1,-0.4,-1,2.9,3.4,4.3,0.4,-0.4,-1.3,5.1,5.8,7,0.7,-0.4,-1.6,0.2,-0.4,-0.3,-1.2,1.6,1.5,-0.4,-0.9,-1.2,-2,1.7,2,0.4,-0.4,-0.2,-1.4,1.7,1.5,0.5,0,0.5,-0.2,1.5,1,0.6,-3.1,-3.8,-4.7,4.1,4.8,0.4,-3.9,-4.7,-5.3,4.6,5.4,0.8,-2.8,-3.4,-4.4,3.9,4.5,0.4,-3,-3.6,-4.7,4,4.6,-0.4,0.1,0.2,-0.8,-0.2,-0.1,0.3,-0.8,-0.4,0,0.2,-0.7,-0.6,0.3,0.1,-0.9,-0.1,0.1,0.2,-0.1,-0.2,0.1,0.2,0,-0.2,0.2,0.2,0,0.1,-0.1,0.1,-0.5,-0.4,-0.4,-0.5,-1,-0.2,-0.4,-0.5,-0.7,-0.4,-0.5,-0.5,-0.9,-0.6,-0.3,-0.5,-1.4,4.8,-5,8.8,-10.1,5.2,-5.3,10,-11.4,4.7,-4.9,8.5,-9.7,4.1,-4.3,7.2,-7.5,0.5,0,0.5,0,0.4,0,0.5,0,0.5,0,0.5,0,0.5,-0.2,0.6,-0.2,-1.9,6.9,-4.1,-1.7,-1.9,4.3,-4.2,-1.1,-1.9,4.9,-4.1,-1.3,-1.8,12.6,-4.2,-2.9,-0.3,-0.4,-0.4,-0.1,0,0,-0.2,0.2,-0.1,-0.1,-0.3,0.1,-0.8,-1,-0.7,-0.6,-2.4,0.2,0.8,0.5,-1.5,0.1,0.5,0.4,-2.3,0.2,0.8,0.4,-3.1,0.3,1.1,0.4,-0.3,0.2,0.5,-0.4,-0.3,0.2,0.5,-0.7,-0.2,0.2,0.5,-0.4,-0.3,0.4,0.4,-0.3,-0.9,0.1,0.8,-0.6,-0.7,0.2,0.7,-0.8,-0.9,0.2,0.9,-0.6,-1,-0.2,0.8,-0.5,5,46.81,7.8,0.94305,35.18,13430,2308,12285.75,1.38,6.8
2004/7/31,0.9,1.5,0.8,0.4,1.5,2.1,1.6,0.3,-2.8,-1,-3.4,-4.1,13.5,15.1,13.2,10.4,-0.1,-0.1,-0.1,-0.1,7.5,6.5,7.6,8.4,-1.8,-1.3,-1.8,-2.3,4,2,3.7,6.7,1.1,0.7,1.3,1.2,1.7,1.2,1.9,2,0,0.1,0,-0.1,0.2,0.4,0.2,-0.1,-0.4,-0.3,-0.4,-0.4,0,0,0,0,0.1,0,0.1,0.2,-6,-4.9,-5.4,-8.1,-0.6,-0.5,-0.6,-0.8,0.2,0,0.1,0.4,0.8,1,1,0.4,1.9,1.5,1.9,2.1,-0.1,-1.5,-1.5,-4,2.4,2.4,0.1,-1.5,-0.7,-3.6,3,2.2,-0.2,-1.5,-1.6,-4.1,2.3,2.4,-0.3,-1.6,-2.1,-4.5,2,2.5,1.4,0.8,0.1,-1.5,0.7,1.4,1.7,1.1,0.4,-1.7,1,1.7,1.4,0.9,0.3,-1.7,0.7,1.3,0.7,-0.1,-0.8,-1.1,0.4,1.1,-6.2,-7.1,-7.9,-7.7,4.3,5.1,-5.5,-6.2,-6.7,-6.4,5.2,5.7,-6.6,-7.4,-8.1,-7.8,4,4.7,-6.4,-7.9,-8.9,-8.9,3.8,4.8,12.8,-4.2,34,-1.1,17.7,-20.5,14.4,-4.6,45,-1.3,19.7,-29.9,12.5,-4,30.1,-1,17.2,-16.9,9.8,-3.3,20.6,0.1,13.7,-10.2,0,0.2,-0.1,0,-0.3,0,0,0.4,-0.2,-0.1,-0.5,0.1,0,0.2,-0.2,-0.1,-0.3,0.1,0.2,-0.4,0.3,0.7,0.3,-0.4,10.5,6.9,4.2,-4.8,0.6,3.3,8.7,5.7,1.8,-4.8,0.8,4.7,10.3,6.8,2.2,-4.7,0.8,5.4,12.7,8.2,9.9,-5,0.2,-1.5,-1.3,-1.6,-4.5,-7.1,-0.2,2.7,-1,-1.1,-3.9,-7,-0.2,2.6,-1.4,-1.6,-4.4,-7.3,-0.2,2.6,-1.6,-1.9,-5.1,-6.9,-0.4,2.8,3.2,6.6,4.8,0.7,-2.6,-0.8,1.6,3.9,2.8,0.3,-1.9,-0.8,3,6.2,4.4,0.8,-2.5,-0.7,5.4,9.6,7.2,0.9,-2.9,-0.5,1.2,-0.2,-0.1,-1.7,1.3,1.2,0.8,-0.6,-0.9,-2.3,1.3,1.6,1.3,-0.1,-0.1,-1.6,1.4,1.4,1.5,0.1,0.5,-1.1,1.1,0.7,1,-1.4,-1.9,-4.7,3.1,3.6,0.7,-2.1,-2.4,-5.2,3.3,3.6,1.1,-1.2,-1.4,-4.3,3.1,3.3,1,-1.2,-2,-5,3.2,4,-0.1,0.6,0.3,-1,0,0.4,0.4,-1.3,-0.1,0.6,0.4,-1,-0.1,0.7,0.2,-0.7,0.2,-0.1,0.9,0.1,0.4,-0.2,0.9,0,0.2,-0.1,1,0.1,0,0.1,0.6,0.3,-0.3,-0.4,-0.5,-3.8,-0.3,-0.3,-0.4,-4.8,-0.4,-0.5,-0.5,-3.8,-0.3,-0.4,-0.6,-2.8,0.1,0.2,0.8,-0.6,0.1,0.1,0.8,-0.6,0.1,0.2,0.8,-0.6,0.1,0.4,0.7,-0.6,-0.8,0.1,-0.5,0.2,-0.9,0.1,-0.4,0.1,-0.9,0.1,-0.5,0.2,-0.4,0,-0.7,0.5,-1.6,7.6,-5.5,-3.4,-0.9,7.9,-4.9,-2.9,-1,8.7,-5.1,-3.1,-3.3,5.9,-6.5,-4.5,-0.2,0.4,-0.3,-0.2,-0.4,0.1,0,-0.2,-0.3,0.1,-0.2,-0.2,0.3,1.1,-0.6,0,0.5,1.3,0.9,-0.6,0.3,0.8,0.5,-0.3,0.5,1.2,0.9,-0.5,0.8,1.7,1.4,-0.8,0.5,0.3,0.6,0.9,0.4,0.3,0.4,1,0.5,0.3,0.5,0.9,0.7,0.2,0.9,0.7,-0.2,1.6,2.4,1.1,-0.5,1.8,2.6,1,-0.2,1.7,2.6,1.2,0,1.4,2.1,1.1,5.3,46.48,7.799,0.9429,38.22,15164,2039,12238.03027,1.29,7
2004/8/31,0.8,1.4,0.7,0.1,1.3,1.7,1.3,0.5,-2.3,-0.4,-2.8,-3.8,12.2,13.4,12,10.4,-0.1,-0.2,-0.1,0.2,7,6.8,7.9,5.7,-1.8,-1.3,-1.8,-2.3,4,2.3,3.8,6.3,0.6,0,1,0.7,1.1,0.7,1.3,1.2,-0.2,-0.2,-0.2,-0.4,-0.2,-0.3,-0.2,-0.1,-0.2,-0.1,-0.2,-0.3,0.2,0.2,0.2,0.2,0,0,0,0,-2.7,-1.9,-2.2,-4.4,-0.4,-0.2,-0.3,-0.7,-0.1,0,-0.1,-0.3,-0.2,-0.2,-0.1,-0.3,0.3,0.3,0.4,0.2,0.9,-0.9,-2,-3.8,1.7,2.8,1.5,-0.7,-1.1,-3.5,2.1,2.5,0.8,-0.9,-2.1,-3.9,1.6,2.8,0.4,-1.1,-2.8,-4.1,1.2,2.9,1.5,1,-0.2,-1.9,0.3,1.5,2.1,1.3,0.2,-2,0.4,1.5,1.6,1.1,-0.1,-1.9,0.2,1.4,0.3,0.3,-0.9,-1.4,0.2,1.4,-2.8,-6.7,-7.7,-8,4.4,5.4,-1,-5.8,-6.6,-6.7,5.4,6.2,-3.4,-7.1,-7.9,-8.2,4.3,5.1,-4.1,-7.4,-8.7,-9.1,3.6,4.9,13.5,1.3,33.3,0.5,10.9,-21.1,15.1,1.2,44,0.6,12.2,-30.6,13.2,1.4,29.4,0.4,10.6,-17.4,10.4,1.4,20.1,0.4,9,-9.7,-0.1,0.9,-0.1,-0.2,-1,0,-0.1,0.9,-0.1,-0.1,-1.1,-0.1,-0.1,0.9,-0.1,-0.2,-1,0,-0.1,0.4,-0.2,-0.3,-0.2,0.4,7.5,10.4,7.8,-2.9,-3.4,-0.8,6.5,8.5,6.3,-4,-1.7,0.5,7.6,9.9,6.2,-3.9,-2,1.7,8.4,13.1,12.4,0,-7.4,-6.7,-1.8,-1.3,-3.3,-6.9,-0.5,1.5,-1.3,-0.5,-3,-6.6,-0.8,1.7,-1.8,-1,-3.4,-6.9,-0.8,1.6,-2.3,-2.5,-3.5,-7.2,0.2,1.2,4,3.2,2.9,1.4,0.8,1.1,2,1.7,1.6,0.5,0.6,0.7,3.7,2.9,2.7,1.2,0.9,1.1,6.7,5.1,4.6,2.1,1.2,1.7,1.1,0.2,-0.8,-0.7,0.4,1.4,0.7,-0.4,-1.4,-1.1,0.4,1.4,1.3,0.4,-0.7,-0.7,0.6,1.7,1.2,0.5,-0.4,-0.5,0.2,1.1,1.7,0.6,-5.1,-3.7,0.5,6.2,1.2,0.4,-5.8,-4.1,0.3,6.5,1.9,0.8,-4.6,-3.3,0.5,5.9,2,0.4,-5.1,-3.9,0.8,6.3,0,-0.4,-0.7,-0.1,0.1,-0.2,-0.5,-0.1,0,-0.4,-0.8,-0.1,-0.1,-0.6,-1,-0.1,0.2,-0.1,0.3,0,0.4,-0.2,0.4,0,0.2,-0.2,0.1,0.1,-0.1,0.1,0.2,-0.3,-0.4,-0.4,-0.4,-0.7,-0.3,-0.2,-0.4,-0.8,-0.4,-0.4,-0.4,-0.8,-0.4,-0.6,-0.5,-0.5,0,4.8,1,1.3,0,5.2,1,1.7,0,4.7,1,1.2,0,4.1,0.9,0.1,0.1,0.5,0.3,0,0,0.4,0.3,0.1,0.1,0.5,0.4,0,0.2,0.5,0.4,-0.4,-6,-1.9,-2.7,-2.2,-4.9,-1.9,-1.8,-2.2,-5.4,-1.9,-2,-2.4,-8.1,-1.8,-4.6,-2,-0.6,-0.3,0.1,-0.4,-0.5,0,-0.2,-0.2,-0.6,-0.1,-0.1,-0.3,-0.8,-0.8,0.8,-0.7,0.2,-2.4,-0.6,-0.1,0,-1.5,-0.4,-0.3,0.1,-2.3,-0.6,-0.2,0.4,-3.1,-0.8,0.1,0.8,-0.3,-0.8,0.3,1,-0.3,-0.9,0.5,1,-0.2,-0.8,0.3,0.4,-0.3,-0.9,0.2,1.9,-0.9,-3.3,0.9,1.5,-0.7,-3.4,0.8,1.9,-0.9,-3.4,1,2.1,-1,-3.1,1,5.3,45.71,7.8,0.943,42.74,14845,1969,12850.28027,1.55,7
2004/9/30,0.7,1.3,0.6,0.3,1.4,1.6,1.3,1.1,-1.8,0,-2.3,-3.2,12.5,13.7,12.3,10.7,-0.1,-0.1,0,0.2,5.3,4.2,4.9,7.2,-2,-1.5,-2,-2.3,2.9,1.9,2.7,3.9,0.5,-0.3,0.7,1.1,0.7,0.5,0.9,0.7,0.2,0.2,0.1,0.2,0.6,0.8,0.5,0.4,-0.2,-0.1,-0.2,-0.2,0.7,0.7,0.7,0.6,-0.1,-0.1,-0.1,-0.2,4.4,2.7,2.9,8.6,-0.1,-0.1,-0.1,-0.1,0.9,0.7,0.9,1.1,-0.5,-0.7,-0.6,-0.3,-1,-0.7,-1.1,-1.2,0.8,-0.1,-2.1,-3.2,0.8,2.8,1.4,0.1,-1.8,-2.8,1.2,3.1,0.7,-0.2,-2.1,-3.2,0.8,2.7,0.1,-0.3,-2.5,-3.8,0.6,2.8,1.3,1.4,0.5,-1.3,0,0.9,1.7,1.7,0.9,-0.9,-0.1,0.7,1.3,1.4,0.7,-1.1,-0.1,0.6,0.5,0.7,-0.8,-2.1,0.4,1.9,-2.3,-6.2,-7.5,-8.1,4.4,5.7,-0.4,-5.5,-6.5,-6.8,5.5,6.5,-2.8,-6.6,-7.7,-8.3,4.3,5.4,-3.8,-6.4,-8.3,-9.3,3.2,5.1,12.2,12.8,2.6,1,-0.3,9.9,13.4,14.4,3.4,1,-0.7,10.3,12,12.5,2.4,0.9,-0.2,9.9,10.4,9.8,1.9,0.8,0.9,8.8,-0.1,0,-0.1,0.1,-0.1,0,-0.2,0,0,0,-0.1,-0.1,-0.1,0,-0.1,0.1,0,0.1,0.2,0.2,-0.7,0.6,0,0.9,7,10.5,6,-0.6,-5.2,-0.7,6.8,8.7,3.8,-0.8,-4.5,0.4,7.9,10.3,4.8,-0.1,-5.4,0.1,5.7,12.7,10.1,-1.2,-5.5,-2.9,-1.8,-1.3,-2.8,-6.1,-0.7,0.8,-1.3,-1,-2.1,-5.8,-0.5,0.6,-1.8,-1.4,-2.4,-6.2,-0.6,0.4,-2.3,-1.6,-3.9,-6.2,-0.7,1.6,4,3.2,3.7,2.8,-0.3,-0.8,2.3,1.6,2,1.3,0.3,-0.1,3.8,3,3.4,2.5,-0.3,-0.7,6.3,5.4,5.8,4.5,-1.5,-1.9,0.6,1.2,-0.4,-0.1,-0.7,0.9,0,0.8,-0.9,-0.6,-1.1,0.6,1,1.3,-0.4,-0.2,-0.6,1.1,0.7,1.5,0,0.6,-0.4,1.1,1.1,1,-3.1,-2.8,-0.3,3.8,0.7,0.7,-3.9,-3,-0.2,4.4,1.3,1.1,-2.8,-2.5,-0.2,3.7,1.2,1,-3,-3,-0.3,3.7,-0.2,-0.1,0.1,0.2,-0.2,0,-0.1,0.4,-0.2,-0.1,0,0.2,-0.4,-0.1,0.3,0.1,-0.2,0.2,0.1,0.5,-0.3,0.4,0.1,0.9,-0.2,0.2,0.2,0.6,-0.1,0,-0.1,-0.2,-0.2,-0.3,-0.4,-0.6,-0.1,-0.3,-0.4,-0.5,-0.2,-0.4,-0.5,-0.6,-0.3,-0.3,-0.3,-0.8,0.2,0.1,-5,0.4,0.2,0.1,-5.3,0.4,0.2,0.1,-4.9,0.4,0.2,0.1,-4.3,0.4,0,-0.8,0,-0.2,0,-0.9,0,-0.2,0,-0.9,0,-0.2,0,-0.4,-0.2,-0.2,-2.7,-1.6,6.9,6,-1.9,-0.9,4.3,5.3,-2.2,-1,4.9,5.8,-4.4,-3.3,12.6,7.1,-0.4,-0.2,-0.4,0.1,-0.2,-0.4,0,0.2,-0.3,-0.3,-0.1,0.1,-0.7,0.3,-1,0,-0.1,0.5,0.2,2.1,0,0.3,0.1,1.1,-0.1,0.5,0.2,1.9,-0.3,0.8,0.3,3.5,-0.2,0.5,0.2,-0.4,-0.2,0.4,0.2,-0.3,-0.1,0.5,0.2,-0.3,-0.3,0.7,0.4,-0.6,0.3,-0.2,0.1,-0.7,0.3,-0.5,0.2,-0.5,0.4,-0.2,0.2,-0.7,0.2,0,-0.2,-0.7,5.2,46.52,7.7985,0.94285,43.2,14402,1903,13120.03027,1.94,7
2004/10/31,0.2,0.4,0.1,-0.1,1.6,1.7,1.4,1.6,-4.3,-3.7,-4.6,-4.6,12.8,14.1,12.6,11,-0.2,-0.3,-0.2,0.3,5.1,5,5.8,4.1,-2.2,-1.8,-2.3,-2.6,3.1,1.8,3,4.4,0.6,0,0.8,0.8,1,0.9,1.2,1,0,-0.1,0.1,0.2,-0.3,-0.5,-0.3,0,-0.1,-0.2,-0.1,-0.1,0.8,0.8,0.8,0.7,-0.2,-0.3,-0.2,0.1,4.5,4.6,4.5,4.3,0,0,0.1,-0.1,0.5,0.4,0.5,0.5,-0.1,-0.1,-0.1,-0.2,-0.4,-0.4,-0.5,-0.2,0.7,0.9,-1.5,-2.7,-0.7,1.7,1.3,1.5,-1.5,-2,-1.1,1.9,0.6,0.8,-1.5,-2.7,-0.7,1.6,0.3,0.4,-1.6,-3.3,-0.5,1.5,1.4,1.5,0.8,-1.6,0.1,0.8,1.6,2.1,1.1,-1.3,-0.4,0.6,1.3,1.6,0.9,-1.4,-0.2,0.5,1.1,0.3,-0.1,-2.3,1.3,1.7,-1.8,-2.8,-7.1,-5.7,-1.5,2.8,0,-1,-6.2,-3.3,-2.7,2.5,-2.3,-3.4,-7.4,-6.1,-1.2,2.8,-3.2,-4.1,-7.9,-7.9,-0.5,3.3,12.5,13.5,-4.2,1.1,-0.7,17,13.7,15.1,-4.6,1.2,-1,18.7,12.3,13.2,-4,1.1,-0.6,16.6,10.7,10.4,-3.3,1,0.6,14.3,-0.1,-0.1,0.2,-0.5,-0.1,-0.4,-0.1,-0.1,0.4,-0.5,-0.2,-0.7,0,-0.1,0.2,-0.6,-0.1,-0.4,0.2,-0.1,-0.4,-0.6,0.4,0.7,5.3,7.5,6.9,-0.7,-2.4,-1.8,4.2,6.5,5.7,-1.4,-1.5,-0.7,4.9,7.6,6.8,-0.8,-1.8,-1,7.2,8.4,8.2,0.3,-4.3,-4.1,-2,-1.8,-1.6,-5.5,-0.4,-0.6,-1.5,-1.3,-1.1,-5.1,-0.5,-0.7,-2,-1.8,-1.6,-5.5,-0.5,-0.7,-2.3,-2.3,-1.9,-5.8,-0.3,-0.7,2.9,4,6.6,3.1,-0.9,-3.5,1.9,2,3.9,1.8,-0.2,-2.1,2.7,3.7,6.2,2.8,-0.7,-3.2,3.9,6.7,9.6,4.7,-2.3,-5.2,0.5,1.1,-0.2,0.1,-0.5,0.8,-0.3,0.7,-0.6,-0.6,-0.7,0.6,0.7,1.3,-0.1,0,-0.5,0.9,1.1,1.2,0.1,1.1,-0.4,0.7,0.7,1.7,-1.4,-3.5,-0.7,2.4,0.5,1.2,-2.1,-3.9,-0.3,3,0.9,1.9,-1.2,-3.2,-0.7,2.4,0.7,2,-1.2,-3.5,-1,2.2,0.2,0,0.6,0.6,0.2,0.1,0.4,0.8,0.1,0,0.6,0.6,0.2,-0.1,0.7,0.5,0.6,0.2,-0.1,-0.6,0.8,0.4,-0.2,-0.7,0.5,0.2,-0.1,-0.5,0.4,-0.1,0.1,-0.5,-0.2,-0.4,-0.4,2.5,-0.1,-0.3,-0.3,3.6,-0.2,-0.4,-0.5,2.3,-0.2,-0.4,-0.4,1.4,0.7,0,0.2,0.5,0.7,0,0.1,0.5,0.7,0,0.2,0.5,0.6,0,0.4,0.5,-0.1,0.1,0.1,-0.1,-0.1,0,0.1,-0.1,-0.1,0.1,0.1,0,-0.2,0.2,0,0,4.4,-6,7.6,4.7,2.7,-4.9,7.9,3.8,2.9,-5.4,8.7,3.6,8.6,-8.1,5.9,7.5,-0.1,-0.6,0.4,0.3,-0.1,-0.5,0.1,0.3,-0.1,-0.6,0.1,0.3,-0.1,-0.8,1.1,0.2,0.9,0.2,1.3,0.2,0.7,0,0.8,0.4,0.9,0.1,1.2,0.3,1.1,0.4,1.7,0.1,-0.5,0.8,0.3,-0.2,-0.7,1,0.3,-0.5,-0.6,1,0.3,-0.3,-0.3,0.4,0.2,0,-1,1.9,1.6,-0.7,-0.7,1.5,1.8,-0.9,-1.1,1.9,1.7,-0.7,-1.2,2.1,1.4,-0.5,4.3,48.23,7.7795,0.94055,49.78,12423.3444,1879,13054.66016,1.79,6.7
2004/11/30,0.2,0.6,0.2,-0.2,1.9,2.2,1.8,1.3,-3.9,-3.4,-4.2,-4,13,14.3,12.8,11.2,-0.4,-0.5,-0.4,-0.1,2.6,2.6,3.5,1.3,-2,-1.4,-2,-2.7,2.4,1.4,2.3,3.5,0.9,0.5,1.1,0.7,0.9,0.9,1.1,0.7,0.1,0.1,0.2,0.2,0,0,0,-0.1,-0.1,-0.1,-0.1,0,0.4,0.4,0.4,0.4,-0.1,0,-0.1,-0.3,6.1,5.4,6.7,6,-0.3,-0.4,-0.5,-0.2,-0.4,-0.5,-0.5,-0.3,-0.2,0,-0.1,-0.3,-0.2,-0.2,-0.2,-0.3,0.2,0.8,-0.9,-2.4,-0.6,1.1,0.4,1.4,-0.7,-1.8,-0.8,1.3,0.1,0.7,-0.9,-2.5,-0.5,1.1,-0.1,0.1,-1.1,-2.8,-0.3,0.9,1.6,1.3,1,-1.4,0.6,0.9,1.7,1.7,1.3,-1.3,0.5,0.9,1.4,1.3,1.1,-1.2,0.5,0.7,1.6,0.5,0.3,-1.8,0.8,1,-4.3,-2.3,-6.7,-5.6,-1.6,2.8,-3.7,-0.4,-5.8,-3.1,-3,2.4,-4.6,-2.8,-7.1,-6,-1.4,2.9,-4.6,-3.8,-7.4,-7.9,-0.2,3.4,12.8,12.2,1.3,1.3,0.8,11.7,14.1,13.4,1.2,1.4,0.9,13.1,12.6,12,1.4,1.3,0.8,11.4,11,10.4,1.4,1.1,0.8,9.8,-0.2,-0.1,0.9,-0.5,-0.3,-1.3,-0.3,-0.2,0.9,-0.4,-0.3,-1.4,-0.2,-0.1,0.9,-0.5,-0.3,-1.3,0.3,0.2,0.4,-0.6,-0.3,-0.5,5.1,7,10.4,1.9,-4.4,-7.8,5,6.8,8.5,0.9,-4.2,-5.9,5.8,7.9,9.9,0.6,-4.4,-6.4,4.1,5.7,13.1,5.1,-4.4,-11.8,-2.2,-1.8,-1.3,-5.4,-0.2,-0.7,-1.8,-1.3,-0.5,-4.9,-0.1,-0.9,-2.3,-1.8,-1,-5.5,-0.2,-1,-2.6,-2.3,-2.5,-5.8,-0.4,-0.2,3.1,4,3.2,3.8,-1.6,-0.8,1.8,2.3,1.7,2.1,-0.9,-0.3,3,3.8,2.9,3.5,-1.5,-0.6,4.4,6.3,5.1,5.9,-2.8,-1.6,0.6,0.6,0.2,0,0.3,0.7,0,0,-0.4,-1,0.5,0.9,0.8,1,0.4,-0.1,0.1,0.7,0.8,0.7,0.5,1.2,0,0.2,1,1.1,0.6,-3.3,-0.2,0.3,0.9,0.7,0.4,-4,0.2,0.5,1.2,1.3,0.8,-3,-0.2,0.3,1,1.2,0.4,-3,-0.5,0.3,0,-0.2,-0.4,0.1,-0.1,-0.2,-0.2,0,0.1,-0.2,-0.4,0.1,0.2,-0.4,-0.6,0.4,-0.3,-0.2,-0.1,-0.1,-0.5,-0.3,-0.2,-0.3,-0.3,-0.2,-0.2,-0.2,0,-0.1,0.1,0.4,-0.1,-0.2,-0.4,-0.5,-0.2,-0.1,-0.2,-0.4,-0.1,-0.2,-0.4,-0.6,-0.1,-0.3,-0.6,-0.5,0.8,0.2,4.8,0.3,0.8,0.2,5.2,0.3,0.8,0.2,4.7,0.3,0.7,0.2,4.1,0.3,-0.2,0,0.5,0,-0.3,0,0.4,0,-0.2,0,0.5,0,0.1,0,0.5,0.1,4.5,-2.7,-1.9,7.6,4.6,-1.9,-1.9,7,4.5,-2.2,-1.9,7.7,4.3,-4.4,-1.8,8,0,-0.4,-0.3,-0.2,0,-0.2,0,-0.2,0.1,-0.3,-0.1,-0.3,-0.1,-0.7,-0.8,0,0.5,-0.1,-2.4,0.9,0.4,0,-1.5,0.5,0.5,-0.1,-2.3,0.8,0.5,-0.3,-3.1,1.2,-0.1,-0.2,-0.3,-0.4,-0.1,-0.2,-0.3,-0.6,-0.1,-0.1,-0.2,-0.4,-0.2,-0.3,-0.3,-0.1,-0.4,0.3,-0.9,-0.1,-0.4,0.3,-0.7,-0.3,-0.5,0.4,-0.9,-0.2,-0.2,0.2,-1,0.1,2.8,49.53,7.7765,0.9402,43.11,10856,2068,14060.0498,2.02,6.6
2004/12/31,0.2,0.5,0.2,-0.1,1.6,1.9,1.5,1.2,-3.4,-2.9,-3.7,-3.6,4.1,4.1,4.2,4,-0.2,-0.2,-0.2,-0.4,4.3,5.2,5.9,1,-1.8,-1.3,-2,-2,2.1,1.2,2,3.1,0.9,0.7,1.1,0.8,1.7,1.7,1.9,1.6,0.1,0,0.2,0,0.1,0,0.1,0.2,0,0,0,-0.1,0.2,0.2,0.3,0.2,0.9,0.8,0.9,0.9,-3.1,-1.7,-1.9,-5.4,-0.8,-0.8,-0.9,-0.7,0.1,0.1,0.1,0.2,0.4,0.2,0.4,0.4,1,0.4,1.2,1.3,0.2,0.7,-0.1,-1.9,-0.5,0.3,0.6,1.3,0.1,-1.2,-0.8,0.4,0.2,0.6,-0.2,-2.1,-0.4,0.4,-0.2,0.3,-0.3,-2.5,-0.4,0.2,1.9,1.4,1.4,-0.8,0.2,0.2,2.2,1.6,1.7,-0.6,0.3,0.2,1.8,1.3,1.4,-0.7,0.2,0.1,1.3,1.1,0.7,-1.3,0.1,0.5,-3.9,-1.8,-6.2,-5.5,-1.6,2.8,-3.4,0,-5.5,-3,-2.9,2.6,-4.2,-2.3,-6.6,-5.9,-1.4,2.9,-4,-3.2,-6.4,-7.9,-0.4,2.8,13,12.5,12.8,9.8,-8.4,-8.7,14.3,13.7,14.4,11,-9.6,-10.3,12.8,12.3,12.5,9.6,-8.1,-8.3,11.2,10.7,9.8,8.1,-6.7,-5.8,-0.4,-0.1,0,0.3,-0.1,-0.2,-0.5,-0.1,0,0.3,-0.1,-0.2,-0.4,0,0,0.2,-0.2,-0.2,-0.1,0.2,0.2,0.5,-0.6,-0.6,2.6,5.3,10.5,3.7,-1,-6.2,2.6,4.2,8.7,1.7,1,-3.5,3.5,4.9,10.3,1.7,1,-4.4,1.3,7.2,12.7,9,-6.2,-11.7,-2,-2,-1.3,-5,0.2,-0.5,-1.4,-1.5,-1,-4.6,0.2,-0.3,-2,-2,-1.4,-5,0,-0.6,-2.7,-2.3,-1.6,-5.4,0.3,-0.4,2.4,2.9,3.2,4.6,-0.8,-1.1,1.4,1.9,1.6,2.6,-0.7,-0.4,2.3,2.7,3,4.3,-0.7,-1,3.5,3.9,5.4,7,-0.8,-2.3,0.9,0.5,1.2,-0.3,0.4,-0.3,0.5,-0.3,0.8,-1.2,1,-0.1,1.1,0.7,1.3,-0.2,0.4,-0.2,0.7,1.1,1.5,0.5,-0.3,-0.7,0.9,0.7,1,-3.8,1,0.7,0.9,0.5,0.7,-4.7,1.2,1,1.1,0.9,1.1,-3.4,1,0.8,0.7,0.7,1,-3.6,0.9,0.6,0.1,0.2,-0.1,0.2,0.1,0.2,0,0.3,0.2,0.1,-0.1,0.2,0.2,0.2,-0.1,0.1,0,0.6,0.2,0.2,0,0.8,0.4,0.2,0,0.5,0.2,0.2,-0.1,0.4,0,0.1,-0.1,-0.2,-0.3,-0.5,-0.1,-0.1,-0.3,-0.5,-0.1,-0.2,-0.4,-0.5,0,-0.2,-0.3,-0.5,0.4,0.7,0.1,8.8,0.4,0.7,0.1,10,0.4,0.7,0.1,8.5,0.4,0.6,0.1,7.2,-0.1,-0.1,-0.8,0.5,0,-0.1,-0.9,0.5,-0.1,-0.1,-0.9,0.5,-0.3,-0.2,-0.4,0.6,6.1,4.4,-1.6,-4.1,5.4,2.7,-0.9,-4.2,6.7,2.9,-1,-4.1,6,8.6,-3.3,-4.2,-0.3,-0.1,-0.2,-0.4,-0.4,-0.1,-0.4,-0.2,-0.5,-0.1,-0.3,-0.3,-0.2,-0.1,0.3,-0.7,-0.4,0.9,0.5,0.8,-0.5,0.7,0.3,0.5,-0.5,0.9,0.5,0.8,-0.3,1.1,0.8,1.1,-0.2,-0.5,0.5,0.5,0,-0.7,0.4,0.5,-0.1,-0.6,0.5,0.5,-0.3,-0.3,0.7,0.4,-0.2,-1,-0.2,0.8,-0.2,-0.7,-0.5,0.7,-0.2,-1.1,-0.2,0.9,-0.3,-1.2,0,0.8,2.4,49.78,7.7735,0.93995,39.6,10243.35,2138,14230.13965,1.97,6.3
2005/1/31,-0.5,-0.2,-0.5,-1,1,1.3,0.9,0.7,-3.1,-2.6,-3.3,-3.3,3.8,3.5,3.8,4.1,0.4,0.3,0.5,0.6,4.5,5.7,6.3,0.5,-2,-1.8,-2.3,-1.8,0.7,0.4,0.7,1.1,-0.1,-0.1,0.1,-0.4,-1.6,-1.8,-1.6,-1.6,-0.4,-0.1,-0.3,-0.7,0.2,0.3,0.3,0.1,-0.1,-0.1,0,-0.2,0.4,0.2,0.4,0.9,0.3,0.1,0.5,0.7,-6,-4.6,-5,-8.3,-0.6,-0.7,-0.6,-0.7,0,0,0.1,0.1,-0.3,-0.1,-0.3,-0.5,-0.6,-0.3,-0.6,-0.7,0.2,0.2,0.9,-1.5,-0.7,-1.4,0.5,0.4,1.5,-0.7,-0.6,-1.7,0.2,0.1,0.8,-1.6,-0.6,-1.3,-0.1,-0.1,0.4,-2.1,-0.9,-1.4,1.6,1.6,1.5,0.1,-0.6,-0.5,1.9,1.7,2.1,0.4,-0.4,-0.8,1.5,1.4,1.6,0.3,-0.5,-0.7,1.2,1.6,0.3,-0.8,-0.9,0.4,-3.4,-4.3,-2.8,-7.9,1.2,-0.3,-2.9,-3.7,-1,-6.7,1.1,-1.6,-3.7,-4.6,-3.4,-8.1,1.3,0.1,-3.6,-4.6,-4.1,-8.9,1.3,0.8,4.1,12.8,13.5,34,-9,-9.7,4.1,14.1,15.1,45,-10.6,-11.6,4.2,12.6,13.2,30.1,-8.8,-9.4,4,11,10.4,20.6,-6.9,-6.3,-0.2,-0.2,-0.1,-0.1,0.6,0.5,-0.2,-0.3,-0.1,-0.2,0.6,0.4,-0.2,-0.2,-0.1,-0.2,0.7,0.6,-0.4,0.3,-0.1,0.3,0.3,0.7,4.3,5.1,7.5,4.2,-0.6,-3,5.2,5,6.5,1.8,0.7,-0.8,5.9,5.8,7.6,2.2,0.5,-1.3,1,4.1,8.4,9.9,-3.6,-7.9,-1.8,-2.2,-1.8,-4.5,0.2,-0.2,-1.3,-1.8,-1.3,-3.9,0,-0.5,-2,-2.3,-1.8,-4.4,0,-0.5,-2,-2.6,-2.3,-5.1,0.8,0.5,2.1,3.1,4,4.8,-2.4,-3.3,1.2,1.8,2,2.8,-1.4,-1.6,2,3,3.7,4.4,-2.3,-3,3.1,4.4,6.7,7.2,-3.3,-5.6,0.9,0.6,1.1,-0.1,-0.7,-1.2,0.7,0,0.7,-0.9,-0.1,-0.8,1.1,0.8,1.3,-0.1,-0.7,-1.2,0.8,0.8,1.2,0.5,-1.2,-1.6,1.7,1,1.7,-1.9,-2.6,-3.3,1.7,0.9,1.2,-2.4,-2.7,-3,1.9,1.2,1.9,-1.4,-2.8,-3.5,1.6,1,2,-2,-2.6,-3.6,0.1,0,0,0.3,0,-0.1,0.1,0.4,0.2,0.1,0,0.4,0,0.2,-0.1,0.2,0.1,-0.3,0.2,0.9,0,-0.5,0.4,0.9,0.1,-0.3,0.2,1,0.2,0,-0.1,0.6,0,-0.1,-0.4,-0.5,0,-0.2,-0.3,-0.4,0,-0.1,-0.4,-0.5,-0.1,-0.1,-0.4,-0.6,0.2,0.8,0,0.8,0.2,0.8,0,0.8,0.3,0.8,0,0.8,0.2,0.7,0,0.7,0.9,-0.2,0.1,-0.5,0.8,-0.3,0,-0.4,0.9,-0.2,0.1,-0.5,0.9,0.1,0.2,-0.7,-3.1,4.5,-6,-5.5,-1.7,4.6,-4.9,-4.9,-1.9,4.5,-5.4,-5.1,-5.4,4.3,-8.1,-6.5,-0.8,0,-0.6,-0.3,-0.8,0,-0.5,0,-0.9,0.1,-0.6,-0.2,-0.7,-0.1,-0.8,-0.6,0.1,0.5,0.2,0.9,0.1,0.4,0,0.5,0.1,0.5,0.1,0.9,0.2,0.5,0.4,1.4,0.4,-0.1,0.8,0.6,0.2,-0.1,1,0.4,0.4,-0.1,1,0.5,0.4,-0.2,0.4,0.9,1,-0.4,1.9,2.4,0.4,-0.4,1.5,2.6,1.2,-0.5,1.9,2.6,1.3,-0.2,2.1,2.1,1.9,49.82,7.7995,0.94275,44.51,9342.7596,2602,13721.69043,2.5,6
2005/2/28,0.8,1.1,0.8,0.5,2.5,2.9,2.6,1.9,-2.6,-2.2,-2.9,-2.7,2,1.8,2,2.4,-0.1,-0.1,-0.1,-0.1,3.4,4.3,4.9,0.2,-2.7,-2.2,-2.8,-3.2,1.3,0.8,1.1,1.9,1.2,1.1,1.4,1,3.7,3.7,4,3.5,0.3,0.4,0.4,0.2,1.5,1.7,1.5,1,0,0,0,0.1,-0.7,-0.7,-0.7,-0.7,-0.9,-0.4,-1.3,-1.7,-4.1,-3.3,-3.6,-5.5,-1.4,-1.6,-1.5,-1.1,-0.6,-0.4,-0.6,-0.7,0.3,0.3,0.4,0.2,1.4,0.7,1.6,1.5,-0.5,0.2,0.8,-2,0.6,0,-0.2,0.6,1.4,-1.1,0.5,-0.3,-0.5,0.2,0.7,-2.1,0.6,0.1,-1,-0.2,0.1,-2.8,0.7,0.4,1,1.9,1.3,-0.2,0.6,1.2,1.3,2.2,1.7,0.2,0.7,1.2,0.9,1.8,1.3,-0.1,0.8,1.3,0.7,1.3,0.5,-0.9,0.6,1.4,-3.1,-3.9,-2.3,-7.7,1.3,-0.3,-2.6,-3.4,-0.4,-6.6,1.2,-1.8,-3.3,-4.2,-2.8,-7.9,1.3,-0.1,-3.3,-4,-3.8,-8.7,1.3,1.1,3.8,13,12.2,33.3,-11,-10.2,3.5,14.3,13.4,44,-12.5,-11.6,3.8,12.8,12,29.4,-10.8,-10,4.1,11.2,10.4,20.1,-8.8,-8,0.4,-0.4,-0.1,-0.1,0.3,0,0.3,-0.5,-0.2,-0.1,0.4,0.1,0.5,-0.4,-0.1,-0.1,0.3,0,0.6,-0.1,0.2,-0.2,0,-0.3,4.5,2.6,7,7.8,0.8,-3.6,5.7,2.6,6.8,6.3,1.7,-2.5,6.3,3.5,7.9,6.2,1.4,-3,0.5,1.3,5.7,12.4,-1.1,-5.5,-2,-2,-1.8,-3.3,-0.7,-0.9,-1.8,-1.4,-1.3,-3,-0.8,-0.9,-2.3,-2,-1.8,-3.4,-0.8,-1,-1.8,-2.7,-2.3,-3.5,-0.5,-0.9,0.7,2.4,4,2.9,-1.1,-2.7,0.4,1.4,2.3,1.6,-0.6,-1.5,0.7,2.3,3.8,2.7,-1.2,-2.7,1.1,3.5,6.3,4.6,-1.6,-4.4,-0.1,0.9,0.6,-0.8,0.3,0.6,-0.1,0.5,0,-1.4,0.6,1.1,0.1,1.1,1,-0.7,0.3,0.4,-0.4,0.7,0.7,-0.4,0.3,0.3,-1.6,0.9,1.1,-5.1,2.8,2.6,-1.8,0.9,0.7,-5.8,2.8,3,-1.6,1.1,1.3,-4.6,2.9,2.7,-1.6,0.7,1.2,-5.1,2.8,2.3,-0.4,0.1,-0.2,-0.7,-0.1,0.1,-0.2,-0.5,-0.3,0.2,-0.2,-0.8,-0.7,0.2,-0.4,-1,0.2,0,-0.2,0.3,0.3,0,-0.3,0.4,0.3,0,-0.2,0.1,0.1,-0.1,-0.1,0.2,-0.1,-0.1,-0.2,-0.4,-0.1,-0.1,-0.1,-0.4,0,-0.1,-0.2,-0.4,-0.2,0,-0.3,-0.5,0.4,0.4,0.2,1,0.2,0.4,0.2,1,0.4,0.4,0.2,1,0.9,0.4,0.2,0.9,0.3,-0.1,0,0.3,0.1,0,0,0.3,0.5,-0.1,0,0.4,0.7,-0.3,0,0.4,-6,6.1,-2.7,-2.7,-4.6,5.4,-1.9,-1.8,-5,6.7,-2.2,-2,-8.3,6,-4.4,-4.6,-0.6,-0.3,-0.4,0.1,-0.7,-0.4,-0.2,-0.2,-0.6,-0.5,-0.3,-0.1,-0.7,-0.2,-0.7,0.8,0,-0.4,-0.1,-0.6,0,-0.5,0,-0.4,0.1,-0.5,-0.1,-0.6,0.1,-0.3,-0.3,-0.8,-0.3,-0.2,-0.2,-0.8,-0.1,0,-0.2,-0.9,-0.3,-0.1,-0.1,-0.8,-0.5,-0.3,-0.3,-0.9,-0.6,-0.2,0.3,-3.3,-0.3,-0.2,0.3,-3.4,-0.6,-0.2,0.4,-3.4,-0.7,-0.3,0.2,-3.1,3.9,50.98,7.7985,0.94275,45.48,9223.7544,2694,14195.34961,2.52,5.8
2005/3/31,0.8,1.1,0.8,0.3,2,2.4,1.9,1.5,-2.2,-1.7,-2.4,-2.3,6.9,7.1,6.8,6.7,-0.1,-0.1,-0.1,0.3,2.3,4.4,5.1,-3.7,-2,-1.5,-2.2,-2.2,2.5,1.6,2.3,3.4,1.1,0.8,1.4,0.9,2.2,2,2.2,2.5,0,0,-0.1,0.1,-0.2,-0.2,-0.3,-0.2,0,0,0,0.1,-0.3,-0.3,-0.3,-0.3,0.4,0.2,0.6,0.7,5.2,4.4,4.9,6.2,-0.4,-0.3,-0.4,-0.3,0.8,0.7,0.8,1,0.1,0,0,0.2,-1,-0.5,-1.2,-1,0.8,0.2,0.7,-2.1,0.6,0.1,1.1,0.5,1.3,-1.8,0.6,-0.2,0.8,0.2,0.6,-2.1,0.6,0.2,0.5,-0.1,0.3,-2.5,0.4,0,2.5,1.6,1.4,0.5,0.4,0.6,2.9,1.9,1.6,0.9,0.5,0.8,2.6,1.5,1.3,0.7,0.4,0.6,1.9,1.2,1.1,-0.8,0.3,0.4,-2.6,-3.4,-1.8,-7.5,1.2,-0.4,-2.2,-2.9,0,-6.5,1.2,-1.7,-2.9,-3.7,-2.3,-7.7,1.3,-0.1,-2.7,-3.6,-3.2,-8.3,1.3,0.9,2,4.1,12.5,2.6,2.8,-5.6,1.8,4.1,13.7,3.4,3,-6.6,2,4.2,12.3,2.4,2.6,-5.5,2.4,4,10.7,1.9,2.7,-4,-0.1,-0.2,-0.1,-0.1,0.1,0,-0.1,-0.2,-0.1,0,0.1,0,-0.1,-0.2,0,-0.1,0.1,-0.1,-0.1,-0.4,0.2,-0.7,0.7,0.1,3.4,4.3,5.3,6,-2,-3,4.3,5.2,4.2,3.8,-0.8,0.2,4.9,5.9,4.9,4.8,-0.8,0.2,0.2,1,7.2,10.1,-4.7,-10.9,-2.7,-1.8,-2,-2.8,-0.2,0,-2.2,-1.3,-1.5,-2.1,-0.2,0,-2.8,-2,-2,-2.4,-0.2,-0.2,-3.2,-2,-2.3,-3.9,-0.2,0.1,1.3,2.1,2.9,3.7,0.4,-0.4,0.8,1.2,1.9,2,0.4,-0.3,1.1,2,2.7,3.4,0.3,-0.4,1.9,3.1,3.9,5.8,0.3,-0.5,1.2,0.9,0.5,-0.4,0.2,0.6,1.1,0.7,-0.3,-0.9,0.1,1.1,1.4,1.1,0.7,-0.4,0.3,0.7,1,0.8,1.1,0,0.1,-0.2,3.7,1.7,0.7,-3.1,0.5,1.5,3.7,1.7,0.5,-3.9,0.3,1.5,4,1.9,0.9,-2.8,0.3,1.3,3.5,1.6,0.7,-3,0.9,1.8,0.3,0.1,0.2,0.1,0.4,0,0.2,-0.1,0.4,0.2,0.1,0,0.2,0,0.2,0.3,1.5,0.1,0.6,0.1,1.7,0,0.8,0.1,1.5,0.1,0.5,0.2,1,0.2,0.4,-0.1,0,0,-0.2,-0.4,0,0,-0.1,-0.4,0,0,-0.2,-0.5,0.1,-0.1,-0.2,-0.3,-0.7,0.2,0.7,-5,-0.7,0.2,0.7,-5.3,-0.7,0.3,0.7,-4.9,-0.7,0.2,0.6,-4.3,-0.9,0.9,-0.1,0,-0.4,0.8,-0.1,0,-1.3,0.9,-0.1,0,-1.7,0.9,-0.2,-0.2,-4.1,-3.1,4.4,6.9,-3.3,-1.7,2.7,4.3,-3.6,-1.9,2.9,4.9,-5.5,-5.4,8.6,12.6,-1.4,-0.8,-0.1,-0.4,-1.6,-0.8,-0.1,0,-1.5,-0.9,-0.1,-0.1,-1.1,-0.7,-0.1,-1,-0.6,0.1,0.9,0.2,-0.4,0.1,0.7,0.1,-0.6,0.1,0.9,0.2,-0.7,0.2,1.1,0.3,0.3,0.4,-0.5,0.2,0.3,0.2,-0.7,0.2,0.4,0.4,-0.6,0.2,0.2,0.4,-0.3,0.4,1.4,1,-1,0.1,0.7,0.4,-0.7,0.2,1.6,1.2,-1.1,0.2,1.5,1.3,-1.2,-0.2,2.7,53.97,7.7995,0.94275,53.1,9400.5036,2776,13516.87988,2.96,5.9
2005/4/30,0.5,0.7,0.4,0.2,1.4,1.7,1.4,1,-1.5,-1.2,-1.7,-1.7,7.8,8,7.7,7.3,0.1,0,0,0.4,2.8,3.6,3.7,0.8,-1.9,-1.2,-1.8,-2.5,0.8,0.5,0.7,1.3,0.9,0.6,1.2,0.9,0.4,-0.2,0.1,1.1,0.2,0,0.2,0.5,-0.5,-0.7,-0.4,-0.2,0.2,0.3,0.2,0.2,1,1,1,0.9,0.5,0.4,0.6,0.6,7.5,6.3,6.9,9,-0.1,-0.3,-0.2,0.3,-0.1,-0.3,-0.1,0,0.1,-0.1,0.1,0.3,-0.2,-0.1,-0.4,0,0.8,-0.5,0.2,-1.5,1,0.3,1.1,-0.2,0.4,-1.5,0.9,0.3,0.8,-0.5,0.1,-1.5,0.9,0.3,0.3,-1,-0.1,-1.6,1.2,0.3,2,1,1.6,0.8,0.4,-0.2,2.4,1.3,1.7,1.1,0.4,0,1.9,0.9,1.4,0.9,0.5,0,1.5,0.7,1.6,-0.1,0.3,-0.6,-2.2,-3.1,-4.3,-7.1,1.6,2.8,-1.7,-2.6,-3.7,-6.2,1.4,2.5,-2.4,-3.3,-4.6,-7.4,1.6,2.9,-2.3,-3.3,-4.6,-7.9,1.6,2.9,6.9,3.8,12.8,-4.2,4,-5,7.1,3.5,14.1,-4.6,4.5,-6.1,6.8,3.8,12.6,-4,3.9,-4.9,6.7,4.1,11,-3.3,3.2,-3.7,-0.1,0.4,-0.2,0.2,-0.3,0.3,-0.1,0.3,-0.3,0.4,-0.3,0.3,-0.1,0.5,-0.2,0.2,-0.5,0.2,0.3,0.6,0.3,-0.4,-0.2,0.1,2.3,4.5,5.1,6.9,-1.7,-2.3,4.4,5.7,5,5.7,-2.1,-1.4,5.1,6.3,5.8,6.8,-2.6,-2.1,-3.7,0.5,4.1,8.2,0.3,-3.3,-2,-2,-2.2,-1.6,0.1,0.3,-1.5,-1.8,-1.8,-1.1,0.6,0.6,-2.2,-2.3,-2.3,-1.6,0.5,0.5,-2.2,-1.8,-2.6,-1.9,-0.7,0.1,2.5,0.7,3.1,6.6,0.1,-2.3,1.6,0.4,1.8,3.9,0.1,-1.3,2.3,0.7,3,6.2,0,-2.3,3.4,1.1,4.4,9.6,0.2,-3.1,1.1,-0.1,0.6,-0.2,1,0.3,0.8,-0.1,0,-0.6,0.7,0.6,1.4,0.1,0.8,-0.1,1.1,0.4,0.9,-0.4,0.8,0.1,1.3,0.1,2.2,-1.6,1,-1.4,2,-0.6,2,-1.8,0.9,-2.1,1.6,-1.1,2.2,-1.6,1.2,-1.2,1.7,-1.1,2.5,-1.6,1,-1.2,2.7,0.1,0,-0.4,0,0.6,0,-0.1,-0.1,0.4,-0.1,-0.3,0.1,0.6,0.1,-0.7,0.2,0.7,-0.2,0.2,-0.3,-0.1,-0.2,0.3,-0.5,-0.2,-0.3,0.3,-0.3,-0.1,-0.2,0.1,0,0.1,0,-0.1,-0.1,-0.4,0,-0.1,-0.2,-0.3,0,0,-0.1,-0.5,0.1,-0.2,-0.1,-0.4,-0.3,0.4,0.8,0.2,-0.3,0.2,0.8,0.1,-0.3,0.4,0.8,0.2,-0.3,0.9,0.7,0.4,0.4,0.3,-0.2,0.1,0.2,0.1,-0.3,0.1,0.6,0.5,-0.2,0.1,0.7,0.7,0.1,0,5.2,-6,4.5,7.6,4.4,-4.6,4.6,7.9,4.9,-5,4.5,8.7,6.2,-8.3,4.3,5.9,-0.4,-0.6,0,0.4,-0.3,-0.7,0,0.1,-0.4,-0.6,0.1,0.1,-0.3,-0.7,-0.1,1.1,0.8,0,0.5,1.3,0.7,0,0.4,0.8,0.8,0.1,0.5,1.2,1,0.1,0.5,1.7,0.1,-0.3,-0.1,0.3,0,-0.1,-0.1,0.3,0,-0.3,-0.1,0.3,0.2,-0.5,-0.2,0.2,-1,-0.6,-0.4,1.6,-0.5,-0.3,-0.4,1.8,-1.2,-0.6,-0.5,1.7,-1,-0.7,-0.2,1.4,1.8,55.33,7.7915,0.9437,51.88,10592,2611,13908.96973,2.97,5.9
2005/5/31,0.8,0.9,0.8,0.8,1.9,2.3,2,1,-0.9,-0.8,-1,-0.8,3.8,3.6,3.9,4,-0.4,-0.4,-0.4,-0.1,2.2,2.9,3,0.3,-2.1,-1.8,-2.5,-1.9,3.1,2,2.9,4.3,1.2,0.9,1.4,1.3,0.5,-0.7,0.4,1.5,-0.1,0,-0.1,-0.1,0.2,0.3,0.1,0,0.3,0.2,0.3,0.3,0.9,0.9,0.9,0.8,-0.2,-0.2,-0.2,-0.2,-2.2,-2.2,-2.4,-1.8,-1,-1.1,-1.3,-0.7,0,0.1,0,0,0,0,0,0,-0.5,-0.7,-0.4,-0.4,0.5,0.8,0.2,-0.9,0,0.6,0.7,1.1,0.6,-0.7,-0.2,0.3,0.4,0.8,0.2,-0.9,0,0.6,0.2,0.5,-0.2,-1.1,0.3,1,1.4,2.5,1.9,1,-0.6,0,1.7,2.9,2.2,1.3,-0.6,0.1,1.4,2.6,1.8,1.1,-0.6,0.2,1,1.9,1.3,0.3,-0.9,-0.3,-1.5,-2.6,-3.9,-6.7,1.7,3,-1.2,-2.2,-3.4,-5.8,1.4,2.6,-1.7,-2.9,-4.2,-7.1,1.9,3.2,-1.7,-2.7,-4,-7.4,1.9,3.2,7.8,2,13,1.3,1.8,-9.2,8,1.8,14.3,1.2,1.8,-10.7,7.7,2,12.8,1.4,1.9,-8.9,7.3,2.4,11.2,1.4,1.6,-7.2,0.1,-0.1,-0.4,0.9,-0.3,0,0,-0.1,-0.5,0.9,-0.3,0.1,0,-0.1,-0.4,0.9,-0.3,0,0.4,-0.1,-0.1,0.4,0,0,2.8,3.4,2.6,10.4,-1.2,-0.4,3.6,4.3,2.6,8.5,-1.4,0.3,3.7,4.9,3.5,9.9,-1.9,-0.5,0.8,0.2,1.3,13.1,0.1,-1,-1.9,-2.7,-2,-1.3,0.6,-0.1,-1.2,-2.2,-1.4,-0.5,0.4,-0.4,-1.8,-2.8,-2,-1,0.3,-0.5,-2.5,-3.2,-2.7,-2.5,1.3,0.8,0.8,1.3,2.4,3.2,1.8,0.7,0.5,0.8,1.4,1.7,1.2,0.6,0.7,1.1,2.3,2.9,1.8,0.6,1.3,1.9,3.5,5.1,2.4,0.8,0.9,1.2,0.9,0.2,0,0.3,0.6,1.1,0.5,-0.4,-0.2,0.4,1.2,1.4,1.1,0.4,0,0.3,0.9,1,0.7,0.5,0.3,0.6,0.4,3.7,0.9,0.6,-3.2,-0.4,-0.2,3.7,0.9,0.4,-4.4,-1.6,0.1,4,1.1,0.8,-3.6,-0.7,1.1,3.5,0.7,0.4,-2,0.8,0.2,0.3,0.1,-0.4,0,0.4,0.1,-0.2,0.2,0.4,0.2,-0.4,0.5,0.2,0.2,-0.6,-0.5,1.5,0,-0.1,-0.7,1.7,0,-0.2,-0.4,1.5,0,-0.2,-0.2,1,-0.1,0.1,0.2,0,-0.1,-0.4,0.3,0,-0.1,-0.2,0.2,0,-0.1,-0.4,0.2,0.1,0,-0.6,1,-0.7,0.4,4.8,1,-0.7,0.4,5.2,1,-0.7,0.4,4.7,0.9,-0.7,0.4,4.1,0.5,-0.9,-0.1,0.5,0.4,-0.4,0,0.4,0.6,-1.3,-0.1,0.5,0.6,-1.7,-0.3,0.5,7.5,-4.1,6.1,-1.9,6.3,-3.3,5.4,-1.9,6.9,-3.6,6.7,-1.9,9,-5.5,6,-1.8,-0.1,-1.4,-0.3,-0.3,-0.3,-1.6,-0.4,0,-0.2,-1.5,-0.5,-0.1,0.3,-1.1,-0.2,-0.8,-0.1,-0.6,-0.4,-2.4,-0.3,-0.4,-0.5,-1.5,-0.1,-0.6,-0.5,-2.3,0,-0.7,-0.3,-3.1,0.1,0.3,-0.2,-0.3,-0.1,0.3,0,-0.3,0.1,0.4,-0.1,-0.2,0.3,0.2,-0.3,-0.3,-0.2,1.4,-0.2,-0.9,-0.1,0.7,-0.2,-0.7,-0.4,1.6,-0.2,-0.9,0,1.5,-0.3,-1,1.8,55.61,7.7785,0.9416,48.65,12610,2257,13867.07031,3.09,5.7
2005/6/30,1.2,1.3,1.2,1,2.3,2.8,2.4,1.3,-0.2,-0.3,-0.2,-0.2,3.9,3.8,4,4.1,1.5,1.6,1.5,1.1,1.7,2.3,2.3,0.2,-1.9,-1.3,-2,-2.4,2.3,1.5,2.1,3.2,1.5,1.4,1.7,1.4,1.2,0.2,1.2,2,0.3,0.4,0.3,0.2,0.6,0.8,0.6,0.3,0.3,0.2,0.4,0.4,0.2,0.3,0.2,0.2,0.7,0.8,0.6,0.6,-1.8,-1.3,-1.5,-2.6,-0.6,-0.7,-0.6,-0.5,-0.1,-0.2,-0.1,0,0.8,0.9,0.8,0.8,0.3,0.2,0.3,0.3,0.8,0.8,0.2,-0.1,0.4,1,0.9,1.1,0.5,0.1,0.2,0.8,0.8,0.8,0.2,-0.2,0.4,1,0.8,0.3,-0.1,-0.3,0.7,1.1,1.9,2,1.6,1.4,0.3,0.7,2.3,2.4,1.9,1.7,0.4,0.9,2,1.9,1.5,1.4,0.5,0.9,1,1.5,1.2,0.7,-0.2,0.1,-0.9,-2.2,-3.4,-6.2,2,3.2,-0.8,-1.7,-2.9,-5.5,1.4,2.6,-1,-2.4,-3.7,-6.6,2.2,3.5,-0.8,-2.3,-3.6,-6.4,2.1,3.4,3.8,6.9,4.1,12.8,-3,-0.2,3.6,7.1,4.1,14.4,-3.3,-0.3,3.9,6.8,4.2,12.5,-2.8,-0.2,4,6.7,4,9.8,-2.6,0.1,-0.4,-0.1,-0.2,0,1.6,1.7,-0.4,-0.1,-0.2,0,1.7,1.8,-0.4,-0.1,-0.2,0,1.6,1.7,-0.1,0.3,-0.4,0.2,0.8,1.5,2.2,2.3,4.3,10.5,-0.6,-2.6,2.9,4.4,5.2,8.7,-2.1,-2.9,3,5.1,5.9,10.3,-2.8,-3.6,0.3,-3.7,1,12.7,3.9,-0.8,-2.1,-2,-1.8,-1.3,0.1,-0.1,-1.8,-1.5,-1.3,-1,0.2,0,-2.5,-2.2,-2,-1.4,0.2,0,-1.9,-2.2,-2,-1.6,-0.2,-0.4,3.1,2.5,2.1,3.2,-0.2,0.2,2,1.6,1.2,1.6,-0.1,0.3,2.9,2.3,2,3,-0.2,0.1,4.3,3.4,3.1,5.4,-0.2,0.1,1.2,1.1,0.9,1.2,0.4,0.6,0.9,0.8,0.7,0.8,0.6,0.7,1.4,1.4,1.1,1.3,0.3,0.6,1.3,0.9,0.8,1.5,0.5,0.6,0.5,2.2,1.7,1,-1,-0.5,-0.7,2,1.7,0.7,-1.8,-1.5,0.4,2.2,1.9,1.1,-1,-0.7,1.5,2.5,1.6,1,-0.5,0.4,-0.1,0,0.1,-0.1,0,0,0,0,-0.1,-0.1,0.2,-0.1,-0.1,0.1,0,-0.1,0.2,-0.2,0.1,0.2,0.3,-0.2,0,0.4,0.1,-0.3,0.1,0.2,0,-0.2,0.2,0,0.3,0,0,-0.3,0.2,0,0,-0.3,0.3,0,0,-0.4,0.3,0.1,-0.1,-0.3,0.9,-0.3,0.2,0.1,0.9,-0.3,0.2,0.1,0.9,-0.3,0.3,0.1,0.8,-0.3,0.2,0.1,-0.2,0.4,0.9,-0.8,-0.2,0.2,0.8,-0.9,-0.2,0.6,0.9,-0.9,-0.2,0.7,0.9,-0.4,-2.2,5.2,-3.1,-1.6,-2.2,4.4,-1.7,-0.9,-2.4,4.9,-1.9,-1,-1.8,6.2,-5.4,-3.3,-1,-0.4,-0.8,-0.2,-1.1,-0.3,-0.8,-0.4,-1.3,-0.4,-0.9,-0.3,-0.7,-0.3,-0.7,0.3,0,0.8,0.1,0.5,0.1,0.7,0.1,0.3,0,0.8,0.1,0.5,0,1,0.2,0.8,0,0.1,0.4,0.5,0,0,0.2,0.4,0,0,0.4,0.5,0,0.2,0.4,0.7,-0.5,-1,1,-0.2,-0.7,-0.5,0.4,-0.5,-0.4,-1.2,1.2,-0.2,-0.4,-1,1.3,0,1.6,56.07,7.7715,0.9404,54.35,13721,2286,14201.05957,3.35,5.7
2005/7/31,1.3,1.3,1.3,1.3,2,2.5,2.2,1,0.5,0.4,0.6,0.5,2.9,2.8,3,3.1,1.3,1.4,1.3,0.8,3.3,3.3,3.3,3.4,-1.7,-1.1,-1.8,-2,2.4,1.7,2.2,3.1,1.9,1.4,1.9,2.4,0.7,-0.3,0.5,1.6,0.1,0,0.1,0.3,0,0.1,0.1,-0.2,0.4,0.3,0.5,0.3,-0.9,-0.9,-1,-0.9,0.2,0.1,0.2,0.4,-4.3,-3.9,-4.3,-4.7,-0.6,-0.5,-0.7,-0.6,0.1,0,0,0.1,1,0.6,1,1.5,1,0.1,0.9,1.7,1.2,0.5,-0.5,0.9,0.8,1.8,1.3,0.7,-0.2,1.5,0.6,1.5,1.2,0.4,-0.5,0.8,0.9,1.8,1,0.2,-1,0.4,1.1,2.3,2.3,1.4,1,1.5,0.6,1,2.8,1.7,1.3,2.1,0.8,1.2,2.4,1.4,0.9,1.6,0.8,1.3,1.3,1,0.7,0.3,0,0.3,-0.2,-1.5,-3.1,-2.8,2,3.6,-0.3,-1.2,-2.6,-1,1.6,3,-0.2,-1.7,-3.3,-3.4,2.3,3.9,-0.2,-1.7,-3.3,-4.1,2.2,3.8,3.9,7.8,3.8,13.5,-4.9,-0.9,3.8,8,3.5,15.1,-5.2,-0.7,4,7.7,3.8,13.2,-4.7,-0.8,4.1,7.3,4.1,10.4,-4.2,-1,1.5,0.1,0.4,-0.1,1.2,0.9,1.6,0,0.3,-0.1,1.4,1.1,1.5,0,0.5,-0.1,1.3,0.8,1.1,0.4,0.6,-0.1,0.4,0.2,1.7,2.8,4.5,7.5,0.5,-1.2,2.3,3.6,5.7,6.5,-0.3,-2.4,2.3,3.7,6.3,7.6,-0.4,-3,0.2,0.8,0.5,8.4,2.6,2.9,-1.9,-1.9,-2,-1.8,0.2,0.3,-1.3,-1.2,-1.8,-1.3,0.1,0.7,-2,-1.8,-2.3,-1.8,0,0.5,-2.4,-2.5,-1.8,-2.3,0.5,-0.2,2.3,0.8,0.7,4,1.6,1.7,1.5,0.5,0.4,2,1.2,1.3,2.1,0.7,0.7,3.7,1.5,1.5,3.2,1.3,1.1,6.7,1.8,2,1.5,0.9,-0.1,1.1,1,2,1.4,0.6,-0.1,0.7,0.8,1.5,1.7,1.2,0.1,1.3,0.7,1.8,1.4,0.9,-0.4,1.2,1.5,2.8,1.2,0.4,-1.6,1.7,0.3,2.3,0.2,-0.2,-1.8,1.2,-0.1,1.5,1.2,0.1,-1.6,1.9,0.4,2.1,2,1.1,-1.6,2,0.5,3.2,0.3,0.2,-0.4,0,0.4,0,-0.1,0.1,0.3,0.2,-0.3,0,0.2,0.5,-0.7,-0.1,0.6,-0.5,0.2,0.2,0.8,-0.7,0.3,0.4,0.6,-0.4,0.3,0.2,0.3,-0.2,0.1,-0.1,0.3,0.2,-0.1,-0.4,0.2,0.3,-0.1,-0.3,0.4,0.2,0,-0.4,0.4,0.2,-0.2,-0.4,0.2,1,0.4,0,0.3,1,0.2,0,0.2,1,0.4,0,0.2,0.9,0.9,0,0.7,0.5,0.3,0.1,0.8,0.4,0.1,0,0.6,0.6,0.5,0.1,0.6,0.6,0.7,0.2,-1.8,7.5,-6,-6,-1.3,6.3,-4.6,-4.9,-1.5,6.9,-5,-5.4,-2.6,9,-8.3,-8.1,-0.6,-0.1,-0.6,-0.6,-0.7,-0.3,-0.7,-0.5,-0.6,-0.2,-0.6,-0.6,-0.5,0.3,-0.7,-0.8,-0.1,-0.1,0,0.2,-0.2,-0.3,0,0,-0.1,-0.1,0.1,0.1,0,0,0.1,0.4,0.8,0.1,-0.3,0.8,0.9,-0.1,-0.1,1,0.8,0.1,-0.3,1,0.8,0.3,-0.5,0.4,0.3,-0.2,-0.6,1.9,0.2,-0.1,-0.3,1.5,0.3,-0.4,-0.6,1.9,0.3,0,-0.7,2.1,1.8,55.59,7.773,0.95905,57.52,14713.0992,2016,14880.98047,3.31,6
2005/8/31,1.4,1.3,1.4,1.5,2,2.4,2.2,1,1,0.8,1.1,1.1,2.5,2.4,2.5,2.7,-0.1,-0.1,-0.1,-0.1,1.4,1.6,1.3,1.3,-1.9,-1.6,-2.1,-1.7,2.9,1.8,2.7,4.1,2.4,1.9,2.4,2.9,0.6,-0.5,0.3,1.8,-0.2,-0.2,-0.2,-0.1,-0.3,-0.4,-0.2,-0.1,0.3,0.3,0.3,0.3,-0.3,-0.3,-0.3,-0.2,-0.9,-1.2,-0.7,-0.5,-4.2,-3.4,-3.6,-5.6,-0.7,-0.7,-0.9,-0.6,-0.1,-0.1,-0.1,-0.1,0.2,0.2,0.3,0.2,0.1,-0.1,0.1,0.3,1.3,0.8,0.8,0.8,0.6,0.6,1.3,0.9,1.1,1.4,0.4,0.2,1.3,0.8,0.8,0.7,0.6,0.6,1.3,0.8,0.5,0.1,0.7,1,2,1.9,2.5,1.3,0.1,-0.5,2.5,2.3,2.9,1.7,0.1,-0.5,2.2,2,2.6,1.3,0.2,-0.4,1,1,1.9,0.5,0,-0.9,0.5,-0.9,-2.6,-2.3,1.9,3.6,0.4,-0.8,-2.2,-0.4,1.6,3,0.6,-1,-2.9,-2.8,2.1,4,0.5,-0.8,-2.7,-3.8,1.9,3.8,2.9,3.8,2,12.2,-1.3,0.5,2.8,3.6,1.8,13.4,-1.2,0.6,3,3.9,2,12,-1.4,0.5,3.1,4,2.4,10.4,-1.3,0.3,1.3,-0.4,-0.1,-0.1,0.3,0,1.4,-0.4,-0.1,-0.2,0.3,0,1.3,-0.4,-0.1,-0.1,0.3,0,0.8,-0.1,-0.1,0.2,0,0,3.3,2.2,3.4,7,-0.8,-2,3.3,2.9,4.3,6.8,-1.3,-2.7,3.3,3,4.9,7.9,-1.7,-3.6,3.4,0.3,0.2,5.7,1,1.1,-1.7,-2.1,-2.7,-1.8,0.2,0.8,-1.1,-1.8,-2.2,-1.3,0.2,0.6,-1.8,-2.5,-2.8,-1.8,0.4,0.7,-2,-1.9,-3.2,-2.3,0.2,1.5,2.4,3.1,1.3,4,-0.2,1.6,1.7,2,0.8,2.3,-0.2,1,2.2,2.9,1.1,3.8,-0.2,1.6,3.1,4.3,1.9,6.3,-0.2,2.2,1.9,1.2,1.2,0.6,1.2,1.2,1.4,0.9,1.1,0,1,0.8,1.9,1.4,1.4,1,1,1,2.4,1.3,1,0.7,1.6,1.9,0.7,0.5,3.7,1.1,0.1,-3.1,-0.3,-0.7,3.7,0.7,0.2,-4.2,0.5,0.4,4,1.3,-0.1,-3.7,1.6,1.5,3.5,1.2,0.3,-1.7,0.1,-0.1,0.3,-0.2,0,0,0.4,-0.2,0.1,-0.1,0.4,-0.2,0.3,-0.1,0.2,-0.4,0,0.2,1.5,-0.2,0.1,0.3,1.7,-0.3,0.1,0.1,1.5,-0.2,-0.2,0,1,-0.1,0.4,0.3,0,-0.2,0.3,0.2,0,-0.1,0.5,0.3,0,-0.2,0.3,0.3,0.1,-0.3,-0.9,0.9,-0.7,0.2,-0.9,0.9,-0.7,0.2,-1,0.9,-0.7,0.2,-0.9,0.8,-0.7,0.2,0.2,-0.2,-0.9,0,0.1,-0.2,-0.4,0,0.2,-0.2,-1.3,0,0.4,-0.2,-1.7,0,-4.3,-2.2,-4.1,-2.7,-3.9,-2.2,-3.3,-1.9,-4.3,-2.4,-3.6,-2.2,-4.7,-1.8,-5.5,-4.4,-0.6,-1,-1.4,-0.4,-0.5,-1.1,-1.6,-0.2,-0.7,-1.3,-1.5,-0.3,-0.6,-0.7,-1.1,-0.7,0.1,0,-0.6,-0.1,0,0.1,-0.4,0,0,0,-0.6,-0.1,0.1,0,-0.7,-0.3,1,0,0.3,-0.2,0.6,0,0.3,-0.2,1,0,0.4,-0.1,1.5,0,0.2,-0.3,1,-0.5,1.4,0.3,0.1,-0.7,0.7,0.3,0.9,-0.4,1.6,0.4,1.7,-0.4,1.5,0.2,1.3,55.24,7.7715,0.96075,63.98,14876,1976,14903.5498,3.63,6
2005/9/30,1.6,1.5,1.7,1.7,1.6,1.9,1.9,0.6,1.6,1.3,1.8,1.8,4.1,4,4.2,4.3,0.4,0.4,0.4,0.5,2.1,2.5,2.3,1.4,-1.6,-1.2,-1.8,-1.5,2.9,2.1,2.6,3.9,2.1,1.8,2.3,2.2,1.2,0.3,1.1,2.2,0.5,0.5,0.4,0.5,0.3,0.3,0.3,0.2,0.5,0.4,0.5,0.5,2.2,2.2,2.3,2,-0.1,-0.1,0,0,6.2,4,4.3,10.5,-0.1,-0.4,-0.2,0.2,0.7,0.8,0.6,0.5,-0.8,-0.3,-0.7,-1.4,-0.1,0.4,0,-0.3,1.4,1.2,0.8,0.7,0.4,0.8,1.3,1.3,1.1,1.3,0.2,0.4,1.4,1.2,0.8,0.6,0.5,0.9,1.5,1,0.3,0.3,0.7,1.4,2,2.3,2,1.4,-0.7,-0.4,2.4,2.8,2.4,1.6,-0.9,-0.5,2.2,2.4,1.9,1.3,-0.5,0,1,1.3,1.5,1.1,-0.7,-0.9,1,-0.2,-2.2,-1.8,1.8,3.8,0.8,-0.3,-1.7,0,1.6,3,1.1,-0.2,-2.4,-2.3,2,4.2,1.1,-0.2,-2.3,-3.2,2,4.1,2.5,3.9,6.9,12.5,0.2,-2.8,2.4,3.8,7.1,13.7,0.2,-3.1,2.5,4,6.8,12.3,0.2,-2.6,2.7,4.1,6.7,10.7,0.2,-2.4,-0.1,1.5,-0.1,-0.1,-1.1,0.5,-0.1,1.6,-0.1,-0.1,-1.2,0.5,-0.1,1.5,-0.1,0,-1.1,0.5,-0.1,1.1,0.3,0.2,-0.6,0.2,1.4,1.7,2.3,5.3,0.4,-0.2,1.6,2.3,4.4,4.2,0.2,-1.9,1.3,2.3,5.1,4.9,0,-2.8,1.3,0.2,-3.7,7.2,1.2,5.1,-1.9,-1.9,-2,-2,0.3,0.4,-1.6,-1.3,-1.5,-1.5,0.1,0.3,-2.1,-2,-2.2,-2,0.2,0.4,-1.7,-2.4,-2.2,-2.3,0.9,0.7,2.9,2.3,2.5,2.9,0.6,0.4,1.8,1.5,1.6,1.9,0.6,0.5,2.7,2.1,2.3,2.7,0.5,0.3,4.1,3.2,3.4,3.9,0.7,0.5,2.4,1.5,1.1,0.5,0.6,1,1.9,1.4,0.8,-0.3,0.4,1,2.4,1.7,1.4,0.7,0.6,0.9,2.9,1.4,0.9,1.1,0.8,1.3,0.6,1.2,2.2,0.7,0,-1,-0.5,0.2,2,0.5,0.1,-1.7,0.3,1.2,2.2,0.9,-0.1,-1.1,1.8,2,2.5,0.7,0.2,-0.3,-0.2,0.3,0,0.2,-0.2,0.4,0,0.2,-0.2,0.3,-0.1,0.1,-0.1,0.2,0.1,0.2,-0.3,0.6,-0.2,0.6,-0.4,0.8,-0.2,0.8,-0.2,0.6,-0.3,0.5,-0.1,0.3,-0.2,0.4,0.3,0.3,0,-0.2,0.3,0.2,0,-0.1,0.3,0.4,0,-0.2,0.3,0.4,0.1,-0.2,-0.3,0.2,-0.3,0.7,-0.3,0.3,-0.3,0.7,-0.3,0.2,-0.3,0.7,-0.2,0.2,-0.3,0.6,-0.9,0.7,0.4,-0.1,-1.2,0.8,0.2,-0.1,-0.7,0.6,0.6,-0.1,-0.5,0.6,0.7,-0.2,-4.2,-1.8,5.2,4.4,-3.4,-1.3,4.4,2.7,-3.6,-1.5,4.9,2.9,-5.6,-2.6,6.2,8.6,-0.7,-0.6,-0.4,-0.1,-0.7,-0.7,-0.3,-0.1,-0.9,-0.6,-0.4,-0.1,-0.6,-0.5,-0.3,-0.1,-0.1,-0.1,0.8,0.9,-0.1,-0.2,0.7,0.7,-0.1,-0.1,0.8,0.9,-0.1,0,1,1.1,0.2,0.8,0.1,-0.5,0.2,0.9,0,-0.7,0.3,0.8,0,-0.6,0.2,0.8,0.2,-0.3,0.1,0.3,-1,-1,-0.1,0.2,-0.5,-0.7,0.1,0.3,-1.2,-1.1,0.3,0.3,-1,-1.2,0.9,55.99,7.7575,0.9595,62.91,14938,1907,15428.51953,3.93,5.7
2005/10/31,1.3,1.2,1.4,1.3,1.5,1.8,1.7,0.7,2.3,1.8,2.7,2.4,4.6,4.6,4.7,4.7,0.6,0.4,0.7,0.8,1.9,1.8,2.3,1.3,-6.7,-7.7,-7.7,-4.9,-0.1,-0.5,-0.1,0.5,1.5,1.7,1.7,1.1,1.3,0,1.3,2.2,0.2,0.1,0.2,0.4,-0.3,-0.3,-0.2,-0.2,0.5,0.4,0.5,0.5,1.5,1.5,1.5,1.3,-0.1,-0.1,-0.2,-0.3,4,3,3,6.1,-0.2,-0.4,-0.3,-0.1,-0.4,-0.7,-0.4,-0.1,-0.2,-0.1,-0.2,-0.2,0,0.2,0,0,1.6,1.3,0.5,0.2,0,0.8,1.5,1.3,0.7,0.4,-0.1,0.5,1.7,1.3,0.4,0.1,0.1,1,1.7,1.3,0.2,-0.1,0,1.1,1.6,2,1.4,1.6,-0.5,0.1,1.9,2.5,1.7,1.7,-0.7,0.1,1.9,2.2,1.4,1.4,-0.5,0.3,0.6,1,1,1.6,-0.3,-0.3,1.6,0.5,-1.5,-4.3,1.8,3.8,1.3,0.4,-1.2,-3.7,1.4,3,1.8,0.6,-1.7,-4.6,2.1,4.4,1.8,0.5,-1.7,-4.6,1.9,4.1,4.1,2.9,7.8,12.8,1.7,-3.2,4,2.8,8,14.1,1.8,-3.4,4.2,3,7.7,12.6,1.7,-3,4.3,3.1,7.3,11,1.6,-2.6,0.4,1.3,0.1,-0.2,-0.7,0.5,0.4,1.4,0,-0.3,-1,0.4,0.4,1.3,0,-0.2,-0.6,0.7,0.5,0.8,0.4,0.3,0,0.4,2.1,3.3,2.8,5.1,-1.4,-0.9,2.5,3.3,3.6,5,-1.5,-1.8,2.3,3.3,3.7,5.8,-1,-1.4,1.4,3.4,0.8,4.1,-2.1,0.5,-1.6,-1.7,-1.9,-2.2,-5,-4.8,-1.2,-1.1,-1.2,-1.8,-6.6,-6.5,-1.8,-1.8,-1.8,-2.3,-5.9,-5.9,-1.5,-2,-2.5,-2.6,-2.9,-2.4,2.9,2.4,0.8,3.1,-2.5,-0.9,2.1,1.7,0.5,1.8,-2.2,-1,2.6,2.2,0.7,3,-2.3,-0.8,3.9,3.1,1.3,4.4,-2.6,-0.8,2.1,1.9,0.9,0.6,-0.4,0.6,1.8,1.4,0.6,0,0.3,1.1,2.3,1.9,1.2,0.8,-0.2,0.5,2.2,2.4,0.9,0.8,-1.3,0.2,1.2,0.7,0.4,1,0.6,0.9,0.3,-0.3,-0.2,0.9,0.3,0.2,1.1,0.5,0.1,1.2,0.8,1.2,2.2,1.6,1.1,1,0.6,1.1,0.5,0.1,0.2,0,0.5,0,0,-0.1,0.4,0.1,0.2,0.1,0.5,0.3,0.5,0.2,0.3,0,-0.5,-0.3,0.3,0.1,-0.7,-0.5,0.3,0.1,-0.4,-0.3,0.2,-0.2,-0.2,0,0.5,0.4,0.2,-0.1,0.4,0.3,0.3,-0.2,0.5,0.5,0.2,-0.1,0.5,0.3,0.2,-0.1,2.2,-0.9,1,0.8,2.2,-0.9,1,0.8,2.3,-1,1,0.8,2,-0.9,0.9,0.7,-0.1,0.2,0.5,-0.2,-0.1,0.1,0.4,-0.3,0,0.2,0.6,-0.2,0,0.4,0.6,0.1,6.2,-4.3,7.5,4.5,4,-3.9,6.3,4.6,4.3,-4.3,6.9,4.5,10.5,-4.7,9,4.3,-0.1,-0.6,-0.1,0,-0.4,-0.5,-0.3,0,-0.2,-0.7,-0.2,0.1,0.2,-0.6,0.3,-0.1,0.7,0.1,-0.1,0.5,0.8,0,-0.3,0.4,0.6,0,-0.1,0.5,0.5,0.1,0,0.5,-0.8,1,0.1,-0.1,-0.3,0.6,-0.1,-0.1,-0.7,1,0.1,-0.1,-1.4,1.5,0.3,-0.2,-0.1,1,-0.2,-0.4,0.4,0.1,-0.1,-0.4,0,0.9,-0.4,-0.5,-0.3,1.7,0,-0.2,1.2,54.6,7.7515,0.95875,58.54,13320,1841,14386.37012,4.02,5.4
2005/11/30,1.2,1.1,1.3,1.2,1.3,1.4,1.5,0.7,2.8,2.2,3.3,2.8,4,3.9,4.1,4.1,0.9,0.5,1.1,1.6,0.3,1.1,0.9,-1,-6.9,-8,-7.9,-5.1,0.1,-0.6,0.1,1,1.6,1.7,1.8,1.3,0.9,-0.5,0.9,1.8,0.1,0,0.1,0.1,-0.2,-0.4,-0.2,-0.1,0.4,0.3,0.5,0.4,-0.2,-0.2,-0.2,-0.2,0.2,0.1,0.3,0.5,4.5,4.7,5.2,3.5,-0.6,-0.7,-0.7,-0.4,-0.3,-0.6,-0.3,0.1,-0.1,0,-0.1,-0.2,-0.6,-0.6,-0.6,-0.7,1.3,1.4,0.8,0.2,-0.2,0.4,1.2,1.3,0.9,0.6,-0.2,0.2,1.4,1.4,0.8,0.2,-0.1,0.5,1.3,1.5,0.8,-0.2,-0.3,0.4,1.5,2,1.9,1.9,-0.7,-0.6,1.8,2.4,2.3,2.2,-1,-0.9,1.7,2.2,2,1.8,-0.7,-0.5,0.7,1,1,1.3,-0.3,-0.3,2.3,1,-0.9,-3.9,1.8,3.7,1.8,0.8,-0.8,-3.4,1.4,3,2.7,1.1,-1,-4.2,2.2,4.3,2.4,1.1,-0.8,-4,1.7,3.6,4.6,2.5,3.8,13,1.5,0.2,4.6,2.4,3.6,14.3,1.5,0.3,4.7,2.5,3.9,12.8,1.6,0.2,4.7,2.7,4,11.2,1.4,0.1,0.6,-0.1,-0.4,-0.4,1,1.3,0.4,-0.1,-0.4,-0.5,0.6,0.9,0.7,-0.1,-0.4,-0.4,1.2,1.5,0.8,-0.1,-0.1,-0.1,1.7,1.7,1.9,1.4,2.2,2.6,-1.1,-1.9,1.8,1.6,2.9,2.6,-0.5,-1.8,2.3,1.3,3,3.5,-0.4,-2.1,1.3,1.3,0.3,1.3,-2.3,-1.3,-6.7,-1.9,-2.1,-2,-5,-4.8,-7.7,-1.6,-1.8,-1.4,-6.4,-6.2,-7.7,-2.1,-2.5,-2,-5.8,-5.4,-4.9,-1.7,-1.9,-2.7,-3.4,-3.2,-0.1,2.9,3.1,2.4,-2.8,-3,-0.5,1.8,2,1.4,-2.4,-2.6,-0.1,2.7,2.9,2.3,-2.6,-2.8,0.5,4.1,4.3,3.5,-3.1,-3.3,1.5,2.4,1.2,0.9,-0.8,0.4,1.7,1.9,0.9,0.5,-0.2,0.8,1.7,2.4,1.4,1.1,-0.6,0.4,1.1,2.9,1.3,0.7,-1.6,0,1.3,0.6,0.5,0.9,0.3,0.4,0,-0.5,-0.7,0.9,0,0.2,1.3,0.3,0.4,1.1,0.6,0.5,2.2,1.8,1.5,0.7,0,0.3,0.2,-0.2,-0.1,0.1,0.1,-0.2,0,0.1,0.2,-0.2,-0.1,0.2,0.4,-0.1,-0.1,0.2,-0.3,-0.3,0.2,0,-0.3,-0.4,0.3,0,-0.2,-0.2,0.1,0,-0.2,-0.1,0,-0.1,0.5,0.3,0.3,-0.1,0.4,0.3,0.2,-0.1,0.5,0.3,0.3,-0.1,0.5,0.3,0.3,0,1.5,-0.3,0.9,0.4,1.5,-0.3,0.9,0.4,1.5,-0.3,0.9,0.4,1.3,-0.2,0.8,0.4,-0.1,-0.9,-0.2,-0.1,-0.1,-1.2,-0.2,0,-0.2,-0.7,-0.2,-0.1,-0.3,-0.5,-0.2,-0.3,4,-4.2,-2.2,6.1,3,-3.4,-2.2,5.4,3,-3.6,-2.4,6.7,6.1,-5.6,-1.8,6,-0.2,-0.7,-1,-0.3,-0.4,-0.7,-1.1,-0.4,-0.3,-0.9,-1.3,-0.5,-0.1,-0.6,-0.7,-0.2,-0.4,-0.1,0,-0.4,-0.7,-0.1,0.1,-0.5,-0.4,-0.1,0,-0.5,-0.1,-0.1,0,-0.3,-0.2,0.2,0,-0.2,-0.1,0.2,0,0,-0.2,0.3,0,-0.1,-0.2,0.2,0,-0.3,0,0.1,-0.5,-0.2,0.2,-0.1,-0.7,-0.2,0,0.1,-0.4,-0.2,0,0.3,-0.4,-0.3,1.3,53.31,7.7535,0.95875,55.24,11528,2076,14937.13965,4.03,5.3
2005/12/31,1.3,1.3,1.4,1.3,1.5,1.8,1.6,0.8,3.2,2.7,3.7,3.3,3.5,3.4,3.5,3.6,-0.2,-0.5,0,0.4,-1.8,-1.5,-1.9,-1.9,-6.6,-7.5,-7.5,-5,-0.5,-0.9,-0.5,0.2,1.6,1.6,1.8,1.3,1.2,0.1,1,2.1,0.2,0.2,0.2,0.1,0.3,0.4,0.3,0.2,0.4,0.4,0.4,0.4,-0.3,-0.3,-0.3,-0.3,-0.2,-0.2,-0.3,-0.3,-5.1,-4.2,-4.6,-6.3,-0.5,-0.3,-0.4,-0.7,-0.5,-0.3,-0.4,-0.6,0.3,0.2,0.4,0.4,1.3,1,1.3,1.5,1.2,1.6,1.2,0.2,-0.3,0.1,1.1,1.5,1.3,0.5,-0.2,0,1.3,1.7,1.2,0.2,-0.3,0.2,1.2,1.7,1,-0.1,-0.4,0.3,1.3,1.6,2.3,1.6,-0.1,-0.8,1.4,1.9,2.8,1.9,-0.1,-1,1.5,1.9,2.4,1.5,-0.3,-0.8,0.7,0.6,1.3,1.2,0.2,-0.5,2.8,1.6,-0.2,-3.4,1.6,3.4,2.2,1.3,-0.3,-2.9,1.4,3,3.3,1.8,-0.2,-3.7,1.9,3.9,2.8,1.8,-0.2,-3.6,1.5,3.5,4,4.1,3.9,4.1,-0.6,-0.4,3.9,4,3.8,4.1,-0.6,-0.4,4.1,4.2,4,4.2,-0.7,-0.5,4.1,4.3,4.1,4,-0.7,-0.5,0.9,0.4,1.5,-0.2,-0.6,-1.7,0.5,0.4,1.6,-0.2,-0.9,-2.1,1.1,0.4,1.5,-0.2,-0.4,-1.5,1.6,0.5,1.1,-0.4,-0.1,-0.7,0.3,2.1,1.7,4.3,-3.9,-3.5,1.1,2.5,2.3,5.2,-4,-3.8,0.9,2.3,2.3,5.9,-4.2,-4.2,-1,1.4,0.2,1,-3.3,-2.1,-6.9,-1.6,-1.9,-1.8,-5,-4.7,-8,-1.2,-1.3,-1.3,-6.3,-6.2,-7.9,-1.8,-2,-2,-5.7,-5.5,-5.1,-1.5,-2.4,-2,-3.5,-2.6,0.1,2.9,2.3,2.1,-3.4,-2.8,-0.6,2.1,1.5,1.2,-3,-2.4,0.1,2.6,2.1,2,-3.1,-2.6,1,3.9,3.2,3.1,-3.7,-3,1.6,2.1,1.5,0.9,-0.5,0.1,1.7,1.8,1.4,0.7,-0.2,0.2,1.8,2.3,1.7,1.1,-0.5,0.1,1.3,2.2,1.4,0.8,-0.9,-0.1,0.9,1.2,1.2,1.7,0,0,-0.5,0.3,0.2,1.7,-0.2,-0.1,0.9,1.1,1.2,1.9,-0.1,-0.2,1.8,2.2,2,1.6,-0.1,0.1,0.1,0.5,0.3,0.1,0,0.5,0.4,0,0.1,0.4,0.3,0.2,0.1,0.5,0.2,0,-0.2,0.3,0.6,0.1,-0.4,0.3,0.8,0,-0.2,0.3,0.6,0.1,-0.1,0.2,0.3,0.2,0.4,0.5,0.3,0,0.3,0.4,0.2,0,0.5,0.5,0.4,0,0.4,0.5,0.4,-0.1,-0.2,2.2,0.2,0.2,-0.2,2.2,0.3,0.2,-0.2,2.3,0.2,0.3,-0.2,2,0.2,0.2,0.2,-0.1,0.7,0.9,0.1,-0.1,0.8,0.8,0.3,0,0.6,0.9,0.5,0,0.6,0.9,4.5,6.2,-1.8,-3.1,4.7,4,-1.3,-1.7,5.2,4.3,-1.5,-1.9,3.5,10.5,-2.6,-5.4,-0.6,-0.1,-0.6,-0.8,-0.7,-0.4,-0.7,-0.8,-0.7,-0.2,-0.6,-0.9,-0.4,0.2,-0.5,-0.7,-0.3,0.7,-0.1,0.1,-0.6,0.8,-0.2,0.1,-0.3,0.6,-0.1,0.1,0.1,0.5,0,0.2,-0.1,-0.8,0.8,0.4,0,-0.3,0.9,0.2,-0.1,-0.7,0.8,0.4,-0.2,-1.4,0.8,0.4,-0.6,-0.1,0.3,1,-0.6,0.4,0.2,0.4,-0.6,0,0.3,1.2,-0.7,-0.3,0.3,1.3,1.6,52.93,7.7525,0.96005,56.86,9905,2219,14876.42969,4.09,5
2006/1/31,1.9,1.6,2,2,1.8,2,1.9,1.3,3.7,3.1,4.2,3.9,3,2.8,3,3.3,-0.9,-0.9,-1,-0.9,-3,-1.7,-2.2,-4.8,-6.4,-7.4,-7.6,-4.3,-0.1,-0.8,-0.2,0.8,2.3,2,2.5,2.2,2.8,0.9,3,3.8,0.2,0.2,0.3,0,0.5,0.5,0.5,0.6,0.4,0.3,0.5,0.4,-0.1,-0.4,0,0.6,-0.4,-0.3,-0.5,-0.5,-7.1,-4.9,-5.4,-11,-0.4,-0.6,-0.6,0.1,0.4,0.1,0.4,0.7,0.4,0.2,0.3,0.5,1,0.5,1.4,1,1.3,1.3,1.3,-0.5,0.6,0.6,1.3,1.2,1.3,-0.2,0.4,0.3,1.4,1.4,1.3,-0.5,0.6,0.7,1.3,1.3,1.3,-1,0.7,0.7,1.5,1.5,2,1,0.3,-0.2,1.8,1.8,2.5,1.3,0.2,-0.5,1.6,1.7,2.2,0.9,0.2,-0.3,0.8,0.7,1,0.7,0.6,0.3,3.2,2.3,0.5,-3.1,1.4,3.2,2.7,1.8,0.4,-2.6,1.3,2.7,3.7,2.7,0.6,-3.3,1.5,3.6,3.3,2.4,0.5,-3.3,1.5,3.4,3.5,4.6,2.9,3.8,-1.6,0.1,3.4,4.6,2.8,3.5,-1.8,0,3.5,4.7,3,3.8,-1.7,0,3.6,4.7,3.1,4.1,-1.4,0.2,-0.2,0.6,1.3,0.4,-1.5,-2.2,-0.5,0.4,1.4,0.3,-1.3,-2.3,0,0.7,1.3,0.5,-1.7,-2.3,0.4,0.8,0.8,0.6,-1.7,-1.7,-1.8,1.9,3.3,4.5,-4.9,-6.3,-1.5,1.8,3.3,5.7,-3.5,-5,-1.9,2.3,3.3,6.3,-4.5,-5.5,-1.9,1.3,3.4,0.5,-6.1,-8.2,-6.6,-6.7,-1.7,-2,0.3,-4.7,-7.5,-7.7,-1.1,-1.8,0.3,-6.3,-7.5,-7.7,-1.8,-2.3,0.1,-5.8,-5,-4.9,-2,-1.8,0.6,-2.3,-0.5,-0.1,2.4,0.7,0,-2.5,-0.9,-0.5,1.7,0.4,-0.3,-2.5,-0.5,-0.1,2.2,0.7,-0.1,-2.4,0.2,0.5,3.1,1.1,0.3,-2.3,1.6,1.5,1.9,-0.1,0.8,0.4,1.6,1.7,1.4,-0.1,0.3,0.6,1.8,1.7,1.9,0.1,0.8,0.6,1.3,1.1,2.4,-0.4,1.1,-0.2,1.2,1.3,0.7,-1.6,1.5,2.1,0.1,0,-0.3,-1.8,0.9,1.2,1,1.3,0.5,-1.6,1.7,2.5,2.1,2.2,1.6,-1.6,1.6,2.2,0.2,0.2,0.1,-0.4,0.2,0.1,0,-0.1,0.2,0.2,0.1,-0.3,0.1,0.4,0.3,-0.7,0.3,-0.3,0,0.2,0.4,-0.3,0.1,0.3,0.3,-0.2,0.1,0.3,0.2,-0.2,-0.2,0.1,0.4,0.5,0.4,-0.1,0.4,0.4,0.3,-0.1,0.4,0.5,0.5,0,0.4,0.5,0.3,-0.2,-0.3,1.5,-0.9,0.4,-0.3,1.5,-0.9,0.2,-0.3,1.5,-1,0.4,-0.3,1.3,-0.9,0.9,-0.2,-0.1,0.2,0.3,-0.2,-0.1,0.1,0.1,-0.3,-0.2,0.2,0.5,-0.3,-0.3,0.4,0.7,-5.1,4,-4.3,-6,-4.2,3,-3.9,-4.6,-4.6,3,-4.3,-5,-6.3,6.1,-4.7,-8.3,-0.5,-0.2,-0.6,-0.6,-0.3,-0.4,-0.5,-0.7,-0.4,-0.3,-0.7,-0.6,-0.7,-0.1,-0.6,-0.7,-0.5,-0.4,0.1,0,-0.3,-0.7,0,0,-0.4,-0.4,0,0.1,-0.6,-0.1,0.1,0.1,0.3,-0.2,1,-0.3,0.2,-0.1,0.6,-0.1,0.4,-0.2,1,-0.3,0.4,-0.2,1.5,-0.5,1.3,0,1,-0.6,1,0.2,0.1,-0.3,1.3,0,0.9,-0.6,1.5,0,1.7,-0.7,1.9,53.65,7.7555,0.96045,62.99,9266.8392,2628,15753.13965,4.47,4.8
2006/2/28,1.2,1.1,1.2,1.4,0.5,0.6,0.6,0.3,4,3.3,4.4,4.2,3.8,3.7,3.9,4.1,-0.2,-1,0.3,1.2,-1.5,-0.5,-0.9,-3,-5.6,-6.4,-6.7,-3.7,1.1,0.2,1,2.2,1.3,1.4,1.4,1.2,-0.1,-0.5,-0.3,0.5,-0.3,0,-0.3,-0.4,0.2,0.3,0.2,0.1,0.2,0.2,0.2,0.4,0.1,0.2,0.1,0.1,-0.2,-0.5,0,0.3,-2.7,-2.2,-2.3,-3.7,-0.6,-0.6,-0.6,-0.5,0.6,0.6,0.6,0.6,-0.6,-0.4,-0.6,-0.8,-1.5,-0.8,-1.7,-1.7,1.9,1.2,1.4,0.8,0,-0.2,1.6,1.1,1.3,1.1,0,-0.2,2,1.3,1.4,0.8,-0.1,-0.2,2,1.2,1.5,0.5,0.2,-0.1,1.8,1.3,2,2.5,-0.8,-1.5,2,1.4,2.4,2.9,-0.8,-1.8,1.9,1.5,2.2,2.6,-0.9,-1.6,1.3,0.7,1,1.9,-0.4,-0.7,3.7,2.8,1,-2.6,1.2,3,3.1,2.2,0.8,-2.2,1.1,2.5,4.2,3.3,1.1,-2.9,1.1,3.3,3.9,2.8,1.1,-2.7,1.4,3.1,3,4,2.5,2,-0.2,1.3,2.8,3.9,2.4,1.8,-0.2,1.3,3,4.1,2.5,2,-0.2,1.4,3.3,4.1,2.7,2.4,0,1.4,-0.9,0.9,-0.1,-0.1,-1.1,-0.1,-0.9,0.5,-0.1,-0.1,-1.5,-0.9,-1,1.1,-0.1,-0.1,-0.8,0.4,-0.9,1.6,-0.1,-0.1,-0.4,1.3,-3,0.3,1.4,3.4,-1.8,-2.9,-1.7,1.1,1.6,4.3,-1.6,-2.1,-2.2,0.9,1.3,4.9,-1.8,-2.2,-4.8,-1,1.3,0.2,-2,-4.3,-6.4,-6.9,-1.9,-2.7,1.3,-3.7,-7.4,-8,-1.6,-2.2,1.6,-4.8,-7.6,-7.9,-2.1,-2.8,1.2,-4.6,-4.3,-5.1,-1.7,-3.2,1.4,-2,-0.1,0.1,2.9,1.3,1,-1.8,-0.8,-0.6,1.8,0.8,0.8,-1.6,-0.2,0.1,2.7,1.1,0.9,-1.7,0.8,1,4.1,1.9,1.2,-1.9,2.3,1.6,2.4,1.2,-0.3,-1.1,2,1.7,1.9,1.1,-0.3,-0.5,2.5,1.8,2.4,1.4,-0.4,-1,2.2,1.3,2.9,1,-0.1,-1.7,2.8,0.9,0.6,3.7,-1,-0.7,0.9,-0.5,-0.5,3.7,0,0,3,0.9,0.3,4,-1.2,-0.6,3.8,1.8,1.8,3.5,-1.3,-1.3,0.2,0.1,-0.2,0.3,0.2,0,-0.2,0.4,0.3,0.1,-0.2,0.4,0,0.1,-0.1,0.2,0.5,-0.2,-0.3,1.5,0.5,-0.4,-0.4,1.7,0.5,-0.2,-0.2,1.5,0.6,-0.1,-0.1,1,0.4,0.4,0.3,0,0.3,0.3,0.3,0,0.5,0.5,0.3,0,0.4,0.4,0.3,0.1,-0.1,-0.2,-0.3,-0.7,-0.4,-0.2,-0.3,-0.7,0,-0.2,-0.3,-0.7,0.6,-0.2,-0.2,-0.7,-0.4,0.2,-0.9,-0.9,-0.3,0.1,-1.2,-0.4,-0.5,0.3,-0.7,-1.3,-0.5,0.5,-0.5,-1.7,-7.1,4.5,-4.2,-4.1,-4.9,4.7,-3.4,-3.3,-5.4,5.2,-3.6,-3.6,-11,3.5,-5.6,-5.5,-0.4,-0.6,-0.7,-1.4,-0.6,-0.7,-0.7,-1.6,-0.6,-0.7,-0.9,-1.5,0.1,-0.4,-0.6,-1.1,0.4,-0.3,-0.1,-0.6,0.1,-0.6,-0.1,-0.4,0.4,-0.3,-0.1,-0.6,0.7,0.1,-0.1,-0.7,0.4,-0.1,0.2,0.3,0.2,0,0.2,0.3,0.3,-0.1,0.3,0.4,0.5,-0.2,0.2,0.2,1,-0.6,0.1,1.4,0.5,-0.6,-0.1,0.7,1.4,-0.6,0.1,1.6,1,-0.7,0.3,1.5,0.9,53.57,7.7585,0.96085,60.21,8653,2679,15918.48047,4.52,4.9
2006/3/31,1.6,1.4,1.7,1.8,0.7,0.7,0.8,0.4,4.8,3.9,5.3,5.1,4.8,4.7,4.9,4.9,-0.8,-1.3,-0.4,0.3,-1.4,-0.4,-0.9,-2.7,-5.5,-6.6,-6.7,-3.4,0.4,-0.4,0.3,1.5,1.2,1.2,1.2,1,0.9,-0.1,0.9,1.5,0.4,0.3,0.4,0.5,-0.1,-0.1,-0.1,-0.1,0.8,0.6,0.9,0.9,0.6,0.6,0.6,0.6,-0.1,-0.1,-0.2,-0.2,5.3,4.5,4.9,6.5,-0.3,-0.5,-0.4,0,0.1,0,0.1,0.3,-0.1,-0.1,-0.2,0,0,0,0,0,1.2,1.3,1.6,0.8,0.3,0,1.1,1.3,1.5,1.1,0.1,-0.1,1.2,1.4,1.7,0.8,0.3,0,1.4,1.3,1.7,0.3,0.5,0.1,0.5,1.5,1.6,2,-0.8,-0.9,0.6,1.8,1.9,2.4,-1.1,-1.2,0.6,1.6,1.9,1.9,-0.8,-1.1,0.3,0.8,0.6,1.5,-0.4,-0.2,4,3.2,1.6,-2.2,1.6,3.2,3.3,2.7,1.3,-1.7,1.2,2.6,4.4,3.7,1.8,-2.4,1.6,3.5,4.2,3.3,1.8,-2.3,1.8,3.3,3.8,3.5,4.1,6.9,1.3,0.7,3.7,3.4,4,7.1,1.3,0.7,3.9,3.5,4.2,6.8,1.4,0.7,4.1,3.6,4.3,6.7,1.3,0.6,-0.2,-0.2,0.4,-0.1,-0.6,-1.2,-1,-0.5,0.4,-0.1,-0.8,-1.7,0.3,0,0.4,-0.1,-0.4,-0.8,1.2,0.4,0.5,0.3,-0.1,-0.2,-1.5,-1.8,2.1,2.3,0.4,-3.5,-0.5,-1.5,2.5,4.4,1.1,-2.9,-0.9,-1.9,2.3,5.1,1,-3.2,-3,-1.9,1.4,-3.7,-0.8,-4.1,-5.6,-6.6,-1.6,-2,1.1,-3.9,-6.4,-7.5,-1.2,-1.5,0.9,-5.4,-6.7,-7.5,-1.8,-2.2,0.8,-4.9,-3.7,-5,-1.5,-2.2,1.6,-1.9,1.1,-0.5,2.9,2.5,0.9,-2.5,0.2,-0.9,2.1,1.6,0.5,-2.5,1,-0.5,2.6,2.3,0.8,-2.3,2.2,0.2,3.9,3.4,1.3,-2.4,1.3,1.6,2.1,1.1,-0.4,-0.9,1.4,1.6,1.8,0.8,-0.4,-0.6,1.4,1.8,2.3,1.4,-0.6,-1.1,1.2,1.3,2.2,0.9,-0.3,-1.2,-0.1,1.2,1.2,2.2,-0.3,-0.3,-0.5,0.1,0.3,2,-0.2,-0.4,-0.3,1,1.1,2.2,-0.1,-0.2,0.5,2.1,2.2,2.5,-0.6,-0.7,-0.3,0.2,0.5,0,0,0.2,0.5,0,-0.3,0.2,0.4,-0.1,-0.4,0.1,0.5,0.1,0.2,0.3,0.3,-0.2,0.3,0.4,0.3,-0.2,0.2,0.3,0.3,-0.3,0.1,0.2,0.2,-0.2,0.2,0.4,0.5,0,0.2,0.4,0.4,0,0.2,0.4,0.5,0,0.4,0.4,0.5,0.1,0.1,-0.3,2.2,-0.3,0.2,-0.3,2.2,-0.3,0.1,-0.3,2.3,-0.3,0.1,-0.3,2,-0.3,-0.2,-0.2,-0.1,0.4,-0.5,-0.2,-0.1,0.2,0,-0.3,0,0.6,0.3,-0.3,0,0.7,-2.7,-5.1,6.2,5.2,-2.2,-4.2,4,4.4,-2.3,-4.6,4.3,4.9,-3.7,-6.3,10.5,6.2,-0.6,-0.5,-0.1,-0.4,-0.6,-0.3,-0.4,-0.3,-0.6,-0.4,-0.2,-0.4,-0.5,-0.7,0.2,-0.3,0.6,-0.5,0.7,0.8,0.6,-0.3,0.8,0.7,0.6,-0.4,0.6,0.8,0.6,-0.6,0.5,1,-0.6,0.3,-0.8,0.1,-0.4,0.2,-0.3,0,-0.6,0.4,-0.7,0,-0.8,0.4,-1.4,0.2,-1.5,1.3,-0.1,-1,-0.8,1,0.4,-0.5,-1.7,1.3,0,-1.2,-1.7,1.5,-0.3,-1,0.8,54.07,7.7595,0.96595,62.06,10336,2652,15805.04004,5,5
2006/4/30,1.9,1.7,2,2,1.3,1.6,1.4,0.6,4.9,3.9,5.5,5.4,4.1,4,4.1,4.3,-6.7,-8,-6,-4.2,-2,-1.2,-1.6,-3,-6.3,-7.2,-7.4,-4.5,1.1,0.2,0.9,2.1,1.4,1.2,1.5,1.4,1.8,0.8,2.2,2.1,0.5,0.3,0.6,0.6,0.1,0.2,0.1,0,0.4,0.3,0.5,0.4,0.3,0.3,0.3,0.3,-5.6,-6.4,-5.1,-3.9,6.8,5.6,6.2,8.7,-0.9,-0.9,-0.9,-0.9,0.5,0.4,0.5,0.6,0.3,0,0.4,0.6,0.7,0.7,0.9,0.6,1.6,1.9,1.3,0.5,0,0.6,1.4,1.6,1.2,0.7,0.1,0.5,1.7,2,1.4,0.4,0,0.6,1.8,2,1.3,0.2,0,0.7,0.7,1.8,1.5,1.4,-0.5,-0.2,0.7,2,1.8,1.7,-0.4,-0.2,0.8,1.9,1.7,1.4,-0.5,-0.3,0.4,1.3,0.7,1,-0.7,-0.1,4.8,3.7,2.3,-1.5,1.2,2.6,3.9,3.1,1.8,-1.2,0.8,2.1,5.3,4.2,2.7,-1.7,1.3,2.8,5.1,3.9,2.4,-1.7,1.5,3,4.8,3,4.6,7.8,1.1,-0.5,4.7,2.8,4.6,8,1.2,-0.6,4.9,3,4.7,7.7,1.1,-0.6,4.9,3.3,4.7,7.3,1,-0.4,-0.8,-0.9,0.6,0.1,-5.8,-7.3,-1.3,-0.9,0.4,0,-7.1,-8.4,-0.4,-1,0.7,0,-5,-6.7,0.3,-0.9,0.8,0.4,-3.3,-5,-1.4,-3,1.9,2.8,1,-3.9,-0.4,-1.7,1.8,3.6,0.5,-3,-0.9,-2.2,2.3,3.7,0.6,-3.9,-2.7,-4.8,1.3,0.8,1.8,-4.3,-5.5,-6.4,-6.7,-1.9,0.1,0.4,-6.6,-7.4,-7.7,-1.2,0.2,0.5,-6.7,-7.6,-7.7,-1.8,0.2,0.3,-3.4,-4.3,-4.9,-2.5,-0.2,0.4,0.4,-0.1,-0.1,0.8,1.2,1.2,-0.4,-0.8,-0.5,0.5,1,0.7,0.3,-0.2,-0.1,0.7,1.1,1,1.5,0.8,0.5,1.3,1.3,1.6,1.2,2.3,1.5,0.9,-0.9,-0.1,1.2,2,1.7,0.6,-0.8,-0.5,1.2,2.5,1.7,1.2,-1,-0.2,1,2.2,1.1,0.9,-0.8,0.3,0.9,2.8,1.3,0.4,-1,0.5,-0.1,0.9,0,-0.2,-0.1,0.8,0.9,3,1.3,0.1,-0.8,0.9,1.5,3.8,2.2,1.1,-1.7,-0.1,0.4,0.2,0.2,0.2,0.3,0.2,0.1,0,0.4,0.3,0.2,0.2,0.5,0,0.4,0.5,-0.1,0.5,-0.3,-0.5,-0.1,0.5,-0.3,-0.7,-0.1,0.5,-0.2,-0.4,-0.1,0.6,-0.2,-0.2,0.8,0.4,0.5,0.2,0.6,0.3,0.4,0.3,0.9,0.5,0.5,0.2,0.9,0.4,0.5,0.2,0.6,-0.1,1.5,1,0.6,-0.4,1.5,1,0.6,0,1.5,1,0.6,0.6,1.3,0.9,-0.1,-0.4,-0.1,0.5,-0.1,-0.3,-0.1,0.4,-0.2,-0.5,-0.2,0.6,-0.2,-0.5,-0.3,0.6,5.3,-7.1,4,7.5,4.5,-4.9,3,6.3,4.9,-5.4,3,6.9,6.5,-11,6.1,9,-0.3,-0.4,-0.2,-0.1,-0.5,-0.6,-0.4,-0.3,-0.4,-0.6,-0.3,-0.2,0,0.1,-0.1,0.3,0.1,0.4,-0.4,-0.1,0,0.1,-0.7,-0.3,0.1,0.4,-0.4,-0.1,0.3,0.7,-0.1,0,-0.1,0.4,-0.2,0.1,-0.1,0.2,-0.1,-0.1,-0.2,0.3,-0.2,0.1,0,0.5,-0.2,0.3,0,1,0,-0.2,0,0.5,0.2,-0.1,0,1.4,0,-0.4,0,1,0,0,1.2,54.13,7.7515,0.96775,70.26,10919,2532,16661.30078,4.86,5
2006/5/31,2.1,1.8,2.2,2.4,1.7,1.6,1.6,1.9,5,4,5.5,5.5,3.7,3.6,3.8,4,-6.5,-7.8,-5.7,-3.8,-0.8,-0.2,-0.2,-1.8,-7,-7.7,-8.1,-5.4,2.3,1.2,2.2,3.8,1.4,1.2,1.5,1.4,1.9,1.3,2.1,2,0.1,0.2,0,0.3,0.6,0.4,0.4,1.3,0.4,0.3,0.3,0.5,0.5,0.5,0.6,0.5,0.1,0,0.1,0.2,-1,-1.2,-1.1,-0.6,-1.8,-1.6,-2,-1.5,1.3,1.1,1.3,1.6,0,-0.1,0,0.1,-0.4,-0.3,-0.5,-0.5,1.9,1.2,1.2,0.8,0.9,0.9,1.7,1.1,1.1,0.9,0.7,0.7,2,1.2,1.3,0.8,1,0.9,2,1.4,1.2,0.8,1,1.2,1.3,0.5,1.3,1.9,1.2,0.4,1.6,0.6,1.4,2.3,1,0.2,1.4,0.6,1.5,2,1,0.1,0.6,0.3,0.7,1,1.6,1.2,4.9,4,2.8,-0.9,1,2.2,3.9,3.3,2.2,-0.8,0.7,1.8,5.5,4.4,3.3,-1,1.1,2.2,5.4,4.2,2.8,-0.8,1.3,2.7,4.1,3.8,4,3.8,-0.1,-0.3,4,3.7,3.9,3.6,-0.1,-0.3,4.1,3.9,4.1,3.9,-0.1,-0.3,4.3,4.1,4.1,4,-0.1,-0.1,-6.7,-0.2,0.9,-0.4,-6.3,-7.4,-8,-1,0.5,-0.4,-6.8,-8.3,-6,0.3,1.1,-0.4,-6,-6.8,-4.2,1.2,1.6,-0.1,-5,-5.4,-2,-1.5,0.3,2.2,0.7,-1.1,-1.2,-0.5,1.1,2.9,0.3,-1.3,-1.6,-0.9,0.9,3,0.7,-1.1,-3,-3,-1,0.3,1.2,-0.8,-6.3,-5.6,-6.9,-2.1,-1.4,-0.1,-7.2,-6.4,-8,-1.8,-1.3,0.3,-7.4,-6.7,-7.9,-2.5,-1.4,-0.2,-4.5,-3.7,-5.1,-1.9,-1.7,-0.3,1.1,1.1,0.1,3.1,1.2,2.2,0.2,0.2,-0.6,2,1,1.8,0.9,1,0.1,2.9,1.2,2.1,2.1,2.2,1,4.3,1.6,2.8,1.4,1.3,1.6,1.2,0.1,-0.2,1.2,1.4,1.7,0.9,-0.2,-0.5,1.5,1.4,1.8,1.4,0.1,-0.3,1.4,1.2,1.3,1.3,0.2,0.1,1.8,-0.1,0.9,0.5,2,1,0.8,-0.5,-0.5,-0.7,1.8,1.8,2.2,-0.3,0.9,0.4,2.4,1.2,2.1,0.5,1.8,1.5,1.5,0.2,0.5,-0.3,0.1,-0.1,0.3,0,0,0,0.6,-0.3,0.1,-0.1,0.6,-0.4,0.1,-0.1,0.1,0.2,-0.2,0.2,0.2,0.3,-0.4,0.3,0.1,0.2,-0.2,0.1,0,0.1,-0.1,0,0.4,0.2,0.4,0.3,0.3,0.2,0.3,0.2,0.5,0.2,0.5,0.3,0.4,0.4,0.4,0.3,0.3,0.1,-0.2,0.9,0.3,0.2,-0.2,0.9,0.3,0.1,-0.2,0.9,0.3,0.1,-0.2,0.8,-5.6,-0.2,0.2,-0.2,-6.4,-0.5,0.1,-0.2,-5.1,0,0.3,-0.2,-3.9,0.3,0.5,-0.2,6.8,-2.7,4.5,-2.2,5.6,-2.2,4.7,-2.2,6.2,-2.3,5.2,-2.4,8.7,-3.7,3.5,-1.8,-0.9,-0.6,-0.6,-1,-0.9,-0.6,-0.7,-1.1,-0.9,-0.6,-0.7,-1.3,-0.9,-0.5,-0.4,-0.7,0.5,0.6,-0.3,0,0.4,0.6,-0.6,0.1,0.5,0.6,-0.3,0,0.6,0.6,0.1,0,0.3,-0.6,-0.1,0,0,-0.4,0,0,0.4,-0.6,-0.1,0,0.6,-0.8,-0.2,0,0.7,-1.5,-0.6,-0.5,0.7,-0.8,-0.6,-0.7,0.9,-1.7,-0.6,-0.4,0.6,-1.7,-0.7,-0.4,1.4,53.82,7.7575,0.96755,69.78,12966,2251,15857.88965,5.05,4.8
2006/6/30,2.2,1.9,2.2,2.5,2.1,2.1,1.9,2.4,4.9,4,5.4,5.3,2.4,2.1,2.4,2.8,-4.6,-5.7,-3.9,-2.4,0.4,0.9,0.8,-0.3,-6.7,-7.2,-7.6,-5.3,1.9,1,1.8,3.2,0.6,0.2,0.7,0.7,2.1,1.3,2.2,2.4,0.3,0.4,0.3,0.2,1,1.2,0.8,0.7,0.2,0.2,0.2,0.2,-1.1,-1.2,-1.1,-1,2.7,3.1,2.5,2,-0.7,-0.2,-0.5,-1.1,-0.2,-0.1,-0.1,-0.4,-0.5,-0.3,-0.4,-0.7,0,-0.1,0,0.1,0.5,0.2,0.5,0.7,2.1,1.6,1.3,1.2,0.6,0.9,1.8,1.4,1.3,1.3,0.5,0.6,2.2,1.7,1.4,1.2,0.5,0.8,2.4,1.8,1.3,1,0.7,1.2,1.7,0.7,1.5,2.3,1.4,0.6,1.6,0.7,1.8,2.8,1.4,0.3,1.6,0.8,1.6,2.4,1.1,0.3,1.9,0.4,0.8,1.3,2,1.6,5,4.8,3.2,-0.2,0.1,1.7,4,3.9,2.7,-0.3,0.1,1.3,5.5,5.3,3.7,-0.2,0.1,1.7,5.5,5.1,3.3,-0.2,0.2,2,3.7,4.8,3.5,3.9,-2.4,-1.1,3.6,4.7,3.4,3.8,-2.6,-1.3,3.8,4.9,3.5,4,-2.5,-1.1,4,4.9,3.6,4.1,-2.1,-0.8,-6.5,-0.8,-0.2,1.5,-3.8,-4.4,-7.8,-1.3,-0.5,1.6,-4.4,-5.2,-5.7,-0.4,0,1.5,-3.5,-3.9,-3.8,0.3,0.4,1.1,-2.7,-2.8,-0.8,-1.4,-1.8,1.7,1.8,2.2,-0.2,-0.4,-1.5,2.3,1.3,2.4,-0.2,-0.9,-1.9,2.3,1.7,2.7,-1.8,-2.7,-1.9,0.2,2.4,1.6,-7,-5.5,-6.6,-1.9,-1.2,-0.1,-7.7,-6.6,-7.5,-1.3,-0.6,0.3,-8.1,-6.7,-7.5,-2,-0.9,-0.1,-5.4,-3.4,-5,-2.4,-1.9,-0.3,2.3,0.4,-0.5,2.3,1.5,2.4,1.2,-0.4,-0.9,1.5,1.4,1.9,2.2,0.3,-0.5,2.1,1.5,2.3,3.8,1.5,0.2,3.2,1.7,3,1.4,1.2,1.6,1.5,-0.6,-1,1.2,1.2,1.6,1.4,-1,-1.4,1.5,1.2,1.8,1.7,-0.5,-1.1,1.4,1,1.3,1.4,-0.3,-0.6,1.9,0.9,1.2,1.2,1.2,0.9,1.3,-0.1,0.1,0.2,1.4,1.2,2.1,0.9,1,1.2,1.3,1.2,2,1.5,2.1,2,0.9,0.3,0.1,0.4,0.2,0.3,0.2,0.3,0.2,0.4,0,0.4,0.2,0.3,0.3,0.5,0.1,0.2,0.6,-0.1,0.3,0.6,0.4,-0.1,0.4,0.8,0.4,-0.1,0.3,0.6,1.3,-0.1,0.2,0.3,0.4,0.8,0.4,0.3,0.3,0.6,0.4,0.2,0.3,0.9,0.4,0.4,0.5,0.9,0.4,0.4,0.5,0.6,-0.3,0.2,0.5,0.6,-0.3,0.3,0.6,0.6,-0.3,0.2,0.5,0.6,-0.3,0.2,0.1,-0.1,-0.2,0.7,0,-0.1,-0.2,0.8,0.1,-0.2,-0.3,0.6,0.2,-0.2,-0.3,0.6,-1,5.3,-5.1,-1.8,-1.2,4.5,-4.2,-1.3,-1.1,4.9,-4.6,-1.5,-0.6,6.5,-6.3,-2.6,-1.8,-0.3,-0.5,-0.6,-1.6,-0.5,-0.3,-0.7,-2,-0.4,-0.4,-0.6,-1.5,0,-0.7,-0.5,1.3,0.1,-0.5,-0.1,1.1,0,-0.3,-0.2,1.3,0.1,-0.4,-0.1,1.6,0.3,-0.6,0,0,-0.1,0.3,0.8,-0.1,-0.1,0.2,0.9,0,-0.2,0.4,0.8,0.1,0,0.4,0.8,-0.4,0,1.3,0.3,-0.3,0,1,0.2,-0.5,0,1.3,0.3,-0.5,0,1.5,0.3,1.5,53.4,7.7665,0.96975,68.56,13766,2253,16267.62012,5.05,5
2006/7/31,2.3,2,2.4,2.5,2.2,2.1,1.9,2.7,4.8,4,5.2,5.3,4.5,4.2,4.7,4.8,-4.8,-5.8,-4.2,-2.8,0.5,1.8,1.7,-2,-7.1,-7.6,-8.1,-5.6,1.8,0.9,1.6,3,0.5,0.2,0.6,0.5,2.7,1.9,3.1,2.7,0.3,0.2,0.3,0.3,0.1,0.1,0.1,0.1,0.3,0.3,0.3,0.3,1.1,1.1,1.2,1,0,0,-0.1,-0.1,-4.3,-3.1,-3.4,-6.3,-1,-0.9,-1.2,-1,-0.1,-0.1,-0.1,0,0.9,0.6,1,1.2,1.6,0.7,1.8,2,2.2,1.9,1.9,1.3,0.4,0.4,1.9,1.7,1.6,1.3,0.3,0.4,2.2,2,2,1.3,0.4,0.4,2.5,2,2,1.3,0.5,0.5,2.1,1.3,1.8,2,0.9,0.4,2.1,1.6,2,2.5,0.5,0.1,1.9,1.4,1.9,2.2,0.5,0,2.4,0.6,1.3,1,2.1,1.4,4.9,4.9,3.7,0.5,-0.1,1.1,4,3.9,3.1,0.4,0.1,0.9,5.4,5.5,4.2,0.6,-0.3,1,5.3,5.4,3.9,0.5,-0.1,1.4,2.4,4.1,3,2.9,0.4,1.5,2.1,4,2.8,2.8,0.2,1.4,2.4,4.1,3,3,0.6,1.7,2.8,4.3,3.3,3.1,0.5,1.5,-4.6,-6.7,-0.9,1.3,1.9,-3.9,-5.7,-8,-0.9,1.4,2.2,-4.9,-3.9,-6,-1,1.3,1.8,-3.2,-2.4,-4.2,-0.9,0.8,1.4,-1.9,0.4,-2,-3,3.3,2.5,3.5,0.9,-1.2,-1.7,3.3,3,3.5,0.8,-1.6,-2.2,3.3,3.3,3.9,-0.3,-3,-4.8,3.4,1,2.8,-6.7,-6.3,-6.4,-1.7,-0.8,-0.7,-7.2,-7.2,-7.4,-1.1,-0.4,-0.2,-7.6,-7.4,-7.6,-1.8,-0.7,-0.5,-5.3,-4.5,-4.3,-2,-1.1,-1.3,1.9,1.1,-0.1,2.4,0.7,1.9,1,0.2,-0.8,1.7,0.7,1.7,1.8,0.9,-0.2,2.2,0.7,1.8,3.2,2.1,0.8,3.1,0.9,2.2,0.6,1.4,2.3,1.9,-0.9,-1.8,0.2,1.2,2,1.4,-1,-1.8,0.7,1.5,2.5,1.9,-0.9,-1.9,0.7,1.4,2.2,2.4,-0.9,-1.7,2.1,1.8,2.8,0.7,0.9,-0.1,1.3,0.8,0.9,-0.3,1.1,1,2.2,2.2,3,0.5,0.9,0.1,2.4,2.1,3.8,1.6,0.6,-1.1,0.3,0.5,0.2,0.1,0.4,0.3,0.2,0,0.3,0.6,0.3,0.1,0.2,0.6,0,0.3,1,0.1,0.5,0,1.2,0.2,0.5,0.1,0.8,0.1,0.5,0.1,0.7,0,0.6,-0.2,0.2,0.4,0.4,0.4,0.2,0.3,0.3,0.3,0.2,0.5,0.5,0.5,0.2,0.4,0.4,0.3,-1.1,0.3,-0.1,-0.9,-1.2,0.3,-0.4,-0.9,-1.1,0.3,0,-1,-1,0.3,0.6,-0.9,2.7,-5.6,-0.4,0.2,3.1,-6.4,-0.3,0.1,2.5,-5.1,-0.5,0.2,2,-3.9,-0.5,0.4,-0.7,6.8,-7.1,-4.3,-0.2,5.6,-4.9,-3.9,-0.5,6.2,-5.4,-4.3,-1.1,8.7,-11,-4.7,-0.2,-0.9,-0.4,-0.6,-0.1,-0.9,-0.6,-0.5,-0.1,-0.9,-0.6,-0.7,-0.4,-0.9,0.1,-0.6,-0.5,0.5,0.4,0.1,-0.3,0.4,0.1,0,-0.4,0.5,0.4,0,-0.7,0.6,0.7,0.1,0,0.3,0.4,1,-0.1,0,0.2,0.6,0,0.4,0.3,1,0.1,0.6,0.5,1.5,0.5,0.7,1,1,0.2,0.7,0.5,0.1,0.5,0.9,1.4,0.9,0.7,0.6,1,1.7,1,53.74,7.7725,0.97435,73.67,16012.7712,2034,16971.33984,5.31,5.2
2006/8/31,2.5,2.3,2.6,2.6,2.4,2.6,2.1,2.4,4.8,3.9,5.2,5.3,4.8,4.5,4.9,5,-3.2,-3.9,-2.8,-1.7,2.5,4,3.8,-0.3,-7,-7.3,-7.9,-6,2,1.3,1.8,3.1,0.3,0.1,0.4,0.4,2.9,2.2,3.3,2.9,0,0.1,0,-0.1,-0.1,0,0,-0.4,0.3,0.3,0.3,0.3,0,0,0,0,0.7,0.7,0.7,0.7,-2.3,-1.3,-1.6,-3.9,-0.7,-0.4,-0.7,-1,0.1,0.2,0.1,0.1,0.1,0.1,0.1,0,0.3,0.2,0.3,0.4,2.3,2.1,1.2,1.4,0.4,1.3,2,1.8,1.1,1.3,0.5,1.2,2.4,2.2,1.2,1.4,0.4,1.4,2.5,2.4,1.4,1.5,0.2,1.2,2.2,1.7,0.5,2,0.7,1.9,2.1,1.6,0.6,2.4,1,2,1.9,1.6,0.6,2.2,0.5,1.5,2.7,1.9,0.3,1,0.5,2.1,4.8,5,4,1,-0.2,0.8,4,4,3.3,0.8,-0.1,0.6,5.2,5.5,4.4,1.1,-0.3,0.8,5.3,5.5,4.2,1.1,-0.2,1.1,4.5,3.7,3.8,2.5,1.1,1,4.2,3.6,3.7,2.4,0.9,0.8,4.7,3.8,3.9,2.5,1.1,1,4.8,4,4.1,2.7,1,0.9,-4.8,-6.5,-0.2,-0.1,3.3,-3,-5.8,-7.8,-1,-0.1,3.9,-2.9,-4.2,-5.7,0.3,-0.1,2.9,-3.1,-2.8,-3.8,1.2,-0.1,2.1,-2.9,0.5,-0.8,-1.5,1.4,3.3,4,1.8,-0.2,-0.5,1.6,4.2,4.5,1.7,-0.2,-0.9,1.3,4,4.7,-2,-1.8,-3,1.3,1.5,2.7,-7.1,-7,-5.6,-1.9,0,-1.4,-7.6,-7.7,-6.4,-1.6,0.4,-0.9,-8.1,-8.1,-6.7,-2.1,0.2,-1.2,-5.6,-5.4,-3.7,-1.7,-0.6,-2.3,1.8,2.3,1.1,2.9,-0.3,0.9,0.9,1.2,0.2,1.8,0.1,1.1,1.6,2.2,1,2.7,-0.4,0.8,3,3.8,2.2,4.1,-0.7,0.9,0.5,1.4,1.3,2.4,-1.1,-1,0.2,1.2,1.4,1.9,-1.1,-1.3,0.6,1.5,1.4,2.4,-1.1,-1,0.5,1.4,1.2,2.9,-1,-0.8,2.7,1.9,-0.1,0.6,1,3,1.9,1.3,-0.5,-0.5,0.9,2.7,3.1,2.1,-0.3,0.3,1.2,3.6,2.7,2,0.5,1.8,0.9,2.4,0.3,0.1,-0.3,-0.2,0.2,0.2,0,-0.2,0.3,0,-0.3,-0.2,0.3,0.3,-0.4,-0.1,0.1,0.6,0.2,-0.3,0.1,0.4,0.3,-0.4,0.1,0.4,0.2,-0.2,0.1,1.3,0.1,-0.1,0.3,0.4,0.2,0.3,0.3,0.3,0.2,0.3,0.3,0.3,0.2,0.3,0.3,0.5,0.4,0.3,1.1,0.5,0.1,-0.3,1.1,0.5,0.2,-0.3,1.2,0.6,0.1,-0.3,1,0.5,0.1,-0.2,0,0.1,-0.2,-0.9,0,0,-0.5,-1.2,-0.1,0.1,0,-0.7,-0.1,0.2,0.3,-0.5,-4.3,-1,-2.7,-4.2,-3.1,-1.2,-2.2,-3.4,-3.4,-1.1,-2.3,-3.6,-6.3,-0.6,-3.7,-5.6,-1,-1.8,-0.6,-0.7,-0.9,-1.6,-0.6,-0.7,-1.2,-2,-0.6,-0.9,-1,-1.5,-0.5,-0.6,-0.1,1.3,0.6,-0.1,-0.1,1.1,0.6,-0.1,-0.1,1.3,0.6,-0.1,0,1.6,0.6,-0.1,0.9,0,-0.6,0.2,0.6,-0.1,-0.4,0.2,1,0,-0.6,0.3,1.2,0.1,-0.8,0.2,1.6,-0.4,-1.5,0.1,0.7,-0.3,-0.8,-0.1,1.8,-0.5,-1.7,0.1,2,-0.5,-1.7,0.3,1.3,53.17,7.7765,0.97635,73.23,15758.8632,1991,17392.26953,5.31,5.2
2006/9/30,2.1,1.9,2.2,2.3,1.7,1.7,1.6,1.9,4.8,3.9,5.3,5.2,3.1,2.8,3.2,3.5,-4,-4.5,-3.9,-3,2,3.3,3.1,-0.1,-6.7,-7.4,-7.6,-5.2,1.8,1.2,1.6,2.7,-0.1,-0.1,0,-0.1,2.2,1.3,2.4,2.5,0.1,0,0,0.3,-0.4,-0.5,-0.3,-0.2,0.4,0.4,0.5,0.4,0.5,0.5,0.6,0.5,-0.9,-0.6,-1.2,-1.4,5.7,3.3,3.6,10.7,0.3,-0.5,0,1,0.4,0.8,0.4,0.1,-1.1,-0.4,-1.1,-1.9,-0.7,-0.5,-0.9,-0.7,2.5,2.2,1.6,1.6,-0.1,0.5,2.3,1.9,1.4,1.5,0,0.5,2.6,2.2,1.7,1.7,0,0.5,2.6,2.5,1.8,1.7,-0.2,0.5,2.4,2.1,0.7,1.6,-0.4,1,2.6,2.1,0.7,1.9,-0.4,1,2.1,1.9,0.8,1.9,-0.3,0.8,2.4,2.4,0.4,0.6,-0.5,1.5,4.8,4.9,4.8,1.6,-0.1,0,3.9,4,3.9,1.3,-0.1,0,5.2,5.4,5.3,1.8,-0.1,0,5.3,5.3,5.1,1.8,-0.1,0.1,4.8,2.4,4.8,4.1,0.7,-1.7,4.5,2.1,4.7,4,0.7,-1.9,4.9,2.4,4.9,4.2,0.8,-1.7,5,2.8,4.9,4.3,0.7,-1.4,-3.2,-4.6,-0.8,0.4,0.6,-3.2,-3.9,-5.7,-1.3,0.4,1.2,-3.2,-2.8,-3.9,-0.4,0.4,0,-3.5,-1.7,-2.4,0.3,0.5,-0.6,-3.3,2.5,0.4,-1.4,2.1,1.6,3.4,4,0.9,-0.4,2.5,2.4,3.7,3.8,0.8,-0.9,2.3,2.3,4,-0.3,-0.3,-2.7,1.4,0.2,2.6,-7,-6.7,-5.5,-1.6,0,-1.2,-7.3,-7.2,-6.6,-1.2,-0.2,-0.8,-7.9,-7.6,-6.7,-1.8,0,-0.9,-6,-5.3,-3.4,-1.5,0.1,-1.8,2,1.9,0.4,2.9,-0.1,1.4,1.3,1,-0.4,2.1,0.2,1.6,1.8,1.8,0.3,2.6,-0.2,1.3,3.1,3.2,1.5,3.9,-0.5,1.2,0.3,0.6,1.2,2.1,-0.7,-1.3,0.1,0.2,1.2,1.8,-0.3,-1.3,0.4,0.7,1.2,2.3,-0.7,-1.2,0.4,0.7,1,2.2,-0.8,-1.1,2.9,2.1,0.9,1.2,0.1,1.3,2.2,1.3,-0.1,0.3,0,1.4,3.3,2.2,0.9,1.1,0.2,1.5,2.9,2.4,1.5,2.2,0.1,1,0,0.3,0.4,0.5,0.1,0.4,0.3,0.5,0,0.3,0.4,0.4,-0.1,0.2,0.5,0.5,-0.1,1,-0.1,0.3,0,1.2,-0.1,0.3,0,0.8,-0.1,0.3,-0.4,0.7,-0.1,0.2,0.3,0.2,0.8,0.5,0.3,0.2,0.6,0.4,0.3,0.2,0.9,0.5,0.3,0.2,0.9,0.5,0,-1.1,0.6,2.2,0,-1.2,0.6,2.2,0,-1.1,0.6,2.3,0,-1,0.6,2,0.7,2.7,-0.1,-0.1,0.7,3.1,-0.1,-0.1,0.7,2.5,-0.2,0,0.7,2,-0.2,0,-2.3,-0.7,5.3,6.2,-1.3,-0.2,4.5,4,-1.6,-0.5,4.9,4.3,-3.9,-1.1,6.5,10.5,-0.7,-0.2,-0.3,-0.1,-0.4,-0.1,-0.5,-0.4,-0.7,-0.1,-0.4,-0.2,-1,-0.4,0,0.2,0.1,-0.5,0.1,0.7,0.2,-0.3,0,0.8,0.1,-0.4,0.1,0.6,0.1,-0.7,0.3,0.5,0.1,0,-0.1,-0.8,0.1,-0.1,-0.1,-0.3,0.1,0,-0.2,-0.7,0,0.1,0,-1.4,0.3,0.5,0,-0.1,0.2,0.2,0,0.4,0.3,0.5,0,0,0.4,0.7,0,-0.3,1.5,52.22,7.7875,0.9859,61.96,13861.2708,1911,17543.05078,5.34,4.9
2006/10/31,2,1.7,2.1,2.1,2,1.9,1.8,2.4,4.7,3.9,5.1,5.1,-2.5,-2.8,-2.6,-1.7,-4,-4.6,-3.7,-2.6,3.1,5.2,4.9,-0.4,-6.6,-7.3,-7.6,-5,2.1,1.8,2,2.6,-0.1,0,0,-0.3,2.1,1.2,2.5,2.3,0.1,0,0.1,0.2,0,-0.1,0,0.2,0.3,0.3,0.4,0.4,-4,-4,-4.2,-3.8,-0.1,-0.2,0,0.1,5.1,4.8,4.8,5.7,-0.2,-0.4,-0.3,0.1,-0.1,-0.1,0,-0.2,-0.2,0,-0.2,-0.4,-0.1,0,0.1,-0.3,2.1,2.3,1.9,1.3,-0.3,0.1,1.9,2,1.7,1.2,-0.3,0,2.2,2.4,2,1.4,-0.3,0.1,2.3,2.5,2,1.3,-0.4,0.1,1.7,2.2,1.3,1.5,-0.2,0.7,1.7,2.1,1.6,1.8,-0.2,0.3,1.6,1.9,1.4,1.7,-0.1,0.4,1.9,2.7,0.6,0.7,-0.3,1.8,4.8,4.8,4.9,2.3,-0.1,-0.2,3.9,4,3.9,1.8,-0.1,0,5.3,5.2,5.5,2.7,-0.1,-0.4,5.2,5.3,5.4,2.4,-0.2,-0.3,3.1,4.5,4.1,4.6,-7,-6.6,2.8,4.2,4,4.6,-7,-6.8,3.2,4.7,4.1,4.7,-7.3,-6.7,3.5,4.8,4.3,4.7,-6.5,-6,-4,-4.8,-6.7,0.6,0.8,2.7,-4.5,-5.8,-8,0.4,1.2,3.4,-3.9,-4.2,-6,0.7,0.5,2.3,-3,-2.8,-4.2,0.8,0.2,1.6,2,0.5,-2,1.9,2.6,5.1,3.3,1.8,-1.2,1.8,3.4,6.4,3.1,1.7,-1.6,2.3,3.2,6.5,-0.1,-2,-3,1.3,1.6,2.6,-6.7,-7.1,-6.3,-6.7,0.5,-0.3,-7.4,-7.6,-7.2,-7.7,0.3,-0.1,-7.6,-8.1,-7.4,-7.7,0.5,-0.2,-5.2,-5.6,-4.5,-4.9,0.6,-0.5,1.8,1.8,1.1,-0.1,0.3,1,1.2,0.9,0.2,-0.5,0.9,1.6,1.6,1.6,0.9,-0.1,0.4,1.1,2.7,3,2.1,0.5,-0.4,0.5,-0.1,0.5,1.4,1.5,-0.6,-1.5,-0.1,0.2,1.2,1.7,-0.2,-1.2,0,0.6,1.5,1.7,-0.6,-1.5,-0.1,0.5,1.4,1.1,-0.8,-1.7,2.2,2.7,1.8,1.3,-0.6,0.3,1.3,1.9,0.8,0,-0.7,0.4,2.4,3.1,2.2,1.3,-0.6,0.3,2.5,2.7,2.1,2.2,-0.4,0.2,0.1,0.3,0.5,0.2,0,0.2,0.3,0.1,0,0.3,0.6,0.2,0.3,0.3,0.6,0.4,-0.4,0.1,0.1,-0.3,-0.5,0.1,0.2,-0.3,-0.3,0.1,0.1,-0.2,-0.2,0.1,0,-0.2,0.4,0.3,0.4,0.5,0.4,0.3,0.3,0.4,0.5,0.3,0.5,0.5,0.4,0.3,0.4,0.5,0.5,1.1,0.3,1.5,0.5,1.1,0.3,1.5,0.6,1.2,0.3,1.5,0.5,1,0.3,1.3,-0.9,0,-5.6,-0.1,-0.6,0,-6.4,-0.1,-1.2,-0.1,-5.1,-0.2,-1.4,-0.1,-3.9,-0.3,5.7,-4.3,6.8,4,3.3,-3.1,5.6,3,3.6,-3.4,6.2,3,10.7,-6.3,8.7,6.1,0.3,-1,-0.9,-0.2,-0.5,-0.9,-0.9,-0.4,0,-1.2,-0.9,-0.3,1,-1,-0.9,-0.1,0.4,-0.1,0.5,-0.4,0.8,-0.1,0.4,-0.7,0.4,-0.1,0.5,-0.4,0.1,0,0.6,-0.1,-1.1,0.9,0.3,-0.2,-0.4,0.6,0,-0.1,-1.1,1,0.4,-0.2,-1.9,1.2,0.6,-0.2,-0.7,1.6,0.7,0,-0.5,0.7,0.7,0.2,-0.9,1.8,0.9,0,-0.7,2,0.6,0,1.4,53.8,7.7765,0.98635,57.81,12710.4372,1863,18324.34961,5.31,4.6
2006/11/30,2.2,1.8,2.2,2.6,2.2,2.2,1.9,2.5,4.7,3.9,5,5.2,-3.1,-3.4,-3.3,-2.3,-4.6,-4.9,-4.6,-3.7,5.3,5.2,4.8,6.1,-6.4,-7,-7.3,-5,2.6,2.6,2.6,2.7,-0.1,-0.1,0,-0.2,2.4,1.6,2.7,2.5,0.3,0.1,0.2,0.5,0,-0.1,0,0.1,0.4,0.3,0.4,0.4,-0.8,-0.8,-0.9,-0.8,-0.5,-0.3,-0.6,-0.7,6.8,4.7,5.1,10.3,-0.3,-0.3,-0.3,-0.4,0.2,0.2,0.3,0.2,-0.1,-0.1,-0.1,-0.1,-0.3,-0.2,-0.3,-0.4,2,2.5,2.1,1.2,-0.3,0.1,1.7,2.3,1.8,1.1,-0.5,0,2.1,2.6,2.2,1.3,-0.4,0,2.1,2.6,2.4,1.2,0,0.2,2,2.4,1.7,1.3,-0.2,0.5,1.9,2.6,1.6,1.4,-0.4,0.6,1.8,2.1,1.6,1.5,-0.2,0.3,2.4,2.4,1.9,0.7,0.1,0.6,4.7,4.8,5,2.8,-0.1,-0.3,3.9,3.9,4,2.2,0,-0.1,5.1,5.2,5.5,3.3,-0.2,-0.5,5.1,5.3,5.5,2.8,-0.1,-0.3,-2.5,4.8,3.7,4,-7.9,-6.8,-2.8,4.5,3.6,3.9,-7.9,-7,-2.6,4.9,3.8,4.1,-8.2,-7.1,-1.7,5,4,4.1,-7.3,-6.3,-4,-3.2,-6.5,0.9,-1.4,1.9,-4.6,-3.9,-7.8,0.5,-1,2.9,-3.7,-2.8,-5.7,1.1,-1.8,1.1,-2.6,-1.7,-3.8,1.6,-2,0.1,3.1,2.5,-0.8,0.3,2.8,6.1,5.2,4,-0.2,1.1,1.2,5.4,4.9,3.8,-0.2,0.9,1,5,-0.4,-0.3,-1.8,-1,6.4,7.9,-6.6,-7,-7,-6.9,0.6,0.6,-7.3,-7.3,-7.7,-8,0.3,0.7,-7.6,-7.9,-8.1,-7.9,0.6,0.8,-5,-6,-5.4,-5.1,1,0.4,2.1,2,2.3,0.1,0.6,0.3,1.8,1.3,1.2,-0.6,1.3,1.4,2,1.8,2.2,0.1,0.8,0.4,2.6,3.1,3.8,1,-0.4,-1.1,-0.1,0.3,1.4,1.6,-0.4,-1.5,0,0.1,1.2,1.7,-0.2,-1.3,0,0.4,1.5,1.8,-0.4,-1.5,-0.3,0.4,1.4,1.3,-0.6,-1.6,2.1,2.9,1.9,0.9,-0.5,0.5,1.2,2.2,1.3,-0.5,-0.6,0.3,2.5,3.3,2.1,0.9,-0.6,0.6,2.3,2.9,2,1.8,-0.4,0.5,0.1,0,0.1,0.1,0,0.1,0.2,0,0.1,0,0,0.1,0.2,-0.1,0.3,0.1,0,-0.1,0.6,-0.2,-0.1,0,0.4,-0.4,0,0,0.4,-0.2,0.2,-0.4,1.3,-0.1,0.3,0.3,0.4,0.4,0.3,0.3,0.3,0.3,0.4,0.3,0.3,0.5,0.4,0.3,0.5,0.4,-4,0,0.5,-0.2,-4,0,0.5,-0.2,-4.2,0,0.6,-0.2,-3.8,0,0.5,-0.2,-0.1,0.7,0.1,0.2,-0.2,0.7,0,0.1,0,0.7,0.1,0.3,0.1,0.7,0.2,0.5,5.1,-2.3,-1,4.5,4.8,-1.3,-1.2,4.7,4.8,-1.6,-1.1,5.2,5.7,-3.9,-0.6,3.5,-0.2,-0.7,-1.8,-0.6,-0.4,-0.4,-1.6,-0.7,-0.3,-0.7,-2,-0.7,0.1,-1,-1.5,-0.4,-0.1,0.1,1.3,-0.3,-0.1,0.2,1.1,-0.6,0,0.1,1.3,-0.3,-0.2,0.1,1.6,0.1,-0.2,0.1,0,-0.1,0,0.1,-0.1,0,-0.2,0.1,0,-0.1,-0.4,0,0.1,-0.2,-0.1,0.3,-0.4,-0.6,0,0.2,-0.3,-0.6,0.1,0.3,-0.5,-0.6,-0.3,0.4,-0.5,-0.7,1.9,53.04,7.7755,0.9933,58.76,10752,2078,18960.48047,5.31,4.4
2006/12/31,2.3,1.9,2.3,2.7,2.5,2.6,2.2,2.9,4.8,3.9,5.3,5.2,-2.9,-3.3,-3.1,-2.2,-4.2,-4.6,-4.1,-3,6.4,6.3,6.2,6.7,-6.1,-6.8,-7.2,-4.5,3,2.9,2.9,3.3,-0.2,-0.2,-0.1,-0.3,1.8,0.7,2,2.1,0.3,0.3,0.3,0.2,0.6,0.8,0.5,0.6,0.5,0.4,0.7,0.4,-0.1,-0.1,-0.1,-0.1,0.2,0.2,0.3,0.4,-4.1,-3.2,-3.3,-5.8,-0.2,-0.1,-0.3,-0.2,-0.1,0,-0.1,0,0.2,0.2,0.3,0.3,0.7,0.2,0.6,1.1,2.2,2.1,2.2,1.3,0.2,0.1,1.8,1.9,1.9,1.3,0,0,2.2,2.2,2.2,1.4,0.1,0.1,2.6,2.3,2.5,1.3,0.4,0.2,2.2,1.7,2.1,1.5,0.8,0.4,2.2,1.7,2.1,1.8,0.9,0.5,1.9,1.6,1.9,1.6,0.6,0.3,2.5,1.9,2.4,0.8,1,0.5,4.7,4.8,4.9,3.2,0,-0.1,3.9,3.9,4,2.7,0,-0.1,5,5.3,5.4,3.7,0,-0.1,5.2,5.2,5.3,3.3,0,-0.1,-3.1,3.1,2.4,3.5,-6,-5.3,-3.4,2.8,2.1,3.4,-6.1,-5.4,-3.3,3.2,2.4,3.5,-6.3,-5.5,-2.3,3.5,2.8,3.6,-5.7,-5,-4.6,-4,-4.6,-0.2,-0.2,0.4,-4.9,-4.5,-5.7,-0.5,-0.1,1.1,-4.6,-3.9,-3.9,0,-0.2,-0.2,-3.7,-3,-2.4,0.4,0,-0.6,5.3,2,0.4,-1.8,4.4,6,5.2,3.3,0.9,-1.5,3,5.4,4.8,3.1,0.8,-1.9,3.1,5.4,6.1,-0.1,-0.3,-1.9,6.8,7,-6.4,-6.7,-6.7,-6.6,0.6,0.6,-7,-7.4,-7.2,-7.5,0.6,0.4,-7.3,-7.6,-7.6,-7.5,0.4,0.4,-5,-5.2,-5.3,-5,0.7,0.8,2.6,1.8,1.9,-0.5,1.2,1.1,2.6,1.2,1,-0.9,1.7,1.9,2.6,1.6,1.8,-0.5,1.3,1.1,2.7,2.7,3.2,0.2,0.6,0.1,-0.1,-0.1,0.6,1.6,-0.1,-0.8,-0.1,-0.1,0.2,1.6,-0.1,-0.4,0,0,0.7,1.8,-0.1,-0.8,-0.2,-0.1,0.7,1.3,-0.2,-1,2.4,2.2,2.1,1.2,-0.4,-0.3,1.6,1.3,1.3,0.1,-0.6,-0.6,2.7,2.4,2.2,1,-0.4,-0.2,2.5,2.5,2.4,2.1,-0.4,-0.3,0.3,0.1,0.3,0.2,0.1,0,0.4,0.2,0.2,0,0.3,0.2,0.5,0.3,0.2,0.1,0,-0.4,1,0.3,-0.1,-0.5,1.2,0.4,0,-0.3,0.8,0.3,0.1,-0.2,0.7,0.2,0.4,0.4,0.2,0.4,0.3,0.4,0.2,0.4,0.4,0.5,0.2,0.4,0.4,0.4,0.2,0.4,-0.8,0.5,-1.1,-0.3,-0.8,0.5,-1.2,-0.3,-0.9,0.6,-1.1,-0.3,-0.8,0.5,-1,-0.3,-0.5,-0.9,2.7,-0.2,-0.3,-0.6,3.1,-0.2,-0.6,-1.2,2.5,-0.3,-0.7,-1.4,2,-0.3,6.8,5.7,-0.7,-5.1,4.7,3.3,-0.2,-4.2,5.1,3.6,-0.5,-4.6,10.3,10.7,-1.1,-6.3,-0.3,0.3,-0.2,-0.5,-0.3,-0.5,-0.1,-0.3,-0.3,0,-0.1,-0.4,-0.4,1,-0.4,-0.7,0.2,0.4,-0.5,-0.5,0.2,0.8,-0.3,-0.3,0.3,0.4,-0.4,-0.4,0.2,0.1,-0.7,-0.6,-0.1,-1.1,0,0.3,-0.1,-0.4,-0.1,0.2,-0.1,-1.1,0,0.4,-0.1,-1.9,0.1,0.4,-0.3,-0.7,0.5,1.3,-0.2,-0.5,0.2,1,-0.3,-0.9,0.5,1.3,-0.4,-0.7,0.7,1.5,2.8,53.93,7.7745,0.99545,62.47,10201.6368,2163,19964.7207,5.17,4.2
2007/1/31,2,1.8,1.9,2.3,1.9,1.8,1.7,2.6,4.8,4.1,5.3,5.2,-1.2,-1.3,-1.3,-0.9,-3.6,-4.2,-3.4,-2.2,9.5,8.3,8.6,11.5,-6,-6.4,-6.8,-4.9,2.8,3,2.7,2.9,-0.9,-0.6,-0.8,-1.2,0.1,-0.1,0,0.4,-0.1,0,-0.1,-0.3,-0.1,-0.3,0,0.3,0.4,0.5,0.4,0.4,1.7,1.6,1.8,1.9,0.2,0.1,0.3,0.4,-4.5,-3,-3.3,-7,-0.3,-0.2,-0.2,-0.3,0.2,0.2,0.2,0.2,-0.3,-0.2,-0.3,-0.4,-0.6,-0.4,-0.6,-0.7,2.3,2,2.3,1.9,0,-0.3,1.9,1.7,2,1.6,0.1,-0.2,2.3,2.1,2.4,2,-0.2,-0.5,2.7,2.1,2.5,2,0.2,-0.2,2.5,2,2.2,1.8,-0.1,-0.3,2.6,1.9,2.1,2,-0.1,-0.3,2.2,1.8,1.9,1.9,-0.1,-0.2,2.9,2.4,2.7,1.3,0.2,-0.1,4.8,4.7,4.8,3.7,0.1,0,3.9,3.9,4,3.1,0.2,0.1,5.3,5.1,5.2,4.2,0.2,0.1,5.2,5.1,5.3,3.9,0.1,-0.1,-2.9,-2.5,4.5,3,1.3,-5.7,-3.3,-2.8,4.2,2.8,1.5,-5.5,-3.1,-2.6,4.7,3,1.3,-6,-2.2,-1.7,4.8,3.3,0.8,-5.7,-4.2,-4,-4.8,-0.9,0.4,1.2,-4.6,-4.6,-5.8,-0.9,0.4,1.6,-4.1,-3.7,-4.2,-1,0.3,0.8,-3,-2.6,-2.8,-0.9,0.4,0.6,6.4,3.1,0.5,-3,6.4,9,6.3,5.2,1.8,-1.7,3.1,6.5,6.2,4.9,1.7,-2.2,3.7,6.9,6.7,-0.4,-2,-4.8,11.9,13.5,-6.1,-6.6,-7.1,-6.4,0.6,1.1,-6.8,-7.3,-7.6,-7.4,0.9,1.2,-7.2,-7.6,-8.1,-7.6,0.8,1.3,-4.5,-5,-5.6,-4.3,0.1,0.7,3,2.1,1.8,-0.1,0.7,1,2.9,1.8,0.9,-0.8,1.2,2.1,2.9,2,1.6,-0.2,0.7,1.1,3.3,2.6,3,0.8,0.3,-0.1,-0.2,-0.1,0.5,2.3,-0.8,-1.4,-0.2,0,0.2,2,-0.6,-0.8,-0.1,0,0.6,2.5,-0.8,-1.4,-0.3,-0.3,0.5,2.2,-0.9,-1.7,1.8,2.1,2.7,2.8,-2,-2.6,0.7,1.2,1.9,0.9,-1.3,-2,2,2.5,3.1,3,-2.5,-3.1,2.1,2.3,2.7,3.8,-1.9,-2.3,0.3,0.1,0.3,0.2,0.3,0,0.2,0.2,0.3,0.1,0.3,0.3,0.2,0.2,0.3,0,0.6,0,0.1,0.5,0.8,-0.1,0.1,0.5,0.5,0,0.1,0.5,0.6,0.2,0.1,0.6,0.5,0.3,0.3,0.4,0.4,0.3,0.3,0.3,0.7,0.4,0.3,0.5,0.4,0.4,0.3,0.4,-0.1,-4,1.1,-0.1,-0.1,-4,1.1,-0.4,-0.1,-4.2,1.2,0,-0.1,-3.8,1,0.6,0.2,-0.1,0,-0.4,0.2,-0.2,0,-0.3,0.3,0,-0.1,-0.5,0.4,0.1,-0.1,-0.5,-4.1,5.1,-4.3,-7.1,-3.2,4.8,-3.1,-4.9,-3.3,4.8,-3.4,-5.4,-5.8,5.7,-6.3,-11,-0.2,-0.2,-1,-0.4,-0.1,-0.4,-0.9,-0.6,-0.3,-0.3,-1.2,-0.6,-0.2,0.1,-1,0.1,-0.1,-0.1,-0.1,0.4,0,-0.1,-0.1,0.1,-0.1,0,-0.1,0.4,0,-0.2,0,0.7,0.2,-0.2,0.9,0.4,0.2,0,0.6,0.2,0.3,-0.2,1,0.3,0.3,-0.4,1.2,0.5,0.7,-0.1,1.6,1,0.2,0,0.7,0.5,0.6,0.1,1.8,1.4,1.1,-0.3,2,1,2.2,52.93,7.8065,1.0074,53.68,9350.8848,2568,20106.41992,5.33,4.1
2007/2/28,0.8,-3.2,2.1,3.6,3.3,3.3,3.1,3.9,-2.8,-14.4,1.5,5.1,-1.1,-1.3,-1.1,-0.8,-4.1,-4.1,-4.3,-3.6,7.8,6.1,6.2,11.4,-5.6,-6.1,-6.3,-4.4,3,3,3,3,-0.2,0,-0.1,-0.6,4.4,2.3,4.8,5.1,-1.4,-4.9,-0.2,0.8,1.6,1.7,1.6,1.4,-7.1,-17.7,-3.4,0.3,0.2,0.2,0.2,0.2,-0.8,-0.5,-1,-1.2,-4.1,-4.1,-4.4,-3.7,-0.1,-0.3,-0.1,0,0.8,0.7,0.9,0.7,0.1,0.2,0.1,-0.1,2.7,1.6,3.1,2.9,2,2.2,2.5,1.2,-1.4,-1.7,1.8,1.8,2.3,1.1,-5,-5.5,1.9,2.2,2.6,1.2,-0.1,-0.5,2.3,2.6,2.6,1.4,1,1,1.9,2.2,2.4,0.5,1.1,0.9,1.8,2.2,2.6,0.6,1.1,0.7,1.7,1.9,2.1,0.6,1.2,1,2.6,2.5,2.4,0.3,1.4,1.5,4.8,4.7,4.8,4,-7.5,-7.6,4.1,3.9,3.9,3.3,-18.3,-18.3,5.3,5,5.2,4.4,-3.5,-3.7,5.2,5.2,5.3,4.2,-0.1,-0.2,-1.2,-3.1,4.8,3.8,2,-5.9,-1.3,-3.4,4.5,3.7,2.1,-5.8,-1.3,-3.3,4.9,3.9,2.2,-6,-0.9,-2.3,5,4.1,1.5,-5.8,-3.6,-4.6,-3.2,-0.2,0.5,-0.9,-4.2,-4.9,-3.9,-1,0.8,-0.2,-3.4,-4.6,-2.8,0.3,0.3,-1.5,-2.2,-3.7,-1.7,1.2,0.1,-1.9,9.5,5.3,2.5,-1.5,2.5,5.3,8.3,5.2,4,-0.5,0.9,2.1,8.6,4.8,3.8,-0.9,1.4,2.4,11.5,6.1,-0.3,-3,5.3,11.7,-6,-6.4,-7,-5.6,0.8,1.4,-6.4,-7,-7.3,-6.4,0.9,1.2,-6.8,-7.3,-7.9,-6.7,1,1.6,-4.9,-5,-6,-3.7,0.6,1.6,2.8,2.6,2,1.1,0.4,1,3,2.6,1.3,0.2,0.4,1.7,2.7,2.6,1.8,1,0.4,1.2,2.9,2.7,3.1,2.2,0.3,-0.1,-0.9,-0.1,0.3,1.3,-0.1,-0.5,-0.6,-0.1,0.1,1.4,0.1,-0.1,-0.8,0,0.4,1.4,-0.1,-0.5,-1.2,-0.2,0.4,1.2,-0.4,-1,0.1,2.4,2.9,-0.1,2,1.5,-0.1,1.6,2.2,-0.5,0.7,0.1,0,2.7,3.3,-0.3,2.1,1.5,0.4,2.5,2.9,0.5,2.6,2.2,-0.1,0.3,0,-0.3,0,0.1,0.1,0,-0.1,0.2,0,-0.3,-0.3,0.5,-0.1,-0.4,-0.1,0,-0.1,0.2,-0.3,-0.1,0,0.3,0,0,0,0.2,0.3,0.1,-0.4,0.1,0.4,0.4,0.3,0.2,0.5,0.3,0.3,0.2,0.4,0.4,0.3,0.2,0.4,0.4,0.3,0.4,1.7,-0.8,0,0.1,1.6,-0.8,0,0.2,1.8,-0.9,0,0.1,1.9,-0.8,0,0.1,0.2,-0.5,0.7,-0.2,0.1,-0.3,0.7,-0.5,0.3,-0.6,0.7,0,0.4,-0.7,0.7,0.3,-4.5,6.8,-2.3,-2.7,-3,4.7,-1.3,-2.2,-3.3,5.1,-1.6,-2.3,-7,10.3,-3.9,-3.7,-0.3,-0.3,-0.7,-0.6,-0.2,-0.3,-0.4,-0.6,-0.2,-0.3,-0.7,-0.6,-0.3,-0.4,-1,-0.5,0.2,0.2,0.1,0.6,0.2,0.2,0.2,0.6,0.2,0.3,0.1,0.6,0.2,0.2,0.1,0.6,-0.3,-0.1,0.1,-0.6,-0.2,-0.1,0.1,-0.4,-0.3,-0.1,0.1,-0.6,-0.4,-0.1,0,-0.8,-0.6,-0.3,0.3,-1.5,-0.4,-0.2,0.2,-0.8,-0.6,-0.3,0.3,-1.7,-0.7,-0.4,0.4,-1.7,2.7,54.03,7.8115,1.0125,57.56,8897.3964,2680,19651.50977,5.41,4.1
2007/3/31,2.4,2.2,2.3,2.7,3.2,3.2,2.8,3.9,4.5,3.9,5,4.4,-1.5,-1.7,-1.5,-1.1,-3.8,-3.8,-3.9,-3.3,4.4,2,2.1,9.2,-5.7,-5.5,-6.3,-5.3,2.4,2.6,2.4,2.2,-0.8,-0.3,-0.6,-1.6,2.2,1.2,2.3,2.8,2,5.9,0.7,-0.4,-0.2,-0.2,-0.3,-0.1,8.4,22.2,4.3,0.3,0.3,0.3,0.3,0.3,0.2,0.3,0.2,0.1,1.9,0.4,0.8,4.4,-0.5,0.1,-0.4,-0.9,-0.4,-0.4,-0.4,-0.5,-0.7,-0.4,-0.7,-1.1,-2.1,-1.1,-2.4,-2.3,0.8,2.3,2.1,1.6,0.1,0.3,-3.2,1.9,1.9,1.4,0.3,0.3,2.1,2.3,2.2,1.7,0,0.1,3.6,2.7,2.3,1.8,0,0.4,3.3,2.5,1.7,0.7,0.7,1.5,3.3,2.6,1.7,0.7,0.6,1.5,3.1,2.2,1.6,0.8,0.6,1.2,3.9,2.9,1.9,0.4,1,2,-2.8,4.8,4.8,4.8,-0.3,-0.3,-14.4,3.9,3.9,3.9,0,0,1.5,5.3,5.3,5.3,-0.3,-0.3,5.1,5.2,5.2,5.1,-0.8,-0.8,-1.1,-2.9,3.1,4.8,1.4,-4.6,-1.3,-3.3,2.8,4.7,1.6,-4.5,-1.1,-3.1,3.2,4.9,1.6,-4.7,-0.8,-2.2,3.5,4.9,1.1,-4.6,-4.1,-4.2,-4,-0.8,0.4,0.2,-4.1,-4.6,-4.5,-1.3,0.8,0.7,-4.3,-4.1,-3.9,-0.4,0.2,0,-3.6,-3,-3,0.3,-0.3,-0.3,7.8,6.4,2,-1.4,-2,2.4,6.1,6.3,3.3,-0.4,-4.3,-1.3,6.2,6.2,3.1,-0.9,-4.1,-1,11.4,6.7,-0.1,-2.7,2.5,9.3,-5.6,-6.1,-6.7,-5.5,0.4,1,-6.1,-6.8,-7.4,-6.6,1.3,1.9,-6.3,-7.2,-7.6,-6.7,0.9,1.3,-4.4,-4.5,-5.2,-3.4,-0.8,-0.1,3,3,1.8,0.4,-0.6,0.6,3,2.9,1.2,-0.4,-0.3,1.4,3,2.9,1.6,0.3,-0.5,0.8,3,3.3,2.7,1.5,-1.1,-0.5,-0.2,-0.2,-0.1,1.2,-0.6,-0.7,0,-0.2,-0.1,1.2,-0.1,-0.2,-0.1,-0.1,0,1.2,-0.5,-0.6,-0.6,-0.3,-0.1,1,-1.3,-1.5,4.4,1.8,2.2,0.9,0.4,0,2.3,0.7,1.3,-0.1,0.5,-0.1,4.8,2,2.4,0.9,0.3,-0.1,5.1,2.1,2.5,1.5,0.7,0.3,-1.4,0.3,0.1,0.4,-4.9,0.3,0,0.3,-0.2,0.3,0,0.4,0.8,0.2,0.3,0.5,1.6,0.6,-0.4,-0.1,1.7,0.8,-0.5,-0.1,1.6,0.5,-0.3,-0.1,1.4,0.6,-0.2,-0.1,-7.1,0.5,0.4,0.8,-17.7,0.4,0.4,0.6,-3.4,0.7,0.5,0.9,0.3,0.4,0.4,0.9,0.2,-0.1,0.5,0.6,0.2,-0.1,0.5,0.6,0.2,-0.1,0.6,0.6,0.2,-0.1,0.5,0.6,-0.8,0.2,-0.9,-0.1,-0.5,0.2,-0.6,-0.1,-1,0.3,-1.2,-0.2,-1.2,0.4,-1.4,-0.2,-4.1,-4.1,5.7,5.3,-4.1,-3.2,3.3,4.5,-4.4,-3.3,3.6,4.9,-3.7,-5.8,10.7,6.5,-0.1,-0.2,0.3,-0.3,-0.3,-0.1,-0.5,-0.5,-0.1,-0.3,0,-0.4,0,-0.2,1,0,0.8,-0.1,0.4,0.1,0.7,0,0.8,0,0.9,-0.1,0.4,0.1,0.7,0,0.1,0.3,0.1,0.2,-1.1,-0.1,0.2,0.2,-0.4,-0.1,0.1,0.3,-1.1,-0.2,-0.1,0.3,-1.9,0,2.7,0.7,-0.7,0,1.6,0.2,-0.5,0,3.1,0.6,-0.9,0,2.9,1.1,-0.7,0,3.3,55.03,7.8105,1.0123,62.05,10514,2602,19800.92969,5.3,4.2
2007/4/30,1.3,0.7,1.3,1.9,3,2.8,2.5,4.1,0.9,-0.4,1.4,1.7,-3.1,-3.3,-3.2,-2.6,1.2,2.5,0.3,-0.6,4.1,2.4,2.5,7.6,-4.9,-4.9,-5.5,-4.3,2.2,2.5,2.2,2,-0.9,-0.1,-0.7,-1.8,2.4,0.9,2.3,3.4,-0.6,-1.2,-0.5,-0.1,-0.2,-0.3,-0.2,0.2,-3,-3.8,-3,-2.2,-1.4,-1.4,-1.4,-1.3,-0.7,-0.3,-0.9,-1.2,6.6,5.9,6.5,7.1,0,-0.2,0,0.2,0.4,0.3,0.3,0.4,0.3,0.2,0.3,0.3,0.9,0.4,0.9,1.1,2.4,2,2,1.9,-0.7,-0.7,2.2,1.8,1.7,1.7,-1.1,-1,2.3,1.9,2.1,2,-0.6,-0.8,2.7,2.3,2.1,2,-0.4,-0.2,3.2,1.9,2,1.3,1.1,1,3.2,1.8,1.9,1.6,1,0.9,2.8,1.7,1.8,1.4,0.8,0.7,3.9,2.6,2.4,0.6,1.5,1.7,4.5,4.8,4.7,4.9,-3.9,-3.8,3.9,4.1,3.9,3.9,-4.5,-4.3,5,5.3,5.1,5.5,-3.9,-3.7,4.4,5.2,5.1,5.4,-3.5,-3.4,-1.5,-1.2,-2.5,4.1,-1.9,-0.6,-1.7,-1.3,-2.8,4,-2,-0.5,-1.5,-1.3,-2.6,4.1,-1.9,-0.6,-1.1,-0.9,-1.7,4.3,-1.7,-0.9,-3.8,-3.6,-4,-6.7,4.8,5.2,-3.8,-4.2,-4.6,-8,6.7,7.1,-3.9,-3.4,-3.7,-6,3.7,4,-3.3,-2.2,-2.6,-4.2,1.6,2,4.4,9.5,3.1,-2,-5.4,1,2,8.3,5.2,-1.2,-5.9,-2.8,2.1,8.6,4.9,-1.6,-6.1,-2.4,9.2,11.5,-0.4,-3,-3.9,8,-5.7,-6,-6.6,-6.3,1.1,1.7,-5.5,-6.4,-7.3,-7.2,1.5,2.4,-6.3,-6.8,-7.6,-7.4,1.3,2.1,-5.3,-4.9,-5,-4.5,0.6,0.7,2.4,2.8,2.1,1.1,-0.6,0.1,2.6,3,1.8,0.2,-0.5,0.7,2.4,2.7,2,0.9,-0.5,0.2,2.2,2.9,2.6,2.1,-0.9,-0.6,-0.8,-0.9,-0.1,1.4,0,-0.8,-0.3,-0.6,0,1.2,0.5,-0.1,-0.6,-0.8,0,1.5,0.1,-0.7,-1.6,-1.2,-0.3,1.4,-0.6,-1.5,2.2,0.1,2.1,1.8,2.3,0.3,1.2,-0.1,1.2,0.8,1,-0.3,2.3,0,2.5,2.2,2.3,-0.2,2.8,0.4,2.3,2.1,3,1.1,2,-0.1,0.1,0.5,5.9,0,0,0.3,0.7,-0.1,0.1,0.6,-0.4,-0.3,0.2,0.6,-0.2,-0.1,0,0.1,-0.2,-0.3,-0.1,0.2,-0.3,0,0,0.1,-0.1,0.3,0.2,0,8.4,0.4,0.3,0.4,22.2,0.5,0.3,0.3,4.3,0.4,0.4,0.5,0.3,0.4,0.4,0.4,0.3,1.7,-4,0.3,0.3,1.6,-4,0.3,0.3,1.8,-4.2,0.3,0.3,1.9,-3.8,0.3,0.2,0.2,-0.1,-5.6,0.3,0.1,-0.2,-6.4,0.2,0.3,0,-5.1,0.1,0.4,0.1,-3.9,1.9,-4.5,5.1,6.8,0.4,-3,4.8,5.6,0.8,-3.3,4.8,6.2,4.4,-7,5.7,8.7,-0.5,-0.3,-0.2,-0.9,0.1,-0.2,-0.4,-0.9,-0.4,-0.2,-0.3,-0.9,-0.9,-0.3,0.1,-0.9,-0.4,0.2,-0.1,0.5,-0.4,0.2,-0.1,0.4,-0.4,0.2,0,0.5,-0.5,0.2,-0.2,0.6,-0.7,-0.3,-0.2,0.3,-0.4,-0.2,0,0,-0.7,-0.3,-0.2,0.4,-1.1,-0.4,-0.4,0.6,-2.1,-0.6,-0.1,0.7,-1.1,-0.4,0,0.7,-2.4,-0.6,0.1,0.9,-2.3,-0.7,-0.3,0.6,3,55.39,7.8215,1.0158,67.49,10548,2574,20318.98047,5.29,4.3
2007/5/31,1.2,0.7,1.3,1.7,2.5,2.5,2.3,2.9,0.9,-0.3,1.5,1.5,-1.8,-2,-1.9,-1.4,0.9,2.3,-0.2,-1.4,3.7,1.5,1.5,8.3,-4.3,-4.7,-4.7,-3.8,1.3,1.6,1.4,0.9,-0.5,0.1,-0.3,-1.3,2.5,1.2,2.6,3.3,0.1,0.1,0.1,0.1,0.1,0.1,0.1,0.2,0.4,0.3,0.4,0.3,1.9,1.9,1.9,1.7,-0.2,-0.1,-0.3,-0.5,-1.3,-2,-2,0,-1.2,-1.4,-1.2,-1.1,0.4,0.2,0.4,0.6,0.4,0.1,0.4,0.6,-0.3,0.1,-0.2,-0.5,1.3,0.8,2.2,2.1,0.4,-1,0.7,-3.2,1.8,1.8,3.9,-1.1,1.3,2.1,2.2,2.2,-0.8,-0.9,1.9,3.6,2.6,2.4,-1.9,-0.9,3,3.3,2.2,1.7,-0.8,0.3,2.8,3.3,2.2,1.6,-0.8,0.3,2.5,3.1,1.9,1.6,-0.8,0.4,4.1,3.9,2.5,1.9,-1,0.4,0.9,-2.8,4.7,5,3.7,-3.8,-0.4,-14.4,3.9,4,14.1,-4.2,1.4,1.5,5,5.5,0,-3.5,1.7,5.1,5.2,5.5,-3.6,-3.7,-3.1,-1.1,-3.1,3.7,-0.7,1.3,-3.3,-1.3,-3.4,3.6,-0.7,1.4,-3.2,-1.1,-3.3,3.8,-0.8,1.4,-2.6,-0.8,-2.3,4,-0.6,0.9,1.2,-4.1,-4.6,-6.5,5,5.5,2.5,-4.1,-4.9,-7.8,6.4,7.2,0.3,-4.3,-4.6,-5.7,4.1,4.4,-0.6,-3.6,-3.7,-3.8,2.2,2.3,4.1,7.8,5.3,-0.8,-4.1,-1.6,2.4,6.1,5.2,-0.2,-4.6,-3.7,2.5,6.2,4.8,-0.2,-4.7,-3.3,7.6,11.4,6.1,-1.8,-3.1,2.2,-4.9,-5.6,-6.4,-7,1.3,2.1,-4.9,-6.1,-7,-7.7,1.4,2.3,-5.5,-6.3,-7.3,-8.1,1.6,2.6,-4.3,-4.4,-5,-5.4,0.6,1.2,2.2,3,2.6,2.3,-1.7,-1.3,2.5,3,2.6,1.2,-1.4,-1,2.2,3,2.6,2.2,-1.6,-1.2,2,3,2.7,3.8,-2.1,-1.8,-0.9,-0.2,-0.1,1.4,-0.3,-0.4,-0.1,0,-0.1,1.2,0.1,0.2,-0.7,-0.1,0,1.5,-0.2,-0.3,-1.8,-0.6,-0.2,1.4,-0.7,-1.1,2.4,4.4,2.4,1.9,-1.9,0.1,0.9,2.3,1.6,1.3,-1.1,-0.4,2.3,4.8,2.7,2.1,-2.2,-0.1,3.4,5.1,2.5,2,-1.8,0.8,-0.6,-1.4,0.3,0.1,-1.2,-4.9,0.1,0.2,-0.5,-0.2,0.2,0,-0.1,0.8,0.5,0.3,-0.2,1.6,0,0.6,-0.3,1.7,-0.1,0.4,-0.2,1.6,0,0.4,0.2,1.4,0.1,1.3,-3,-7.1,0.4,0.4,-3.8,-17.7,0.3,0.3,-3,-3.4,0.4,0.3,-2.2,0.3,0.4,0.5,-1.4,0.2,-0.8,0.5,-1.4,0.2,-0.8,0.5,-1.4,0.2,-0.9,0.6,-1.3,0.2,-0.8,0.5,-0.7,-0.8,-0.5,0.1,-0.3,-0.5,-0.3,0,-0.9,-1,-0.6,0.1,-1.2,-1.2,-0.7,0.2,6.6,-4.1,6.8,-1,5.9,-4.1,4.7,-1.2,6.5,-4.4,5.1,-1.1,7.1,-3.7,10.3,-0.6,0,-0.1,-0.3,-1.8,-0.2,-0.3,-0.3,-1.6,0,-0.1,-0.3,-2,0.2,0,-0.4,-1.5,0.4,0.8,0.2,1.3,0.3,0.7,0.2,1.1,0.3,0.9,0.3,1.3,0.4,0.7,0.2,1.6,0.3,0.1,-0.1,0,0.2,0.2,-0.1,-0.1,0.3,0.1,-0.1,0,0.3,-0.1,-0.1,0.1,0.9,2.7,-0.3,-0.4,0.4,1.6,-0.2,-0.3,0.9,3.1,-0.3,-0.5,1.1,2.9,-0.4,-0.5,3.4,55.21,7.8095,1.02595,67.21,12662.2116,2340,20634.4707,5.28,4.3
2007/6/30,1.3,0.8,1.4,1.9,3,3,2.8,3.2,1,-0.3,1.6,1.8,-1.5,-1.6,-1.6,-1.2,-2.4,-1.3,-3.3,-4.1,4,1.5,1.7,8.8,-4.5,-4.9,-5.1,-3.7,1.8,1.9,1.8,1.6,-0.2,0.3,0,-1,1.9,0.5,1.9,2.7,0.4,0.5,0.4,0.4,1.4,1.7,1.3,1,0.4,0.2,0.3,0.5,-0.8,-0.8,-0.8,-0.7,-0.6,-0.6,-0.7,-0.7,-0.4,-0.2,-0.3,-0.7,-0.4,-0.4,-0.5,-0.2,-0.1,-0.1,-0.1,0,0.3,0.1,0.3,0.4,-0.2,-0.5,-0.2,0.1,1.2,2.4,2.3,2.2,-1.1,-1,0.7,2.2,1.9,1.9,-1.4,-1.1,1.3,2.3,2.3,2.2,-0.9,-0.9,1.7,2.7,2.7,2.5,-0.8,-0.8,2.5,3.2,2.5,2.1,-0.2,0.5,2.5,3.2,2.6,2.1,-0.2,0.4,2.3,2.8,2.2,1.9,0,0.6,2.9,3.9,2.9,2.4,-0.7,0.3,0.9,4.5,4.8,4.9,-3.5,-3.8,-0.3,3.9,3.9,4,-4.2,-4.2,1.5,5,5.3,5.4,-3.4,-3.7,1.5,4.4,5.2,5.3,-2.6,-3.4,-1.8,-1.5,-2.9,2.4,0,1.4,-2,-1.7,-3.3,2.1,0.1,1.7,-1.9,-1.5,-3.1,2.4,-0.1,1.5,-1.4,-1.1,-2.2,2.8,-0.1,1,0.9,-3.8,-4.2,-4.6,1.4,1.8,2.3,-3.8,-4.6,-5.7,2.5,3.3,-0.2,-3.9,-4.1,-3.9,0.6,0.8,-1.4,-3.3,-3,-2.4,-0.8,-1.1,3.7,4.4,6.4,0.4,-0.4,-2.4,1.5,2,6.3,0.9,-0.5,-4.8,1.5,2.1,6.2,0.8,-0.4,-4.5,8.3,9.2,6.7,-0.3,-0.4,2.1,-4.3,-5.7,-6.1,-6.7,1.2,1.6,-4.7,-5.5,-6.8,-7.2,0.6,1.9,-4.7,-6.3,-7.2,-7.6,1.2,2.1,-3.8,-5.3,-4.5,-5.3,1.6,0.8,1.3,2.4,3,1.9,-0.6,-1.2,1.6,2.6,2.9,1,-0.7,-1,1.4,2.4,2.9,1.8,-0.6,-1.1,0.9,2.2,3.3,3.2,-0.6,-1.7,-0.5,-0.8,-0.2,0.6,0.6,0,0.1,-0.3,-0.2,0.2,0.6,0.5,-0.3,-0.6,-0.1,0.7,0.6,0.1,-1.3,-1.6,-0.3,0.7,0.6,-0.7,2.5,2.2,1.8,2.1,-0.3,0.1,1.2,1.2,0.7,1.3,-0.7,-0.2,2.6,2.3,2,2.2,-0.4,-0.1,3.3,2.8,2.1,2.4,-0.1,0.6,0.1,2,0.3,0.3,0.1,5.9,0.3,0.4,0.1,0.7,0.3,0.3,0.1,-0.4,0.2,0.2,0.1,-0.2,0.6,1,0.1,-0.2,0.8,1.2,0.1,-0.3,0.5,0.8,0.2,-0.1,0.6,0.7,0.4,8.4,0.5,0.2,0.3,22.2,0.4,0.2,0.4,4.3,0.7,0.2,0.3,0.3,0.4,0.2,1.9,0.3,-0.1,-1.1,1.9,0.3,-0.1,-1.2,1.9,0.3,-0.1,-1.1,1.7,0.3,-0.1,-1,-0.2,0.2,0.2,2.7,-0.1,0.3,0.2,3.1,-0.3,0.2,0.3,2.5,-0.5,0.1,0.4,2,-1.3,1.9,-4.1,-0.7,-2,0.4,-3.2,-0.2,-2,0.8,-3.3,-0.5,0,4.4,-5.8,-1.1,-1.2,-0.5,-0.2,-0.2,-1.4,0.1,-0.1,-0.1,-1.2,-0.4,-0.3,-0.1,-1.1,-0.9,-0.2,-0.4,0.4,-0.4,-0.1,-0.5,0.2,-0.4,0,-0.3,0.4,-0.4,-0.1,-0.4,0.6,-0.5,0,-0.7,0.4,-0.7,0.2,0,0.1,-0.4,0.2,-0.1,0.4,-0.7,0.3,0,0.6,-1.1,0.3,0.1,-0.3,-2.1,0.7,0.5,0.1,-1.1,0.2,0.2,-0.2,-2.4,0.6,0.5,-0.5,-2.3,1.1,0.7,4.4,56.71,7.8125,1.0296,71.05,14962.9464,2257,21772.73047,5.31,4.3
2007/7/31,1.5,1,1.6,2.1,3.6,3.7,3.4,3.6,1.2,-0.3,1.8,2.2,-3,-3.1,-3.2,-2.7,-2.4,-1.4,-3.3,-4,5.1,2.4,2.6,10.5,-4.3,-4.6,-5,-3.5,2.1,2.3,2.1,1.8,-0.2,0.1,-0.1,-0.7,1.9,0.6,2.1,2.5,0.5,0.4,0.6,0.5,0.7,0.8,0.7,0.4,0.4,0.2,0.4,0.7,-0.5,-0.5,-0.5,-0.4,-0.1,0,-0.2,-0.1,-3.3,-2.3,-2.6,-4.8,-0.9,-0.7,-1.1,-0.8,0.2,0.3,0.3,0.2,0.9,0.4,0.9,1.5,1.7,0.9,1.9,1.9,1.3,1.3,2,2.3,0.2,-0.5,0.8,0.7,1.8,2,0.3,-0.8,1.4,1.3,1.9,2.4,0.3,-0.3,1.9,1.9,2.3,2.5,0.2,-0.2,3,3,1.9,2.2,0.6,1.7,3,2.8,1.8,2.1,0.9,1.9,2.8,2.5,1.7,1.9,0.9,1.7,3.2,4.1,2.6,2.7,-0.5,1,1,0.9,4.8,4.8,0.3,-3.6,-0.3,-0.4,4.1,4,0.1,-4.4,1.6,1.4,5.3,5.2,0.4,-3.5,1.8,1.7,5.2,5.3,0.5,-3,-1.5,-3.1,-1.2,4.5,0.1,-1.8,-1.6,-3.3,-1.3,4.2,0.2,-1.8,-1.6,-3.2,-1.3,4.7,0,-1.9,-1.2,-2.6,-0.9,4.8,-0.1,-1.8,-2.4,1.2,-3.6,-4.8,-3.6,1.2,-1.3,2.5,-4.2,-5.8,-3.9,2.8,-3.3,0.3,-3.4,-4.2,-3.6,0.1,-4.1,-0.6,-2.2,-2.8,-3.4,-1.8,4,4.1,9.5,0.5,1,-4.4,1.5,2.4,8.3,1.8,0,-5.9,1.7,2.5,8.6,1.7,0.1,-6,8.8,7.6,11.5,-2,2.9,-1,-4.5,-4.9,-6,-7.1,0.6,1.7,-4.9,-4.9,-6.4,-7.6,0.3,1.8,-5.1,-5.5,-6.8,-8.1,0.5,1.8,-3.7,-4.3,-4.9,-5.6,0.8,1.4,1.8,2.2,2.8,1.8,-0.1,-0.7,1.9,2.5,3,0.9,-0.2,-0.7,1.8,2.2,2.7,1.6,-0.1,-0.6,1.6,2,2.9,3,-0.2,-1.1,-0.2,-0.9,-0.9,0.5,0.7,0.7,0.3,-0.1,-0.6,0.2,0.2,0.7,0,-0.7,-0.8,0.6,0.6,0.7,-1,-1.8,-1.2,0.5,1.1,0.5,1.9,2.4,0.1,2.7,-0.5,1.8,0.5,0.9,-0.1,1.9,-0.3,0.7,1.9,2.3,0,3.1,-0.2,2.1,2.7,3.4,0.4,2.7,-0.9,2.1,0.4,-0.6,-0.1,0.3,0.5,-1.2,0,0.2,0.4,-0.5,-0.1,0.3,0.4,-0.1,-0.3,0.3,1.4,-0.2,-0.1,0.1,1.7,-0.3,-0.3,0.1,1.3,-0.2,0,0.1,1,0.2,0.3,0.1,0.4,-3,0.4,0.3,0.2,-3.8,0.5,0.3,0.3,-3,0.4,0.3,0.5,-2.2,0.4,0.3,-0.8,-1.4,1.7,1.1,-0.8,-1.4,1.6,1.1,-0.8,-1.4,1.8,1.2,-0.7,-1.3,1.9,1,-0.6,-0.7,0.2,0,-0.6,-0.3,0.1,0,-0.7,-0.9,0.3,-0.1,-0.7,-1.2,0.4,-0.1,-0.4,6.6,-4.5,-4.3,-0.2,5.9,-3,-3.1,-0.3,6.5,-3.3,-3.4,-0.7,7.1,-7,-6.3,-0.4,0,-0.3,-1,-0.4,-0.2,-0.2,-0.9,-0.5,0,-0.2,-1.2,-0.2,0.2,-0.3,-1,-0.1,0.4,0.2,-0.1,-0.1,0.3,0.2,-0.1,-0.1,0.3,0.2,-0.1,0,0.4,0.2,0,0.3,0.3,-0.3,0.9,0.1,0.2,-0.2,0.6,0.3,0.3,-0.3,1,0.4,0.3,-0.4,1.2,-0.2,0.9,-0.6,1.6,-0.5,0.4,-0.4,0.7,-0.2,0.9,-0.6,1.8,0.1,1.1,-0.7,2,5.6,56.98,7.8245,1.03855,76.93,17718,2005,23184.93945,5.28,4.4
2007/8/31,1.6,0.7,1.7,2.4,4.6,4.9,4.3,4.7,0.4,-2.6,1.3,2.5,-2.4,-2.4,-2.6,-2,-0.9,0.3,-1.8,-2.7,4.3,1.2,1.2,10.8,-4.1,-4.9,-4.8,-2.7,2,2.1,2.1,1.7,-0.1,0.2,0,-0.6,1.7,0.3,2,2.3,0.1,-0.3,0.2,0.3,0.9,1.1,0.9,0.7,-0.5,-2,-0.1,0.6,0.7,0.7,0.7,0.6,2.3,2.4,2.3,2.1,-3,-2.4,-2.9,-3.6,-0.4,-0.7,-0.5,-0.2,0,0.1,0,-0.1,0.2,0.1,0.2,0.2,0.1,-0.1,0.1,0.2,1.5,1.2,0.8,2.5,0.4,0.8,1,0.7,-3.2,2.3,0,3.9,1.6,1.3,2.1,2.6,0.4,-0.4,2.1,1.7,3.6,2.6,0.7,-1.2,3.6,2.5,3.3,2.4,2.1,1.3,3.7,2.5,3.3,2.6,2.4,1.6,3.4,2.3,3.1,2.1,2,1.2,3.6,2.9,3.9,2.4,1.8,0.8,1.2,0.9,-2.8,4.8,-0.5,3.2,-0.3,-0.3,-14.4,3.9,-2.3,11.8,1.8,1.5,1.5,5.2,-0.2,-0.2,2.2,1.5,5.1,5.3,1,-2.6,-3,-1.8,-1.1,4.8,-0.6,-1.3,-3.1,-2,-1.3,4.5,-0.4,-1.1,-3.2,-1.9,-1.1,4.9,-0.7,-1.5,-2.7,-1.4,-0.8,5,-0.6,-1.2,-2.4,0.9,-4.1,-3.2,-1.8,3.2,-1.4,2.3,-4.1,-3.9,-2,4.4,-3.3,-0.2,-4.3,-2.8,-1.6,2.5,-4,-1.4,-3.6,-1.7,-1.3,0.9,5.1,3.7,7.8,2.5,0.6,-3.5,2.4,1.5,6.1,4,-0.3,-4.9,2.6,1.5,6.2,3.8,-0.3,-5,10.5,8.3,11.4,-0.3,2.5,-0.6,-4.3,-4.3,-5.6,-7,0.2,1.5,-4.6,-4.7,-6.1,-7.3,-0.2,1.2,-5,-4.7,-6.3,-7.9,-0.1,1.5,-3.5,-3.8,-4.4,-6,1.1,1.7,2.1,1.3,3,2,0.7,-1,2.3,1.6,3,1.3,0.5,-0.9,2.1,1.4,3,1.8,0.7,-0.9,1.8,0.9,3,3.1,0.8,-1.3,-0.2,-0.5,-0.2,0.3,0.4,0.1,0.1,0.1,0,0.1,0.1,0.2,-0.1,-0.3,-0.1,0.4,0.3,0.1,-0.7,-1.3,-0.6,0.4,0.7,0,1.9,2.5,4.4,2.9,-0.8,-2.7,0.6,1.2,2.3,2.2,-0.9,-2,2.1,2.6,4.8,3.3,-0.6,-2.8,2.5,3.3,5.1,2.9,-1,-2.8,0.5,0.1,-1.4,0,0.4,0.1,-4.9,0.1,0.6,0.1,-0.2,0,0.5,0.1,0.8,-0.1,0.7,0.1,1.6,-0.1,0.8,0.1,1.7,0,0.7,0.1,1.6,0,0.4,0.2,1.4,-0.4,0.4,0.4,-7.1,0.3,0.2,0.3,-17.7,0.3,0.4,0.4,-3.4,0.3,0.7,0.3,0.3,0.3,-0.5,1.9,0.2,0,-0.5,1.9,0.2,0,-0.5,1.9,0.2,0,-0.4,1.7,0.2,0,-0.1,-0.2,-0.8,0.7,0,-0.1,-0.5,0.7,-0.2,-0.3,-1,0.7,-0.1,-0.5,-1.2,0.7,-3.3,-1.3,-4.1,-2.3,-2.3,-2,-4.1,-1.3,-2.6,-2,-4.4,-1.6,-4.8,0,-3.7,-3.9,-0.9,-1.2,-0.1,-0.7,-0.7,-1.4,-0.3,-0.4,-1.1,-1.2,-0.1,-0.7,-0.8,-1.1,0,-1,0.2,0.4,0.8,0.1,0.3,0.2,0.7,0.2,0.3,0.4,0.9,0.1,0.2,0.6,0.7,0.1,0.9,0.4,0.1,0.1,0.4,0.1,0.2,0.1,0.9,0.4,0.1,0.1,1.5,0.6,-0.1,0,1.7,-0.3,2.7,0.3,0.9,0.1,1.6,0.2,1.9,-0.2,3.1,0.3,1.9,-0.5,2.9,0.4,6.5,57.3,7.7985,1.0377,70.76,15089.2272,1971,23984.14063,4.96,4.6
2007/9/30,1.6,1,1.8,2.2,6,6.6,5.6,5.7,0.3,-2.6,1.2,2.7,-2.6,-2.6,-2.8,-2.3,-0.2,0.8,-0.9,-1.8,1.9,0.2,0.2,5.2,-4.2,-4.5,-4.8,-3.4,2,2.2,2.1,1.8,0.3,0.3,0.4,0.1,0.2,-1.6,0.7,0.8,0.1,0.3,0.1,0,1,1.1,1,0.7,0.4,0.3,0.4,0.6,0.3,0.3,0.3,0.3,-0.2,-0.1,-0.3,-0.4,3.3,2.3,2.5,5,0.1,-0.1,0,0.3,0.5,0.8,0.4,0.2,-0.7,-0.3,-0.7,-1.2,-2.2,-2.4,-2.1,-2.2,1.6,1.3,2.4,2.1,0.3,-0.8,0.7,0.8,2.2,1.9,0.2,-1.2,1.7,1.4,2.3,2.2,0.4,-0.5,2.4,1.9,2.7,2.3,0.3,-0.5,4.6,3,3.2,1.7,3,2.8,4.9,3,3.2,1.7,3.6,3.4,4.3,2.8,2.8,1.6,2.8,2.8,4.7,3.2,3.9,1.9,2.5,1.8,0.4,1,4.5,4.8,-0.7,-4.2,-2.6,-0.3,3.9,3.9,-2.3,-6.5,1.3,1.6,5,5.3,-0.4,-3.8,2.5,1.8,4.4,5.2,0.9,-1.7,-2.4,-1.5,-1.5,3.1,-1.1,-1.1,-2.4,-1.6,-1.7,2.8,-1,-0.9,-2.6,-1.6,-1.5,3.2,-1.2,-1.3,-2,-1.2,-1.1,3.5,-1.1,-1.2,-0.9,-2.4,-3.8,-4,2.2,3.6,0.3,-1.3,-3.8,-4.5,2.1,4.6,-1.8,-3.3,-3.9,-3.9,2.4,3,-2.7,-4.1,-3.3,-3,2.3,1.5,4.3,4,4.4,2,-2.1,-2.5,1.2,1.5,2,3.3,-1.3,-1.8,1.2,1.7,2.1,3.1,-1.5,-1.9,10.8,8.8,9.2,-0.1,-3.6,-4,-4.1,-4.5,-5.7,-6.7,0.3,1.5,-4.9,-4.9,-5.5,-7.4,0.4,1,-4.8,-5.1,-6.3,-7.6,0.3,1.5,-2.7,-3.7,-5.3,-5.2,0.3,1.9,2,1.8,2.4,1.8,0.2,-0.4,2.1,1.9,2.6,1.2,0.3,-0.4,2.1,1.8,2.4,1.6,0.3,-0.3,1.7,1.6,2.2,2.7,0.2,-0.4,-0.1,-0.2,-0.8,-0.1,0.5,1.1,0.2,0.3,-0.3,-0.1,0,0.6,0,0,-0.6,0,0.4,1,-0.6,-1,-1.6,-0.1,1.1,1.7,1.7,1.9,2.2,2.2,-1.7,-2,0.3,0.5,1.2,1.3,-2.1,-2.8,2,1.9,2.3,2.4,-1.2,-1.6,2.3,2.7,2.8,2.5,-1.9,-2,0.1,0.4,2,0.1,-0.3,0.5,5.9,0,0.2,0.4,0.7,0,0.3,0.4,-0.4,0.3,0.9,1.4,-0.2,-0.4,1.1,1.7,-0.2,-0.5,0.9,1.3,-0.3,-0.3,0.7,1,-0.1,-0.2,-0.5,0.4,8.4,0.4,-2,0.2,22.2,0.4,-0.1,0.3,4.3,0.5,0.6,0.5,0.3,0.4,0.7,-0.8,0.3,0.5,0.7,-0.8,0.3,0.5,0.7,-0.8,0.3,0.6,0.6,-0.7,0.3,0.5,2.3,-0.6,0.2,-0.9,2.4,-0.6,0.3,-0.6,2.3,-0.7,0.2,-1.2,2.1,-0.7,0.1,-1.4,-3,-0.4,1.9,5.7,-2.4,-0.2,0.4,3.3,-2.9,-0.3,0.8,3.6,-3.6,-0.7,4.4,10.7,-0.4,-0.4,-0.5,0.3,-0.7,-0.4,0.1,-0.5,-0.5,-0.5,-0.4,0,-0.2,-0.2,-0.9,1,0,-0.1,-0.4,0.4,0.1,-0.1,-0.4,0.8,0,-0.1,-0.4,0.4,-0.1,0,-0.5,0.1,0.2,0.3,-0.7,-1.1,0.1,0.1,-0.4,-0.4,0.2,0.3,-0.7,-1.1,0.2,0.4,-1.1,-1.9,0.1,-0.2,-2.1,-0.7,-0.1,-0.5,-1.1,-0.5,0.1,-0.2,-2.4,-0.9,0.2,0.1,-2.3,-0.7,6.2,58.23,7.7665,1.04055,77.17,13815.1332,1872,27142.4707,4.58,4.3
2007/10/31,3.2,2.9,3.2,3.5,6.6,7.4,6.2,6,4.1,1.9,4.8,5.8,1.5,1.5,1.5,1.6,0.4,1.4,-0.3,-1,2.1,0.9,1.2,4.2,-4.4,-4.6,-5,-3.7,2.6,2.8,2.6,2.5,0.6,0.3,0.7,0.8,0.5,-1.5,0.9,1.3,1.6,1.9,1.6,1.5,0.5,0.6,0.5,0.4,4.1,4.9,3.9,3.4,0,0,0,0,0.5,0.3,0.6,0.9,5.4,5.6,5.8,4.8,-0.4,-0.4,-0.4,-0.2,0.5,0.5,0.5,0.5,0.2,0,0.1,0.4,0.2,0.1,0.2,0.2,1.6,1.5,1.3,2,1.7,1.9,1,1,0.7,1.7,1.9,2.2,1.8,1.6,1.3,2.1,1.6,1.9,2.2,2.1,1.9,2.1,1.4,1.6,6,3.6,3,2,3,3.6,6.6,3.7,2.8,1.9,3.7,4.6,5.6,3.4,2.5,1.8,2.8,3.7,5.7,3.6,4.1,2.4,2.4,1.9,0.3,1.2,0.9,4.7,2.9,3.2,-2.6,-0.3,-0.4,3.9,2.2,2.3,1.2,1.8,1.4,5.1,3,3.4,2.7,2.2,1.7,5.1,3.6,4.1,-2.6,-3,-3.1,-2.5,4.5,4.6,-2.6,-3.1,-3.3,-2.8,4.6,4.8,-2.8,-3.2,-3.2,-2.6,4.7,4.7,-2.3,-2.7,-2.6,-1.7,4.3,4.2,-0.2,-2.4,1.2,-4,2.8,-0.8,0.8,-1.4,2.5,-4.6,2.8,-1.1,-0.9,-3.3,0.3,-3.7,3,-0.6,-1.8,-4,-0.6,-2.6,3,-0.4,1.9,5.1,4.1,3.1,-3,-2,0.2,2.4,2.4,5.2,-1.5,-1.5,0.2,2.6,2.5,4.9,-1.4,-1.3,5.2,10.5,7.6,-0.4,-6.3,-3.4,-4.2,-4.3,-4.9,-6.6,-0.1,0.5,-4.5,-4.6,-4.9,-7.3,0,0.3,-4.8,-5,-5.5,-7.6,0,0.5,-3.4,-3.5,-4.3,-5,-0.2,0.6,2,2.1,2.2,2.1,0.5,0.4,2.2,2.3,2.5,1.8,0.5,0.3,2.1,2.1,2.2,2,0.5,0.4,1.8,1.8,2,2.6,0.7,0.5,0.3,-0.2,-0.9,-0.1,0.8,1.5,0.3,0.1,-0.1,0,0.2,0.4,0.4,-0.1,-0.7,0,0.8,1.4,0.1,-0.7,-1.8,-0.3,1.5,2.6,0.2,1.9,2.4,2.1,-1.4,-1.9,-1.6,0.6,0.9,1.2,-2.1,-2.4,0.7,2.1,2.3,2.5,-1.2,-1.4,0.8,2.5,3.4,2.3,-1.2,-2.1,0.1,0.5,-0.6,0.1,0.3,0.4,-1.2,0,0.1,0.6,-0.5,0.1,0,0.5,-0.1,0.2,1,0.7,-0.2,0,1.1,0.8,-0.3,-0.1,1,0.7,-0.2,0,0.7,0.4,0.2,0.2,0.4,0.4,-3,0.3,0.3,0.2,-3.8,0.3,0.4,0.4,-3,0.4,0.6,0.7,-2.2,0.4,0.3,-0.5,-1.4,-4,0.3,-0.5,-1.4,-4,0.3,-0.5,-1.4,-4.2,0.3,-0.4,-1.3,-3.8,-0.2,-0.1,-0.7,-0.1,-0.1,0,-0.3,-0.2,-0.3,-0.2,-0.9,0,-0.4,-0.1,-1.2,0.1,3.3,-3.3,6.6,5.1,2.3,-2.3,5.9,4.8,2.5,-2.6,6.5,4.8,5,-4.8,7.1,5.7,0.1,-0.9,0,-0.2,-0.1,-0.7,-0.2,-0.4,0,-1.1,0,-0.3,0.3,-0.8,0.2,0.1,0.5,0.2,0.4,-0.1,0.8,0.3,0.3,-0.1,0.4,0.3,0.3,0,0.2,0.2,0.4,-0.2,-0.7,0.9,0.3,-0.2,-0.3,0.4,0.2,0,-0.7,0.9,0.3,-0.2,-1.2,1.5,0.3,-0.4,-2.2,1.7,0.9,-0.1,-2.4,0.9,0.4,0,-2.1,1.9,0.9,0.1,-2.2,1.9,1.1,-0.3,6.5,59.36,7.7505,1.04045,82.34,12795.6924,1859,31352.58008,4.6,4
2007/11/30,3.4,3.1,3.5,3.6,6.5,7.2,6.2,5.9,4.2,1.8,4.8,6.2,3.4,3.5,3.5,3.3,0.8,1.6,0.2,-0.5,1.4,2.1,2.2,-0.1,-3.9,-4.1,-4.5,-3.1,3.6,4.1,3.5,3.2,1,0.5,1,1.4,0.8,-1.2,1.3,1.6,0.5,0.3,0.5,0.6,-0.1,-0.2,0,0,0.5,0.3,0.5,0.7,1,1.1,1,0.9,0,0,-0.1,-0.1,6,5.9,6.2,5.7,0.2,0.2,0.2,0.2,1.2,1.5,1.2,0.9,0.2,0.1,0.2,0.5,0,0.1,0,-0.1,3.2,1.6,1.2,2.2,1.8,2.2,2.9,0.7,0.7,1.8,2.4,2.4,3.2,1.7,1.3,2.2,1.8,2.2,3.5,2.4,1.7,2.6,1.2,1.9,6.6,4.6,2.5,2.2,1.9,4,7.4,4.9,2.5,2.2,2.3,4.7,6.2,4.3,2.3,1.9,1.9,3.9,6,4.7,2.9,2.5,1.2,3,4.1,0.4,0.9,4.7,3.8,3.3,1.9,-2.6,-0.3,3.9,4.4,2.1,4.8,1.3,1.5,5,3.5,3.3,5.8,2.5,1.5,5.2,3.7,4.7,1.5,-2.4,-1.8,-3.1,5.8,5.2,1.5,-2.4,-2,-3.4,5.9,5.5,1.5,-2.6,-1.9,-3.3,6.1,5.4,1.6,-2,-1.4,-2.3,5.3,4.7,0.4,-0.9,0.9,-4.6,1.7,-0.1,1.4,0.3,2.3,-4.9,1.3,-0.7,-0.3,-1.8,-0.2,-4.6,2,0.4,-1,-2.7,-1.4,-3.7,2.2,0.9,2.1,4.3,3.7,5.3,-2.9,-2.3,0.9,1.2,1.5,5.2,0.9,0.6,1.2,1.2,1.5,4.8,1,0.7,4.2,10.8,8.3,6.1,-10.9,-8.4,-4.4,-4.1,-4.3,-6.4,0.2,0.4,-4.6,-4.9,-4.7,-7,0.8,0.6,-5,-4.8,-4.7,-7.3,0.3,0.2,-3.7,-2.7,-3.8,-5,-0.4,0.7,2.6,2,1.3,2.6,1.6,2.3,2.8,2.1,1.6,2.6,2,2.5,2.6,2.1,1.4,2.6,1.4,2.1,2.5,1.7,0.9,2.7,1.5,2.3,0.6,-0.1,-0.5,-0.1,1.1,1.5,0.3,0.2,0.1,-0.1,0.3,0.4,0.7,0,-0.3,0,1,1.3,0.8,-0.6,-1.3,-0.2,2,2.7,0.5,1.7,2.5,2.4,-0.9,-1.7,-1.5,0.3,1.2,1.6,-1.5,-2.4,0.9,2,2.6,2.7,-0.7,-1.3,1.3,2.3,3.3,2.5,-0.7,-1.7,1.6,0.1,0.1,0.3,1.9,-0.3,0.1,0.1,1.6,0.2,0.1,0.2,1.5,0.3,0.1,0.5,0.5,0.9,0.1,0,0.6,1.1,0.1,-0.1,0.5,0.9,0.1,0,0.4,0.7,0.2,0.1,4.1,-0.5,0.4,0.4,4.9,-2,0.3,0.3,3.9,-0.1,0.4,0.4,3.4,0.6,0.3,0.4,0,0.7,1.9,-0.8,0,0.7,1.9,-0.8,0,0.7,1.9,-0.9,0,0.6,1.7,-0.8,0.5,2.3,-0.2,-0.5,0.3,2.4,-0.1,-0.3,0.6,2.3,-0.3,-0.6,0.9,2.1,-0.5,-0.7,5.4,-3,-1.3,6.8,5.6,-2.4,-2,4.7,5.8,-2.9,-2,5.1,4.8,-3.6,0,10.3,-0.4,-0.4,-1.2,-0.3,-0.4,-0.7,-1.4,-0.3,-0.4,-0.5,-1.2,-0.3,-0.2,-0.2,-1.1,-0.4,0.5,0,0.4,0.2,0.5,0.1,0.2,0.2,0.5,0,0.4,0.3,0.5,-0.1,0.6,0.2,0.2,0.2,0.4,-0.1,0,0.1,0.1,-0.1,0.1,0.2,0.4,-0.1,0.4,0.2,0.6,-0.1,0.2,0.1,-0.3,-0.3,0.1,-0.1,0.1,-0.2,0.2,0.1,-0.2,-0.3,0.2,0.2,-0.5,-0.4,6.9,63.33,7.7885,1.0595,92.41,10394,2094,28643.60938,4.66,3.5
2007/12/31,3.8,3.4,3.9,4,6.9,7.6,6.7,6.2,4.3,2.1,4.8,6.4,5.1,5.2,5.2,4.9,0.1,1.1,-0.7,-1.6,2.4,3.1,3.1,1.2,-3.8,-4,-4.3,-3.1,3.9,4.5,3.8,3.3,0.5,-0.7,0.4,1.7,1.6,-0.8,2.3,2.3,0.6,0.6,0.7,0.6,1,1.1,1,0.8,0.7,0.6,0.7,0.6,1.5,1.5,1.6,1.4,-0.5,-0.3,-0.6,-0.7,-3.1,-2.2,-2.5,-4.5,-0.1,0,-0.1,-0.1,0.2,0.3,0.1,0.1,-0.2,-1,-0.3,0.6,1.5,0.6,1.7,1.8,3.4,1.6,1.3,2.3,2.2,2.5,3.1,1,0.8,1.9,2.4,2.6,3.5,1.8,1.4,2.3,2.1,2.5,3.6,2.2,1.9,2.7,1.8,2.1,6.5,6,3,2.5,0.9,3.9,7.2,6.6,3,2.6,1,4.6,6.2,5.6,2.8,2.2,1.1,3.9,5.9,5.7,3.2,2.9,0.5,3,4.2,0.3,1,4.8,4,3.3,1.8,-2.6,-0.3,3.9,4.7,2.4,4.8,1.2,1.6,5.3,3.6,3.2,6.2,2.7,1.8,5.2,3.7,4.6,3.4,-2.6,-1.5,-2.9,7.7,6.6,3.5,-2.6,-1.6,-3.3,7.8,6.8,3.5,-2.8,-1.6,-3.1,8,6.8,3.3,-2.3,-1.2,-2.2,7.2,6.1,0.8,-0.2,-2.4,-4.2,0.3,2.5,1.6,0.8,-1.3,-4.6,0.3,2.4,0.2,-0.9,-3.3,-4.1,0.2,2.6,-0.5,-1.8,-4.1,-3,0.2,2.5,1.4,1.9,4,6.4,0.5,-1.6,2.1,0.2,1.5,6.3,2.9,1.6,2.2,0.2,1.7,6.2,2.9,1.4,-0.1,5.2,8.8,6.7,-4,-7.6,-3.9,-4.2,-4.5,-6.1,0.4,0.7,-4.1,-4.5,-4.9,-6.8,0.5,0.9,-4.5,-4.8,-5.1,-7.2,0.5,0.8,-3.1,-3.4,-3.7,-4.5,0.3,0.6,3.6,2,1.8,3,1.9,2.1,4.1,2.2,1.9,2.9,2.3,2.6,3.5,2.1,1.8,2.9,1.7,2,3.2,1.8,1.6,3.3,1.5,1.7,1,0.3,-0.2,-0.2,0.2,0.7,0.5,0.3,0.3,-0.2,-1,-1,1,0.4,0,-0.1,0,0.4,1.4,0.1,-1,-0.3,1.6,2.7,0.8,0.2,1.9,1.8,1.4,-0.3,-1.2,-1.6,0.5,0.7,0.8,-1.3,1.3,0.7,1.9,2,1.6,0.4,1.6,0.8,2.7,2.1,1.5,-0.4,0.5,0.1,0.4,0.3,0.3,0.3,0.5,0.3,0.5,0.1,0.4,0.3,0.6,0,0.4,0.2,-0.1,1,1.4,0.6,-0.2,1.1,1.7,0.8,0,1,1.3,0.5,0,0.7,1,0.6,0.5,0.4,0.4,0.5,0.3,0.3,0.2,0.4,0.5,0.4,0.3,0.7,0.7,0.6,0.5,0.4,1,0.3,-0.8,-0.1,1.1,0.3,-0.8,-0.1,1,0.3,-0.8,-0.1,0.9,0.3,-0.7,-0.1,0,-0.2,-0.6,0.2,0,-0.1,-0.6,0.2,-0.1,-0.3,-0.7,0.3,-0.1,-0.4,-0.7,0.4,6,3.3,-0.4,-4.1,5.9,2.3,-0.2,-3.2,6.2,2.5,-0.3,-3.3,5.7,5,-0.7,-5.8,0.2,0.1,-0.4,-0.2,0.2,-0.1,-0.4,-0.1,0.2,0,-0.5,-0.3,0.2,0.3,-0.2,-0.2,1.2,0.5,-0.1,-0.1,1.5,0.8,-0.1,0,1.2,0.4,-0.1,-0.1,0.9,0.2,0,0,0.2,-0.7,0.3,0.2,0.1,-0.3,0.1,0.2,0.2,-0.7,0.3,0.3,0.5,-1.2,0.4,0.3,0,-2.2,-0.2,0.7,0.1,-2.4,-0.5,0.2,0,-2.1,-0.2,0.6,-0.1,-2.2,0.1,1.1,6.5,66.98,7.8015,1.07355,90.93,10324.2708,2221,27812.65039,3.06,3.3
2008/1/31,3.2,2.9,3.3,3.5,8.9,10.1,8.5,7.4,1,-2.2,1.4,4,7,7,7,6.8,0.1,1,-0.6,-1.4,1.2,1.6,1.5,0.3,-3.4,-3.5,-3.9,-2.6,4.1,4.7,4.1,3.7,0.7,-0.5,0.8,1.8,1,-1,1.5,1.7,-0.6,-0.5,-0.7,-0.8,1.8,2,1.7,1.4,-2.8,-3.7,-2.8,-1.8,3.5,3.4,3.6,3.7,0.3,0.1,0.4,0.5,-5.7,-4.4,-4.7,-7.8,0.2,0.3,0.2,0.1,0.5,0.4,0.5,0.6,-0.1,0,0,-0.3,-1.2,-0.6,-1.4,-1.3,3.8,3.2,1.5,2,0,1.7,3.4,2.9,1,1.8,0,1.9,3.9,3.2,1.6,1.9,0.1,1.7,4,3.5,2.1,2.3,0,1.4,6.9,6.6,3.6,1.9,2.3,5.3,7.6,7.4,3.7,1.8,2.7,6.4,6.7,6.2,3.4,1.7,2.3,5.1,6.2,6,3.6,2.6,1.4,3.8,4.3,4.1,1.2,4.8,-3.1,-0.2,2.1,1.9,-0.3,4.1,-4.1,-1.9,4.8,4.8,1.8,5.3,-3.4,-0.4,6.4,5.8,2.2,5.2,-1.8,1.8,5.1,1.5,-3,-1.2,5.5,10,5.2,1.5,-3.1,-1.3,5.5,10.1,5.2,1.5,-3.2,-1.3,5.5,10.2,4.9,1.6,-2.7,-0.9,5.2,9.5,0.1,0.4,-2.4,-3.6,-0.3,2.5,1.1,1.4,-1.4,-4.2,-0.4,2.4,-0.7,-0.3,-3.3,-3.4,-0.3,2.7,-1.6,-1,-4,-2.2,-0.4,2.6,2.4,2.1,5.1,9.5,-0.9,-3.9,3.1,0.9,2.4,8.3,0.7,-0.8,3.1,1.2,2.6,8.6,0.3,-1.1,1.2,4.2,10.5,11.5,-3.9,-10.2,-3.8,-4.4,-4.3,-6,1,0.9,-4,-4.6,-4.6,-6.4,1.1,1.1,-4.3,-5,-5,-6.8,1.1,1.1,-3.1,-3.7,-3.5,-4.9,1.1,0.9,3.9,2.6,2.1,2.8,1.5,2,4.5,2.8,2.3,3,1.9,2.4,3.8,2.6,2.1,2.7,1.5,2,3.3,2.5,1.8,2.9,1.2,1.9,0.5,0.6,-0.2,-0.9,0.1,0.9,-0.7,0.3,0.1,-0.6,-0.8,-0.6,0.4,0.7,-0.1,-0.8,0.1,0.9,1.7,0.8,-0.7,-1.2,1,2.5,1.6,0.5,1.9,0.1,0.5,-0.9,-0.8,-1.5,0.6,-0.1,0.5,-1.6,2.3,0.9,2.1,0,0.6,-0.6,2.3,1.3,2.5,0.4,0.4,-0.8,0.6,1.6,0.5,-0.1,0.6,1.9,0.4,0,0.7,1.6,0.6,-0.1,0.6,1.5,0.5,-0.3,1,0.5,0.7,-0.1,1.1,0.6,0.8,-0.3,1,0.5,0.7,0,0.8,0.4,0.4,0.3,0.7,4.1,0.4,0.4,0.6,4.9,0.2,0.5,0.7,3.9,0.4,0.4,0.6,3.4,0.7,0.4,1.5,0,-0.5,1.7,1.5,0,-0.5,1.6,1.6,0,-0.5,1.8,1.4,0,-0.4,1.9,-0.5,0.5,-0.1,0.2,-0.3,0.3,0,0.1,-0.6,0.6,-0.2,0.3,-0.7,0.9,-0.1,0.4,-3.1,5.4,-3.3,-4.5,-2.2,5.6,-2.3,-3,-2.5,5.8,-2.6,-3.3,-4.5,4.8,-4.8,-7,-0.1,-0.4,-0.9,-0.3,0,-0.4,-0.7,-0.2,-0.1,-0.4,-1.1,-0.2,-0.1,-0.2,-0.8,-0.3,0.2,0.5,0.2,0.2,0.3,0.5,0.3,0.2,0.1,0.5,0.3,0.2,0.1,0.5,0.2,0.2,-0.2,0.2,0.9,-0.3,-1,0,0.4,-0.2,-0.3,0.1,0.9,-0.3,0.6,0.4,1.5,-0.4,1.5,0.2,1.7,-0.6,0.6,0.1,0.9,-0.4,1.7,0.2,1.9,-0.6,1.8,0.2,1.9,-0.7,7.1,70.59,7.8005,1.0912,92.18,10336.0788,2578,23455.74023,3.22,3.1
2008/2/29,6.3,9.9,5.2,3.9,10.8,12.6,10.4,8.6,9.2,18.5,5.7,4.8,7.4,7.6,7.3,7,0.9,1.5,0.4,-0.3,0.6,1.5,1.2,-0.9,-3.7,-3.7,-4.3,-3.1,4.1,4.7,4,3.6,1.2,-0.3,1.2,2.5,1.4,-0.5,2.1,1.7,1.5,1.5,1.6,1.3,3.4,4.1,3.3,2.4,0.5,-0.2,0.7,1,0.6,0.7,0.5,0.4,0,0,-0.1,0,-4.6,-4.3,-4.7,-4.9,-0.4,-0.4,-0.5,-0.4,0.7,0.7,0.8,0.7,0.5,0.4,0.5,0.6,3.1,2.2,3.7,2.9,3.2,3.4,1.6,0.8,2.9,4.7,2.9,3.1,0.7,-3.2,6.8,9.2,3.3,3.5,1.7,2.1,1.7,3.5,3.5,3.6,2.4,3.6,0.3,1.5,8.9,6.5,4.6,3.3,4.3,6.2,10.1,7.2,4.9,3.3,5.4,7.7,8.5,6.2,4.3,3.1,4.2,6.1,7.4,5.9,4.7,3.9,2.7,3.9,1,4.2,0.4,-2.8,5,8.8,-2.2,1.8,-2.6,-14.4,16.7,21.1,1.4,4.8,1.3,1.5,0.9,4.4,4,6.2,2.5,5.1,-1.4,2.3,7,3.4,-2.4,-1.1,4,9.8,7,3.5,-2.4,-1.3,4.1,10,7,3.5,-2.6,-1.1,3.8,9.9,6.8,3.3,-2,-0.8,3.7,9,0.1,0.8,-0.9,-4.1,0.1,1.8,1,1.6,0.3,-4.1,-0.1,1.2,-0.6,0.2,-1.8,-4.3,0.2,2.2,-1.4,-0.5,-2.7,-3.6,0.2,2.4,1.2,1.4,4.3,7.8,-0.8,-3.7,1.6,2.1,1.2,6.1,-0.6,0.3,1.5,2.2,1.2,6.2,-1,0,0.3,-0.1,10.8,11.4,-0.8,-11.7,-3.4,-3.9,-4.1,-5.6,0.2,0.4,-3.5,-4.1,-4.9,-6.1,0.4,1.2,-3.9,-4.5,-4.8,-6.3,0.2,0.5,-2.6,-3.1,-2.7,-4.4,0,-0.4,4.1,3.6,2,3,0.5,2.1,4.7,4.1,2.1,3,0.6,2.6,4.1,3.5,2.1,3,0.5,1.9,3.7,3.2,1.7,3,0.4,1.9,0.7,1,-0.1,-0.2,0.2,1.3,-0.5,0.5,0.2,0,-0.8,-0.5,0.8,1,0,-0.1,0.2,1.2,1.8,1.4,-0.6,-0.6,1.1,3.1,1,0.8,1.7,4.4,0.6,-0.3,-1,-1.2,0.3,2.3,0.7,-0.8,1.5,1.3,2,4.8,0.8,0.1,1.7,1.6,2.3,5.1,0.1,-0.6,-0.6,0.5,0.1,-1.4,-0.5,0.3,-0.3,-4.9,-0.7,0.5,0.2,-0.2,-0.8,0.6,0.3,0.8,1.8,-0.1,0.9,1.6,2,-0.2,1.1,1.7,1.7,0,0.9,1.6,1.4,0,0.7,1.4,-2.8,0.5,-0.5,-7.1,-3.7,0.3,-2,-17.7,-2.8,0.5,-0.1,-3.4,-1.8,0.7,0.6,0.3,3.5,1,0.7,0.2,3.4,1.1,0.7,0.2,3.6,1,0.7,0.2,3.7,0.9,0.6,0.2,0.3,0,2.3,-0.8,0.1,0,2.4,-0.5,0.4,-0.1,2.3,-1,0.5,-0.1,2.1,-1.2,-5.7,6,-3,-4.1,-4.4,5.9,-2.4,-4.1,-4.7,6.2,-2.9,-4.4,-7.8,5.7,-3.6,-3.7,0.2,0.2,-0.4,-0.1,0.3,0.2,-0.7,-0.3,0.2,0.2,-0.5,-0.1,0.1,0.2,-0.2,0,0.5,1.2,0,0.8,0.4,1.5,0.1,0.7,0.5,1.2,0,0.9,0.6,0.9,-0.1,0.7,-0.1,0.2,0.2,0.1,0,0.1,0.1,0.2,0,0.2,0.2,0.1,-0.3,0.5,0.2,-0.1,-1.2,0,0.1,2.7,-0.6,0.1,-0.1,1.6,-1.4,0,0.1,3.1,-1.3,-0.1,0.2,2.9,8.7,73.28,7.7815,1.1018,94.99,9424,2744,24331.66992,3.01,3.1
2008/3/31,4.2,3.8,4.4,4.4,10.2,11.5,9.9,8.3,1.9,-1.8,2.3,5.6,7.1,7.3,7,6.8,0.4,1.1,-0.2,-1.1,3,4.5,4.3,0.3,-3.5,-4.2,-4.1,-2.5,5.5,6.1,5.4,5,2,0.1,2,3.9,1.4,-0.4,2.3,1.6,0,0,-0.1,0.1,-0.8,-1.1,-0.7,-0.3,1.1,1.2,1,1,0.1,0.1,0.1,0.1,-0.3,-0.1,-0.4,-0.7,4.3,3.5,3.9,5.6,-0.3,-0.4,-0.3,-0.3,0.9,0.9,0.9,0.8,0.1,0,0.1,0.3,-2,-1,-2.3,-2.4,6.3,3.8,1.6,2.4,0.4,2.6,9.9,3.4,1,2.2,0.4,2.8,5.2,3.9,1.8,2.3,0.5,2.6,3.9,4,2.2,2.7,0.4,2.2,10.8,6.9,6,3.2,3.3,4.2,12.6,7.6,6.6,3.2,3.9,4.9,10.4,6.7,5.6,2.8,3.2,4.3,8.6,6.2,5.7,3.9,2.1,2.6,9.2,4.3,0.3,4.5,-2.4,1.6,18.5,2.1,-2.6,3.9,-3.9,0.8,5.7,4.8,1.2,5,-2.5,1.1,4.8,6.4,2.7,4.4,-0.8,2.9,7.4,5.1,-2.6,-1.5,2,9.7,7.6,5.2,-2.6,-1.7,2.1,9.9,7.3,5.2,-2.8,-1.5,1.8,9.8,7,4.9,-2.3,-1.1,1.9,9.1,0.9,0.1,-0.2,-3.8,0.3,0.6,1.5,1.1,0.8,-3.8,0,0.3,0.4,-0.7,-0.9,-3.9,0.5,0.7,-0.3,-1.6,-1.8,-3.3,0.5,0.7,0.6,2.4,1.9,4.4,0.6,1.1,1.5,3.1,0.2,2,1.4,4.3,1.2,3.1,0.2,2.1,1.2,4.1,-0.9,1.2,5.2,9.2,-0.9,-4.9,-3.7,-3.8,-4.2,-5.7,0.3,0.7,-3.7,-4,-4.5,-5.5,-0.2,0.3,-4.3,-4.3,-4.8,-6.3,0.2,0.7,-3.1,-3.1,-3.4,-5.3,0.6,0.9,4.1,3.9,2,2.4,1.6,3.5,4.7,4.5,2.2,2.6,1.6,3.9,4,3.8,2.1,2.4,1.6,3.3,3.6,3.3,1.8,2.2,1.7,3.2,1.2,0.5,0.3,-0.8,1.5,1.7,-0.3,-0.7,0.3,-0.3,0.8,-0.2,1.2,0.4,0.4,-0.6,1.6,1.6,2.5,1.7,0.1,-1.6,2.2,3.8,1.4,1.6,0.2,2.2,-0.2,1.2,-0.5,-0.8,-1.6,1.2,0.4,1.2,2.1,2.3,0.7,2.3,0,1.6,1.7,2.3,0.8,2.8,-0.7,0.8,1.5,0.6,0.1,2,1.5,0.6,0.3,5.9,1.6,0.7,0.1,0.7,1.3,0.6,0,-0.4,3.4,1,1,-0.2,4.1,1.1,1.1,-0.2,3.3,1,1,-0.3,2.4,0.8,0.7,-0.1,0.5,0.7,0.4,8.4,-0.2,0.6,0.3,22.2,0.7,0.7,0.4,4.3,1,0.6,0.6,0.3,0.6,1.5,0.3,0.3,0.7,1.5,0.3,0.3,0.5,1.6,0.3,0.3,0.4,1.4,0.3,0.3,0,-0.5,-0.2,0.2,0,-0.3,-0.1,0.3,-0.1,-0.6,-0.3,0.2,0,-0.7,-0.4,0.1,-4.6,-3.1,3.3,1.9,-4.3,-2.2,2.3,0.4,-4.7,-2.5,2.5,0.8,-4.9,-4.5,5,4.4,-0.4,-0.1,0.1,-0.5,-0.4,0,-0.1,0.1,-0.5,-0.1,0,-0.4,-0.4,-0.1,0.3,-0.9,0.7,0.2,0.5,-0.4,0.7,0.3,0.8,-0.4,0.8,0.1,0.4,-0.4,0.7,0.1,0.2,-0.5,0.5,-0.2,-0.7,-0.7,0.4,-1,-0.3,-0.4,0.5,-0.3,-0.7,-0.7,0.6,0.6,-1.2,-1.1,3.1,1.5,-2.2,-2.1,2.2,0.6,-2.4,-1.1,3.7,1.7,-2.1,-2.4,2.9,1.8,-2.2,-2.3,8.3,72.89,7.7855,1.11655,103.64,10375,2646,22849.19922,2.51,3.2
2008/4/30,5.4,5.5,5.5,5.2,11.1,12.7,10.8,8.8,5.5,2.3,5.9,8.8,8.7,8.9,8.7,8.2,0.2,1.1,-0.4,-1.4,1.4,2.9,2.3,-1,-3.1,-3.7,-3.8,-2.1,5.2,5.8,5.2,4.6,2,0,1.8,4.1,0.6,-0.5,1.3,0.6,0.6,0.5,0.5,0.7,0.7,0.8,0.6,0.6,0.5,0.1,0.5,0.8,0.1,0.1,0.1,0.1,-0.8,-0.4,-1.1,-1.6,4.9,4.2,4.5,5.7,0.4,0.3,0.4,0.6,0.1,0,0.1,0.1,0.3,0.1,0.2,0.5,0.1,0.2,-0.1,0.1,4.2,3.2,3.2,1.3,2.2,2.2,3.8,2.9,2.9,0.7,2.6,2.6,4.4,3.3,3.2,1.3,2.2,2.3,4.4,3.5,3.5,1.9,1.7,1.7,10.2,8.9,6.6,3,2.2,4.5,11.5,10.1,7.4,2.8,2.6,5.3,9.9,8.5,6.2,2.5,2.3,4.6,8.3,7.4,6,4.1,1.4,2.8,1.9,1,4.1,0.9,4.5,1.4,-1.8,-2.2,1.9,-0.4,4.5,0.4,2.3,1.4,4.8,1.4,4.5,1.1,5.6,4,5.8,1.7,4.8,3,7.1,7,1.5,-3.1,1.7,7.2,7.3,7,1.5,-3.3,1.9,7.4,7,7,1.5,-3.2,1.7,7.2,6.8,6.8,1.6,-2.6,1.4,6.6,0.4,0.1,0.4,1.2,0.1,-0.2,1.1,1,1.4,2.5,0.1,-0.3,-0.2,-0.6,-0.3,0.3,0.2,-0.1,-1.1,-1.4,-1,-0.6,0,-0.4,3,1.2,2.1,4.1,0.2,-0.7,4.5,1.6,0.9,2.4,1.3,2,4.3,1.5,1.2,2.5,0.8,1.1,0.3,0.3,4.2,7.6,-1.3,-5.2,-3.5,-3.4,-4.4,-4.9,0.3,1.3,-4.2,-3.5,-4.6,-4.9,-0.2,0.9,-4.1,-3.9,-5,-5.5,0.1,1.2,-2.5,-2.6,-3.7,-4.3,0.5,1.6,5.5,4.1,2.6,2.2,1.1,2.6,6.1,4.7,2.8,2.5,1.1,3,5.4,4.1,2.6,2.2,1.1,2.6,5,3.7,2.5,2,0.9,2.1,2,0.7,0.6,-0.9,1.3,1.4,0.1,-0.5,0.3,-0.1,0.5,-0.3,2,0.8,0.7,-0.7,1,1.1,3.9,1.8,0.8,-1.8,2.3,3.3,1.4,1,0.5,2.4,-0.4,0.1,-0.4,-1,-1.5,0.9,0.5,1,2.3,1.5,0.9,2.3,-0.2,0.4,1.6,1.7,1.3,3.4,-1.1,-0.7,0,-0.6,1.6,-0.6,0,-0.5,1.9,-1.2,-0.1,-0.7,1.6,-0.5,0.1,-0.8,1.5,-0.1,-0.8,1.8,0.5,-0.2,-1.1,2,0.6,-0.3,-0.7,1.7,0.5,-0.2,-0.3,1.4,0.4,0.2,1.1,-2.8,4.1,-3,1.2,-3.7,4.9,-3.8,1,-2.8,3.9,-3,1,-1.8,3.4,-2.2,0.1,3.5,0,-1.4,0.1,3.4,0,-1.4,0.1,3.6,0,-1.4,0.1,3.7,0,-1.3,-0.3,0.3,0.5,-0.7,-0.1,0.1,0.3,-0.3,-0.4,0.4,0.6,-0.9,-0.7,0.5,0.9,-1.2,4.3,-5.7,5.4,6.6,3.5,-4.4,5.6,5.9,3.9,-4.7,5.8,6.5,5.6,-7.8,4.8,7.1,-0.3,0.2,-0.4,0,-0.4,0.3,-0.4,-0.2,-0.3,0.2,-0.4,0,-0.3,0.1,-0.2,0.2,0.9,0.5,0.5,0.4,0.9,0.4,0.5,0.3,0.9,0.5,0.5,0.3,0.8,0.6,0.5,0.4,0.1,-0.1,0.2,0.3,0,0,0,0.2,0.1,0,0.1,0.3,0.3,-0.3,0.4,0.3,-2,-1.2,0.2,0.9,-1,-0.6,0.1,0.4,-2.3,-1.4,0.2,0.9,-2.4,-1.3,0.2,1.1,8.5,71.46,7.7945,1.12155,109.07,11254,2635,25755.34961,2.37,3.3
2008/5/31,5.7,5.6,5.8,5.5,11.2,12.8,10.9,8.9,6,2.7,6.3,9.2,6.9,7,6.8,6.6,0.5,1.2,0,-0.9,1.9,4.4,3.8,-2,-1.9,-2.5,-2.5,-0.9,5.1,5.8,5.1,4.5,2,0.1,1.8,3.8,1.2,-0.7,1.9,1.5,0.4,0.3,0.4,0.4,0.2,0.1,0.2,0.3,0.8,0.7,0.8,0.7,0.1,0.2,0.1,0.1,0.1,0.1,0.1,0,-0.8,-0.6,-0.6,-1.1,0,-0.2,0,0.2,0.3,0.3,0.4,0.4,0.3,0.1,0.3,0.4,0.3,0,0.4,0.4,5.4,6.3,3.4,1.2,-0.6,2.3,5.5,9.9,3.1,0.7,-4.3,2.5,5.5,5.2,3.5,1.3,0.6,2.3,5.2,3.9,3.6,1.7,1.6,1.9,11.1,10.8,6.5,2.5,0.4,4.7,12.7,12.6,7.2,2.5,0.2,5.6,10.8,10.4,6.2,2.3,0.5,4.7,8.8,8.6,5.9,2.9,0.3,3,5.5,9.2,4.2,0.9,-3.2,1.8,2.3,18.5,1.8,-0.3,-15.8,0.9,5.9,5.7,4.8,1.5,0.6,1.5,8.8,4.8,6.2,1.5,4.4,3,8.7,7.4,3.4,-1.8,-0.5,3.5,8.9,7.6,3.5,-2,-0.6,3.5,8.7,7.3,3.5,-1.9,-0.5,3.3,8.2,7,3.3,-1.4,-0.4,3.3,0.2,0.9,0.8,0.9,-0.4,-0.3,1.1,1.5,1.6,2.3,-0.3,-0.4,-0.4,0.4,0.2,-0.2,-0.4,-0.2,-1.4,-0.3,-0.5,-1.4,-0.6,-0.4,1.4,0.6,1.4,3.7,1.3,0.5,2.9,1.5,2.1,1.5,2.9,2.3,2.3,1.2,2.2,1.5,2.6,1.6,-1,-0.9,-0.1,8.3,-1.1,-1.9,-3.1,-3.7,-3.9,-4.3,1.8,2,-3.7,-3.7,-4.1,-4.7,1.2,1.6,-3.8,-4.3,-4.5,-4.7,1.8,2,-2.1,-3.1,-3.1,-3.8,2.2,2.2,5.2,4.1,3.6,1.3,1,1.5,5.8,4.7,4.1,1.6,1.1,1.7,5.2,4,3.5,1.4,1.1,1.6,4.6,3.6,3.2,0.9,0.9,1.3,2,1.2,1,-0.5,0.8,1,0,-0.3,0.5,0.1,0.4,-0.4,1.8,1.2,1,-0.3,0.6,0.8,4.1,2.5,1.4,-1.3,1.3,2.4,0.6,1.4,0.8,2.5,-0.2,0.4,-0.5,-0.5,-1.2,1.2,-0.2,0.5,1.3,2.1,1.3,2.6,-0.2,0.6,0.6,1.7,1.6,3.3,-0.2,-0.1,0.6,1.5,0.5,0.1,0.5,1.5,0.3,0.1,0.5,1.6,0.5,0.1,0.7,1.3,0.6,0.1,0.7,3.4,-0.1,0.1,0.8,4.1,-0.2,0.1,0.6,3.3,0,0.1,0.6,2.4,0,0.2,0.5,0.5,0.5,0.4,0.1,-0.2,0.3,0.3,0.5,0.7,0.5,0.4,0.8,1,0.7,0.3,0.1,0.6,1,1.9,0.1,0.7,1.1,1.9,0.1,0.5,1,1.9,0.1,0.4,0.9,1.7,-0.8,0,0,-0.2,-0.4,0,0,-0.1,-1.1,-0.1,-0.1,-0.3,-1.6,0,-0.1,-0.5,4.9,-4.6,6,-1.3,4.2,-4.3,5.9,-2,4.5,-4.7,6.2,-2,5.7,-4.9,5.7,0,0.4,-0.4,0.2,-1.2,0.3,-0.4,0.2,-1.4,0.4,-0.5,0.2,-1.2,0.6,-0.4,0.2,-1.1,0.1,0.7,1.2,0.4,0,0.7,1.5,0.2,0.1,0.8,1.2,0.4,0.1,0.7,0.9,0.6,0.3,0.5,0.2,0.4,0.1,0.4,0.1,0.1,0.2,0.5,0.2,0.4,0.5,0.6,0.5,0.6,0.1,3.1,0,-0.3,0.2,2.2,0.1,0.1,-0.1,3.7,0,-0.2,0.1,2.9,-0.1,-0.5,7.7,72.67,7.8025,1.1296,122.8,12682.3644,2384,24533.11914,1.98,3.3
2008/6/30,6.1,6.1,6.3,5.8,11.3,12.8,11,9,6.3,3.1,6.8,9.3,7.4,7.5,7.3,7,1.1,1.9,0.5,-0.3,1.4,4.8,3.9,-4,-1.9,-2.5,-2.4,-1,5.6,6.3,5.6,4.8,3.3,1.6,3.1,5.2,1.8,0.1,2.5,2,0.8,1,0.8,0.6,1.5,1.8,1.3,1.1,0.7,0.7,0.8,0.6,-0.3,-0.3,-0.3,-0.3,-0.1,0,-0.1,-0.2,-1,0.2,-0.3,-2.7,-0.4,-0.3,-0.4,-0.3,0.4,0.4,0.4,0.3,1.6,1.6,1.6,1.7,0.4,0.2,0.4,0.6,5.7,4.2,3.8,1.3,1.9,2.3,5.6,3.8,3.4,0.8,2.3,2.7,5.8,4.4,3.9,1.4,1.9,2.4,5.5,4.4,4,1.9,1.4,1.8,11.2,10.2,6.9,3,1.1,4.4,12.8,11.5,7.6,3,1.3,5.2,10.9,9.9,6.7,2.8,1.1,4.3,8.9,8.3,6.2,3.2,0.7,2.8,6,1.9,4.3,1,4.4,2,2.7,-1.8,2.1,-0.3,4.9,1,6.3,2.3,4.8,1.6,4.5,2,9.2,5.6,6.4,1.8,3.7,2.9,6.9,7.1,5.1,-1.5,0.3,2.3,7,7.3,5.2,-1.6,0.2,2.3,6.8,7,5.2,-1.6,0.3,2.1,6.6,6.8,4.9,-1.2,0.2,2.1,0.5,0.4,0.1,-2.4,0.7,1,1.2,1.1,1.1,-1.3,0.8,0.8,0,-0.2,-0.7,-3.3,0.7,1.2,-0.9,-1.1,-1.6,-4.1,0.8,1.3,1.9,3,2.4,4,-1.6,-1,4.4,4.5,3.1,1.5,0.3,1.7,3.8,4.3,3.1,1.7,-0.4,0.8,-2,0.3,1.2,8.8,-4.3,-5.2,-1.9,-3.5,-3.8,-4.5,1.6,1.9,-2.5,-4.2,-4,-4.9,1.7,1.5,-2.5,-4.1,-4.3,-5.1,1.7,1.9,-0.9,-2.5,-3.1,-3.7,1.5,2.1,5.1,5.5,3.9,1.8,0.1,1.7,5.8,6.1,4.5,1.9,0.2,1.8,5.1,5.4,3.8,1.8,0.2,1.8,4.5,5,3.3,1.6,-0.2,1.5,2,2,0.5,-0.2,1.3,2.8,0.1,0.1,-0.7,0.3,1.5,2.3,1.8,2,0.4,0,1.1,2.7,3.8,3.9,1.7,-1,1.3,3.5,1.2,1.4,1.6,1.9,0.4,0.2,-0.7,-0.4,-0.8,0.5,0.5,0.9,1.9,2.3,2.3,1.9,0.2,0.2,1.5,1.6,2.3,2.7,0.4,-0.3,0.4,0,0.6,0.4,0.3,0,0.6,0.5,0.4,-0.1,0.7,0.4,0.4,0.1,0.6,0.4,0.2,-0.8,1,1.4,0.1,-1.1,1.1,1.7,0.2,-0.7,1,1.3,0.3,-0.3,0.8,1,0.8,1.1,0.7,0.4,0.7,1.2,0.6,0.2,0.8,1,0.7,0.3,0.7,1,0.6,0.5,0.1,0.1,1.5,-0.8,0.2,0.1,1.5,-0.8,0.1,0.1,1.6,-0.8,0.1,0.1,1.4,-0.7,0.1,-0.3,-0.5,-0.6,0.1,-0.1,-0.3,-0.6,0.1,-0.4,-0.6,-0.7,0,-0.7,-0.7,-0.7,-0.8,4.3,-3.1,-0.4,-0.6,3.5,-2.2,-0.2,-0.6,3.9,-2.5,-0.3,-1.1,5.6,-4.5,-0.7,0,-0.3,-0.1,-0.4,-0.2,-0.4,0,-0.4,0,-0.3,-0.1,-0.5,0.2,-0.3,-0.1,-0.2,0.3,0.9,0.2,-0.1,0.3,0.9,0.3,-0.1,0.4,0.9,0.1,-0.1,0.4,0.8,0.1,0,0.3,0.1,-0.2,0.3,0.1,0,-1,0.1,0.3,0.1,-0.3,0.3,0.4,0.3,0.6,0.4,0.3,-2,1.5,-0.2,0,-1,0.6,-0.5,0.4,-2.3,1.7,-0.2,0.4,-2.4,1.8,0.1,7.1,73.38,7.8005,1.1424,132.32,13431.2724,2333,22102.00977,2.47,3.3
2008/7/31,6.3,6.4,6.5,6.1,11.7,13.2,11.2,9.7,6.7,3.6,7.2,9.5,7.9,8.1,7.9,7.5,1.3,2,0.9,-0.1,1.4,4.2,3.5,-3.3,-1,-1.7,-1.5,0,5.7,6.4,5.8,5,3.9,2.2,3.8,5.4,1.3,-0.7,1.9,1.9,0.8,0.7,0.8,0.9,1.1,1.2,0.9,1.1,0.8,0.7,0.8,0.9,0,0,0,0,0.1,0.1,0.2,0.2,-3.3,-2.9,-2.9,-4.1,0,0.1,-0.1,0.2,0.4,0.3,0.4,0.3,1.5,1.1,1.6,1.7,1.2,0.1,1.3,1.8,6.1,5.4,3.2,1.5,0.9,3.1,6.1,5.5,2.9,1,0.9,3.5,6.3,5.5,3.3,1.6,1,3.2,5.8,5.2,3.5,2.1,0.9,2.6,11.3,11.1,8.9,3.6,0.6,2.8,12.8,12.7,10.1,3.7,0.5,3.1,11,10.8,8.5,3.4,0.4,2.7,9,8.8,7.4,3.6,0.9,2.3,6.3,5.5,1,1.2,1.2,5.7,3.1,2.3,-2.2,-0.3,1.3,5.8,6.8,5.9,1.4,1.8,1.3,5.8,9.3,8.8,4,2.2,0.7,5.5,7.4,8.7,7,-3,-0.8,0.9,7.5,8.9,7,-3.1,-0.8,1.1,7.3,8.7,7,-3.2,-0.8,0.9,7,8.2,6.8,-2.7,-0.7,0.7,1.1,0.2,0.1,-2.4,1.1,1.2,1.9,1.1,1,-1.4,0.9,1,0.5,-0.4,-0.6,-3.3,1.3,1.5,-0.3,-1.4,-1.4,-4,1.3,1.3,1.4,1.4,1.2,5.1,0,0.2,4.8,2.9,1.6,2.4,1.3,2.6,3.9,2.3,1.5,2.6,1.2,2,-4,-1,0.3,10.5,-2.3,-3.6,-1.9,-3.1,-3.4,-4.3,2.1,2.4,-2.5,-3.7,-3.5,-4.6,2,1.8,-2.4,-3.8,-3.9,-5,2.3,2.4,-1,-2.1,-2.6,-3.5,2.1,2.6,5.6,5.2,4.1,2.1,0.5,1.6,6.3,5.8,4.7,2.3,0.6,1.7,5.6,5.2,4.1,2.1,0.6,1.7,4.8,4.6,3.7,1.8,0.4,1.3,3.3,2,0.7,-0.2,1.9,3.2,1.6,0,-0.5,0.1,2.2,2.7,3.1,1.8,0.8,-0.1,2,3,5.2,4.1,1.8,-0.7,1.3,3.6,1.8,0.6,1,1.9,0.7,0.3,0.1,-0.5,-1,0.6,-0.2,0.3,2.5,1.3,1.5,2.1,0.6,0.4,2,0.6,1.7,2.5,1.3,0.2,0.8,0.6,-0.6,0.5,1,0.5,-0.5,0.4,0.8,0.5,-0.7,0.6,0.6,0.7,-0.8,0.5,1.5,0.7,1.8,0.7,1.8,0.8,2,0.8,1.3,0.6,1.7,0.7,1.1,0.6,1.4,0.4,0.7,0.5,-2.8,0.4,0.7,0.1,-3.7,0.2,0.8,0.5,-2.8,0.4,0.6,0.8,-1.8,0.7,-0.3,0.1,3.5,-0.5,-0.3,0.1,3.4,-0.5,-0.3,0.1,3.6,-0.5,-0.3,0.1,3.7,-0.4,-0.1,-0.8,0.3,-0.1,0,-0.4,0.1,0,-0.1,-1.1,0.4,-0.2,-0.2,-1.6,0.5,-0.1,-1,4.9,-5.7,-3.3,0.2,4.2,-4.4,-2.3,-0.3,4.5,-4.7,-2.6,-2.7,5.7,-7.8,-4.8,-0.4,0.4,0.2,-0.9,-0.3,0.3,0.3,-0.7,-0.4,0.4,0.2,-1.1,-0.3,0.6,0.1,-0.8,0.4,0.1,0.5,0.2,0.4,0,0.4,0.3,0.4,0.1,0.5,0.3,0.3,0.1,0.6,0.2,1.6,0.3,-0.1,0.9,1.6,0.1,0,0.4,1.6,0.2,0,0.9,1.7,0.5,-0.3,1.5,0.4,0.1,-1.2,1.7,0.2,0.2,-0.6,0.9,0.4,-0.1,-1.4,1.9,0.6,0.1,-1.3,1.9,6.3,71.55,7.8035,1.14775,132.72,15180,2079,22731.09961,2.09,3.4
2008/8/31,4.6,2.2,5.5,6,10.6,11.8,10.3,8.8,2.2,-8.1,5.1,9.8,7.1,7.3,7.1,6.8,-0.9,-0.3,-1.3,-2.2,1.4,3.4,2.8,-1.9,-1,-1.6,-1.6,-0.1,5.4,6.1,5.5,4.8,4,2.3,3.9,5.6,0.8,-1.3,1.4,1.5,-1.6,-4.1,-0.8,0.1,-0.1,-0.1,0,-0.1,-4.7,-13,-2,0.9,0,0,0,0,0.1,0.1,0.1,0,-3,-3.2,-3.6,-2.2,-0.5,-0.6,-0.6,-0.3,-0.3,-0.2,-0.3,-0.2,0.3,0.2,0.2,0.3,-0.4,-0.8,-0.3,-0.2,6.3,5.7,6.3,1.6,-1.1,-1.7,6.4,5.6,9.9,0.7,-3.4,-7.7,6.5,5.8,5.2,1.7,-0.3,0.3,6.1,5.5,3.9,2.4,0.5,2.1,11.7,11.2,10.8,4.6,-0.6,-0.2,13.2,12.8,12.6,4.9,-1,-0.8,11.2,10.9,10.4,4.3,-0.6,-0.1,9.7,8.9,8.6,4.7,-0.1,0.2,6.7,6,9.2,0.4,-3.8,-7,3.6,2.7,18.5,-2.6,-10.8,-26.6,7.2,6.3,5.7,1.3,-1.2,-0.6,9.5,9.2,4.8,2.5,0.6,5,7.9,6.9,7.4,-2.4,0.2,-0.3,8.1,7,7.6,-2.4,0.3,-0.3,7.9,6.8,7.3,-2.6,0.3,-0.2,7.5,6.6,7,-2,0.2,-0.2,1.3,0.5,0.9,-0.9,-1.4,-1.8,2,1.2,1.5,0.3,-1.5,-1.8,0.9,0,0.4,-1.8,-1.3,-1.7,-0.1,-0.9,-0.3,-2.7,-1.3,-1.9,1.4,1.9,0.6,4.3,-0.5,0.8,4.2,4.4,1.5,1.2,-1,1.9,3.5,3.8,1.2,1.2,-1,1.6,-3.3,-2,-0.9,10.8,0.1,-1,-1,-1.9,-3.7,-4.1,0.9,2.7,-1.7,-2.5,-3.7,-4.9,0.9,2.1,-1.5,-2.5,-4.3,-4.8,0.9,2.7,0,-0.9,-3.1,-2.7,0.8,3,5.7,5.1,4.1,2,0.3,1.3,6.4,5.8,4.7,2.1,0.3,1.4,5.8,5.1,4,2.1,0.4,1.5,5,4.5,3.6,1.7,0.3,1.2,3.9,2,1.2,-0.1,2,2.8,2.2,0.1,-0.3,0.2,2.2,2.6,3.8,1.8,1.2,0,2.1,2.7,5.4,3.8,2.5,-0.6,1.8,3.1,1.3,1.2,1.4,1.7,-0.4,-0.6,-0.7,-0.7,-0.5,0.3,-0.6,-0.8,1.9,1.9,2.1,2,-0.5,-0.7,1.9,1.5,1.7,2.3,0,-0.2,0.8,0.4,1.5,0.1,0.7,0.3,1.5,-0.3,0.8,0.4,1.6,0.2,0.9,0.4,1.3,0.3,1.1,0.2,3.4,0.9,1.2,0.1,4.1,1.1,0.9,0.2,3.3,0.9,1.1,0.3,2.4,0.7,0.8,0.8,0.5,-0.5,0.7,0.7,-0.2,-2,0.8,0.8,0.7,-0.1,0.9,0.7,1,0.6,0,0.1,0.6,0.7,0,0.2,0.7,0.7,0,0.1,0.5,0.7,0,0.1,0.4,0.6,0.1,0.1,0,2.3,0.1,0.1,0,2.4,0.2,0.1,-0.1,2.3,0.2,0,0,2.1,-3.3,-0.8,-4.6,-3,-2.9,-0.6,-4.3,-2.4,-2.9,-0.6,-4.7,-2.9,-4.1,-1.1,-4.9,-3.6,0,0,-0.4,-0.4,0.1,-0.2,-0.4,-0.7,-0.1,0,-0.5,-0.5,0.2,0.2,-0.4,-0.2,0.4,0.3,0.7,0,0.3,0.3,0.7,0.1,0.4,0.4,0.8,0,0.3,0.4,0.7,-0.1,1.5,0.3,0.5,0.2,1.1,0.1,0.4,0.1,1.6,0.3,0.5,0.2,1.7,0.4,0.6,0.2,1.2,0.3,3.1,0.1,0.1,0,2.2,-0.1,1.3,0.4,3.7,0.1,1.8,0.4,2.9,0.2,4.9,69.94,7.8035,1.1427,113.24,15078,2060,21261.89063,1.94,3.5
2008/9/30,3,-0.3,4,5.4,9.6,10.7,9.4,8.2,2.7,-7.8,5.9,10.3,-30.8,-36.1,-29.3,-21.5,-0.9,-0.3,-1.2,-2.1,-0.8,1.3,0.3,-3.8,-1,-1.4,-1.5,-0.3,5.8,6.5,5.9,5.1,4,2.4,3.8,5.6,0.3,-2.8,0.6,1.9,-1.4,-2.2,-1.3,-0.6,0.1,0.1,0.2,0.2,0.9,0.7,1.1,1.1,-35.2,-40.3,-33.7,-26.3,-0.2,-0.2,-0.2,-0.3,1.1,0.2,0.1,3,0.1,0.1,0.1,0.1,0.9,1.3,0.8,0.6,-0.8,-0.2,-0.8,-1.1,-2.7,-3.8,-2.9,-1.8,4.6,6.1,4.2,1.6,-3.1,-1.2,2.2,6.1,3.8,1,-6.4,-4.1,5.5,6.3,4.4,1.8,-2.3,-0.4,6,5.8,4.4,2.2,-0.4,1,10.6,11.3,10.2,6,-1.7,-0.6,11.8,12.8,11.5,6.6,-2.1,-0.8,10.3,11,9.9,5.6,-1.6,-0.5,8.8,9,8.3,5.7,-0.8,-0.1,2.2,6.3,1.9,0.3,-3.6,0.8,-8.1,3.1,-1.8,-2.6,-10.9,-6,5.1,6.8,2.3,1.2,-0.9,3.6,9.8,9.3,5.6,2.7,1,4.7,7.1,7.4,7.1,-2.6,-38.2,-37.9,7.3,7.5,7.3,-2.6,-43.6,-43.4,7.1,7.3,7,-2.8,-36.6,-36.3,6.8,7,6.8,-2.3,-28.5,-28.3,-0.9,1.1,0.4,-0.2,-2,-1.3,-0.3,1.9,1.1,0.8,-2.2,-1.4,-1.3,0.5,-0.2,-0.9,-1.7,-1,-2.2,-0.3,-1.1,-1.8,-1.8,-1,1.4,1.4,3,1.9,-2.2,-3.8,3.4,4.8,4.5,0.2,-3.5,-3.2,2.8,3.9,4.3,0.2,-3.6,-4,-1.9,-4,0.3,5.2,0.2,-4.1,-1,-1.9,-3.5,-4.2,0.9,2.5,-1.6,-2.5,-4.2,-4.5,1.1,2.8,-1.6,-2.4,-4.1,-4.8,0.9,2.6,-0.1,-1,-2.5,-3.4,0.7,2.2,5.4,5.6,5.5,2,0.2,0.3,6.1,6.3,6.1,2.2,0.2,0.4,5.5,5.6,5.4,2.1,0.3,0.5,4.8,4.8,5,1.8,0.3,0.1,4,3.3,2,0.3,0.7,2,2.3,1.6,0.1,0.3,0.8,2.3,3.9,3.1,2,0.4,0.7,1.8,5.6,5.2,3.9,0.1,0.4,1.7,0.8,1.8,1.4,0.2,-1.5,-1.1,-1.3,0.1,-0.4,-1.6,-2.9,-2.4,1.4,2.5,2.3,0.7,-1.9,-1.7,1.5,2,1.6,0.8,-0.1,0.3,-1.6,0.8,0,0.1,-4.1,1,0,0.3,-0.8,0.8,-0.1,0.1,0.1,0.6,0.1,0,-0.1,1.5,-0.8,1,-0.1,1.8,-1.1,1.1,0,1.3,-0.7,1,-0.1,1.1,-0.3,0.7,-4.7,0.7,1.1,0.4,-13,0.7,1.2,0.3,-2,0.8,1,0.4,0.9,0.6,1,0.6,0,-0.3,0.1,0.3,0,-0.3,0.1,0.3,0,-0.3,0.1,0.3,0,-0.3,0.1,0.3,0.1,-0.1,-0.3,-0.2,0.1,0,-0.1,-0.1,0.1,-0.1,-0.4,-0.3,0,-0.2,-0.7,-0.4,-3,-1,4.3,3.3,-3.2,0.2,3.5,2.3,-3.6,-0.3,3.9,2.5,-2.2,-2.7,5.6,5,-0.5,-0.4,-0.3,0.1,-0.6,-0.3,-0.4,-0.1,-0.6,-0.4,-0.3,0,-0.3,-0.3,-0.3,0.3,-0.3,0.4,0.9,0.5,-0.2,0.4,0.9,0.8,-0.3,0.4,0.9,0.4,-0.2,0.3,0.8,0.2,0.3,1.6,0.1,-0.7,0.2,1.6,0,-0.3,0.2,1.6,0.1,-0.7,0.3,1.7,0.3,-1.2,-0.4,0.4,-2,-2.2,-0.8,0.2,-1,-2.4,-0.3,0.4,-2.3,-2.1,-0.2,0.6,-2.4,-2.2,4.6,67.52,7.7655,1.13495,97.23,15255.0252,1926,18016.21094,2.03,3.7
2008/10/31,1.8,-1.7,2.8,4.3,9.4,10.5,9.2,8,-0.8,-11.7,2.4,7.1,-32.3,-37.6,-30.9,-23.1,-1,-0.4,-1.5,-2.4,-0.6,0.5,-0.2,-2,-0.8,-1.4,-1.2,0,5.8,6.4,6,5.1,3,2,2.9,4.1,0.3,-2.5,0.5,1.9,0.4,0.4,0.4,0.4,0.3,0.4,0.3,0.3,0.5,0.5,0.6,0.4,-2.2,-2.2,-2.3,-2.1,0.4,0.3,0.4,0.5,5.6,4.8,5.3,6.7,-0.1,-0.4,-0.2,0.1,0.5,0.4,0.6,0.4,-0.7,-0.4,-0.7,-1,0.2,0.4,0.2,0.2,3,6.3,5.4,3.2,-4.5,-3.6,-0.3,6.4,5.5,2.9,-8.1,-7.2,4,6.5,5.5,3.2,-3.7,-2.7,5.4,6.1,5.2,3.5,-1.8,-0.9,9.6,11.7,11.1,6.6,-2.3,-1.7,10.7,13.2,12.7,7.4,-2.7,-2.2,9.4,11.2,10.8,6.2,-2,-1.6,8.2,9.7,8.8,6,-1.7,-0.8,2.7,6.7,5.5,4.1,-7.5,-6.3,-7.8,3.6,2.3,1.9,-15.3,-14,5.9,7.2,5.9,4.8,-4.8,-3.5,10.3,9.5,8.8,5.8,-2.4,-1.7,-30.8,7.9,8.7,1.5,-40.2,-41,-36.1,8.1,8.9,1.5,-45.7,-46.5,-29.3,7.9,8.7,1.5,-38.8,-39.6,-21.5,7.5,8.2,1.6,-30.6,-31.3,-0.9,1.3,0.2,0.4,-2.3,-1.2,-0.3,2,1.1,1.4,-2.4,-1.5,-1.2,0.9,-0.4,-0.3,-2.4,-1.1,-2.1,-0.1,-1.4,-1,-2.3,-1,-0.8,1.4,1.4,2.1,-2,-2,1.3,4.2,2.9,0.9,-3.7,-2.4,0.3,3.5,2.3,1.2,-3.7,-2.5,-3.8,-3.3,-1,4.2,1.3,-1,-1,-1,-3.1,-4.4,0.2,2.3,-1.4,-1.7,-3.7,-4.6,0.3,2.3,-1.5,-1.5,-3.8,-5,0.3,2.6,-0.3,0,-2.1,-3.7,0,2.1,5.8,5.7,5.2,2.6,0.1,0.6,6.5,6.4,5.8,2.8,0,0.6,5.9,5.8,5.2,2.6,0.2,0.8,5.1,5,4.6,2.5,0.1,0.5,4,3.9,2,0.6,-0.9,1,2.4,2.2,0,0.3,-0.2,2,3.8,3.8,1.8,0.7,-0.9,1.1,5.6,5.4,4.1,0.8,-1.3,0,0.3,1.3,0.6,0.5,-1,-0.3,-2.8,-0.7,-0.5,-1.5,-1.8,-2,0.6,1.9,1.3,0.9,-1.4,-0.8,1.9,1.9,0.6,1.3,0,1.3,-1.4,0.8,0.6,1.6,-2.2,0.7,0.5,1.9,-1.3,0.8,0.5,1.6,-0.6,0.9,0.7,1.5,0.1,1.1,0.7,0.5,0.1,1.2,0.8,0.6,0.2,0.9,0.6,0.5,0.2,1.1,0.6,0.4,0.9,0.8,0.5,4.1,0.7,0.7,0.1,4.9,1.1,0.8,0.5,3.9,1.1,0.9,0.8,3.4,-35.2,0,0.1,0,-40.3,0,0.1,0,-33.7,0,0.1,0,-26.3,0,0.1,0,-0.2,0.1,-0.8,0.5,-0.2,0.1,-0.4,0.3,-0.2,0.2,-1.1,0.6,-0.3,0.2,-1.6,0.9,1.1,-3.3,4.9,5.4,0.2,-2.9,4.2,5.6,0.1,-2.9,4.5,5.8,3,-4.1,5.7,4.8,0.1,0,0.4,-0.4,0.1,0.1,0.3,-0.4,0.1,-0.1,0.4,-0.4,0.1,0.2,0.6,-0.2,0.9,0.4,0.1,0.5,1.3,0.3,0,0.5,0.8,0.4,0.1,0.5,0.6,0.3,0.1,0.5,-0.8,1.5,0.3,0.2,-0.2,1.1,0.1,0,-0.8,1.6,0.2,0.1,-1.1,1.7,0.5,0.4,-2.7,1.2,0.1,0.2,-3.8,0.1,0.2,0.1,-2.9,1.3,-0.1,0.2,-1.8,1.8,0.1,0.2,4,63.45,7.7515,1.1321,71.58,13286,1913,13968.66992,0.22,3.6
2008/11/30,3.1,2.1,3.3,3.8,9.3,10.4,8.9,8.1,4.6,1.9,5.4,6.7,-35.3,-40.7,-33.8,-25.7,-0.6,-0.1,-0.9,-1.6,0.5,1.4,1.3,-1.2,-0.8,-1.1,-1.2,-0.1,4,4.3,4.1,3.6,1.9,1.5,1.8,2.3,0,-2.7,0.2,1.4,1.8,4.3,1,0.2,-0.2,-0.3,-0.2,0.1,6,15.7,3.3,0.4,-3.4,-4,-3.2,-2.5,0.4,0.2,0.5,0.6,7.1,6.9,7.8,6.5,0.2,0.5,0.3,0,-0.6,-0.6,-0.6,-0.5,-0.8,-0.4,-0.8,-1.3,-0.3,-0.1,-0.3,-0.5,1.8,4.6,5.7,3.4,-1.5,-2.6,-1.7,2.2,5.6,3.1,-0.1,-3.5,2.8,5.5,5.8,3.5,-2.2,-2.5,4.3,6,5.5,3.6,-2.2,-1.7,9.4,10.6,11.2,6.5,-1.3,-1.9,10.5,11.8,12.8,7.2,-1.4,-2.4,9.2,10.3,10.9,6.2,-1.4,-2,8,8.8,8.9,5.9,-0.7,-0.8,-0.8,2.2,6,4.2,2.4,-1.4,-11.7,-8.1,2.7,1.8,10,-0.8,2.4,5.1,6.3,4.8,0.3,-0.9,7.1,9.8,9.2,6.2,-3.1,-2.5,-32.3,7.1,6.9,3.4,-42.4,-42.2,-37.6,7.3,7,3.5,-48,-47.7,-30.9,7.1,6.8,3.5,-40.9,-40.6,-23.1,6.8,6.6,3.3,-32.5,-32.3,-1,-0.9,0.5,0.8,0.3,-1.1,-0.4,-0.3,1.2,1.6,0.2,-1.3,-1.5,-1.3,0,0.2,0.4,-0.9,-2.4,-2.2,-0.9,-0.5,0.6,-0.7,-0.6,1.4,1.9,1.4,-0.9,-1.4,0.5,3.4,4.4,2.1,-2,-3,-0.2,2.8,3.8,2.2,-1.5,-2.5,-2,-1.9,-2,-0.1,0.7,0.8,-0.8,-1,-1.9,-3.9,0.2,1.1,-1.4,-1.6,-2.5,-4.1,0.5,1.4,-1.2,-1.6,-2.5,-4.5,0.4,1.3,0,-0.1,-0.9,-3.1,0,0.8,5.8,5.4,5.1,3.6,-1.4,-1.1,6.4,6.1,5.8,4.1,-1.8,-1.5,6,5.5,5.1,3.5,-1.4,-1,5.1,4.8,4.5,3.2,-1.2,-0.9,3,4,2,1,-2.1,-0.1,2,2.3,0.1,0.5,-0.8,1.4,2.9,3.9,1.8,1,-2.1,0,4.1,5.6,3.8,1.4,-3.3,-1.5,0.3,0.8,1.2,0.8,-0.8,-1.2,-2.5,-1.3,-0.7,-1.2,-1.4,-2,0.5,1.4,1.9,1.3,-1.2,-1.7,1.9,1.5,1.5,1.6,-0.1,-0.1,0.4,-1.6,0.4,0.5,0.4,-4.1,0.3,0.3,0.4,-0.8,0.4,0.5,0.4,0.1,0.4,0.6,0.3,-0.1,0.2,-0.1,0.4,-0.1,0.1,-0.2,0.3,0,0.2,0,0.3,-0.1,0.3,0,0.5,-4.7,0.8,0.5,0.5,-13,0.7,0.3,0.6,-2,0.8,0.5,0.4,0.9,0.7,0.7,-2.2,0,0.1,1,-2.2,0,0.2,1.1,-2.3,0,0.1,1,-2.1,0,0.1,0.9,0.4,0.1,0.1,0,0.3,0.1,0.1,0,0.4,0.1,0.1,-0.1,0.5,0,0,-0.1,5.6,-3,-0.8,6,4.8,-3.2,-0.6,5.9,5.3,-3.6,-0.6,6.2,6.7,-2.2,-1.1,5.7,-0.1,-0.5,0,0.2,-0.4,-0.6,-0.2,0.2,-0.2,-0.6,0,0.2,0.1,-0.3,0.2,0.2,0.5,-0.3,0.3,1.2,0.4,-0.2,0.3,1.5,0.6,-0.3,0.4,1.2,0.4,-0.2,0.4,0.9,-0.7,0.3,0.3,0.2,-0.4,0.2,0.1,0.1,-0.7,0.2,0.3,0.2,-1,0.3,0.4,0.5,0.2,-0.4,0.3,0,0.4,-0.8,0,0.1,0.2,-0.3,0.4,0,0.2,-0.2,0.4,-0.1,2.4,56.92,7.7495,1.12755,52.45,10904.4,2134,13888.24023,0.52,3.7
2008/12/31,2.1,1.2,2.4,2.7,7.7,8.4,7.4,7,4.2,1.4,4.9,6.4,-37.1,-42.4,-35.6,-27.5,0,0.3,-0.2,-0.8,-1.5,0.2,0.2,-5,-1.7,-1.7,-2,-1.3,4.2,4.4,4.3,3.9,1.5,2.5,1.5,0.5,-1.1,-3.2,-1,0,-0.3,-0.3,-0.3,-0.5,-0.5,-0.7,-0.5,-0.3,0.2,0.2,0.2,0.3,-1.2,-1.4,-1.3,-1,0.1,0.1,0.1,0.1,-5,-3.4,-3.6,-8.2,-1,-0.6,-1,-1.3,0.4,0.3,0.3,0.4,-0.7,0,-0.7,-1.2,0.4,0.2,0.5,0.3,3.1,3,6.1,3.8,-0.9,-4,2.1,-0.3,6.1,3.4,1.5,-4.9,3.3,4,6.3,3.9,-1.6,-3.9,3.8,5.4,5.8,4,-2.7,-3.1,9.3,9.6,11.3,6.9,-1.9,-3.6,10.4,10.7,12.8,7.6,-2.3,-4.4,8.9,9.4,11,6.7,-2,-3.6,8.1,8.2,9,6.2,-1.2,-2,4.6,2.7,6.3,4.3,1.5,-2.1,1.9,-7.8,3.1,2.1,9.2,-1.7,5.4,5.9,6.8,4.8,-1,-1.9,6.7,10.3,9.3,6.4,-3.9,-2.9,-35.3,-30.8,7.4,5.1,-6.3,-44.5,-40.7,-36.1,7.5,5.2,-6.3,-49.9,-33.8,-29.3,7.3,5.2,-6.3,-42.9,-25.7,-21.5,7,4.9,-6,-34.5,-0.6,-0.9,1.1,0.1,0.9,-1.1,-0.1,-0.3,1.9,1.1,0.6,-1.6,-0.9,-1.2,0.5,-0.7,1,-0.7,-1.6,-2.1,-0.3,-1.6,1.3,-0.5,0.5,-0.8,1.4,2.4,-0.7,-2.9,1.4,1.3,4.8,3.1,-1.1,-4.6,1.3,0.3,3.9,3.1,-0.1,-3.7,-1.2,-3.8,-4,1.2,-1.2,-1,-0.8,-1,-1.9,-3.8,-0.7,0.2,-1.1,-1.4,-2.5,-4,-0.3,0.8,-1.2,-1.5,-2.4,-4.3,-0.5,0.4,-0.1,-0.3,-1,-3.1,-1,-0.3,4,5.8,5.6,3.9,-1.6,-1.4,4.3,6.5,6.3,4.5,-2.1,-1.9,4.1,5.9,5.6,3.8,-1.6,-1.3,3.6,5.1,4.8,3.3,-1.2,-0.9,1.9,4,3.3,0.5,-2.5,-1.8,1.5,2.4,1.6,-0.7,0.1,0.9,1.8,3.8,3.1,0.4,-2.3,-1.6,2.3,5.6,5.2,1.7,-5.1,-4.7,0,0.3,1.8,1.6,-1.4,-2.9,-2.7,-2.8,0.1,-0.8,-0.4,-3.3,0.2,0.6,2.5,2.3,-1.6,-3.5,1.4,1.9,2,2.3,-1.9,-2,1.8,-1.4,0.8,0.6,4.3,-2.2,1,0.6,1,-1.3,0.8,0.7,0.2,-0.6,0.6,0.6,-0.2,0.1,1.5,1,-0.3,0.1,1.8,1.1,-0.2,0.2,1.3,1,0.1,0.2,1.1,0.8,6,0.9,0.7,0.7,15.7,0.7,0.7,0.6,3.3,1.1,0.8,0.7,0.4,1.1,0.6,0.6,-3.4,-35.2,-0.3,1.5,-4,-40.3,-0.3,1.5,-3.2,-33.7,-0.3,1.6,-2.5,-26.3,-0.3,1.4,0.4,-0.2,-0.1,-0.5,0.2,-0.2,0,-0.3,0.5,-0.2,-0.1,-0.6,0.6,-0.3,-0.2,-0.7,7.1,1.1,-1,-3.1,6.9,0.2,0.2,-2.2,7.8,0.1,-0.3,-2.5,6.5,3,-2.7,-4.5,0.2,0.1,-0.4,-0.1,0.5,0.1,-0.3,0,0.3,0.1,-0.4,-0.1,0,0.1,-0.3,-0.1,-0.6,0.9,0.4,0.2,-0.6,1.3,0.4,0.3,-0.6,0.8,0.4,0.1,-0.5,0.6,0.3,0.1,-0.8,-0.8,1.6,-0.2,-0.4,-0.2,1.6,-1,-0.8,-0.8,1.6,-0.3,-1.3,-1.1,1.7,0.6,-0.3,-2.7,0.4,1.5,-0.1,-3.8,0.2,0.6,-0.3,-2.9,0.4,1.7,-0.5,-1.8,0.6,1.8,1.2,56.78,7.7505,1.12815,39.95,10138,2151,14387.48047,0.14,3.9
2009/1/31,3.1,2.1,3.4,3.7,7.2,7.9,6.9,6.3,7.3,5.3,7.9,8.5,-42,-46.8,-40.8,-33.3,-0.9,-0.2,-1.4,-2.5,-0.2,1,0.6,-2.2,-3.2,-3.1,-3.7,-2.8,4,4.2,4.2,3.6,1.6,2.7,1.7,0.6,1.5,-1.7,2.2,2.7,0.3,0.4,0.3,0.1,1.3,1.6,1.2,0.8,0,0,0,0.1,-4.5,-4.4,-4.7,-4.6,-0.7,-0.5,-0.8,-1.2,-4.4,-3.6,-4.3,-5.1,-1.4,-1.2,-1.5,-1.4,0.3,0.3,0.4,0.2,0.1,0.2,0.2,-0.2,1.4,0.9,1.7,1.3,2.1,1.8,6.3,3.2,1.3,-3.2,1.2,-1.7,6.4,2.9,3.8,-4.3,2.4,2.8,6.5,3.3,0.6,-3.1,2.7,4.3,6.1,3.5,-0.6,-2.4,7.7,9.4,11.7,8.9,-2.2,-4.5,8.4,10.5,13.2,10.1,-2.6,-5.3,7.4,9.2,11.2,8.5,-2.3,-4.3,7,8,9.7,7.4,-1.7,-3.4,4.2,-0.8,6.7,1,8.1,0.6,1.4,-11.7,3.6,-2.2,17,1.7,4.9,2.4,7.2,1.4,5.5,0.7,6.4,7.1,9.5,4,1.4,-1,-37.1,-32.3,7.9,7,-9.7,-49.9,-42.4,-37.6,8.1,7,-9.2,-54.9,-35.6,-30.9,7.9,7,-9.9,-48.7,-27.5,-23.1,7.5,6.8,-10.2,-40.8,0,-1,1.3,0.1,0.1,-2.2,0.3,-0.4,2,1,0.2,-2.2,-0.2,-1.5,0.9,-0.6,0.1,-2.3,-0.8,-2.4,-0.1,-1.4,-0.1,-2.4,-1.5,-0.6,1.4,1.2,0.4,-1.6,0.2,0.5,4.2,1.6,0.5,-3.2,0.2,-0.2,3.5,1.5,0.8,-2.9,-5,-2,-3.3,0.3,-0.2,1.1,-1.7,-0.8,-1,-3.4,-2.4,-2.2,-1.7,-1.4,-1.7,-3.5,-1.7,-1.4,-2,-1.2,-1.5,-3.9,-2.5,-2.2,-1.3,0,0,-2.6,-2.8,-2.8,4.2,5.8,5.7,4.1,-1.8,-1.7,4.4,6.4,6.4,4.7,-2.2,-2.2,4.3,6,5.8,4.1,-1.8,-1.6,3.9,5.1,5,3.7,-1.5,-1.4,1.5,3,3.9,0.7,-1.4,-2.3,2.5,2,2.2,-0.5,0.7,0.5,1.5,2.9,3.8,0.8,-1.2,-2.1,0.5,4.1,5.4,1.8,-3.5,-4.8,-1.1,0.3,1.3,1,1.2,0.2,-3.2,-2.5,-0.7,-1,0.8,-1,-1,0.5,1.9,1.5,1.7,0.3,0,1.9,1.9,1.7,0.8,0.8,-0.3,0.4,0.8,-0.6,-0.3,0.4,0.7,-0.5,-0.3,0.4,0.8,-0.7,-0.5,0.4,0.9,-0.8,-0.5,0.3,1.1,1.8,-0.7,0.4,1.2,2,-0.5,0.3,0.9,1.7,-0.3,0.3,1.1,1.4,0.2,0.5,0.8,-2.8,0.2,0.5,0.7,-3.7,0.2,0.6,0.8,-2.8,0.3,0.4,0.9,-1.8,-1.2,-2.2,0,3.5,-1.4,-2.2,0,3.4,-1.3,-2.3,0,3.6,-1,-2.1,0,3.7,0.1,0.4,0.1,0.3,0.1,0.3,0.1,0.1,0.1,0.4,0.2,0.4,0.1,0.5,0.2,0.5,-5,5.6,-3.3,-5.7,-3.4,4.8,-2.9,-4.4,-3.6,5.3,-2.9,-4.7,-8.2,6.7,-4.1,-7.8,-1,-0.1,0,0.2,-0.6,-0.4,0.1,0.3,-1,-0.2,-0.1,0.2,-1.3,0.1,0.2,0.1,0.4,0.5,0.4,0.5,0.3,0.4,0.3,0.4,0.3,0.6,0.4,0.5,0.4,0.4,0.3,0.6,-0.7,-0.7,1.5,-0.1,0,-0.4,1.1,0,-0.7,-0.7,1.6,0,-1.2,-1,1.7,-0.3,0.4,0.2,1.2,-1.2,0.2,0.4,0.1,-0.6,0.5,0.2,1.3,-1.4,0.3,0.2,1.8,-1.3,1,58.38,7.7515,1.127,43.44,9830.0124,2585,13278.20996,0.23,4.3
2009/2/28,0.8,0.1,0.9,1.4,3,3,2.9,3.3,6.9,5.7,7.5,7.4,-43.1,-48.1,-41.7,-34.1,1.8,2.8,1.2,-0.4,1.4,1.5,1.3,1.5,-3,-3,-3.5,-2.7,3.2,3.5,3.4,2.6,0.4,1.8,0.4,-1,-4,-4.9,-4.3,-3.3,-0.7,-0.5,-0.8,-0.9,-0.6,-0.7,-0.5,-0.5,0.2,0.2,0.3,0,-1.3,-1.7,-1.1,-0.9,2.7,3,2.6,2.2,-3.1,-3.9,-4,-1.3,-0.3,-0.3,-0.2,-0.3,-0.1,0,0,-0.2,-0.8,-0.5,-0.7,-1,-2.5,-1.2,-2.8,-3,3.1,3.1,4.6,6.3,-2.3,-3.8,2.1,2.1,2.2,9.9,-2,-2.1,3.4,3.3,5.5,5.2,-2.4,-4.6,3.7,3.8,6,3.9,-2.4,-4.6,7.2,9.3,10.6,10.8,-6.3,-7.6,7.9,10.4,11.8,12.6,-7.4,-8.8,6.9,8.9,10.3,10.4,-6,-7.4,6.3,8.1,8.8,8.6,-4.8,-5.5,7.3,4.6,2.2,9.2,2.3,4.7,5.3,1.9,-8.1,18.5,3.8,13.8,7.9,5.4,5.1,5.7,2.1,2.4,8.5,6.7,9.8,4.8,0.7,-2.4,-42,-35.3,7.1,7.4,-7.8,-50.2,-46.8,-40.7,7.3,7.6,-7.4,-55.4,-40.8,-33.8,7.1,7.3,-7.9,-48.8,-33.3,-25.7,6.8,7,-8.4,-40.9,-0.9,-0.6,-0.9,0.9,2.4,2.7,-0.2,-0.1,-0.3,1.5,2.9,3.1,-1.4,-0.9,-1.3,0.4,2.1,2.5,-2.5,-1.6,-2.2,-0.3,1.2,1.8,-0.2,0.5,1.4,0.6,0.9,0,1,1.4,3.4,1.5,0.1,-1.9,0.6,1.3,2.8,1.2,0,-1.5,-2.2,-1.2,-1.9,-0.9,2.7,3.4,-3.2,-0.8,-1,-3.7,-2.2,-2,-3.1,-1.1,-1.6,-3.7,-1.9,-1.4,-3.7,-1.2,-1.6,-4.3,-2.3,-1.9,-2.8,-0.1,-0.1,-3.1,-2.6,-2.6,4,4,5.4,4.1,-0.8,-2.2,4.2,4.3,6.1,4.7,-0.8,-2.6,4.2,4.1,5.5,4,-0.7,-2.1,3.6,3.6,4.8,3.6,-1,-2.2,1.6,1.9,4,1.2,-1.5,-3.6,2.7,1.5,2.3,-0.3,0.3,-0.5,1.7,1.8,3.9,1.2,-1.4,-3.5,0.6,2.3,5.6,2.5,-3.3,-6.6,1.5,0,0.8,1.4,-4,-4.8,-1.7,-2.7,-1.3,-0.5,-2.2,-3.6,2.2,0.2,1.4,2.1,-4.5,-5.7,2.7,1.4,1.5,1.7,-4.7,-4.8,0.3,1.8,-1.6,1.5,0.4,4.3,-4.1,1.5,0.3,1,-0.8,1.6,0.1,0.2,0.1,1.3,1.3,-0.2,-0.1,3.4,1.6,-0.3,-0.1,4.1,1.2,-0.2,0,3.3,0.8,0.1,-0.1,2.4,0,6,-4.7,0.5,0,15.7,-13,-0.2,0,3.3,-2,0.7,0.1,0.4,0.9,1,-4.5,-3.4,0,0.6,-4.4,-4,0,0.7,-4.7,-3.2,0,0.5,-4.6,-2.5,0,0.4,-0.7,0.4,0.1,0,-0.5,0.2,0.1,0,-0.8,0.5,0.1,-0.1,-1.2,0.6,0,0,-4.4,7.1,-3,-4.6,-3.6,6.9,-3.2,-4.3,-4.3,7.8,-3.6,-4.7,-5.1,6.5,-2.2,-4.9,-1.4,0.2,-0.5,-0.4,-1.2,0.5,-0.6,-0.4,-1.5,0.3,-0.6,-0.5,-1.4,0,-0.3,-0.4,0.3,-0.6,-0.3,0.7,0.3,-0.6,-0.2,0.7,0.4,-0.6,-0.3,0.8,0.2,-0.5,-0.2,0.7,0.1,-0.8,0.3,0.5,0.2,-0.4,0.2,0.4,0.2,-0.8,0.2,0.5,-0.2,-1.3,0.3,0.6,1.4,-0.3,-0.4,3.1,0.9,-0.1,-0.8,2.2,1.7,-0.3,-0.3,3.7,1.3,-0.5,-0.2,2.9,-1.6,58.62,7.7535,1.1265,43.32,9590,2666,12811.57031,0.22,4.7
2009/3/31,1.2,0.5,1.3,1.7,3.8,4.1,3.5,3.5,5.7,4.4,6.3,6.2,-42.9,-47.9,-41.6,-34,22.2,25.6,20.2,15.4,4.3,4.4,4.3,4.1,-2.5,-2.8,-3,-1.7,2.3,2.6,2.4,1.8,0.1,1.9,0.2,-1.7,-2.5,-4.1,-2.6,-1.4,0.3,0.4,0.3,0.3,-0.1,-0.1,-0.1,-0.1,-0.1,-0.1,-0.1,-0.1,0.3,0.3,0.3,0.2,19.7,22.1,18.3,15.1,7.3,6.5,7,8.3,0.3,-0.2,0.2,0.6,0,0,0,0,-0.1,0.2,-0.1,-0.5,-0.4,-0.2,-0.5,-0.5,0.8,2.1,3,4.2,-0.9,-1.8,0.1,1.2,-0.3,3.8,-0.7,0.8,0.9,2.4,4,4.4,-1.1,-2.7,1.4,2.7,5.4,4.4,-1,-3.7,3,7.7,9.6,10.2,-3.9,-5.8,3,8.4,10.7,11.5,-4.3,-6.6,2.9,7.4,9.4,9.9,-3.9,-5.9,3.3,7,8.2,8.3,-3.5,-4.7,6.9,4.2,2.7,1.9,1.5,3,5.7,1.4,-7.8,-1.8,3,12.2,7.5,4.9,5.9,2.3,1.4,0.4,7.4,6.4,10.3,5.6,-0.2,-4.1,-43.1,-37.1,-30.8,7.1,-5.8,-12.1,-48.1,-42.4,-36.1,7.3,-5.5,-11.8,-41.7,-35.6,-29.3,7,-6,-12.3,-34.1,-27.5,-21.5,6.8,-6.5,-12.5,1.8,0,-0.9,0.4,22.2,23.1,2.8,0.3,-0.3,1.1,25.3,25.9,1.2,-0.2,-1.2,-0.2,20.4,21.4,-0.4,-0.8,-2.1,-1.1,16.2,17.5,1.4,-1.5,-0.8,3,5.8,5.1,1.5,0.2,1.3,4.5,4.2,3.1,1.3,0.2,0.3,4.3,4.1,4,1.5,-5,-3.8,0.3,9.1,7.9,-3,-1.7,-1,-3.5,-0.8,-1.5,-3,-1.7,-1.4,-4.2,-1.1,-1.4,-3.5,-2,-1.5,-4.1,-1,-1.5,-2.7,-1.3,-0.3,-2.5,-0.4,-1.4,3.2,4.2,5.8,5.5,-1.9,-3.5,3.5,4.4,6.5,6.1,-1.8,-3.9,3.4,4.3,5.9,5.4,-1.9,-3.5,2.6,3.9,5.1,5,-2.1,-3.3,0.4,1.5,4,2,-1.4,-3.9,1.8,2.5,2.4,0.1,-0.6,-0.5,0.4,1.5,3.8,2,-1.3,-3.6,-1,0.5,5.6,3.9,-2.2,-7.3,-4,-1.1,0.3,1.4,-1.4,-2.8,-4.9,-3.2,-2.8,-0.4,-0.9,-1.3,-4.3,-1,0.6,2.3,-1.6,-3.2,-3.3,0,1.9,1.6,-1.4,-3.3,-0.7,-0.3,-1.4,0,-0.5,-0.3,-2.2,0,-0.8,-0.3,-1.3,-0.1,-0.9,-0.5,-0.6,0.1,-0.6,-0.5,0.1,-0.8,-0.7,-0.7,0.1,-1.1,-0.5,-0.5,0.2,-0.7,-0.5,-0.3,0.2,-0.3,0.2,0.2,0.9,1.1,0.2,0.2,0.7,1.2,0.3,0.2,1.1,1,0,0.3,1.1,1,-1.3,-1.2,-35.2,0.1,-1.7,-1.4,-40.3,0.1,-1.1,-1.3,-33.7,0.1,-0.9,-1,-26.3,0.1,2.7,0.1,-0.2,-0.3,3,0.1,-0.2,-0.1,2.6,0.1,-0.2,-0.4,2.2,0.1,-0.3,-0.7,-3.1,-5,1.1,4.3,-3.9,-3.4,0.2,3.5,-4,-3.6,0.1,3.9,-1.3,-8.2,3,5.6,-0.3,-1,0.1,-0.3,-0.3,-0.6,0.1,-0.4,-0.2,-1,0.1,-0.3,-0.3,-1.3,0.1,-0.3,-0.1,0.4,0.9,0.9,0,0.3,1.3,0.9,0,0.3,0.8,0.9,-0.2,0.4,0.6,0.8,-0.8,-0.7,-0.8,0.1,-0.5,0,-0.2,0,-0.7,-0.7,-0.8,0.1,-1,-1.2,-1.1,0.3,-2.5,0.4,-2.7,-2,-1.2,0.2,-3.8,-1,-2.8,0.5,-2.9,-2.3,-3,0.3,-1.8,-2.4,-1.2,60.2,7.7505,1.1262,46.54,10662,2499,13576.01953,0.16,5.1
2009/4/30,0.6,-0.2,0.9,1.2,2.2,2.2,2.1,2.2,5.4,4.3,5.9,5.9,-42.9,-47.9,-41.6,-34,22.7,25.9,20.8,16.3,3.5,4,4,2.6,-3.1,-3.2,-3.5,-2.5,2.6,2.9,2.7,2,-0.1,1.9,0.1,-2,-2.1,-4.3,-2,-1,0.1,-0.2,0.1,0.3,-0.9,-1.1,-0.8,-0.7,0.2,0.1,0.1,0.5,0.1,0.2,0.1,0.1,-0.4,-0.2,-0.6,-0.8,4.1,3.8,4.2,4.2,-0.2,-0.1,-0.2,-0.2,0.3,0.3,0.4,0.3,0.1,0.1,0.1,0.2,0.4,0.1,0.5,0.5,1.2,3.1,1.8,5.4,-2.5,-1.2,0.5,2.1,-1.7,5.5,-2.3,1.5,1.3,3.4,2.8,5.5,-2.5,-1.9,1.7,3.7,4.3,5.2,-2.5,-3.1,3.8,7.2,9.4,11.1,-5,-7.2,4.1,7.9,10.5,12.7,-5.7,-8.3,3.5,6.9,9.2,10.8,-4.8,-7.1,3.5,6.3,8,8.8,-4.1,-5.8,5.7,7.3,-0.8,5.5,-1.9,6.2,4.4,5.3,-11.7,2.3,-1,16,6.3,7.9,2.4,5.9,-2,3.5,6.2,8.5,7.1,8.8,-2.6,-1.2,-42.9,-42,-32.3,8.7,-0.9,-10.6,-47.9,-46.8,-37.6,8.9,-1.1,-10.3,-41.6,-40.8,-30.9,8.7,-0.8,-10.7,-34,-33.3,-23.1,8.2,-0.7,-10.9,22.2,-0.9,-1,0.2,23.6,23.7,25.6,-0.2,-0.4,1.1,26.1,26.3,20.2,-1.4,-1.5,-0.4,22.2,22.3,15.4,-2.5,-2.4,-1.4,18.8,18.7,4.3,-0.2,-0.6,1.4,3.7,4.1,4.4,1,0.5,2.9,3,3.5,4.3,0.6,-0.2,2.3,3.4,4.2,4.1,-2.2,-2,-1,4.8,4.6,-2.5,-3.2,-0.8,-3.1,0.1,-2.3,-2.8,-3.1,-1.4,-3.7,-0.1,-1.8,-3,-3.7,-1.2,-3.8,0.2,-2.3,-1.7,-2.8,0,-2.1,0.3,-2.5,2.3,4,5.8,5.2,-1.4,-3.2,2.6,4.2,6.4,5.8,-1.3,-3.5,2.4,4.2,6,5.2,-1.5,-3.3,1.8,3.6,5.1,4.6,-1.6,-3.1,0.1,1.6,3,2,-1.7,-3.1,1.9,2.7,2,0,-0.8,-0.1,0.2,1.7,2.9,1.8,-1.6,-2.8,-1.7,0.6,4.1,4.1,-2.6,-6.1,-2.5,1.5,0.3,0.6,-3.6,-2.4,-4.1,-1.7,-2.5,-0.5,-2.6,-1.8,-2.6,2.2,0.5,1.3,-4.2,-2.5,-1.4,2.7,1.9,0.6,-3.7,-2.9,0.3,0.3,0.4,0.6,0.4,0.4,0.4,0.5,0.3,0.3,0.4,0.5,0.3,0.1,0.4,0.7,-0.1,1.3,0.3,0.7,-0.1,1.6,0.4,0.8,-0.1,1.2,0.3,0.6,-0.1,0.8,0.3,0.6,-0.1,0,0.5,0.5,-0.1,0,0.5,0.1,-0.1,0,0.6,0.5,-0.1,0.1,0.4,0.8,0.3,-4.5,-2.2,0.1,0.3,-4.4,-2.2,0.1,0.3,-4.7,-2.3,0.1,0.2,-4.6,-2.1,0.1,19.7,-0.7,0.4,-0.8,22.1,-0.5,0.3,-0.4,18.3,-0.8,0.4,-1.1,15.1,-1.2,0.5,-1.6,7.3,-4.4,5.6,4.9,6.5,-3.6,4.8,4.2,7,-4.3,5.3,4.5,8.3,-5.1,6.7,5.7,0.3,-1.4,-0.1,0.4,-0.2,-1.2,-0.4,0.3,0.2,-1.5,-0.2,0.4,0.6,-1.4,0.1,0.6,0,0.3,0.5,0.1,0,0.3,0.4,0,0,0.4,0.6,0.1,0,0.2,0.4,0.1,-0.1,0.1,-0.7,0.3,0.2,0.2,-0.4,0.1,-0.1,0.2,-0.7,0.2,-0.5,-0.2,-1,0.5,-0.4,1.4,0.2,0.1,-0.2,0.9,0.4,0.2,-0.5,1.7,0.2,-0.1,-0.5,1.3,0.2,0.1,-1.5,62.83,7.7505,1.1359,50.18,10584,2578,15520.99023,0.2,5.4
2009/5/31,0,-0.5,0.2,0.5,1.9,2.1,1.9,1.8,4.5,3.4,4.9,5.1,-42.7,-47.7,-41.3,-33.8,22.6,25.8,20.7,16.2,2.6,3.3,2.7,1.9,-3.3,-3.2,-3.9,-2.7,2.2,2.7,2.3,1.5,-0.5,1.7,-0.4,-2.6,-3.3,-4.6,-3.3,-2.3,-0.2,-0.1,-0.3,-0.3,0,0,0,-0.1,-0.1,-0.1,-0.1,-0.1,0.5,0.6,0.5,0.4,0,0,0,-0.2,-1.7,-1.3,-1.8,-1.8,-0.2,-0.3,-0.3,0,0,0.1,0,0,-0.2,-0.1,-0.1,-0.2,-0.9,-0.4,-1,-1,0.6,0.8,3.1,5.7,-0.8,-3.1,-0.2,0.1,2.1,5.6,-0.6,-2.6,0.9,0.9,3.3,5.8,-0.7,-3.1,1.2,1.4,3.8,5.5,-0.9,-3.3,2.2,3,9.3,11.2,-1.1,-7.4,2.2,3,10.4,12.8,-0.9,-8.3,2.1,2.9,8.9,10.9,-1,-7,2.2,3.3,8.1,8.9,-1.5,-6.3,5.4,6.9,4.6,6,-2.4,-0.1,4.3,5.7,1.9,2.7,-2.3,1.5,5.9,7.5,5.4,6.3,-2.6,-0.5,5.9,7.4,6.7,9.2,-2.3,-1.6,-42.9,-43.1,-35.3,6.9,0.4,-7.4,-47.9,-48.1,-40.7,7,0.4,-7,-41.6,-41.7,-33.8,6.8,0.4,-7.5,-34,-34.1,-25.7,6.6,0.3,-8.1,22.7,1.8,-0.6,0.5,20.8,23.2,25.9,2.8,-0.1,1.2,23,25.9,20.8,1.2,-0.9,0,19.5,21.6,16.3,-0.4,-1.6,-0.9,16.6,17.8,3.5,1.4,0.5,1.9,1.2,2.1,4,1.5,1.4,4.4,1.8,1.9,4,1.3,1.3,3.8,1.4,1.4,2.6,1.5,-1.2,-2,0.4,3.1,-3.1,-3,-0.8,-1.9,-0.3,-2.5,-3.2,-3,-1.1,-2.5,-0.2,-2.1,-3.5,-3.5,-1.2,-2.5,-0.4,-2.7,-2.5,-2.7,-0.1,-0.9,0,-2.6,2.6,3.2,4,5.1,-1,-1.8,2.9,3.5,4.3,5.8,-0.8,-1.6,2.7,3.4,4.1,5.1,-1.1,-1.8,2,2.6,3.6,4.5,-1.1,-2.1,-0.1,0.4,1.9,2,-0.9,-2.4,1.9,1.8,1.5,0.1,-0.1,0.2,0.1,0.4,1.8,1.8,-0.8,-2.2,-2,-1,2.3,3.8,-1.6,-4.9,-2.1,-4,0,1.2,0.7,-3.3,-4.3,-4.9,-2.7,-0.7,0.3,-1.9,-2,-4.3,0.2,1.9,1,-3.5,-1,-3.3,1.4,1.5,1,-3.7,0.1,-0.7,1.8,0.4,-0.2,-0.5,4.3,0.3,0.1,-0.8,1,0.4,0.3,-0.9,0.2,0.4,-0.9,-0.6,-0.2,0.2,-1.1,-0.7,-0.3,0.1,-0.8,-0.5,-0.2,0.2,-0.7,-0.5,0.1,0.3,0.2,0.2,6,0.8,0.1,0.2,15.7,0.7,0.1,0.3,3.3,0.8,0.5,0,0.4,0.7,0.1,-1.3,-3.4,0.1,0.2,-1.7,-4,0.2,0.1,-1.1,-3.2,0.1,0.1,-0.9,-2.5,0.1,-0.4,2.7,0.4,0.1,-0.2,3,0.2,0.1,-0.6,2.6,0.5,0.1,-0.8,2.2,0.6,0,4.1,-3.1,7.1,-0.8,3.8,-3.9,6.9,-0.6,4.2,-4,7.8,-0.6,4.2,-1.3,6.5,-1.1,-0.2,-0.3,0.2,0,-0.1,-0.3,0.5,-0.2,-0.2,-0.2,0.3,0,-0.2,-0.3,0,0.2,0.3,-0.1,-0.6,0.3,0.3,0,-0.6,0.3,0.4,0,-0.6,0.4,0.3,-0.2,-0.5,0.4,0.1,-0.8,-0.8,0.3,0.1,-0.5,-0.4,0.1,0.1,-0.7,-0.8,0.3,0.2,-1,-1.3,0.4,0.4,-2.5,-0.3,0.3,0.1,-1.2,-0.1,0,0.5,-2.8,-0.3,0.4,0.5,-3,-0.5,0.4,-1.4,65.49,7.7505,1.1393,57.3,12545,2369,18171,0.19,5.4
2009/6/30,-0.9,-1.6,-0.7,-0.3,0.4,0.3,0.5,0.6,3.7,2.7,4,4.3,-42.5,-47.5,-41.1,-33.5,22.5,25.7,20.7,16.2,1.3,1.3,1.4,1.2,-3.6,-3.4,-4.2,-3.2,2.1,2.5,2.2,1.5,-1.6,0.2,-1.5,-3.3,-3.8,-5,-3.8,-3,-0.1,-0.1,-0.1,-0.2,0,0,0,-0.1,-0.1,-0.1,-0.1,-0.2,0.1,0.1,0.1,0.1,-0.1,-0.1,-0.2,-0.1,-2.2,-1.7,-1.5,-3.4,-0.7,-0.5,-0.7,-0.9,0.3,0.2,0.3,0.2,0.5,0.1,0.4,1,-0.1,-0.1,-0.1,0,0,1.2,2.1,6.1,-2.1,-3,-0.5,0.5,1.2,6.1,-2.1,-2.8,0.2,1.3,2.4,6.3,-2,-3.1,0.5,1.7,2.7,5.8,-2,-3,1.9,3.8,7.7,11.3,-3.4,-7.3,2.1,4.1,8.4,12.8,-3.8,-8.1,1.9,3.5,7.4,11,-3,-6.9,1.8,3.5,7,9,-2.9,-6.4,4.5,5.7,4.2,6.3,-2,-0.5,3.4,4.4,1.4,3.1,-1.7,1.3,4.9,6.3,4.9,6.8,-2.3,-0.9,5.1,6.2,6.4,9.3,-1.9,-2.1,-42.7,-42.9,-37.1,7.4,0.4,-5.4,-47.7,-47.9,-42.4,7.5,0.4,-5.1,-41.3,-41.6,-35.6,7.3,0.5,-5.5,-33.8,-34,-27.5,7,0.5,-6,22.6,22.2,0,1.1,0.3,22.5,25.8,25.6,0.3,1.9,0.1,25.4,20.7,20.2,-0.2,0.5,0.5,20.9,16.2,15.4,-0.8,-0.3,0.8,17,2.6,4.3,-1.5,1.4,-3,2.8,3.3,4.4,0.2,4.8,-3.1,1.1,2.7,4.3,0.2,3.9,-2.9,1.2,1.9,4.1,-5,-4,-2.9,6.2,-3.3,-2.5,-1.7,-1.9,-1.1,-1.9,-3.2,-2.8,-1.7,-2.5,-0.6,-1.7,-3.9,-3,-2,-2.4,-1.2,-2.2,-2.7,-1.7,-1.3,-1,-1.5,-1.9,2.2,2.3,4.2,5.6,-0.2,-2.1,2.7,2.6,4.4,6.3,-0.1,-1.9,2.3,2.4,4.3,5.6,-0.2,-2.1,1.5,1.8,3.9,4.8,-0.3,-2.4,-0.5,0.1,1.5,3.3,-1.7,-3.1,1.7,1.9,2.5,1.6,-1.7,-2.3,-0.4,0.2,1.5,3.1,-1.7,-3,-2.6,-1.7,0.5,5.2,-1.6,-3.8,-3.3,-2.5,-1.1,1.8,-1.3,-2.7,-4.6,-4.1,-3.2,0.1,-0.9,-1.8,-3.3,-2.6,-1,2.5,-1.2,-2.8,-2.3,-1.4,0,2,-1.6,-3,-0.2,0.3,-0.3,0.8,-0.1,0.4,-0.3,1,-0.3,0.3,-0.3,0.8,-0.3,0.3,-0.5,0.6,0,-0.1,-0.5,1.5,0,-0.1,-0.7,1.8,0,-0.1,-0.5,1.3,-0.1,-0.1,-0.3,1.1,-0.1,-0.1,0.2,0.7,-0.1,-0.1,0.2,0.7,-0.1,-0.1,0.2,0.8,-0.1,-0.1,0.3,0.6,0.5,0.3,-1.2,-0.3,0.6,0.3,-1.4,-0.3,0.5,0.3,-1.3,-0.3,0.4,0.2,-1,-0.3,0,19.7,0.1,-0.1,0,22.1,0.1,0,0,18.3,0.1,-0.1,-0.2,15.1,0.1,-0.2,-1.7,7.3,-5,-1,-1.3,6.5,-3.4,0.2,-1.8,7,-3.6,-0.3,-1.8,8.3,-8.2,-2.7,-0.2,0.3,-1,-0.4,-0.3,-0.2,-0.6,-0.3,-0.3,0.2,-1,-0.4,0,0.6,-1.3,-0.3,0,0,0.4,0.4,0.1,0,0.3,0.4,0,0,0.3,0.4,0,0,0.4,0.3,-0.2,-0.1,-0.7,1.6,-0.1,0.2,0,1.6,-0.1,-0.1,-0.7,1.6,-0.2,-0.5,-1.2,1.7,-0.9,-0.4,0.4,0.4,-0.4,-0.2,0.2,0.2,-1,-0.5,0.5,0.4,-1,-0.5,0.3,0.6,-1.7,68.42,7.7505,1.1368,68.61,14499,2253,18378.73047,0.22,5.5
2009/7/31,-1.5,-2.2,-1.4,-0.9,-0.6,-0.9,-0.5,-0.4,2.7,1.9,2.9,3.3,-42.3,-47.3,-41,-33.4,22.8,25.9,20.9,16.7,1.3,2,1.6,0.4,-3.4,-3.7,-4,-2.6,1.5,1.9,1.6,0.9,-2.3,-0.4,-2.4,-3.9,-3.8,-4.6,-3.7,-3.4,0.1,0,0.1,0.2,0,0,0,0,-0.2,-0.1,-0.2,-0.1,0.3,0.3,0.3,0.2,0.3,0.2,0.4,0.6,-3.3,-2.3,-2.7,-4.8,0.3,-0.2,0,0.9,-0.2,-0.2,-0.2,-0.2,0.7,0.4,0.6,1.1,1.2,0.4,1.4,1.4,-0.9,0.6,3.1,6.3,-2.1,-4.6,-1.6,-0.2,2.1,6.4,-2,-4.3,-0.7,0.9,3.4,6.5,-2.3,-4.8,-0.3,1.2,3.7,6.1,-2.1,-4.6,0.4,2.2,7.2,11.7,-2.8,-7.8,0.3,2.2,7.9,13.2,-3.1,-8.8,0.5,2.1,6.9,11.2,-2.6,-7.4,0.6,2.2,6.3,9.7,-2.6,-6.7,3.7,5.4,7.3,6.7,-2.7,-4.6,2.7,4.3,5.3,3.6,-2.4,-3.4,4,5.9,7.9,7.2,-3,-5,4.3,5.9,8.5,9.5,-2.6,-5.2,-42.5,-42.9,-42,7.9,0.6,-0.3,-47.5,-47.9,-46.8,8.1,0.6,-0.5,-41.1,-41.6,-40.8,7.9,0.6,-0.2,-33.5,-34,-33.3,7.5,0.6,-0.1,22.5,22.7,-0.9,1.3,0.1,23.7,25.7,25.9,-0.2,2,0,26.1,20.7,20.8,-1.4,0.9,0.1,22.3,16.2,16.3,-2.5,-0.1,0.4,19.2,1.3,3.5,-0.2,1.4,-2.2,1.5,1.3,4,1,4.2,-2,1,1.4,4,0.6,3.5,-2.4,1,1.2,2.6,-2.2,-3.3,-2.2,2.6,-3.6,-3.1,-3.2,-1,-0.3,-0.2,-3.4,-3.2,-3.1,-1.7,-0.5,-0.6,-4.2,-3.5,-3.7,-1.5,-0.5,-0.3,-3.2,-2.5,-2.8,0,-0.1,0.2,2.1,2.6,4,5.7,-1.1,-2.5,2.5,2.9,4.2,6.4,-1,-2.3,2.2,2.7,4.2,5.8,-1.1,-2.6,1.5,2,3.6,5,-1.1,-2.7,-1.6,-0.1,1.6,3.9,-2.2,-3.9,0.2,1.9,2.7,2.2,-2.3,-3.1,-1.5,0.1,1.7,3.8,-2.5,-4.1,-3.3,-2,0.6,5.4,-1.9,-4.5,-3.8,-2.1,1.5,1.3,-1.7,-5.3,-5,-4.3,-1.7,-0.7,-0.3,-2.9,-3.8,-2,2.2,1.9,-1.7,-5.9,-3,-1,2.7,1.9,-2.4,-6.1,-0.1,0.1,0.3,0.8,-0.1,-0.2,0.4,0.7,-0.1,0.1,0.3,0.8,-0.2,0.3,0.1,0.9,0,-0.9,1.3,1.1,0,-1.1,1.6,1.2,0,-0.8,1.2,0.9,-0.1,-0.7,0.8,1.1,-0.1,0.2,0,0.8,-0.1,0.1,0,0.7,-0.1,0.1,0,0.8,-0.2,0.5,0.1,0.9,0.1,0.1,-4.5,0,0.1,0.2,-4.4,0,0.1,0.1,-4.7,0,0.1,0.1,-4.6,0,-0.1,-0.4,-0.7,0.1,-0.1,-0.2,-0.5,0.1,-0.2,-0.6,-0.8,0.2,-0.1,-0.8,-1.2,0.2,-2.2,4.1,-4.4,-3.3,-1.7,3.8,-3.6,-2.9,-1.5,4.2,-4.3,-2.9,-3.4,4.2,-5.1,-4.1,-0.7,-0.2,-1.4,0,-0.5,-0.1,-1.2,0.1,-0.7,-0.2,-1.5,-0.1,-0.9,-0.2,-1.4,0.2,0.3,0.3,0.3,0.4,0.2,0.3,0.3,0.3,0.3,0.4,0.4,0.4,0.2,0.3,0.2,0.3,0.5,0.1,0.1,1.5,0.1,0.1,0.2,1.1,0.4,0.1,0.2,1.6,1,0.2,-0.2,1.7,-0.1,0.4,1.4,1.2,-0.1,0.1,0.9,0.1,-0.1,0.5,1.7,1.3,0,0.5,1.3,1.8,-1.8,68.71,7.7505,1.136,64.44,15925.3452,2038,20573.33008,0.18,5.8
2009/8/31,-1.6,-2.4,-1.5,-1,-0.5,-0.7,-0.4,-0.2,1.7,0.8,2,2.3,-41.8,-46.7,-40.5,-33,22.8,25.7,21,17,2,2.7,2.5,0.8,-2.9,-3.3,-3.6,-2,2,2.5,2.2,1.4,-2.3,-0.5,-2.3,-3.9,-3.3,-4,-3.3,-2.9,-1.7,-4.4,-0.9,0,0.1,0.1,0.1,0.1,-5.6,-14,-2.9,0,0.9,1.2,0.8,0.6,0.1,0,0.2,0.3,-2.4,-2.5,-2.8,-1.8,0,-0.2,-0.1,0.3,0.2,0.3,0.3,0.2,0.3,0.2,0.4,0.4,0.1,-0.1,0.2,0.3,-1.5,0,0.8,4.6,-1.6,-2.4,-2.2,-0.5,0.1,2.2,-1.9,-2.5,-1.4,0.2,0.9,5.5,-1.7,-2.4,-0.9,0.5,1.4,6,-1.5,-2.4,-0.6,1.9,3,10.6,-2.4,-3.5,-0.9,2.1,3,11.8,-2.8,-3.7,-0.5,1.9,2.9,10.3,-2.3,-3.3,-0.4,1.8,3.3,8.8,-2,-3.5,2.7,4.5,6.9,2.2,-2.8,-5.2,1.9,3.4,5.7,-8.1,-2.6,-4.9,2.9,4.9,7.5,5.1,-2.9,-5.5,3.3,5.1,7.4,9.8,-2.8,-5.1,-42.3,-42.7,-43.1,7.1,0.9,1.3,-47.3,-47.7,-48.1,7.3,1,1.4,-41,-41.3,-41.7,7.1,0.8,1.2,-33.4,-33.8,-34.1,6.8,0.8,1.1,22.8,22.6,1.8,-0.9,0.2,21,25.9,25.8,2.8,-0.3,-0.1,22.9,20.9,20.7,1.2,-1.3,0.3,19.8,16.7,16.2,-0.4,-2.2,0.8,17.4,1.3,2.6,1.4,1.4,-0.6,0.6,2,3.3,1.5,3.4,-0.6,1.2,1.6,2.7,1.3,2.8,-0.2,1.2,0.4,1.9,1.5,-1.9,-1.1,-0.7,-3.4,-3.3,-3,-1,0.4,0.1,-3.7,-3.2,-3,-1.6,-0.1,-0.3,-4,-3.9,-3.5,-1.6,0.3,-0.1,-2.6,-2.7,-2.7,-0.1,0.7,0.7,1.5,2.2,3.2,5.4,-0.2,-1.2,1.9,2.7,3.5,6.1,-0.2,-1,1.6,2.3,3.4,5.5,-0.1,-1.2,0.9,1.5,2.6,4.8,-0.1,-1.2,-2.3,-0.5,0.4,4,-1.8,-2.7,-0.4,1.7,1.8,2.3,-2.2,-2.3,-2.4,-0.4,0.4,3.9,-1.9,-2.7,-3.9,-2.6,-1,5.6,-1.3,-2.9,-3.8,-3.3,-4,0.8,0,0.7,-4.6,-4.6,-4.9,-1.3,0.6,0.9,-3.7,-3.3,-4.3,1.4,0,1,-3.4,-2.3,-3.3,1.5,-0.6,0.4,0.1,-0.2,-0.7,-1.6,0,-0.1,-0.5,-4.1,0.1,-0.3,-0.8,-0.8,0.2,-0.3,-0.9,0.1,0,0,-0.6,-0.1,0,0,-0.7,-0.1,0,0,-0.5,0,0,-0.1,-0.5,-0.1,-0.2,-0.1,0.2,-4.7,-0.1,-0.1,0.2,-13,-0.2,-0.1,0.3,-2,-0.1,-0.1,0,0.9,0.3,0.5,-1.3,0,0.3,0.6,-1.7,0,0.3,0.5,-1.1,0,0.2,0.4,-0.9,0,0.3,0,2.7,0.1,0.2,0,3,0.1,0.4,0,2.6,0.1,0.6,-0.2,2.2,0,-3.3,-1.7,-3.1,-3,-2.3,-1.3,-3.9,-3.2,-2.7,-1.8,-4,-3.6,-4.8,-1.8,-1.3,-2.2,0.3,-0.2,-0.3,-0.5,-0.2,-0.3,-0.3,-0.6,0,-0.3,-0.2,-0.6,0.9,0,-0.3,-0.3,-0.2,0,-0.1,-0.3,-0.2,0.1,0,-0.2,-0.2,0,0,-0.3,-0.2,0,-0.2,-0.2,0.7,-0.2,-0.8,0.3,0.4,-0.1,-0.5,0.2,0.6,-0.1,-0.7,0.2,1.1,-0.2,-1,0.3,1.2,-0.9,-2.5,-0.4,0.4,-0.4,-1.2,-0.8,1.4,-1,-2.8,-0.3,1.4,-1,-3,-0.2,-1.2,70.72,7.7515,1.136,72.51,16325.0964,2029,19724.18945,0.15,5.9
2009/9/30,0.5,0.8,0.5,0.1,-0.5,-0.7,-0.4,-0.3,0.7,0.1,0.8,1,23.4,23.2,25.2,20.2,23,25.9,21.2,17.2,4.5,4.2,4.3,4.9,-3,-3.5,-3.8,-1.9,1.5,1.6,1.7,1.1,-2.3,-0.6,-2.2,-4,-1.4,-0.5,-1.2,-2,0.8,1,0.7,0.6,0.1,0,0.1,0.2,-0.1,-0.1,-0.1,-0.1,37.3,38.1,39.3,32.2,0,0,0,-0.1,3.5,1.7,1.9,7.2,0.1,0,0,0.2,0.4,0.4,0.3,0.3,-0.8,-0.4,-0.8,-1.3,-0.8,-0.3,-0.9,-0.9,-1.6,-0.9,1.2,3,1.4,-0.7,-2.4,-1.6,0.5,-0.3,2.4,0.3,-1.5,-0.7,1.3,4,1.2,-0.8,-1,-0.3,1.7,5.4,0.4,-1.6,-0.5,0.4,3.8,9.6,-0.9,-4.3,-0.7,0.3,4.1,10.7,-1,-4.8,-0.4,0.5,3.5,9.4,-0.9,-3.9,-0.2,0.6,3.5,8.2,-0.9,-3.8,1.7,3.7,5.7,2.7,-3,-5,0.8,2.7,4.4,-7.8,-2.6,-4.3,2,4,6.3,5.9,-3.2,-5.5,2.3,4.3,6.2,10.3,-3.3,-5.2,-41.8,-42.5,-42.9,-30.8,65.9,66.3,-46.7,-47.5,-47.9,-36.1,70.7,71.1,-40.5,-41.1,-41.6,-29.3,66.3,66.8,-33,-33.5,-34,-21.5,53.7,54.2,22.8,22.5,22.2,-0.9,0.5,0.8,25.7,25.7,25.6,-0.3,0.2,0.3,21,20.7,20.2,-1.2,0.5,1,17,16.2,15.4,-2.1,1,1.8,2,1.3,4.3,-0.8,3.2,0.2,2.7,1.3,4.4,1.3,2.9,-0.2,2.5,1.4,4.3,0.3,2.9,0,0.8,1.2,4.1,-3.8,3.7,0.8,-2.9,-3.6,-2.5,-1,0.6,-0.5,-3.3,-3.4,-2.8,-1.4,-0.1,-0.7,-3.6,-4.2,-3,-1.5,0.4,-0.8,-2,-3.2,-1.7,-0.3,1.3,-0.2,2,2.1,2.3,5.8,-0.6,-0.8,2.5,2.5,2.6,6.5,-0.9,-1,2.2,2.2,2.4,5.9,-0.5,-0.7,1.4,1.5,1.8,5.1,-0.4,-0.7,-2.3,-1.6,0.1,4,-0.7,-2.4,-0.5,0.2,1.9,2.4,-0.8,-2.5,-2.3,-1.5,0.2,3.8,-0.7,-2.4,-3.9,-3.3,-1.7,5.6,-0.7,-2.3,-3.3,-3.8,-2.5,0.3,2.4,1.1,-4,-5,-4.1,-2.8,4.5,3.6,-3.3,-3.8,-2.6,0.6,2.6,1.4,-2.9,-3,-1.4,1.9,1,-0.6,-1.7,-0.1,0.3,-1.4,-4.4,-0.1,0.4,-2.2,-0.9,-0.1,0.3,-1.3,0,-0.2,0.3,-0.6,0.1,0,-0.1,0.1,0.1,0,-0.1,0.1,0.1,0,-0.1,0.2,0.1,-0.1,-0.1,0.2,-5.6,-0.1,-0.1,0.9,-14,-0.1,-0.1,0.7,-2.9,-0.1,-0.1,1.1,0,-0.2,-0.1,1.1,0.9,0.1,0.3,-35.2,1.2,0.1,0.3,-40.3,0.8,0.1,0.3,-33.7,0.6,0.1,0.2,-26.3,0.1,-0.1,19.7,-0.2,0,-0.1,22.1,-0.2,0.2,-0.2,18.3,-0.2,0.3,-0.1,15.1,-0.3,-2.4,-2.2,7.3,1.1,-2.5,-1.7,6.5,0.2,-2.8,-1.5,7,0.1,-1.8,-3.4,8.3,3,0,-0.7,0.3,0.1,-0.2,-0.5,-0.2,0.1,-0.1,-0.7,0.2,0.1,0.3,-0.9,0.6,0.1,0.2,0.3,0,0.9,0.3,0.2,0,1.3,0.3,0.3,0,0.8,0.2,0.2,0,0.6,0.3,0.5,-0.1,-0.8,0.2,0.1,0.2,-0.2,0.4,0.4,-0.1,-0.8,0.4,1,-0.5,-1.1,0.1,-0.1,-0.4,-2.7,-0.1,-0.1,-0.2,-3.8,0.2,-0.1,-0.5,-2.9,0.3,0,-0.5,-1.8,-0.8,72.92,7.7505,1.1373,67.65,15492,1932,20955.25,0.07,5.7
2009/10/31,2.2,5.2,1.3,0.1,-0.6,-0.8,-0.4,-0.2,6.1,15.7,3.2,0.7,26.7,26.6,28.6,23,22.1,25.3,20.2,15.8,4.7,4.2,3.8,6.1,-2.8,-3,-3.5,-2,1.3,1.4,1.5,1,-2,-0.3,-1.9,-3.6,-1.2,-0.5,-0.9,-1.8,2.1,4.8,1.2,0.5,0.3,0.3,0.3,0.3,5.9,16.2,3,0,0.4,0.5,0.4,0.2,-0.4,-0.2,-0.5,-0.7,5.8,4.8,4.7,7.9,0,0.1,0.1,0,0.3,0.3,0.3,0.3,-0.4,-0.1,-0.4,-0.6,0.4,0.4,0.5,0.4,0.5,-1.5,0.6,1.8,3.7,1.6,0.8,-2.2,-0.2,-1.7,7.4,5.4,0.5,-1.4,0.9,2.8,2.7,0.4,0.1,-0.9,1.2,4.3,1,-1.1,-0.5,-0.6,2.2,9.4,0,-2.8,-0.7,-0.9,2.2,10.5,0.1,-3,-0.4,-0.5,2.1,9.2,0.1,-2.5,-0.3,-0.4,2.2,8,0.2,-2.4,0.7,2.7,5.4,-0.8,3.4,0.7,0.1,1.9,4.3,-11.7,13.8,11.4,0.8,2.9,5.9,2.4,0.3,-2.7,1,3.3,5.9,7.1,-2.6,-5.2,23.4,-42.3,-42.9,-32.3,69,69.6,23.2,-47.3,-47.9,-37.6,73.9,74.5,25.2,-41,-41.6,-30.9,69.6,70.2,20.2,-33.4,-34,-23.1,56.4,57,23,22.8,22.7,-1,-0.7,-0.6,25.9,25.9,25.9,-0.4,-0.6,-0.6,21.2,20.9,20.8,-1.5,-0.7,-0.6,17.2,16.7,16.3,-2.4,-0.9,-0.5,4.5,1.3,3.5,-0.6,3.4,1.2,4.2,2,4,0.5,2.2,0.2,4.3,1.6,4,-0.2,2.2,-0.2,4.9,0.4,2.6,-2,5.7,3.5,-3,-3.4,-3.1,-0.8,0.6,0.3,-3.5,-3.7,-3.2,-1.4,0.7,0.2,-3.8,-4,-3.5,-1.2,0.5,0,-1.9,-2.6,-2.5,0,0.6,0.5,1.5,1.5,2.6,5.8,-0.2,-1.3,1.6,1.9,2.9,6.4,-0.5,-1.5,1.7,1.6,2.7,6,-0.1,-1.2,1.1,0.9,2,5.1,0.1,-1,-2.3,-2.3,-0.1,3,0.3,-1.9,-0.6,-0.4,1.9,2,0.1,-2.2,-2.2,-2.4,0.1,2.9,0.5,-2,-4,-3.9,-2,4.1,0.3,-1.6,-1.4,-3.8,-2.1,0.3,2.6,0.9,-0.5,-4.6,-4.3,-2.5,4.1,3.8,-1.2,-3.7,-2,0.5,2.8,1.1,-2,-3.4,-1,1.9,1.6,-0.8,0.8,0.1,0.1,0.4,1,0,-0.2,0.4,0.7,0.1,0.1,0.4,0.6,0.2,0.3,0.4,0.1,0,-0.9,0.3,0,0,-1.1,0.4,0.1,0,-0.8,0.3,0.2,0,-0.7,0.3,-0.1,-0.2,0.2,0.5,-0.1,-0.1,0.1,0.5,-0.1,-0.2,0.1,0.6,-0.1,-0.1,0.5,0.4,37.3,0.3,0.1,-2.2,38.1,0.3,0.2,-2.2,39.3,0.3,0.1,-2.3,32.2,0.2,0.1,-2.1,0,0.3,-0.4,0.4,0,0.2,-0.2,0.3,0,0.4,-0.6,0.4,-0.1,0.6,-0.8,0.5,3.5,-3.3,4.1,5.6,1.7,-2.3,3.8,4.8,1.9,-2.7,4.2,5.3,7.2,-4.8,4.2,6.7,0.1,0.3,-0.2,-0.1,0,-0.2,-0.1,-0.4,0,0,-0.2,-0.2,0.2,0.9,-0.2,0.1,0.4,-0.2,0.3,0.5,0.4,-0.2,0.3,0.4,0.3,-0.2,0.4,0.6,0.3,-0.2,0.3,0.4,-0.8,0.7,0.1,-0.7,-0.4,0.4,0.1,-0.4,-0.8,0.6,0.1,-0.7,-1.3,1.1,0.2,-1,-0.8,1.2,0.4,0.2,-0.3,0.4,0.1,0.4,-0.9,1.4,0.5,0.2,-0.9,1.4,0.5,0.2,-0.5,73.39,7.7485,1.13805,72.77,13109,1887,21752.86914,0.11,5.2
2009/11/30,0.5,1,0.5,0.1,-0.6,-0.8,-0.4,-0.5,0,0,-0.1,0.3,31.7,32.6,33.3,26.5,21.8,25.2,19.8,15.3,2.8,3.5,3,2.2,-3.5,-3.8,-4.2,-2.5,2.1,2.2,2.4,1.7,-1,0.2,-0.9,-2.1,-1,-0.5,-0.9,-1.4,0.1,0.1,0.2,0,-0.1,-0.2,-0.1,-0.1,0,0,0,0,0.3,0.4,0.2,0.2,-0.1,0,-0.1,-0.2,4.5,6,6.1,1.9,-0.9,-1,-1,-0.9,0.2,0.1,0.3,0.2,0.2,0.1,0.1,0.2,-0.1,-0.2,0,-0.2,2.2,-1.6,0,3.1,2.1,0.5,5.2,-2.4,-0.5,2.1,3.4,1.5,1.3,-1.5,0.2,3.3,2,0.3,0.1,-1,0.5,3.8,1.1,-0.4,-0.6,-0.5,1.9,9.3,-0.1,-2.5,-0.8,-0.7,2.1,10.4,-0.1,-2.9,-0.4,-0.4,1.9,8.9,0,-2.3,-0.2,-0.2,1.8,8.1,-0.3,-2.3,6.1,1.7,4.5,4.6,-1.7,-4.5,15.7,0.8,3.4,1.9,-0.8,-3.4,3.2,2,4.9,5.4,-2.1,-5,0.7,2.3,5.1,6.7,-2,-4.8,26.7,-41.8,-42.7,-35.3,73.5,74.4,26.6,-46.7,-47.7,-40.7,79.3,80.3,28.6,-40.5,-41.3,-33.8,73.8,74.6,23,-33,-33.8,-25.7,59.5,60.3,22.1,22.8,22.6,-0.6,-1,-0.8,25.3,25.7,25.8,-0.1,-0.5,-0.6,20.2,21,20.7,-0.9,-1.2,-0.9,15.8,17,16.2,-1.6,-1.7,-0.9,4.7,2,2.6,0.5,0.8,0.2,4.2,2.7,3.3,1.4,0.8,0.2,3.8,2.5,2.7,1.3,0.5,0.3,6.1,0.8,1.9,-1.2,1.4,0.3,-2.8,-2.9,-3.3,-0.8,-0.6,-0.2,-3,-3.3,-3.2,-1.1,-0.5,-0.6,-3.5,-3.6,-3.9,-1.2,-0.6,-0.3,-2,-2,-2.7,-0.1,-0.5,0.2,1.3,2,2.2,4,0.1,-0.1,1.4,2.5,2.7,4.3,-0.3,-0.5,1.5,2.2,2.3,4.1,0.2,0.1,1,1.4,1.5,3.6,0.3,0.2,-2,-2.3,-0.5,1.9,1.3,-0.5,-0.3,-0.5,1.7,1.5,0.7,-1.5,-1.9,-2.3,-0.4,1.8,1.4,-0.5,-3.6,-3.9,-2.6,2.3,1.8,0.5,-1.2,-3.3,-3.3,0,2.3,2.3,-0.5,-4,-4.6,-2.7,3.5,4.1,-0.9,-3.3,-3.3,0.2,2.4,2.4,-1.8,-2.9,-2.3,1.4,1.5,0.9,2.1,-1.7,-0.2,1.8,4.8,-4.4,-0.1,4.3,1.2,-0.9,-0.3,1,0.5,0,-0.3,0.2,0.3,0.1,0,-0.2,0.3,0.1,0,-0.3,0.3,0.1,0,-0.2,0.3,0.1,-0.1,0.1,5.9,-5.6,-0.1,6,16.2,-14,-0.1,15.7,3,-2.9,-0.1,3.3,0,0,-0.1,0.4,0.4,0.9,0.5,-3.4,0.5,1.2,0.6,-4,0.4,0.8,0.5,-3.2,0.2,0.6,0.4,-2.5,-0.4,0.1,0,0.4,-0.2,0,0,0.2,-0.5,0.2,0,0.5,-0.7,0.3,-0.2,0.6,5.8,-2.4,-1.7,7.1,4.8,-2.5,-1.3,6.9,4.7,-2.8,-1.8,7.8,7.9,-1.8,-1.8,6.5,0,0,-0.2,0.2,0.1,-0.2,-0.3,0.5,0.1,-0.1,-0.3,0.3,0,0.3,0,0,0.3,0.2,0,-0.6,0.3,0.3,0.1,-0.6,0.3,0.3,0,-0.6,0.3,0.2,0,-0.5,-0.4,0.3,-0.2,-0.8,-0.1,0.2,-0.1,-0.4,-0.4,0.4,-0.1,-0.8,-0.6,0.4,-0.2,-1.3,0.4,0.1,-0.9,-0.3,0.4,-0.1,-0.4,-0.1,0.5,0.2,-1,-0.3,0.4,0.3,-1,-0.5,0.6,72.61,7.7505,1.1378,76.66,10773,2109,21821.5,0.13,4.9
2009/12/31,1.3,1.7,1.2,0.9,0.3,0.3,0.4,0,-0.1,-0.1,-0.2,0.1,38.7,41.3,39.4,32,21.9,25.3,19.9,15.4,3.9,3.8,3.1,5.1,-2.4,-3.3,-3.1,-1.2,2.4,2.6,2.7,2,0.1,0.3,0.1,-0.2,0.1,0,0.3,0.1,0.4,0.4,0.4,0.4,0.3,0.3,0.2,0.2,0.1,0.1,0.1,0.1,7,8.5,6.4,4.7,0.3,0.2,0.3,0.6,-4.2,-3.4,-3.4,-5.5,-0.1,-0.2,-0.1,0,0.6,0.6,0.8,0.5,0.4,0.2,0.2,0.6,1.4,0.4,1.5,1.8,0.5,0.5,-0.9,2.1,0.8,2.2,1,0.8,-1.6,1.2,0.9,3.3,0.5,0.5,-0.7,2.4,0.7,1.9,0.1,0.1,-0.3,2.7,0.8,1.2,-0.6,-0.5,0.4,7.7,0.8,-0.1,-0.8,-0.7,0.3,8.4,1,0,-0.4,-0.4,0.5,7.4,0.8,-0.1,-0.5,-0.3,0.6,7,0.3,-0.6,0,0.7,3.7,4.2,-0.8,-3.8,0,0.1,2.7,1.4,-0.2,-2.8,-0.1,0.8,4,4.9,-1,-4.2,0.3,1,4.3,6.4,-0.9,-4.2,31.7,23.4,-42.5,-37.1,15.3,81.2,32.6,23.2,-47.5,-42.4,18.1,88.8,33.3,25.2,-41.1,-35.6,14.2,80.5,26.5,20.2,-33.5,-27.5,11.8,65.5,21.8,23,22.5,0,-1.1,-0.6,25.2,25.9,25.7,0.3,-0.6,-0.4,19.8,21.2,20.7,-0.2,-1.3,-0.8,15.3,17.2,16.2,-0.8,-1.8,-0.8,2.8,4.5,1.3,-1.5,-0.6,2.6,3.5,4.2,1.3,0.2,-0.4,2.5,3,4.3,1.4,0.2,-1.2,1.7,2.2,4.9,1.2,-5,0.2,3.9,-3.5,-3,-3.6,-1.7,0.6,1.2,-3.8,-3.5,-3.4,-1.7,0.2,0.1,-4.2,-3.8,-4.2,-2,0.7,1.1,-2.5,-1.9,-3.2,-1.3,0.7,2,2.1,1.5,2.1,4.2,0.9,0.3,2.2,1.6,2.5,4.4,1,0.1,2.4,1.7,2.2,4.3,1,0.5,1.7,1.1,1.5,3.9,0.9,0.5,-1,-2.3,-1.6,1.5,2.4,1.7,0.2,-0.6,0.2,2.5,0.9,0.1,-0.9,-2.2,-1.5,1.5,2.3,1.6,-2.1,-4,-3.3,0.5,3.8,3.1,-1,-1.4,-3.8,-1.1,1.5,3.9,-0.5,-0.5,-5,-3.2,0.5,5,-0.9,-1.2,-3.8,-1,1.5,4.1,-1.4,-2,-3,0,2.1,3.1,0.1,0.8,-0.1,-0.3,0.1,1,-0.1,-0.3,0.2,0.7,-0.1,-0.3,0,0.6,-0.2,-0.5,-0.1,0.1,0,-0.5,-0.2,0,0,-0.7,-0.1,0.1,0,-0.5,-0.1,0.2,-0.1,-0.3,0,-0.1,-0.1,0.2,0,-0.1,-0.1,0.2,0,-0.1,-0.1,0.2,0,-0.1,-0.2,0.3,0.3,37.3,0.1,-1.2,0.4,38.1,0.1,-1.4,0.2,39.3,0.1,-1.3,0.2,32.2,0.1,-1,-0.1,0,-0.1,0.1,0,0,-0.1,0.1,-0.1,0,-0.2,0.1,-0.2,-0.1,-0.1,0.1,4.5,3.5,-2.2,-5,6,1.7,-1.7,-3.4,6.1,1.9,-1.5,-3.6,1.9,7.2,-3.4,-8.2,-0.9,0.1,-0.7,-1,-1,0,-0.5,-0.6,-1,0,-0.7,-1,-0.9,0.2,-0.9,-1.3,0.2,0.4,0.3,0.4,0.1,0.4,0.2,0.3,0.3,0.3,0.3,0.3,0.2,0.3,0.2,0.4,0.2,-0.8,0.5,-0.7,0.1,-0.4,0.1,0,0.1,-0.8,0.4,-0.7,0.2,-1.3,1,-1.2,-0.1,-0.8,-0.1,0.4,-0.2,-0.3,-0.1,0.2,0,-0.9,-0.1,0.5,-0.2,-0.9,0,0.3,1.9,73.23,7.7555,1.1385,74.46,10031,2329,21872.5,0.05,4.7
2010/1/31,1,1.7,0.9,0.5,-0.5,-0.7,-0.4,-0.4,0,0.1,0,0.1,56.8,65.8,56.3,41,22.9,25.9,21,16.9,2.9,2.6,2.7,3.3,-2,-2.8,-2.4,-0.9,1.9,2.1,2.1,1.6,0.3,0.1,0.3,0.3,-1.9,-1.2,-2.2,-2.2,0,0.5,0,-0.4,0.4,0.5,0.3,0.4,0.2,0.1,0.2,0.1,7.5,11.4,5.8,1.8,-0.2,0,-0.2,-0.8,-5.3,-4.2,-4.5,-6.8,-1.1,-1.2,-1,-1.2,-0.3,-0.2,-0.2,-0.4,0.3,0,0.4,0.4,-0.8,-0.3,-0.7,-1.2,1.3,2.2,-1.5,3.1,-1.2,2.5,1.7,5.2,-2.2,2.1,-3.5,3.9,1.2,1.3,-1.4,3.4,-0.4,2.3,0.9,0.1,-0.9,3.7,0.4,1.4,0.3,-0.6,-0.6,7.2,0.1,0.1,0.3,-0.8,-0.9,7.9,0.1,0.2,0.4,-0.4,-0.5,6.9,0,0.1,0,-0.2,-0.4,6.3,-0.2,0,-0.1,6.1,2.7,7.3,-6.1,-2.7,-0.1,15.7,1.9,5.3,-15.6,-1.8,-0.2,3.2,2.9,7.9,-3.2,-2.9,0.1,0.7,3.3,8.5,-0.6,-3.2,38.7,26.7,-42.3,-42,30.1,99.1,41.3,26.6,-47.3,-46.8,39.2,113.1,39.4,28.6,-41,-40.8,27.7,97.3,32,23,-33.4,-33.3,18,74.4,21.9,22.1,22.8,-0.9,0.8,0.1,25.3,25.3,25.9,-0.2,0.6,0,19.9,20.2,20.9,-1.4,0.8,0.1,15.4,15.8,16.7,-2.5,1.1,0.2,3.9,4.7,1.3,-0.2,-1.8,1.6,3.8,4.2,2,1,-1.6,0.6,3.1,3.8,1.6,0.6,-1.1,1.1,5.1,6.1,0.4,-2.2,-2.8,2.9,-2.4,-2.8,-3.4,-3.2,0.8,1.4,-3.3,-3,-3.7,-3.1,0.2,0.9,-3.1,-3.5,-4,-3.7,1.1,1.6,-1.2,-2,-2.6,-2.8,1.1,1.7,2.4,1.3,1.5,4,0.6,0.4,2.6,1.4,1.9,4.2,0.7,0.2,2.7,1.5,1.6,4.2,0.6,0.5,2,1,0.9,3.6,0.6,0.7,0.1,-2,-2.3,1.6,2.3,2.6,0.3,-0.3,-0.4,2.7,0.4,0.5,0.1,-1.9,-2.4,1.7,2.2,2.7,-0.2,-3.6,-3.9,0.6,3.9,4.2,0.1,-1.2,-3.8,1.5,-0.7,1.9,0,-0.5,-4.6,-1.7,-0.7,3.4,0.3,-0.9,-3.7,2.2,-1.3,1.5,0.1,-1.8,-3.4,2.7,-0.4,1.2,0.4,2.1,0.1,0.3,0.4,4.8,0,0.4,0.4,1.2,0.1,0.3,0.4,0.5,0.2,0.1,0.3,0.3,0,1.3,0.3,0.3,0,1.6,0.2,0.3,0,1.2,0.2,0.3,0,0.8,0.1,5.9,-0.2,0,0.1,16.2,-0.1,0,0.1,3,-0.2,0,0.1,0,-0.1,0.1,7,0.4,0.3,-4.5,8.5,0.5,0.3,-4.4,6.4,0.4,0.3,-4.7,4.7,0.2,0.2,-4.6,0.3,-0.4,0.3,-0.7,0.2,-0.2,0.2,-0.5,0.3,-0.5,0.4,-0.8,0.6,-0.7,0.6,-1.2,-4.2,5.8,-3.3,-4.4,-3.4,4.8,-2.3,-3.6,-3.4,4.7,-2.7,-4.3,-5.5,7.9,-4.8,-5.1,-0.1,0,0.3,-1.4,-0.2,0.1,-0.2,-1.2,-0.1,0.1,0,-1.5,0,0,0.9,-1.4,0.6,0.3,-0.2,0.3,0.6,0.3,-0.2,0.3,0.8,0.3,-0.2,0.4,0.5,0.3,-0.2,0.2,0.4,-0.4,0.7,0.1,0.2,-0.1,0.4,0.2,0.2,-0.4,0.6,0.2,0.6,-0.6,1.1,-0.2,1.4,0.4,1.2,1.4,0.4,0.4,0.4,0.9,1.5,0.5,1.4,1.7,1.8,0.4,1.4,1.3,1.5,76.05,7.7615,1.1413,76.17,10391.418,2588,20121.99023,0.12,4.6
2010/2/28,2.8,3.4,2.7,2.2,2.6,2.9,2.4,2.1,-0.1,-0.1,-0.3,0.1,62.8,72.8,62.4,44.8,19.2,22,17.4,13.6,2.6,3.4,3.1,1.2,-1.5,-2.6,-2.1,-0.1,1.9,1.8,2,2,1.5,1,1.5,1.9,2.7,1.1,3.1,3.3,0.9,1,0.8,1,2.2,2.6,2,1.8,0,0,0,0,2.2,2.6,2.1,1.5,-0.7,-0.4,-0.6,-1.7,-2.9,-3.2,-3.3,-2.3,-0.2,-0.4,-0.5,0.4,-0.3,-0.2,-0.4,-0.2,0.5,0.4,0.4,0.6,2.2,1.1,2.1,3.1,1,0.5,-1.6,0.8,2.3,4.4,1.7,1,-2.4,0.1,2.4,5.8,0.9,0.5,-1.5,0.9,2.2,4.2,0.5,0.1,-1,1.4,2.1,3.2,-0.5,-0.6,-0.5,3,3.2,3.1,-0.7,-0.8,-0.7,3,3.7,3.6,-0.4,-0.4,-0.4,2.9,2.8,2.8,-0.4,-0.5,-0.2,3.3,2.6,2.3,0,0,1.7,6.9,-0.1,-1.8,0.1,0,0.8,5.7,-0.1,-0.9,0,-0.1,2,7.5,-0.2,-2.3,0.1,0.3,2.3,7.4,-0.2,-2.2,56.8,31.7,-41.8,-43.1,31.1,104.6,65.8,32.6,-46.7,-48.1,40.2,119.5,56.3,33.3,-40.5,-41.7,29.1,102.9,41,26.5,-33,-34.1,18.3,77.8,22.9,21.8,22.8,1.8,-2.6,-3.6,25.9,25.2,25.7,2.8,-3.2,-3.7,21,19.8,21,1.2,-2.4,-3.6,16.9,15.3,17,-0.4,-1.7,-3.4,2.9,2.8,2,1.4,-0.2,0.6,2.6,3.5,2.7,1.5,-0.1,0.7,2.7,3,2.5,1.3,0.1,0.6,3.3,2.2,0.8,1.5,-1,0.4,-2,-3.5,-2.9,-3,2,1.4,-2.8,-3.8,-3.3,-3,1.2,0.7,-2.4,-4.2,-3.6,-3.5,2.1,1.5,-0.9,-2.5,-2,-2.7,2.4,1.9,1.9,2.1,2,3.2,-0.2,-0.1,2.1,2.2,2.5,3.5,-0.4,-0.7,2.1,2.4,2.2,3.4,-0.4,-0.2,1.6,1.7,1.4,2.6,0.3,0.6,0.3,-1,-2.3,0.4,2.5,3.8,0.1,0.2,-0.5,1.8,0.8,1.5,0.3,-0.9,-2.3,0.4,2.4,3.8,0.3,-2.1,-3.9,-1,4,5.8,-1.9,-1,-3.3,-4,3.7,6,-1.2,-0.5,-4,-4.9,1.6,5.1,-2.2,-0.9,-3.3,-4.3,4,6.4,-2.2,-1.4,-2.9,-3.3,4.7,6.2,0,0.1,-1.7,-0.7,0.5,0.1,-4.4,-0.5,0,0.2,-0.9,-0.8,-0.4,0,0,-0.9,0.4,-0.1,0.1,-0.6,0.5,-0.2,0.1,-0.7,0.3,-0.1,0.1,-0.5,0.4,-0.1,0.1,-0.5,0.2,0,-5.6,0.2,0.1,0,-14,0.2,0.2,0,-2.9,0.3,0.1,0,0,0,7.5,0.3,0.9,-1.3,11.4,0.4,1.2,-1.7,5.8,0.2,0.8,-1.1,1.8,0.2,0.6,-0.9,-0.2,-0.1,0.1,2.7,0,0,0,3,-0.2,-0.1,0.2,2.6,-0.8,-0.2,0.3,2.2,-5.3,4.5,-2.4,-3.1,-4.2,6,-2.5,-3.9,-4.5,6.1,-2.8,-4,-6.8,1.9,-1.8,-1.3,-1.1,-0.9,0,-0.3,-1.2,-1,-0.2,-0.3,-1,-1,-0.1,-0.2,-1.2,-0.9,0.3,-0.3,-0.3,0.2,0.2,-0.1,-0.2,0.1,0.3,0,-0.2,0.3,0.3,0,-0.4,0.2,0.2,-0.2,0.3,0.2,0.3,-0.8,0,0.1,0.2,-0.5,0.4,0.1,0.4,-0.7,0.4,0.2,0.4,-1,-0.8,-0.1,0.1,-2.5,-0.3,-0.2,-0.1,-1.2,-0.7,0,0.2,-2.8,-1.2,-0.2,0.3,-3,2.7,77.96,7.7605,1.13895,73.75,9591.9984,2688,20608.69922,0.13,4.4
2010/3/31,2,2.5,1.9,1.5,1.3,1.3,1.3,1.3,0.1,0.1,-0.1,0.2,63.7,74.7,62.4,45.6,0,0.2,-0.2,-0.5,-1.1,-0.4,-0.7,-2.4,-1.7,-2.4,-2.3,-0.5,2,2,2.1,1.9,1.6,0.8,1.6,2.5,1,0.1,1.2,1.3,-0.5,-0.5,-0.5,-0.5,-1.1,-1.4,-1,-0.7,0.1,0.1,0.1,0.1,0.7,1,0.3,0.5,0.6,0.4,0.6,1.6,3.4,2.8,2.9,4.5,-0.4,-0.3,-0.6,-0.2,0.2,0.2,0.2,0.3,0,-0.2,0,0.1,-2.2,-1.1,-2.3,-2.8,2.8,1.3,0.5,1.2,0.7,1.5,3.4,1.7,0.8,0.5,0.8,1.7,2.7,1.2,0.5,1.3,0.7,1.4,2.2,0.9,0.1,1.7,0.6,1.4,2.6,0.3,-0.5,3.8,1,1.8,2.9,0.3,-0.7,4.1,1,2,2.4,0.4,-0.4,3.5,0.9,1.7,2.1,0,-0.3,3.5,1.3,1.6,-0.1,-0.1,0.7,5.7,0.2,-0.6,-0.1,-0.1,0.1,4.4,0.2,0,-0.3,-0.2,0.8,6.3,0.1,-0.9,0.1,0.1,1,6.2,0.1,-0.8,62.8,38.7,23.4,-42.9,25,40.3,72.8,41.3,23.2,-47.9,33.4,51.5,62.4,39.4,25.2,-41.6,23,37.2,44.8,32,20.2,-34,13.6,25.4,19.2,21.9,23,22.2,-21.9,-23,22,25.3,25.9,25.6,-25.1,-25.7,17.4,19.9,21.2,20.2,-20.1,-21.4,13.6,15.4,17.2,15.4,-15.9,-17.7,2.6,3.9,4.5,4.3,-5,-5.6,3.4,3.8,4.2,4.4,-4.2,-4.6,3.1,3.1,4.3,4.3,-3.8,-5,1.2,5.1,4.9,4.1,-7.5,-7.3,-1.5,-2.4,-3,-2.5,0.7,1.3,-2.6,-3.3,-3.5,-2.8,0.9,1.1,-2.1,-3.1,-3.8,-3,0.8,1.5,-0.1,-1.2,-1.9,-1.7,0.7,1.4,1.9,2.4,1.5,2.3,-0.4,0.5,1.8,2.6,1.6,2.6,-0.6,0.4,2,2.7,1.7,2.4,-0.6,0.4,2,2,1.1,1.8,-0.1,0.8,1.5,0.1,-2.3,0.1,1.5,3.9,1,0.3,-0.6,1.9,0.5,1.4,1.5,0.1,-2.2,0.2,1.5,3.8,1.9,-0.2,-4,-1.7,2.7,6.5,2.7,0.1,-1.4,-2.5,0.9,2.4,1.1,0,-0.5,-4.1,0.1,0.6,3.1,0.3,-1.2,-2.6,0.9,2.4,3.3,0.1,-2,-1.4,1.2,3.3,0.9,0.4,0.8,0.3,1,0.4,1,0.4,0.8,0.4,0.7,0.3,1,0.4,0.6,0.3,2.2,0.3,0.1,-0.1,2.6,0.3,0,-0.1,2,0.2,0.1,-0.1,1.8,0.2,0.2,-0.1,0,0.1,-0.1,-0.1,0,0.1,-0.1,-0.1,0,0.1,-0.1,-0.1,0,0.1,-0.1,-0.1,2.2,7,37.3,0.3,2.6,8.5,38.1,0.3,2.1,6.4,39.3,0.3,1.5,4.7,32.2,0.2,-0.7,0.3,0,19.7,-0.4,0.2,0,22.1,-0.6,0.3,0,18.3,-1.7,0.6,-0.1,15.1,-2.9,-4.2,3.5,7.3,-3.2,-3.4,1.7,6.5,-3.3,-3.4,1.9,7,-2.3,-5.5,7.2,8.3,-0.2,-0.1,0.1,0.3,-0.4,-0.2,0,-0.2,-0.5,-0.1,0,0.2,0.4,0,0.2,0.6,-0.3,0.6,0.4,0,-0.2,0.6,0.4,0,-0.4,0.8,0.3,0,-0.2,0.5,0.3,0,0.5,0.4,-0.8,-0.1,0.4,0.2,-0.4,0.2,0.4,0.2,-0.8,-0.1,0.6,0.6,-1.3,-0.5,2.2,1.4,-0.8,-0.4,1.1,0.4,-0.3,-0.2,2.1,1.5,-0.9,-0.5,3.1,1.8,-0.9,-0.5,2.4,78.69,7.7645,1.14,78.83,11162,2506,21239.34961,0.09,4.4
2010/4/30,2.4,2.9,2.3,2,1.8,1.9,1.8,1.9,-0.1,0.1,-0.1,-0.1,64.4,75.4,63.1,46.2,0.5,0.5,0.6,0.5,2,1.8,2,2.1,-1.6,-2.3,-2.3,-0.3,2.1,2.1,2.1,2.1,1.7,0.8,1.8,2.6,1.9,0.8,2.1,2.3,0.5,0.2,0.5,1,-0.3,-0.4,-0.3,-0.1,0.1,0,0.1,0.1,0.5,0.5,0.5,0.5,0.1,0.1,0.1,0,8.9,6.3,7,12.6,0.1,0,0.1,0.2,0.4,0.3,0.4,0.5,0.3,0.2,0.3,0.4,1.5,0.9,1.4,2,2,1,2.2,0.6,1.4,0.2,2.5,1.7,5.2,-0.2,1.2,-2.3,1.9,0.9,1.3,0.9,1.4,1,1.5,0.5,0.1,1.2,1.5,1.9,1.3,-0.5,-0.6,2.2,2.3,2.4,1.3,-0.7,-0.8,2.2,2.6,2.7,1.3,-0.4,-0.4,2.1,2.2,2.2,1.3,-0.4,-0.2,2.2,2.3,2.1,0.1,0,6.1,5.4,-0.1,-6.2,0.1,0.1,15.7,4.3,0,-15.6,-0.1,0,3.2,5.9,-0.1,-3.3,0.2,0.1,0.7,5.9,-0.2,-0.8,63.7,56.8,26.7,-42.9,7.6,37.7,74.7,65.8,26.6,-47.9,9.6,48.8,62.4,56.3,28.6,-41.6,6.8,34.5,45.6,41,23,-34,5.2,23.2,0,22.9,22.1,22.7,-22.4,-21.6,0.2,25.9,25.3,25.9,-25.4,-24.8,-0.2,21,20.2,20.8,-20.4,-19.6,-0.5,16.9,15.8,16.3,-16.4,-15.3,-1.1,2.9,4.7,3.5,-0.9,-2.7,-0.4,2.6,4.2,4,-0.8,-2.4,-0.7,2.7,3.8,4,-0.7,-1.8,-2.4,3.3,6.1,2.6,-1.2,-4,-1.7,-2,-2.8,-3.1,0.4,1.2,-2.4,-2.8,-3,-3.2,0.5,0.7,-2.3,-2.4,-3.5,-3.5,0.1,1.2,-0.5,-0.9,-2,-2.5,0.6,1.7,2,1.9,1.3,2.6,0.2,0.8,2,2.1,1.4,2.9,0,0.7,2.1,2.1,1.5,2.7,0,0.6,1.9,1.6,1,2,0.5,1.1,1.6,0.3,-2,-0.1,1.4,3.7,0.8,0.1,-0.3,1.9,0.7,1.1,1.6,0.3,-1.9,0.1,1.5,3.7,2.5,0.3,-3.6,-2,2.3,6.2,1,-1.9,-1.2,-2.1,3.8,3.1,0.1,-1.2,-0.5,-4.3,2,1.3,1.2,-2.2,-0.9,-2,4.3,3,1.3,-2.2,-1.8,-1,4.5,4.1,-0.5,0,2.1,0.1,-0.5,0.5,4.8,-0.2,-0.5,0,1.2,0.1,-0.5,-0.4,0.5,0.3,-1.1,0.4,0.3,-0.9,-1.4,0.5,0.3,-1.1,-1,0.3,0.3,-0.8,-0.7,0.4,0.3,-0.7,0.1,0.2,5.9,0.2,0.1,0.1,16.2,0.1,0.1,0.2,3,0.1,0.1,0.1,0,0.5,0.7,7.5,0.4,0.1,1,11.4,0.5,0.2,0.3,5.8,0.4,0.1,0.5,1.8,0.2,0.1,0.6,-0.2,-0.4,-0.4,0.4,0,-0.2,-0.2,0.6,-0.2,-0.5,-0.6,1.6,-0.8,-0.7,-0.8,3.4,-5.3,5.8,4.1,2.8,-4.2,4.8,3.8,2.9,-4.5,4.7,4.2,4.5,-6.8,7.9,4.2,-0.4,-1.1,0,-0.2,-0.3,-1.2,0.1,-0.1,-0.6,-1,0.1,-0.2,-0.2,-1.2,0,-0.2,0.2,-0.3,0.3,0.3,0.2,-0.2,0.3,0.3,0.2,-0.2,0.3,0.4,0.3,-0.4,0.3,0.3,0,0.3,-0.4,0.1,-0.2,0,-0.1,0.1,0,0.4,-0.4,0.1,0.1,0.4,-0.6,0.2,-2.2,-0.8,0.4,0.4,-1.1,-0.3,0.4,0.1,-2.3,-0.7,0.5,0.5,-2.8,-1.2,0.4,0.5,2.8,78.77,7.7645,1.1398,84.82,10751,2602,21108.58984,0.2,4.6
2010/5/31,2.5,3,2.4,2.2,2,2,1.9,2.4,0.2,0.3,0.2,0,64.3,75.2,63.1,46.1,1,0.7,1.2,1.6,1.2,0.5,1.1,1.7,-1.9,-2.5,-2.6,-0.7,2.6,2.5,2.7,2.8,1.8,0.8,1.8,2.7,2,0.9,2.3,2.4,-0.1,0,-0.1,-0.3,0.1,0,0.1,0.4,0.2,0.2,0.2,0,0.4,0.4,0.5,0.4,0.7,0.6,0.8,1,-2.8,-2.5,-2.5,-3.3,-0.8,-0.8,-0.7,-0.8,0.3,0.3,0.5,0.3,-0.1,-0.1,-0.1,-0.1,-0.6,-0.2,-0.6,-0.9,2.4,2.8,0.5,0,-0.3,2,2.9,3.4,1,-0.5,-0.4,2,2.3,2.7,0.5,0.2,-0.3,1.9,2,2.2,0.1,0.5,0,2.1,1.8,2.6,-0.6,1.9,-0.6,2.6,1.9,2.9,-0.8,2.1,-0.9,2.8,1.8,2.4,-0.4,1.9,-0.5,2.3,1.9,2.1,-0.5,1.8,0.3,2.9,-0.1,-0.1,0,4.5,0.3,0.2,0.1,-0.1,0,3.4,0.4,0.3,-0.1,-0.3,-0.1,4.9,0.5,0.3,-0.1,0.1,0.3,5.1,-0.1,-0.3,64.4,62.8,31.7,-42.7,1.5,32.6,75.4,72.8,32.6,-47.7,2.4,42.6,63.1,62.4,33.3,-41.3,0.7,29.8,46.2,44.8,26.5,-33.8,1.3,19.6,0.5,19.2,21.8,22.6,-18.2,-20.8,0.5,22,25.2,25.8,-21.3,-24.5,0.6,17.4,19.8,20.7,-16.2,-18.6,0.5,13.6,15.3,16.2,-12,-13.7,2,2.6,2.8,2.6,-1.4,-1.6,1.8,3.4,3.5,3.3,-2.9,-3,2,3.1,3,2.7,-2,-1.9,2.1,1.2,2.2,1.9,0.5,-0.5,-1.6,-1.5,-3.5,-3.3,-0.4,1.6,-2.3,-2.6,-3.8,-3.2,0.1,1.3,-2.3,-2.1,-4.2,-3.9,-0.5,1.6,-0.3,-0.1,-2.5,-2.7,-0.6,1.8,2.1,1.9,2.1,2.2,0.7,0.5,2.1,1.8,2.2,2.7,0.7,0.3,2.1,2,2.4,2.3,0.7,0.3,2.1,2,1.7,1.5,0.8,1.1,1.7,1.5,-1,-0.5,0.3,2.8,0.8,1,0.2,1.7,-0.2,0.6,1.8,1.5,-0.9,-0.4,0.3,2.7,2.6,1.9,-2.1,-2.6,0.8,4.8,1.9,2.7,-1,-3.3,-0.7,3,0.8,1.1,-0.5,-4.6,-0.2,1.4,2.1,3.1,-0.9,-3.3,-0.8,3.2,2.3,3.3,-1.4,-2.3,-0.9,3.8,0.5,0.9,0.1,-0.2,0.2,1,0.1,-0.1,0.5,0.8,0.2,-0.3,1,1,0,-0.3,-0.3,2.2,-0.1,0,-0.4,2.6,-0.2,0,-0.3,2,-0.1,0,-0.1,1.8,-0.1,-0.1,0.1,0,0,-0.1,0,0,0,-0.1,0.1,0,0,-0.1,0.1,0,0,-0.1,0.5,2.2,0.3,0.5,0.5,2.6,0.4,0.6,0.5,2.1,0.2,0.5,0.5,1.5,0.2,0.4,0.1,-0.7,-0.1,0,0.1,-0.4,0,0,0.1,-0.6,-0.1,0,0,-1.7,-0.2,-0.2,8.9,-2.9,4.5,-1.7,6.3,-3.2,6,-1.3,7,-3.3,6.1,-1.8,12.6,-2.3,1.9,-1.8,0.1,-0.2,-0.9,-0.2,0,-0.4,-1,-0.3,0.1,-0.5,-1,-0.3,0.2,0.4,-0.9,0,0.4,-0.3,0.2,0,0.3,-0.2,0.1,0.1,0.4,-0.4,0.3,0,0.5,-0.2,0.2,0,0.3,0.5,0.2,-0.2,0.2,0.4,0.1,-0.1,0.3,0.4,0.1,-0.1,0.4,0.6,0.2,-0.2,1.5,2.2,-0.1,-0.9,0.9,1.1,-0.2,-0.4,1.4,2.1,0,-1,2,3.1,-0.2,-1,3.1,79.16,7.7925,1.1425,75.95,13188,2422,19765.18945,0.19,4.8
2010/6/30,2.8,3.2,2.7,2.4,2.2,2.1,2.1,2.5,0.6,0.8,0.6,0.5,63.4,74.2,62.2,45.4,0.9,0.7,1,1.3,2.7,1.8,2.1,4.1,-1.3,-2.3,-2.2,0.2,2.3,2.2,2.3,2.4,1.6,1.1,1.7,2.1,2.3,1.1,2.6,2.6,0.1,0.2,0.1,0.1,0.1,0.2,0.2,0,0.3,0.3,0.3,0.3,-0.4,-0.4,-0.5,-0.4,-0.3,-0.1,-0.3,-0.9,-1,-0.5,-0.6,-1.7,-0.3,-0.5,-0.5,0,0,0,0,-0.2,0.4,0.5,0.4,0.4,0.2,0.1,0.2,0.2,2.5,2,1.3,-0.9,0.8,1.5,3,2.5,1.7,-1.6,0.7,1.5,2.4,1.9,1.2,-0.7,0.8,1.5,2.2,1.5,0.9,-0.3,0.9,1.5,2,1.3,0.3,0.4,0.9,1.9,2,1.3,0.3,0.3,0.8,1.8,1.9,1.3,0.4,0.5,0.8,1.7,2.4,1.3,0,0.6,1.2,2.5,0.2,0.1,-0.1,3.7,0.5,0.7,0.3,0.1,-0.1,2.7,0.7,0.9,0.2,-0.1,-0.2,4,0.7,0.8,0,0.2,0.1,4.3,0.3,0.4,64.3,63.7,38.7,-42.5,-0.3,24.7,75.2,74.7,41.3,-47.5,-0.5,32.9,63.1,62.4,39.4,-41.1,-0.2,22.8,46.1,45.6,32,-33.5,-0.2,13.4,1,0,21.9,22.5,0.9,-21,0.7,0.2,25.3,25.7,0.5,-24.6,1.2,-0.2,19.9,20.7,1.2,-18.9,1.6,-0.5,15.4,16.2,1.8,-14.1,1.2,-1.1,3.9,1.3,3.8,-1.2,0.5,-0.4,3.8,1.3,2.2,-2,1.1,-0.7,3.1,1.4,2.8,-1,1.7,-2.4,5.1,1.2,6.5,-1,-1.9,-1.7,-2.4,-3.6,0.4,1.1,-2.5,-2.4,-3.3,-3.4,0.1,1,-2.6,-2.3,-3.1,-4.2,0.1,0.9,-0.7,-0.5,-1.2,-3.2,0.7,1.4,2.6,2,2.4,2.1,0.3,-0.1,2.5,2,2.6,2.5,0.2,-0.4,2.7,2.1,2.7,2.2,0.2,-0.4,2.8,1.9,2,1.5,0.5,0.4,1.8,1.6,0.1,-1.6,0,1.5,0.8,0.8,0.3,0.2,0.3,0.8,1.8,1.6,0.1,-1.5,0.1,1.6,2.7,2.5,-0.2,-3.3,-0.4,2.3,2,1,0.1,-3.8,1.3,2.2,0.9,0.1,0,-5,1,1.1,2.3,1.2,0.3,-3.8,1.4,2.3,2.4,1.3,0.1,-3,1.3,2.5,-0.1,-0.5,0.4,-0.1,0,-0.5,0.4,-0.1,-0.1,-0.5,0.4,-0.1,-0.3,-0.5,0.4,-0.2,0.1,-1.1,0.3,0,0,-1.4,0.3,0,0.1,-1,0.2,0,0.4,-0.7,0.2,-0.1,0.2,0.1,0.1,-0.1,0.2,0.1,0.1,-0.1,0.2,0.1,0.1,-0.1,0,0.1,0.1,-0.2,0.4,0.7,7,0.1,0.4,1,8.5,0.1,0.5,0.3,6.4,0.1,0.4,0.5,4.7,0.1,0.7,0.6,0.3,-0.1,0.6,0.4,0.2,-0.1,0.8,0.6,0.3,-0.2,1,1.6,0.6,-0.1,-2.8,3.4,-4.2,-2.2,-2.5,2.8,-3.4,-1.7,-2.5,2.9,-3.4,-1.5,-3.3,4.5,-5.5,-3.4,-0.8,-0.4,-0.1,-0.7,-0.8,-0.3,-0.2,-0.5,-0.7,-0.6,-0.1,-0.7,-0.8,-0.2,0,-0.9,0.3,0.2,0.6,0.3,0.3,0.2,0.6,0.2,0.5,0.2,0.8,0.3,0.3,0.3,0.5,0.2,-0.1,0,0.4,0.5,-0.1,-0.2,0.2,0.1,-0.1,0,0.2,0.4,-0.1,0.1,0.6,1,-0.6,-2.2,1.4,-0.1,-0.2,-1.1,0.4,-0.1,-0.6,-2.3,1.5,-0.1,-0.9,-2.8,1.8,0,2.9,80.12,7.7855,1.148,74.76,14185.314,2302,20128.99023,0.09,4.8
2010/7/31,1.3,-0.8,2.1,2.6,2.6,2.7,2.5,2.8,-4.6,-13,-1.8,0.7,62.8,73.5,61.5,44.9,0.5,0.5,0.5,0.7,2.2,0.9,1.5,4.3,-2,-2.2,-2.5,-1.4,2.6,2.5,2.7,2.7,2.2,1.5,2.5,2.4,2.4,1.4,2.6,2.7,-2.3,-6.6,-0.6,0.3,0.4,0.5,0.3,0.3,-7.9,-20.4,-2.7,0.1,-0.1,-0.1,-0.1,-0.1,0,0,0,-0.1,-4,-3.3,-3.3,-5,-0.9,-0.8,-0.8,-1,0.2,0.2,0.1,0.2,1.2,1.1,1.2,1.4,1.2,0.6,1.3,1.6,2.8,2.4,1,-1.5,-1.1,0.3,3.2,2.9,1.7,-2.2,-3.7,-2.5,2.7,2.3,0.9,-1.4,-0.2,1.2,2.4,2,0.5,-0.9,0.6,2.1,2.2,1.8,-0.5,-0.6,0.8,3.1,2.1,1.9,-0.7,-0.9,0.8,3.4,2.1,1.8,-0.4,-0.5,0.7,2.9,2.5,1.9,-0.4,-0.4,0.9,3.2,0.6,-0.1,0,2.7,-4.5,-4.6,0.8,0.1,0.1,1.9,-13.1,-13.1,0.6,-0.1,0,2.9,-1.7,-1.8,0.5,-0.1,0.1,3.3,0.8,0.6,63.4,64.4,56.8,-42.3,-1.6,6,74.2,75.4,65.8,-47.3,-1.9,7.7,62.2,63.1,56.3,-41,-1.6,5.2,45.4,46.2,41,-33.4,-1.3,3.9,0.9,0.5,22.9,22.8,0,-22.4,0.7,0.5,25.9,25.9,0,-25.4,1,0.6,21,20.9,-0.1,-20.5,1.3,0.5,16.9,16.7,0.2,-16.2,2.7,2,2.9,1.3,0.2,-0.7,1.8,1.8,2.6,2,-0.9,-1.7,2.1,2,2.7,1.6,-0.5,-1.2,4.1,2.1,3.3,0.4,2.2,1,-1.3,-1.6,-2,-3.4,-0.4,0,-2.3,-2.3,-2.8,-3.7,0.1,0.6,-2.2,-2.3,-2.4,-4,-0.2,-0.1,0.2,-0.3,-0.9,-2.6,-1.1,-0.5,2.3,2.1,1.9,1.5,0.5,0.7,2.2,2.1,2.1,1.9,0.4,0.4,2.3,2.1,2.1,1.6,0.6,0.6,2.4,2.1,1.6,0.9,0.6,1.1,1.6,1.7,0.3,-2.3,0.5,1.9,1.1,0.8,0.1,-0.4,0.7,1.4,1.7,1.8,0.3,-2.4,0.7,2.2,2.1,2.6,0.3,-3.9,-0.2,2.1,2.3,1.9,-1.9,-3.8,0.5,4.3,1.1,0.8,-1.2,-4.6,0.6,2.6,2.6,2.1,-2.2,-3.7,0.5,4.8,2.6,2.3,-2.2,-3.4,0.4,4.9,0.1,0.5,0,0.1,0.2,0.2,0.5,0,0.1,0.5,0,0.1,0.1,1,-0.4,0.2,0.1,-0.3,0.4,0,0.2,-0.4,0.5,0,0.2,-0.3,0.3,0,0,-0.1,0.4,0,0.3,0.1,0.2,-0.2,0.3,0,0.1,-0.1,0.3,0.1,0.2,-0.2,0.3,0.1,0.1,-0.1,-0.4,0.5,7.5,0.3,-0.4,0.5,11.4,0.3,-0.5,0.5,5.8,0.3,-0.4,0.5,1.8,0.2,-0.3,0.1,-0.2,0.3,-0.1,0.1,0,0.2,-0.3,0.1,-0.2,0.4,-0.9,0,-0.8,0.6,-1,8.9,-5.3,-3.3,-0.5,6.3,-4.2,-2.3,-0.6,7,-4.5,-2.7,-1.7,12.6,-6.8,-4.8,-0.3,0.1,-1.1,0.3,-0.5,0,-1.2,-0.2,-0.5,0.1,-1,0,0,0.2,-1.2,0.9,0,0.4,-0.3,-0.2,0,0.3,-0.2,-0.2,0,0.4,-0.2,-0.2,-0.2,0.5,-0.4,-0.2,0.4,0.3,0.3,0.7,0.5,0.2,0,0.4,0.4,0.3,0.4,0.6,0.4,0.4,0.4,1.1,0.2,1.5,-0.8,1.2,0.1,0.9,-0.3,0.4,0.2,1.4,-0.7,1.4,0.2,2,-1.2,1.4,3.3,81.88,7.7645,1.1478,75.58,16368,2052,21029.81055,0.18,4.6
2010/8/31,3,3.6,3,2.5,2.5,2.4,2.4,2.7,1,1.2,1.2,0.7,60.3,70.3,59.4,43.4,0.3,0.5,0.2,0.1,2.5,1.7,2.1,3.5,-2.5,-2.3,-2.7,-2.4,2.6,2.4,2.7,2.9,1.8,1.3,1.9,2.2,2.7,1.8,2.9,2.9,0,0,0.1,0,0,0,0.1,0.1,0.1,0.1,0.1,0,-0.5,-0.6,-0.4,-0.4,-0.4,-0.3,-0.4,-0.5,-2.1,-1.8,-1.9,-2.5,-0.5,-0.4,-0.4,-0.8,0.3,0.3,0.3,0.3,0.1,-0.1,0,0.3,0.6,0.5,0.6,0.6,1.3,2.5,2.8,-1.6,0.5,0.2,-0.8,3,3.4,-2.4,0.6,0.2,2.1,2.4,2.7,-1.5,0.6,0.3,2.6,2.2,2.2,-1,0.3,0.3,2.6,2,2.6,-0.5,0.5,-0.1,2.7,2,2.9,-0.7,0.4,-0.5,2.5,1.9,2.4,-0.4,0.5,0,2.8,2.4,2.1,-0.2,0.3,0.6,-4.6,0.2,-0.1,1.7,0.8,1.1,-13,0.3,-0.1,0.8,0.9,1.3,-1.8,0.2,-0.3,2,1,1.5,0.7,0,0.1,2.3,0.7,0.6,62.8,64.3,62.8,-41.8,-4,-2.5,73.5,75.2,72.8,-46.7,-4.9,-2.5,61.5,63.1,62.4,-40.5,-3.7,-3,44.9,46.1,44.8,-33,-2.7,-1.4,0.5,1,19.2,22.8,-0.7,-18.9,0.5,0.7,22,25.7,-0.2,-21.5,0.5,1.2,17.4,21,-1,-17.2,0.7,1.6,13.6,17,-1.5,-13.5,2.2,1.2,2.6,2,1.3,-0.1,0.9,0.5,3.4,2.7,1.2,-1.7,1.5,1.1,3.1,2.5,1,-1,4.3,1.7,1.2,0.8,1.8,2.3,-2,-1.9,-1.5,-2.9,-0.6,-1,-2.2,-2.5,-2.6,-3.3,0.2,0.3,-2.5,-2.6,-2.1,-3.6,-0.1,-0.6,-1.4,-0.7,-0.1,-2,-1.7,-2.3,2.6,2.6,1.9,2,0,0.7,2.5,2.5,1.8,2.5,-0.1,0.6,2.7,2.7,2,2.2,0,0.7,2.7,2.8,2,1.4,0.1,0.9,2.2,1.8,1.5,-2.3,0,0.3,1.5,0.8,1,-0.5,0.5,0.3,2.5,1.8,1.5,-2.3,0.1,0.4,2.4,2.7,1.9,-3.9,-0.5,0.3,2.4,2,2.7,-3.3,0.7,0,1.4,0.9,1.1,-4,0.9,0.7,2.6,2.3,3.1,-3.3,0.6,-0.2,2.7,2.4,3.3,-2.9,0.5,-0.4,-2.3,-0.1,0.9,-1.7,-6.6,0,1,-4.4,-0.6,-0.1,0.8,-0.9,0.3,-0.3,1,0,0.4,0.1,2.2,0.1,0.5,0,2.6,0.1,0.3,0.1,2,0.1,0.3,0.4,1.8,0.1,-7.9,0.2,0,-5.6,-20.4,0.2,0,-14,-2.7,0.2,0,-2.9,0.1,0,0,0,-0.1,0.4,2.2,0.9,-0.1,0.4,2.6,1.2,-0.1,0.5,2.1,0.8,-0.1,0.4,1.5,0.6,0,0.7,-0.7,0.1,0,0.6,-0.4,0,0,0.8,-0.6,0.2,-0.1,1,-1.7,0.3,-4,-2.8,-2.9,-2.4,-3.3,-2.5,-3.2,-2.5,-3.3,-2.5,-3.3,-2.8,-5,-3.3,-2.3,-1.8,-0.9,-0.8,-0.2,0,-0.8,-0.8,-0.4,-0.2,-0.8,-0.7,-0.5,-0.1,-1,-0.8,0.4,0.3,0.2,0.3,-0.3,0.2,0.2,0.3,-0.2,0.3,0.1,0.5,-0.4,0.3,0.2,0.3,-0.2,0.2,1.2,-0.1,0.5,0.3,1.1,-0.1,0.4,0.2,1.2,-0.1,0.4,0.4,1.4,-0.1,0.6,0.4,1.2,-0.6,2.2,0.1,0.6,-0.2,1.1,-0.1,1.3,-0.6,2.1,0.2,1.6,-0.9,3.1,0.3,3.5,83.61,7.7805,1.145,77.04,16110,2052,20536.49023,0.21,4.6
2010/9/30,2.6,3.2,2.5,2,3.3,3.4,3.2,3.3,1.7,2.5,1.6,1,16.4,23,14,8.2,0.2,0.3,0.1,0.1,0.6,0.5,0.9,0.3,-3,-2.6,-3,-3.3,2.8,2.6,2.8,3,2.1,1.3,2.1,2.7,2.6,2,2.8,2.8,0.3,0.7,0.2,0.1,0.8,0.9,0.8,0.8,0.6,1.4,0.3,0.1,-0.3,-0.3,-0.3,-0.3,0.1,0,0.1,0.2,1.4,0.7,0.6,2.6,-0.2,-0.4,-0.2,-0.2,0.4,0.5,0.4,0.3,-0.6,-0.5,-0.5,-0.8,-0.6,0.1,-0.7,-0.8,3,2.8,2,0.5,-0.2,0.6,3.6,3.2,2.5,0.8,0,0.7,3,2.7,1.9,0.5,-0.2,0.6,2.5,2.4,1.5,0.1,-0.4,0.5,2.5,2.2,1.3,-0.5,1.1,2,2.4,2.1,1.3,-0.7,1.3,2.1,2.4,2.1,1.3,-0.4,1.1,1.9,2.7,2.5,1.3,-0.3,0.8,2,1,0.6,0.1,0.7,1.1,1.6,1.2,0.8,0.1,0.1,1.7,2.4,1.2,0.6,-0.1,0.8,1,1.7,0.7,0.5,0.2,1,0.5,0.8,60.3,63.4,63.7,23.4,-47,-47.3,70.3,74.2,74.7,23.2,-51.2,-51.7,59.4,62.2,62.4,25.2,-48.2,-48.4,43.4,45.4,45.6,20.2,-37.2,-37.4,0.3,0.9,0,23,-0.7,0.2,0.5,0.7,0.2,25.9,-0.4,0.1,0.2,1,-0.2,21.2,-0.9,0.3,0.1,1.3,-0.5,17.2,-1.2,0.6,2.5,2.7,-1.1,4.5,-2.1,1.7,1.7,1.8,-0.4,4.2,-1.3,0.9,2.1,2.1,-0.7,4.3,-1.2,1.6,3.5,4.1,-2.4,4.9,-3.8,2.7,-2.5,-1.3,-1.7,-3,-1.7,-1.3,-2.3,-2.3,-2.4,-3.5,-0.3,-0.2,-2.7,-2.2,-2.3,-3.8,-0.8,-0.7,-2.4,0.2,-0.5,-1.9,-3.5,-2.8,2.6,2.3,2,1.5,0.5,0.8,2.4,2.2,2,1.6,0.4,0.6,2.7,2.3,2.1,1.7,0.5,0.7,2.9,2.4,1.9,1.1,0.6,1.1,1.8,1.6,1.6,-2.3,0.5,0.5,1.3,1.1,0.8,-0.6,0.2,0.5,1.9,1.7,1.6,-2.2,0.4,0.5,2.2,2.1,2.5,-4,0.6,0.2,2.7,2.3,1,-1.4,0.3,1.6,1.8,1.1,0.1,-0.5,0.9,1.9,2.9,2.6,1.2,-1.2,0.2,1.6,2.9,2.6,1.3,-2,0.2,1.5,0,0.1,-0.5,0.8,0,0.2,-0.5,1,0.1,0.1,-0.5,0.7,0,0.1,-0.5,0.6,0,0.1,-1.1,0.1,0,0.2,-1.4,0,0.1,0.2,-1,0.1,0.1,0,-0.7,0.2,0.1,0.3,0.1,-0.1,0.1,0.3,0.1,-0.1,0.1,0.3,0.1,-0.1,0,0.3,0.1,-0.1,-0.5,-0.4,0.7,37.3,-0.6,-0.4,1,38.1,-0.4,-0.5,0.3,39.3,-0.4,-0.4,0.5,32.2,-0.4,-0.3,0.6,0,-0.3,-0.1,0.4,0,-0.4,-0.3,0.6,0,-0.5,-0.9,1.6,-0.1,-2.1,-1,3.4,3.5,-1.8,-0.5,2.8,1.7,-1.9,-0.6,2.9,1.9,-2.5,-1.7,4.5,7.2,-0.5,-0.3,-0.4,0.1,-0.4,-0.5,-0.3,0,-0.4,-0.5,-0.6,0,-0.8,0,-0.2,0.2,0.3,0,0.2,0.4,0.3,0,0.2,0.4,0.3,0,0.2,0.3,0.3,-0.2,0.3,0.3,0.1,0.4,0,-0.8,-0.1,0.5,-0.2,-0.4,0,0.4,0,-0.8,0.3,0.4,0.1,-1.3,0.6,0.2,-2.2,-0.8,0.5,0.1,-1.1,-0.3,0.6,0.2,-2.3,-0.9,0.6,0.2,-2.8,-0.9,3.6,85.34,7.7615,1.16235,77.84,15033.042,1970,22358.16992,0.15,4.4
2010/10/31,2.5,3,2.3,2.1,3.3,3.4,3.1,3.4,1.8,2.3,1.8,1.2,18,25,14.9,8.3,0.6,0.8,0.7,-0.2,-0.5,-0.6,-0.2,-0.8,-5.6,-6.3,-5.9,-4.8,2.8,2.3,3.3,2.6,2.9,1.8,2.7,4.1,2.9,2.2,2.9,3.4,3,7.6,1.3,0.5,0.4,0.5,0.4,0.3,8.8,25.4,3.2,0.2,-0.2,-0.2,-0.2,-0.2,0.5,0.5,0.5,0.8,4.5,3.3,3.5,6.4,-0.3,-0.6,-0.3,-0.3,0.7,0.4,0.9,0.9,0.3,0.1,0.3,0.5,0.2,0.3,0.3,0.2,2.6,1.3,2.4,2.2,1.2,0.1,3.2,-0.8,2.9,5.2,3.8,0.1,2.5,2.1,2.3,1.3,0.2,0,2,2.6,2,0.1,-0.5,0.1,3.3,2.6,1.8,-0.6,0.7,1.5,3.4,2.7,1.9,-0.8,0.7,1.5,3.2,2.5,1.8,-0.4,0.6,1.3,3.3,2.8,1.9,-0.2,0.6,1.5,1.7,-4.6,-0.1,6.1,6.4,1.9,2.5,-13,0.1,15.7,15.3,2.2,1.6,-1.8,-0.1,3.2,3.6,1.9,1,0.7,-0.1,0.7,0.5,1.3,16.4,62.8,64.4,26.7,-44.8,-46.4,23,73.5,75.4,26.6,-48.5,-50.4,14,61.5,63.1,28.6,-46.6,-48.2,8.2,44.9,46.2,23,-36.6,-37.9,0.2,0.5,0.5,22.1,0.1,0.1,0.3,0.5,0.5,25.3,0.3,0.3,0.1,0.5,0.6,20.2,0.2,0.1,0.1,0.7,0.5,15.8,-0.9,-0.7,0.6,2.2,2,4.7,-2.7,-2.5,0.5,0.9,1.8,4.2,-1.5,-2.4,0.9,1.5,2,3.8,-1.7,-2.2,0.3,4.3,2.1,6.1,-5.1,-2.9,-3,-2,-1.6,-2.8,-3.6,-4,-2.6,-2.2,-2.3,-3,-4.1,-4,-3,-2.5,-2.3,-3.5,-3.4,-3.6,-3.3,-1.4,-0.3,-2,-3.4,-4.5,2.8,2.6,2.1,1.3,0.2,0.7,2.6,2.5,2.1,1.4,-0.2,0.2,2.8,2.7,2.1,1.5,0.6,1.2,3,2.7,2.1,1,-0.1,0.5,2.1,2.2,1.7,-2,0.7,1.2,1.3,1.5,0.8,-0.3,0.3,1,2.1,2.5,1.8,-1.9,0.2,0.9,2.7,2.4,2.6,-3.6,1.7,1.5,2.6,2.4,1.9,-1.2,0.5,1,2,1.4,0.8,-0.5,0.8,1.4,2.8,2.6,2.1,-0.9,0.3,0.8,2.8,2.7,2.3,-1.8,0.7,1.1,0.3,-2.3,0.5,2.1,0.7,-6.6,0.2,4.8,0.2,-0.6,0.5,1.2,0.1,0.3,1,0.5,0.8,0.4,-0.3,0.3,0.9,0.5,-0.4,0.3,0.8,0.3,-0.3,0.3,0.8,0.3,-0.1,0.3,0.6,-7.9,0.1,5.9,1.4,-20.4,0,16.2,0.3,-2.7,0.1,3,0.1,0.1,0.1,0,-0.3,-0.1,0.5,0.4,-0.3,-0.1,0.5,0.5,-0.3,-0.1,0.5,0.4,-0.3,-0.1,0.5,0.2,0.1,0,0.1,-0.4,0,0,0.1,-0.2,0.1,0,0.1,-0.5,0.2,-0.1,0,-0.7,1.4,-4,8.9,5.8,0.7,-3.3,6.3,4.8,0.6,-3.3,7,4.7,2.6,-5,12.6,7.9,-0.2,-0.9,0.1,0,-0.4,-0.8,0,0.1,-0.2,-0.8,0.1,0.1,-0.2,-1,0.2,0,0.4,0.2,0.4,0.3,0.5,0.2,0.3,0.3,0.4,0.1,0.4,0.3,0.3,0.2,0.5,0.3,-0.6,1.2,0.3,-0.4,-0.5,1.1,0.2,-0.1,-0.5,1.2,0.3,-0.4,-0.8,1.4,0.4,-0.6,-0.6,1.2,1.5,0.4,0.1,0.6,0.9,0.4,-0.7,1.3,1.4,0.5,-0.8,1.6,2,0.4,4.4,86.87,7.7495,1.16445,82.67,12718.8756,1913,23096.32031,0.2,4.2
2010/11/30,2.8,3.3,2.5,2.5,3.4,3.5,3.3,3.5,2.2,2.7,2.2,1.6,18.5,25.5,15.6,8.7,0.7,0.7,0.7,0.2,2.1,0,0.5,5.3,-4.8,-5.6,-5,-3.9,2.5,2.2,2.9,2.4,3,1.9,2.8,4.3,2.6,2.1,2.6,3.1,0.4,0.3,0.4,0.5,0,-0.1,0.1,0,0.4,0.4,0.5,0.5,0.8,0.9,0.8,0.6,0,-0.1,0,0.2,7.3,6.7,6.8,8.1,-0.1,-0.2,-0.1,0,0,-0.1,0,0,0.3,0.2,0.3,0.4,-0.4,-0.3,-0.3,-0.5,2.5,3,2.5,0.5,-0.2,0.3,3,3.6,3,1,-0.3,0.3,2.3,3,2.4,0.5,-0.5,0.1,2.1,2.5,2.2,0.1,0,0.3,3.3,2.5,2,-0.6,0.9,1.4,3.4,2.4,2,-0.8,1.1,1.5,3.1,2.4,1.9,-0.4,0.9,1.4,3.4,2.7,2.4,-0.5,0.8,1.1,1.8,1,0.2,0,1.2,2,2.3,1.2,0.3,0,1.5,2.4,1.8,1.2,0.2,-0.1,1,2,1.2,0.7,0,0.3,0.9,1.6,18,60.3,64.3,31.7,-41.8,-45.8,25,70.3,75.2,32.6,-44.8,-49.7,14.9,59.4,63.1,33.3,-43.8,-47.5,8.3,43.4,46.1,26.5,-34.7,-37.4,0.6,0.3,1,21.8,0.4,-0.3,0.8,0.5,0.7,25.2,0.2,0,0.7,0.2,1.2,19.8,0.5,-0.5,-0.2,0.1,1.6,15.3,0.1,-1.4,-0.5,2.5,1.2,2.8,-0.4,0.9,-0.6,1.7,0.5,3.5,-1.7,-0.5,-0.2,2.1,1.1,3,-1.6,-0.6,-0.8,3.5,1.7,2.2,1.8,3.6,-5.6,-2.5,-1.9,-3.5,-2.3,-2.9,-6.3,-2.3,-2.5,-3.8,-3.3,-3.1,-5.9,-2.7,-2.6,-4.2,-2.3,-2.4,-4.8,-2.4,-0.7,-2.5,-1.5,-3.2,2.8,2.6,2.6,2.1,-0.1,-0.1,2.3,2.4,2.5,2.2,-0.2,-0.3,3.3,2.7,2.7,2.4,0.2,0.2,2.6,2.9,2.8,1.7,-0.5,-0.4,2.9,1.8,1.8,-1,1.2,1.2,1.8,1.3,0.8,0.2,0.6,1.1,2.7,1.9,1.8,-0.9,0.9,1,4.1,2.2,2.7,-2.1,2.1,1.6,2.9,2.7,2,-1,-0.1,0.6,2.2,1.8,0.9,-0.5,0.3,1.2,2.9,2.9,2.3,-0.9,-0.3,0.3,3.4,2.9,2.4,-1.4,0.2,0.7,3,0,-0.1,0.1,7.6,0,0,0.1,1.3,0.1,-0.1,0.2,0.5,0,-0.3,0,0.4,0,0.1,-0.1,0.5,0,0,-0.2,0.4,0.1,0.1,-0.1,0.3,0.1,0.4,-0.1,8.8,0.1,0.2,0,25.4,0.1,0.2,0,3.2,0.1,0.2,0,0.2,0,0,0,-0.2,-0.5,0.4,0.3,-0.2,-0.6,0.4,0.4,-0.2,-0.4,0.5,0.2,-0.2,-0.4,0.4,0.2,0.5,-0.4,0.7,-0.1,0.5,-0.3,0.6,0,0.5,-0.4,0.8,-0.1,0.8,-0.5,1,-0.2,4.5,-2.1,-2.8,4.5,3.3,-1.8,-2.5,6,3.5,-1.9,-2.5,6.1,6.4,-2.5,-3.3,1.9,-0.3,-0.5,-0.8,-0.9,-0.6,-0.4,-0.8,-1,-0.3,-0.4,-0.7,-1,-0.3,-0.8,-0.8,-0.9,0.7,0.3,0.3,0.2,0.4,0.3,0.3,0.1,0.9,0.3,0.5,0.3,0.9,0.3,0.3,0.2,0.3,0.1,-0.1,0.2,0.1,-0.1,-0.1,0.1,0.3,0,-0.1,0.1,0.5,0.3,-0.1,0.2,0.2,0.6,-0.6,-0.1,0.3,0.5,-0.2,-0.2,0.3,0.6,-0.6,0,0.2,0.6,-0.9,-0.2,5.1,88.58,7.7665,1.16695,85.28,10639,2189,23007.99023,0.2,3.9
2010/12/31,2.9,3.3,2.7,2.8,4.1,4.1,3.9,4.3,2.6,3.1,2.6,1.9,12,16.1,11.3,4.3,0.3,0.5,0.3,-0.7,3.9,1.4,1.6,8.1,-4.7,-5.3,-5.1,-3.8,2.1,1.8,2.3,2.2,3.2,1.9,3.1,4.5,2.3,2.1,2.2,2.6,0.6,0.5,0.6,0.6,0.9,0.8,0.9,1,0.5,0.5,0.5,0.4,1.2,0.4,2.5,0.4,-0.1,0,-0.1,-0.4,-2.5,-2.1,-2.2,-2.9,0,0,-0.1,0.1,0.2,0.1,0.2,0.4,0.5,0.3,0.5,0.8,1.1,0.5,1.1,1.4,2.8,2.6,2.8,1.3,0.3,0.1,3.3,3.2,3.2,1.7,0.1,0.1,2.5,2.5,2.7,1.2,0.2,0,2.5,2,2.4,0.9,0.8,0.4,3.4,3.3,2.2,0.3,0.8,1.9,3.5,3.4,2.1,0.3,0.7,2,3.3,3.2,2.1,0.4,0.7,1.8,3.5,3.3,2.5,0,1,1.8,2.2,1.7,0.6,-0.1,0.9,2,2.7,2.5,0.8,-0.1,0.6,2.3,2.2,1.6,0.6,-0.2,1,2,1.6,1,0.5,0.1,0.9,1.4,18.5,16.4,63.4,38.7,-4.4,-51.4,25.5,23,74.2,41.3,-6.9,-58.1,15.6,14,62.2,39.4,-2.7,-50.9,8.7,8.2,45.4,32,-3.9,-41.1,0.7,0.2,0.9,21.9,0.1,-0.6,0.7,0.3,0.7,25.3,0.2,-0.2,0.7,0.1,1,19.9,0.2,-0.7,0.2,0.1,1.3,15.4,-0.8,-2,2.1,0.6,2.7,3.9,3.3,1.2,0,0.5,1.8,3.8,0.9,-0.4,0.5,0.9,2.1,3.1,0.7,-0.5,5.3,0.3,4.1,5.1,7.8,4,-4.8,-3,-1.3,-2.4,-1.7,-3.4,-5.6,-2.6,-2.3,-3.3,-2.7,-3,-5,-3,-2.2,-3.1,-2.1,-2.9,-3.9,-3.3,0.2,-1.2,-0.5,-4,2.5,2.8,2.3,2.4,-0.7,-0.2,2.2,2.6,2.2,2.6,-0.8,-0.4,2.9,2.8,2.3,2.7,-0.5,0,2.4,3,2.4,2,-0.8,-0.2,3,2.1,1.6,0.1,1.1,1.6,1.9,1.3,1.1,0.3,0.6,0.8,2.8,2.1,1.7,0.1,1,1.4,4.3,2.7,2.1,-0.2,1.8,2.4,2.6,2.6,2.3,0.1,-0.3,0,2.1,2,1.1,0,0.1,1,2.6,2.8,2.6,0.3,-0.6,-0.4,3.1,2.8,2.6,0.1,-0.2,0,0.4,0.3,0.1,0.4,0.3,0.7,0.2,0.4,0.4,0.2,0.1,0.4,0.5,0.1,0.1,0.4,0,0.8,0.1,0.3,-0.1,0.9,0.2,0.3,0.1,0.8,0.2,0.2,0,0.8,0,0.2,0.4,0.6,0.3,0.1,0.4,1.4,0.3,0.1,0.5,0.3,0.3,0.1,0.5,0.1,0.3,0.1,0.8,-0.3,-0.4,7,0.9,-0.3,-0.4,8.5,0.8,-0.3,-0.5,6.4,0.6,-0.3,-0.4,4.7,0,0.1,-0.3,0.3,-0.1,0,-0.1,0.2,0,0.1,-0.3,0.3,0.2,0.2,-0.9,0.6,7.3,1.4,-1,-4.2,6.7,0.7,-0.5,-3.4,6.8,0.6,-0.6,-3.4,8.1,2.6,-1.7,-5.5,-0.1,-0.2,-0.3,-0.1,-0.2,-0.4,-0.5,-0.2,-0.1,-0.2,-0.5,-0.1,0,-0.2,0,0,0,0.4,0,0.6,-0.1,0.5,0,0.6,0,0.4,0,0.8,0,0.3,-0.2,0.5,0.3,-0.6,0.4,0.4,0.2,-0.5,0.5,0.2,0.3,-0.5,0.4,0.2,0.4,-0.8,0.4,0.6,-0.4,-0.6,0.2,1.4,-0.3,0.1,0.1,0.4,-0.3,-0.7,0.2,1.5,-0.5,-0.8,0.2,1.8,4.6,88.4,7.7745,1.1816,91.45,10566,2296,23035.44922,0.13,3.7
2011/1/31,3.4,3.6,3.2,3.5,5,5.2,4.8,4.9,3,3.5,3.1,2.4,6.5,6.5,7.5,4.8,0.6,0.5,0.7,0.7,5.6,3.3,3.9,9.2,-4.4,-5,-5.1,-3.2,2.9,2.5,3,3.1,3.5,2.4,3.1,4.9,3.3,2.5,3.1,4,0.5,0.7,0.5,0.3,1.3,1.6,1.2,1,0.6,0.5,0.7,0.6,2.2,2.2,2.2,2.4,0.1,0,0.1,0.6,-3.7,-2.4,-2.4,-5.9,-0.8,-0.8,-1,-0.6,0.5,0.5,0.4,0.5,0.5,0.4,0.4,0.8,0.1,0,0.2,0.1,2.9,2.5,1.3,1,0.9,2.1,3.3,3,-0.8,1.7,0.6,4.4,2.7,2.3,2.1,0.9,0.9,1.1,2.8,2.1,2.6,0.5,1.4,0.9,4.1,3.3,2.6,-0.5,1.7,2.4,4.1,3.4,2.7,-0.7,1.8,2.5,3.9,3.1,2.5,-0.4,1.7,2.3,4.3,3.4,2.8,-0.4,1.5,2.1,2.6,1.8,-4.6,0,1.2,7.6,3.1,2.3,-13,0.1,1.2,16.5,2.6,1.8,-1.8,0,1.3,4.9,1.9,1.2,0.7,0.1,1.2,1.7,12,18,62.8,56.8,-11.5,-56.3,16.1,25,73.5,65.8,-18.5,-67,11.3,14.9,61.5,56.3,-7.4,-54,4.3,8.3,44.9,41,-3.5,-40.1,0.3,0.6,0.5,22.9,0,0.1,0.5,0.8,0.5,25.9,-0.3,0,0.3,0.7,0.5,21,0,0.2,-0.7,-0.2,0.7,16.9,0.9,0,3.9,-0.5,2.2,2.9,6.1,3.4,1.4,-0.6,0.9,2.6,3.9,2.4,1.6,-0.2,1.5,2.7,4.1,2.4,8.1,-0.8,4.3,3.3,10,4.9,-4.7,-5.6,-2,-2,1.2,-2.4,-5.3,-6.3,-2.2,-2.8,1.3,-2.8,-5.1,-5.9,-2.5,-2.4,0.8,-2.6,-3.8,-4.8,-1.4,-0.9,1.6,-1.8,2.1,2.8,2.6,1.9,0.1,0.3,1.8,2.3,2.5,2.1,0.2,0,2.3,3.3,2.7,2.1,-0.3,0.3,2.2,2.6,2.7,1.6,0.5,0.4,3.2,2.9,2.2,0.3,0.6,1.3,1.9,1.8,1.5,0.1,0.6,0.9,3.1,2.7,2.5,0.3,0.4,0.6,4.5,4.1,2.4,0.3,0.8,2.5,2.3,2.9,2.4,-1.9,0.4,0.9,2.1,2.2,1.4,-1.2,0.3,1.1,2.2,2.9,2.6,-2.2,0.2,0.5,2.6,3.4,2.7,-2.2,0.6,1.3,0.6,3,-2.3,0,0.5,7.6,-6.6,0.5,0.6,1.3,-0.6,0,0.6,0.5,0.3,-0.4,0.9,0.4,0.4,0.4,0.8,0.5,0.5,0.5,0.9,0.4,0.3,0.3,1,0.3,0.3,0.4,0.5,8.8,-7.9,0.2,0.5,25.4,-20.4,0.1,0.5,3.2,-2.7,0.2,0.4,0.2,0.1,0.1,1.2,-0.2,-0.1,7.5,0.4,-0.2,-0.1,11.4,2.5,-0.2,-0.1,5.8,0.4,-0.2,-0.1,1.8,-0.1,0.5,0,-0.2,0,0.5,0,0,-0.1,0.5,0,-0.2,-0.4,0.8,-0.1,-0.8,-2.5,4.5,-4,-5.3,-2.1,3.3,-3.3,-4.2,-2.2,3.5,-3.3,-4.5,-2.9,6.4,-5,-6.8,0,-0.3,-0.9,-1.1,0,-0.6,-0.8,-1.2,-0.1,-0.3,-0.8,-1,0.1,-0.3,-1,-1.2,0.2,0.7,0.2,-0.3,0.1,0.4,0.2,-0.2,0.2,0.9,0.1,-0.2,0.4,0.9,0.2,-0.4,0.5,0.3,1.2,0.3,0.3,0.1,1.1,0,0.5,0.3,1.2,0.4,0.8,0.5,1.4,0.4,1.1,0.2,1.2,-0.8,0.5,0.3,0.6,-0.3,1.1,0.3,1.3,-0.7,1.4,0.2,1.6,-1.2,4.9,90.83,7.7955,1.1855,96.52,10611.0288,2710,23447.33984,0.17,3.5
2011/2/28,3.6,3.8,3.5,3.5,4.6,4.5,4.7,4.6,3.9,4.2,4.2,3.3,7,9.2,5.6,4.2,4.4,4.5,4.5,4.4,5.3,4,4.2,7.5,-4.4,-4.8,-4.6,-4.1,3,2.6,3.3,2.9,3.1,1.8,2.7,4.6,3.2,2.4,3.1,3.8,1.1,1.2,1.1,1,1.8,2,1.9,1.5,0.9,0.8,1,0.9,2.6,5.3,0.2,0.9,3.1,3.5,3.1,1.9,-3.2,-2.5,-3,-3.8,-0.2,-0.2,0,-0.5,-0.2,-0.1,-0.2,-0.4,0.1,-0.1,0.1,0.2,2.1,1,2.1,2.9,3.4,2.8,3,2.8,0.8,0.6,3.6,3.3,3.6,3.4,0.5,0.2,3.2,2.5,3,2.7,1,0.5,3.5,2.5,2.5,2.2,1,1,5,3.4,2.5,2.6,1.2,2.1,5.2,3.5,2.4,2.9,1,2.1,4.8,3.3,2.4,2.4,1.4,2.3,4.9,3.5,2.7,2.1,1.1,1.9,3,2.2,1,-0.1,1.7,2.9,3.5,2.7,1.2,-0.1,1.5,3,3.1,2.2,1.2,-0.3,2,3,2.4,1.6,0.7,0.1,1.7,2.6,6.5,18.5,60.3,62.8,-11.5,-53.3,6.5,25.5,70.3,72.8,-16.3,-61.1,7.5,15.6,59.4,62.4,-10,-53.8,4.8,8.7,43.4,44.8,-4.5,-39.2,0.6,0.7,0.3,19.2,3.7,4.1,0.5,0.7,0.5,22,3.8,4,0.7,0.7,0.2,17.4,3.8,4.3,0.7,0.2,0.1,13.6,4.2,4.3,5.6,2.1,2.5,2.6,3.2,2.8,3.3,0,1.7,3.4,4,2.3,3.9,0.5,2.1,3.1,3.7,2.1,9.2,5.3,3.5,1.2,2.2,4,-4.4,-4.8,-2.5,-1.5,0.4,-1.9,-5,-5.6,-2.3,-2.6,0.8,-2.5,-5.1,-5,-2.7,-2.1,0.4,-1.9,-3.2,-3.9,-2.4,-0.1,-0.2,-1.7,2.9,2.5,2.6,1.9,0.5,0.4,2.5,2.2,2.4,1.8,0.4,0.2,3,2.9,2.7,2,0.4,0.6,3.1,2.4,2.9,2,0.5,0,3.5,3,1.8,1.5,0.1,1.3,2.4,1.9,1.3,1,-0.1,0.5,3.1,2.8,1.9,1.5,-0.1,0.8,4.9,4.3,2.2,1.9,0.3,2.4,3.3,2.6,2.7,2.7,0.6,0.5,2.5,2.1,1.8,1.1,0.3,0.6,3.1,2.6,2.9,3.1,0.5,0.2,4,3.1,2.9,3.3,0.7,0.9,0.5,0.4,0,0.9,0.7,0.3,0,1,0.5,0.4,0.1,0.8,0.3,0.5,0,1,1.3,0,0,2.2,1.6,-0.1,0,2.6,1.2,0.1,0.1,2,1,0,0.1,1.8,0.6,0.4,0.1,0,0.5,0.4,0.1,0,0.7,0.5,0.1,0,0.6,0.5,0,0,2.2,0.8,-0.5,2.2,2.2,0.9,-0.6,2.6,2.2,0.8,-0.4,2.1,2.4,0.6,-0.4,1.5,0.1,0,-0.4,-0.7,0,-0.1,-0.3,-0.4,0.1,0,-0.4,-0.6,0.6,0.2,-0.5,-1.7,-3.7,7.3,-2.1,-2.9,-2.4,6.7,-1.8,-3.2,-2.4,6.8,-1.9,-3.3,-5.9,8.1,-2.5,-2.3,-0.8,-0.1,-0.5,-0.2,-0.8,-0.2,-0.4,-0.4,-1,-0.1,-0.4,-0.5,-0.6,0,-0.8,0.4,0.5,0,0.3,-0.3,0.5,-0.1,0.3,-0.2,0.4,0,0.3,-0.4,0.5,0,0.3,-0.2,0.5,0.3,0.1,0.5,0.4,0.2,-0.1,0.4,0.4,0.3,0,0.4,0.8,0.4,0.3,0.6,0.1,-0.4,0.6,2.2,0,-0.3,0.5,1.1,0.2,-0.3,0.6,2.1,0.1,-0.5,0.6,3.1,4.9,94.81,7.791,1.18685,103.72,9178,2783,23338.01953,0.16,3.4
2011/3/31,4.4,4.8,4.2,4.2,5.9,6.1,5.8,5.5,4.6,4.7,4.7,4.2,8.3,11.3,6.2,4.6,19.2,21.8,19.3,11.3,5.9,4.7,4.8,7.8,-4.5,-5.1,-4.6,-3.9,3.5,2.8,3.8,3.8,3.3,1.9,2.9,4.9,3.6,2.7,3.5,4.3,0.3,0.5,0.2,0.1,0.1,0,0.1,0.1,0.7,0.6,0.7,0.9,1.8,2.9,0.9,0.8,14.8,17,14.9,8.3,4,3.5,3.5,4.7,-0.4,-0.7,-0.6,0,0.8,0.4,0.7,1.1,0.1,-0.1,0.1,0.3,-1.8,-0.9,-1.9,-2.4,3.6,2.9,2.6,2,1.5,1.8,3.8,3.3,3.2,2.5,1.5,1.6,3.5,2.7,2.5,1.9,1.5,1.7,3.5,2.8,2,1.5,1.4,2.2,4.6,4.1,3.3,1.3,1.8,2.6,4.5,4.1,3.4,1.3,2,2.7,4.7,3.9,3.2,1.3,1.9,2.6,4.6,4.3,3.3,1.3,1.2,2.2,3.9,2.6,1.7,0.1,2,2.9,4.2,3.1,2.5,0.1,1.6,2.2,4.2,2.6,1.6,-0.1,2.1,3.1,3.3,1.9,1,0.2,2.3,3.2,7,12,16.4,63.7,-3.7,-8.1,9.2,16.1,23,74.7,-4.8,-11.7,5.6,11.3,14,62.4,-5.1,-7.8,4.2,4.3,8.2,45.6,0.3,-3.6,4.4,0.3,0.2,0,18.9,19,4.5,0.5,0.3,0.2,21.3,21.5,4.5,0.3,0.1,-0.2,19,19.2,4.4,-0.7,0.1,-0.5,12,11.2,5.3,3.9,0.6,-1.1,2,5.3,4,1.4,0.5,-0.4,3.3,4.2,4.2,1.6,0.9,-0.7,3.2,3.9,7.5,8.1,0.3,-2.4,-0.3,7.5,-4.4,-4.7,-3,-1.7,0.2,-1.5,-4.8,-5.3,-2.6,-2.4,0.2,-2.5,-4.6,-5.1,-3,-2.3,0.5,-1.6,-4.1,-3.8,-3.3,-0.5,-0.1,-0.6,3,2.1,2.8,2,1.4,0.7,2.6,1.8,2.6,2,1,0.2,3.3,2.3,2.8,2.1,1.5,1,2.9,2.2,3,1.9,1.6,0.8,3.1,3.2,2.1,1.6,0.1,1.2,1.8,1.9,1.3,0.8,0,0.6,2.7,3.1,2.1,1.6,-0.2,0.8,4.6,4.5,2.7,2.5,0.4,2.2,3.2,2.3,2.6,1,1.3,1,2.4,2.1,2,0.1,0.6,0.7,3.1,2.2,2.8,1.2,1.3,0.7,3.8,2.6,2.8,1.3,1.7,1.5,1.1,0.6,0.3,-0.5,1.2,0.5,0.7,-0.5,1.1,0.6,0.2,-0.5,1,0.6,0.1,-0.5,1.8,0.9,0.8,-1.1,2,0.8,0.9,-1.4,1.9,0.9,0.8,-1,1.5,1,0.8,-0.7,0.9,0.5,0.6,0.1,0.8,0.5,1.4,0.1,1,0.5,0.3,0.1,0.9,0.4,0.1,0.1,2.6,1.2,-0.3,0.7,5.3,0.4,-0.3,1,0.2,2.5,-0.3,0.3,0.9,0.4,-0.3,0.5,3.1,-0.1,0.1,0.6,3.5,0,0,0.4,3.1,-0.1,0.1,0.6,1.9,-0.4,0.2,1.6,-3.2,-2.5,1.4,3.4,-2.5,-2.1,0.7,2.8,-3,-2.2,0.6,2.9,-3.8,-2.9,2.6,4.5,-0.2,0,-0.2,-0.4,-0.2,0,-0.4,-0.3,0,-0.1,-0.2,-0.6,-0.5,0.1,-0.2,-0.2,-0.2,0.2,0.4,0.2,-0.1,0.1,0.5,0.2,-0.2,0.2,0.4,0.2,-0.4,0.4,0.3,0.3,0.1,0.5,-0.6,0,-0.1,0.3,-0.5,-0.2,0.1,0.5,-0.5,0,0.2,0.8,-0.8,0.1,2.1,1.1,-0.6,-2.2,1,0.5,0.1,-1.1,2.1,1.1,-0.7,-2.3,2.9,1.4,-0.8,-2.8,5.4,97.41,7.784,1.191,114.64,10491.2388,2594,23527.51953,0.1,3.4
2011/4/30,4.6,5,4.5,4.2,6.3,6.6,6.4,5.8,5.1,5,5.4,4.9,7.9,10.9,5.8,4.2,19.9,22.5,20.1,11.8,5.3,4.7,4.6,6.3,-4.9,-5.4,-5.1,-4.5,3.8,3,4.2,4.1,4.2,2.4,3.7,6.3,2.6,2,3,2.6,0.7,0.3,0.7,1,0.1,0,0.2,0.2,0.6,0.3,0.7,0.8,0.2,0.2,0.2,0.2,0.7,0.7,0.7,0.5,8.3,6.2,6.9,11.1,-0.4,-0.3,-0.4,-0.5,0.7,0.5,0.8,0.7,1.2,0.7,1,1.7,0.6,0.3,0.9,0.4,4.4,3.4,2.5,2.4,1.2,2.1,4.8,3.6,3,2.9,1.4,2,4.2,3.2,2.3,2.3,1.3,2.2,4.2,3.5,2.1,2,0.7,2.1,5.9,5,3.3,1.8,1.3,3,6.1,5.2,3.4,1.9,1.4,3.2,5.8,4.8,3.1,1.8,1.6,3.3,5.5,4.9,3.4,1.9,0.9,2.4,4.6,3,1.8,-0.1,2.1,3.3,4.7,3.5,2.3,0.1,1.5,2.7,4.7,3.1,1.8,-0.1,2.3,3.6,4.2,2.4,1.2,-0.1,2.5,3.7,8.3,6.5,18,64.4,1.4,-10.1,11.3,6.5,25,75.4,4.4,-14.1,6.2,7.5,14.9,63.1,-1.7,-9.1,4.6,4.8,8.3,46.2,-0.6,-4.1,19.2,0.6,0.6,0.5,19.3,19.3,21.8,0.5,0.8,0.5,22,21.7,19.3,0.7,0.7,0.6,19.4,19.4,11.3,0.7,-0.2,0.5,11.1,12,5.9,5.6,-0.5,2,-0.3,5.8,4.7,3.3,-0.6,1.8,1.4,5.3,4.8,3.9,-0.2,2,0.7,4.8,7.8,9.2,-0.8,2.1,-2.9,7.1,-4.5,-4.4,-5.6,-1.6,-0.5,0.7,-5.1,-5,-6.3,-2.3,-0.4,0.9,-4.6,-5.1,-5.9,-2.3,0,0.8,-3.9,-3.2,-4.8,-0.3,-1.3,0.3,3.5,2.9,2.8,2.1,0.9,1,2.8,2.5,2.3,2.1,0.5,0.7,3.8,3,3.3,2.1,1.2,0.9,3.8,3.1,2.6,2.1,1,1.5,3.3,3.5,2.9,1.7,0.7,1.3,1.9,2.4,1.8,0.8,0,0.6,2.9,3.1,2.7,1.8,0.6,1,4.9,4.9,4.1,2.6,1.4,2.2,3.6,3.3,2.9,1.9,-0.7,-0.3,2.7,2.5,2.2,0.8,-0.5,-0.2,3.5,3.1,2.9,2.1,-0.1,0.1,4.3,4,3.4,2.3,-1.4,-0.8,0.3,0.5,3,0.5,0.5,0.7,7.6,0.2,0.2,0.5,1.3,0.5,0.1,0.3,0.5,1,0.1,1.3,0.4,-0.3,0,1.6,0.5,-0.4,0.1,1.2,0.4,-0.3,0.1,1,0.3,-0.1,0.7,0.6,8.8,0.1,0.6,0.5,25.4,0,0.7,0.7,3.2,0.1,0.9,0.6,0.2,0.1,1.8,2.2,-0.2,0.5,2.9,2.2,-0.2,0.5,0.9,2.2,-0.2,0.5,0.8,2.4,-0.2,0.5,14.8,0.1,0.5,0.1,17,0,0.5,0.1,14.9,0.1,0.5,0.1,8.3,0.6,0.8,0,4,-3.7,4.5,8.9,3.5,-2.4,3.3,6.3,3.5,-2.4,3.5,7,4.7,-5.9,6.4,12.6,-0.4,-0.8,-0.3,0.1,-0.7,-0.8,-0.6,0,-0.6,-1,-0.3,0.1,0,-0.6,-0.3,0.2,0.8,0.5,0.7,0.4,0.4,0.5,0.4,0.3,0.7,0.4,0.9,0.4,1.1,0.5,0.9,0.5,0.1,0.5,0.3,0.3,-0.1,0.4,0.1,0.2,0.1,0.4,0.3,0.3,0.3,0.8,0.5,0.4,-1.8,0.1,0.2,1.5,-0.9,0,0.3,0.9,-1.9,0.2,0.3,1.4,-2.4,0.1,0.2,2,5.3,97.6,7.765,1.2019,123.26,10913,2717,23720.81055,0.09,3.6
2011/5/31,5.2,5.6,5.2,4.9,7,7.5,7,6,6.1,5.7,6.3,6.3,7.9,11,5.8,4.2,19.8,22.2,19.8,12.7,7.1,6.9,6.7,7.7,-4.1,-4.6,-4.2,-3.7,4.1,3.4,4.4,4.6,4.8,3.2,4.2,6.7,2.7,1.8,2.9,2.9,0.5,0.6,0.5,0.4,0.8,0.8,0.7,0.6,1.1,0.9,1.1,1.3,0.4,0.5,0.4,0.4,0.6,0.3,0.6,1.8,-1.1,-0.4,-0.6,-2,0.1,0,0.2,0,0.7,0.6,0.7,0.7,0.4,0.7,0.4,0.3,-0.6,-0.4,-0.6,-0.7,4.6,3.6,2.8,2.5,1.6,2.4,5,3.8,3.3,3,1.8,2.3,4.5,3.5,2.5,2.4,1.7,2.7,4.2,3.5,2.5,2.2,1.4,2.4,6.3,4.6,3.4,2,2.4,3.6,6.6,4.5,3.5,2,3,4,6.4,4.7,3.3,1.9,2.3,3.7,5.8,4.6,3.5,2.4,1.4,2.5,5.1,3.9,2.2,0.2,2.2,3.9,5,4.2,2.7,0.3,1.5,3,5.4,4.2,2.2,0.2,2.1,4.1,4.9,3.3,1.6,0,3,4.7,7.9,7,18.5,64.3,0.9,-10.6,10.9,9.2,25.5,75.2,1.8,-14.5,5.8,5.6,15.6,63.1,0.2,-9.8,4.2,4.2,8.7,46.1,0,-4.5,19.9,4.4,0.7,1,15.4,19.1,22.5,4.5,0.7,0.7,17.7,21.5,20.1,4.5,0.7,1.2,15.3,19.1,11.8,4.4,0.2,1.6,8.3,12.5,5.3,5.3,2.1,1.2,1.8,5,4.7,4,0,0.5,2.9,6.9,4.6,4.2,0.5,1.1,2.5,6.2,6.3,7.5,5.3,1.7,0.2,2.4,-4.9,-4.4,-4.8,-1.9,0.3,0.7,-5.4,-4.8,-5.6,-2.5,0.2,1,-5.1,-4.6,-5,-2.6,0.4,0.8,-4.5,-4.1,-3.9,-0.7,0.4,0.2,3.8,3,2.5,2.6,1.1,1.6,3,2.6,2.2,2.5,0.8,1.2,4.2,3.3,2.9,2.7,1.1,1.5,4.1,2.9,2.4,2.8,1.7,2.2,4.2,3.1,3,1.8,1.7,1.8,2.4,1.8,1.9,0.8,1.4,1.3,3.7,2.7,2.8,1.8,1.5,1.4,6.3,4.6,4.3,2.7,2.1,2.4,2.6,3.2,2.6,2,-0.5,0.1,2,2.4,2.1,0.9,-0.6,-0.3,3,3.1,2.6,2.3,-0.2,0.3,2.6,3.8,3.1,2.4,-0.9,-0.2,0.7,1.1,0.4,-0.1,0.3,1.2,0.3,0,0.7,1.1,0.4,-0.1,1,1,0.5,-0.3,0.1,1.8,0,0.1,0,2,-0.1,0,0.2,1.9,0.1,0.1,0.2,1.5,0,0.4,0.6,0.9,0.4,0.2,0.3,0.8,0.4,0.2,0.7,1,0.5,0.2,0.8,0.9,0.5,0,0.2,2.6,0.8,0.4,0.2,5.3,0.9,0.4,0.2,0.2,0.8,0.5,0.2,0.9,0.6,0.4,0.7,3.1,0,0.7,0.7,3.5,-0.1,0.6,0.7,3.1,0,0.8,0.5,1.9,0.2,1,8.3,-3.2,7.3,-2.8,6.2,-2.5,6.7,-2.5,6.9,-3,6.8,-2.5,11.1,-3.8,8.1,-3.3,-0.4,-0.2,-0.1,-0.8,-0.3,-0.2,-0.2,-0.8,-0.4,0,-0.1,-0.7,-0.5,-0.5,0,-0.8,0.7,-0.2,0,0.3,0.5,-0.1,-0.1,0.3,0.8,-0.2,0,0.5,0.7,-0.4,0,0.3,1.2,0.1,0.3,-0.1,0.7,-0.1,0.2,-0.1,1,0.1,0.3,-0.1,1.7,0.2,0.4,-0.1,0.6,2.1,-0.4,-0.6,0.3,1,-0.3,-0.2,0.9,2.1,-0.3,-0.6,0.4,2.9,-0.5,-0.9,5.5,99.43,7.778,1.202,114.99,13333,2424,23684.13086,0.1,3.7
2011/6/30,5.6,5.9,5.6,5.4,7.2,7.6,7.2,6.4,6.5,6,6.8,6.8,8.2,11.3,6.1,4.5,19.9,22.2,20,13.2,6.7,6.6,6.4,7.1,-3.7,-4.1,-3.8,-3.5,4.5,3.6,4.8,5.1,5,3.6,4.5,6.8,3.3,2,3.6,3.9,0.5,0.4,0.5,0.5,0.3,0.3,0.3,0.4,0.7,0.6,0.8,0.8,-0.2,-0.2,-0.2,-0.2,-0.2,-0.1,-0.2,-0.4,-1.4,-0.8,-0.9,-2.2,0.1,0.1,-0.1,0.2,0.3,0.3,0.3,0.3,0.7,0.9,0.6,0.6,0.8,0.3,0.8,1.1,5.2,4.4,2.9,2.8,1.2,2.7,5.6,4.8,3.3,3.2,1.1,2.6,5.2,4.2,2.7,2.7,1.4,2.9,4.9,4.2,2.8,2.4,1.2,2.6,7,5.9,4.1,2.2,1.3,3.1,7.5,6.1,4.1,2.1,1.5,3.5,7,5.8,3.9,2.1,1.4,3.3,6,5.5,4.3,2.5,0.9,2.1,6.1,4.6,2.6,0.6,1.9,3.9,5.7,4.7,3.1,0.8,1.3,2.9,6.3,4.7,2.6,0.6,2.1,4.2,6.3,4.2,1.9,0.5,2.6,4.9,7.9,8.3,12,63.4,-0.1,-3.8,11,11.3,16.1,74.2,0,-4.8,5.8,6.2,11.3,62.2,-0.1,-5.2,4.2,4.6,4.3,45.4,-0.1,0.2,19.8,19.2,0.3,0.9,0.7,19.6,22.2,21.8,0.5,0.7,0.4,21.7,19.8,19.3,0.3,1,0.7,19.7,12.7,11.3,-0.7,1.3,1.9,13.9,7.1,5.9,3.9,2.7,0.8,2.8,6.9,4.7,1.4,1.8,1.9,5.2,6.7,4.8,1.6,2.1,1.6,4.8,7.7,7.8,8.1,4.1,-0.7,-1,-4.1,-4.5,-4.7,-1.3,0.8,1,-4.6,-5.1,-5.3,-2.3,1,1.2,-4.2,-4.6,-5.1,-2.2,0.8,1.3,-3.7,-3.9,-3.8,0.2,0.4,0.3,4.1,3.5,2.1,2.3,1,2.4,3.4,2.8,1.8,2.2,0.8,1.8,4.4,3.8,2.3,2.3,1,2.5,4.6,3.8,2.2,2.4,1.3,2.9,4.8,3.3,3.2,1.6,1.7,1.8,3.2,1.9,1.9,1.1,1.7,1.7,4.2,2.9,3.1,1.7,1.6,1.4,6.7,4.9,4.5,2.1,1.9,2.3,2.7,3.6,2.3,2.3,-0.3,1,1.8,2.7,2.1,1.1,-0.7,-0.1,2.9,3.5,2.2,2.6,0.1,1.4,2.9,4.3,2.6,2.6,-0.4,1.3,0.5,0.3,0.6,0.1,0.6,0.5,0.5,0.2,0.5,0.2,0.6,0.1,0.4,0.1,0.6,0.1,0.8,0.1,0.9,0.1,0.8,0,0.8,0.2,0.7,0.1,0.9,0.2,0.6,0.1,1,0,1.1,0.7,0.5,0.3,0.9,0.6,0.5,0.3,1.1,0.7,0.5,0.3,1.3,0.9,0.4,0.3,0.4,1.8,1.2,-0.4,0.5,2.9,0.4,-0.4,0.4,0.9,2.5,-0.5,0.4,0.8,0.4,-0.4,0.6,14.8,-0.1,-0.3,0.3,17,0,-0.1,0.6,14.9,-0.1,-0.3,1.8,8.3,-0.4,-0.9,-1.1,4,-2.5,-1,-0.4,3.5,-2.1,-0.5,-0.6,3.5,-2.2,-0.6,-2,4.7,-2.9,-1.7,0.1,-0.4,0,-0.3,0,-0.7,0,-0.5,0.2,-0.6,-0.1,-0.5,0,0,0.1,0,0.7,0.8,0.2,0,0.6,0.4,0.1,0,0.7,0.7,0.2,0,0.7,1.1,0.4,-0.2,0.4,0.1,0.5,0.4,0.7,-0.1,0.3,0.5,0.4,0.1,0.5,0.4,0.3,0.3,0.8,0.4,-0.6,-1.8,1.1,0.2,-0.4,-0.9,0.5,0.1,-0.6,-1.9,1.1,0.2,-0.7,-2.4,1.4,0.2,6.4,99.23,7.7815,1.2053,113.83,15225,2309,22398.09961,0.07,3.7
2011/7/31,7.9,12.5,6.2,5.4,7.4,7.9,7.4,6.6,16.4,33.9,10.5,7.3,-16,-18.6,-14.9,-11.5,20.1,22.4,20.2,13.9,7.3,7.4,7,7.4,-3.3,-3.7,-3.4,-2.9,4.1,3.3,4.4,4.7,4.8,3.5,4.3,6.5,4,2.4,4.2,4.7,-0.1,-0.7,0,0.3,0.6,0.8,0.5,0.4,0.6,0.6,0.6,0.6,-22.4,-26.9,-19.8,-15.4,0.2,0.1,0.1,0.5,-3.4,-2.5,-2.7,-4.7,-0.4,-0.4,-0.4,-0.5,-0.2,-0.1,-0.2,-0.3,1,1.1,1,1.1,1.8,0.9,1.9,2.4,5.6,4.6,3.4,1.3,3.3,4.5,5.9,5,3.6,-0.8,7.5,8.9,5.6,4.5,3.2,2.1,1.7,3,5.4,4.2,3.5,2.6,1.2,1.9,7.2,6.3,5,2.6,1.1,2.4,7.6,6.6,5.2,2.7,1.3,2.7,7.2,6.4,4.8,2.5,1,2.6,6.4,5.8,4.9,2.8,0.8,1.7,6.5,5.1,3,-4.6,11.3,13.4,6,5,3.5,-13,28.9,30.4,6.8,5.4,3.1,-1.8,5.1,7.4,6.8,4.9,2.4,0.7,2.4,4.9,8.2,7.9,6.5,62.8,-23.9,-22.5,11.3,10.9,6.5,73.5,-29.5,-25.1,6.1,5.8,7.5,61.5,-20.7,-22.4,4.5,4.2,4.8,44.9,-15.7,-16.3,19.9,19.9,0.6,0.5,0.2,19.5,22.2,22.5,0.5,0.5,-0.1,21.9,20,20.1,0.7,0.5,0.1,19.5,13.2,11.8,0.7,0.7,2.1,13.2,6.7,5.3,5.6,2.2,2,1.7,6.6,4.7,3.3,0.9,2.7,4.1,6.4,4.6,3.9,1.5,2.4,3.1,7.1,6.3,9.2,4.3,1.1,-1.8,-3.7,-4.9,-4.4,-2,1.6,1.1,-4.1,-5.4,-5,-2.2,1.7,1.3,-3.8,-5.1,-5.1,-2.5,1.7,1.7,-3.5,-4.5,-3.2,-1.4,1.6,0.3,4.5,3.8,2.9,2.6,0.3,1.2,3.6,3,2.5,2.5,0.3,0.8,4.8,4.2,3,2.7,0.2,1.4,5.1,4.1,3.1,2.7,0.6,1.6,5,4.2,3.5,2.2,0.6,1.3,3.6,2.4,2.4,1.5,1.1,1.1,4.5,3.7,3.1,2.5,0.6,1.2,6.8,6.3,4.9,2.4,0.2,1.6,3.3,2.6,3.3,2.4,1.4,0.7,2,2,2.5,1.4,0.4,-0.1,3.6,3,3.1,2.6,1.2,1.1,3.9,2.6,4,2.7,2.1,0.7,0.5,0.7,0.5,-2.3,0.4,0.3,0.7,-6.6,0.5,0.7,0.5,-0.6,0.5,1,0.3,0.3,0.3,0.1,1.3,0.4,0.3,0,1.6,0.5,0.3,0.2,1.2,0.3,0.4,0.2,1,0.3,0.7,0.6,0.6,-7.9,0.6,0.3,0.5,-20.4,0.8,0.7,0.7,-2.7,0.8,0.8,0.6,0.1,-0.2,0.2,2.2,-0.1,-0.2,0.2,2.2,-0.1,-0.2,0.2,2.2,-0.1,-0.2,0.2,2.4,-0.1,-0.2,0.7,0.1,0,-0.1,0.7,0,0,-0.2,0.7,0.1,0,-0.4,0.5,0.6,-0.1,-1.4,8.3,-3.7,-4,-0.8,6.2,-2.4,-3.3,-0.9,6.9,-2.4,-3.3,-2.2,11.1,-5.9,-5,0.1,-0.4,-0.8,-0.9,0.1,-0.3,-0.8,-0.8,-0.1,-0.4,-1,-0.8,0.2,-0.5,-0.6,-1,0.3,0.7,0.5,0.2,0.3,0.5,0.5,0.2,0.3,0.8,0.4,0.1,0.3,0.7,0.5,0.2,0.7,1.2,0.5,1.2,0.9,0.7,0.4,1.1,0.6,1,0.4,1.2,0.6,1.7,0.8,1.4,0.8,0.6,0.1,1.2,0.3,0.3,0,0.6,0.8,0.9,0.2,1.3,1.1,0.4,0.1,1.6,6.5,99.11,7.7925,1.21335,116.97,15942,2075,22440.25,0.11,3.7
2011/8/31,5.7,5.4,5.8,6,8,8.6,7.9,7.1,8.3,8.2,8.4,8.3,-16.2,-18.8,-15,-11.6,20.3,22.6,20.4,13.9,7.5,6.8,6.7,8.8,-3.2,-3.8,-3.4,-2.6,4.6,3.5,5,5.3,4.9,3.7,4.6,6.4,4,2.2,4.3,4.9,-2,-6.3,-0.4,0.5,0.5,0.6,0.5,0.5,-6.8,-19.1,-1.8,0.9,-0.7,-0.8,-0.6,-0.5,-0.2,-0.1,-0.2,-0.5,-1.9,-2.3,-2.2,-1.3,-0.5,-0.5,-0.4,-0.5,0.7,0.4,0.9,0.9,0.2,0.1,0.2,0.2,0.6,0.3,0.6,0.8,7.9,5.2,3.6,3,0.5,2.1,12.5,5.6,3.8,3.6,-0.2,1.6,6.2,5.2,3.5,3,0.6,2.3,5.4,4.9,3.5,2.5,1.1,2.5,7.4,7,4.6,2.5,1,3.4,7.9,7.5,4.5,2.4,1.1,4.1,7.4,7,4.7,2.4,0.9,3.2,6.6,6,4.6,2.7,1.1,2.5,16.4,6.1,3.9,1,2.2,4.4,33.9,5.7,4.2,1.2,2.5,4,10.5,6.3,4.2,1.2,2.1,4.2,7.3,6.3,3.3,0.7,2,5,-16,7.9,7,60.3,-24.1,-23.2,-18.6,11,9.2,70.3,-29.8,-28,-14.9,5.8,5.6,59.4,-20.8,-20.6,-11.5,4.2,4.2,43.4,-15.8,-15.8,20.1,19.8,4.4,0.3,0.5,15.9,22.4,22.2,4.5,0.5,0.4,18.1,20.2,19.8,4.5,0.2,0.6,15.9,13.9,12.7,4.4,0.1,1.2,9.5,7.3,7.1,5.3,2.5,0.4,2.2,7.4,6.9,4,1.7,-0.1,2.8,7,6.7,4.2,2.1,0,2.5,7.4,7.7,7.5,3.5,1.1,1.3,-3.3,-4.1,-4.4,-2.5,0.9,1.2,-3.7,-4.6,-4.8,-2.3,0.8,1,-3.4,-4.2,-4.6,-2.7,0.8,1.2,-2.9,-3.7,-4.1,-2.4,1.1,1.5,4.1,4.1,3,2.6,0.5,1.6,3.3,3.4,2.6,2.4,0.1,0.9,4.4,4.4,3.3,2.7,0.6,1.7,4.7,4.6,2.9,2.9,0.7,2.4,4.8,4.8,3.1,1.8,0.1,1.8,3.5,3.2,1.8,1.3,0.5,1.9,4.3,4.2,2.7,1.9,0.4,1.9,6.5,6.7,4.6,2.2,-0.3,1.8,4,2.7,3.2,2.7,1.3,0.8,2.4,1.8,2.4,1.8,0.4,-0.2,4.2,2.9,3.1,2.9,1.4,1.2,4.7,2.9,3.8,2.9,2,1.1,-0.1,0.5,1.1,0,-0.7,0.6,1.2,0,0,0.5,1.1,0.1,0.3,0.4,1,0,0.6,0.8,1.8,0,0.8,0.8,2,0,0.5,0.7,1.9,0.1,0.4,0.6,1.5,0.1,0.6,1.1,0.9,0.1,0.6,0.9,0.8,0.1,0.6,1.1,1,0.1,0.6,1.3,0.9,0,-22.4,0.4,2.6,-0.5,-26.9,0.5,5.3,-0.6,-19.8,0.4,0.2,-0.4,-15.4,0.4,0.9,-0.4,0.2,0.6,3.1,-0.4,0.1,0.3,3.5,-0.3,0.1,0.6,3.1,-0.4,0.5,1.8,1.9,-0.5,-3.4,-1.1,-3.2,-2.1,-2.5,-0.4,-2.5,-1.8,-2.7,-0.6,-3,-1.9,-4.7,-2,-3.8,-2.5,-0.4,0.1,-0.2,-0.5,-0.4,0,-0.2,-0.4,-0.4,0.2,0,-0.4,-0.5,0,-0.5,-0.8,-0.2,0.7,-0.2,0.3,-0.1,0.6,-0.1,0.3,-0.2,0.7,-0.2,0.3,-0.3,0.7,-0.4,0.3,1,0.4,0.1,0.1,1.1,0.7,-0.1,-0.1,1,0.4,0.1,0,1.1,0.3,0.2,0.3,1.8,-0.6,2.1,0.6,0.9,-0.4,1,0.5,1.9,-0.6,2.1,0.6,2.4,-0.7,2.9,0.6,6.2,99.41,7.7955,1.22405,110.22,16669.1988,2061,20534.84961,0.08,3.5
2011/9/30,5.8,5.2,6,6.3,7.8,8.4,7.8,6.9,8.3,7.3,8.8,8.8,-15.9,-18.6,-14.8,-11.4,20.3,22.6,20.3,13.7,8.7,7.9,7.6,10.3,-3,-3.4,-3,-2.6,4.8,3.3,5.4,5.6,5.3,4,4.9,7,4.1,2.2,4.3,5,0.4,0.5,0.3,0.3,0.7,0.8,0.7,0.6,0.6,0.5,0.6,0.5,0,0,0,0,0,0,0,-0.1,2.5,1.7,1.4,4.1,0,0,0.2,-0.2,0.6,0.4,0.8,0.6,-0.2,-0.2,-0.2,-0.2,-0.5,0,-0.7,-0.7,5.7,5.6,4.4,2.6,0.2,1.4,5.4,5.9,4.8,3.2,-0.7,0.4,5.8,5.6,4.2,2.5,0.4,1.8,6,5.4,4.2,2,0.9,2.1,8,7.2,5.9,3.3,0.6,1.9,8.6,7.6,6.1,3.4,0.8,2.3,7.9,7.2,5.8,3.2,0.6,2,7.1,6.4,5.5,3.3,0.5,1.4,8.3,6.5,4.6,1.7,1.8,3.7,8.2,6,4.7,2.5,1.3,2.6,8.4,6.8,4.7,1.6,2,4.1,8.3,6.8,4.2,1,2,4.6,-16.2,8.2,8.3,16.4,-24.1,-24.2,-18.8,11.3,11.3,23,-29.9,-29.9,-15,6.1,6.2,14,-20.9,-21,-11.6,4.5,4.6,8.2,-15.9,-16,20.3,19.9,19.2,0.2,0.4,1.1,22.6,22.2,21.8,0.3,0.4,0.8,20.4,20,19.3,0.1,0.3,1,13.9,13.2,11.3,0.1,0.5,2.4,7.5,6.7,5.9,0.6,2,2.8,6.8,6.6,4.7,0.5,1.3,3.2,6.7,6.4,4.8,0.9,1.2,2.8,8.8,7.1,7.8,0.3,3.2,2.5,-3.2,-3.7,-4.5,-3,0.7,1.5,-3.8,-4.1,-5.1,-2.6,0.7,1.7,-3.4,-3.8,-4.6,-3,0.8,1.6,-2.6,-3.5,-3.9,-3.3,0.9,1.3,4.6,4.5,3.5,2.8,0.3,1.3,3.5,3.6,2.8,2.6,-0.3,0.5,5,4.8,3.8,2.8,0.6,1.6,5.3,5.1,3.8,3,0.5,1.8,4.9,5,3.3,2.1,0.3,2,3.7,3.6,1.9,1.3,0.4,2.1,4.6,4.5,2.9,2.1,0.4,2,6.4,6.8,4.9,2.7,0.2,2.1,4,3.3,3.6,2.6,0.8,0.5,2.2,2,2.7,2,0.2,-0.5,4.3,3.6,3.5,2.8,0.7,0.8,4.9,3.9,4.3,2.8,1.1,0.7,-2,0.5,0.3,0.3,-6.3,0.4,0.5,0.7,-0.4,0.5,0.2,0.2,0.5,0.5,0.1,0.1,0.5,0.3,0.1,0.8,0.6,0.3,0,0.9,0.5,0.3,0.1,0.8,0.5,0.4,0.1,0.8,-6.8,0.7,0.7,0.6,-19.1,0.6,0.6,1.4,-1.8,0.8,0.7,0.3,0.9,0.8,0.9,0.1,-0.7,-0.2,1.8,-0.3,-0.8,-0.2,2.9,-0.3,-0.6,-0.2,0.9,-0.3,-0.5,-0.2,0.8,-0.3,-0.2,-0.2,14.8,0.1,-0.1,-0.1,17,0,-0.2,-0.2,14.9,0.1,-0.5,-0.4,8.3,0.2,-1.9,-1.4,4,1.4,-2.3,-0.8,3.5,0.7,-2.2,-0.9,3.5,0.6,-1.3,-2.2,4.7,2.6,-0.5,0.1,-0.4,-0.2,-0.5,0.1,-0.7,-0.4,-0.4,-0.1,-0.6,-0.2,-0.5,0.2,0,-0.2,0.7,0.3,0.8,0.4,0.4,0.3,0.4,0.5,0.9,0.3,0.7,0.4,0.9,0.3,1.1,0.3,0.2,0.7,0.1,-0.6,0.1,0.9,-0.1,-0.5,0.2,0.6,0.1,-0.5,0.2,0.6,0.3,-0.8,0.6,0.8,-1.8,-0.6,0.3,0.3,-0.9,0.1,0.6,0.8,-1.9,-0.7,0.8,1.1,-2.4,-0.8,6.1,99.21,7.7915,1.22275,112.83,14758.2,1979,17592.41016,0.06,3.4
2011/10/31,5.8,5.2,6,6.2,8.1,8.6,8.1,7.1,8.3,6.7,8.9,9.2,-15.6,-18.2,-14.4,-11.1,19.9,22.1,20,13.8,9.5,9.6,9.1,9.9,-3,-3.5,-3.3,-2.5,3.1,2.1,3.2,3.9,4.8,3.8,4.4,6,3.8,2,4,4.7,3,7.6,1.3,0.5,0.7,0.7,0.7,0.6,8.8,24.8,3.3,0.6,0.2,0.2,0.2,0.2,0.2,0,0.2,0.9,5.3,4.9,5,6,-0.4,-0.6,-0.6,-0.1,-0.9,-0.8,-1.2,-0.7,-0.2,-0.1,-0.2,-0.4,0,0.2,-0.1,-0.1,5.8,7.9,4.6,2.5,-2.1,1.2,5.2,12.5,5,3,-7.3,0.2,6,6.2,4.5,2.3,-0.2,1.5,6.3,5.4,4.2,2.1,0.8,2,7.8,7.4,6.3,3.3,0.7,1.8,8.4,7.9,6.6,3.4,0.7,2,7.8,7.4,6.4,3.1,0.7,1.7,6.9,6.6,5.8,3.4,0.5,1.3,8.3,16.4,5.1,1.8,-8.1,3.2,7.3,33.9,5,2.3,-27.2,1.7,8.8,10.5,5.4,1.8,-1.6,3.5,8.8,7.3,4.9,1.2,1.9,4.3,-15.9,-16,7.9,18,0.4,-23.5,-18.6,-18.6,10.9,25,0.4,-29.1,-14.8,-14.9,5.8,14.9,0.5,-20.2,-11.4,-11.5,4.2,8.3,0.4,-15.3,20.3,20.1,19.9,0.6,-0.2,0,22.6,22.4,22.5,0.8,-0.3,-0.4,20.3,20.2,20.1,0.7,-0.2,-0.1,13.7,13.9,11.8,-0.2,-0.1,2,8.7,7.3,5.3,-0.5,2.2,4.2,7.9,7.4,4.7,-0.6,2.2,4.9,7.6,7,4.6,-0.2,2.1,4.5,10.3,7.4,6.3,-0.8,2.5,3.6,-3,-3.3,-4.9,-5.6,0.3,1.9,-3.4,-3.7,-5.4,-6.3,0.2,1.9,-3,-3.4,-5.1,-5.9,0.1,1.8,-2.6,-2.9,-4.5,-4.8,0.4,2,4.8,4.1,3.8,2.8,-1,-0.7,3.3,3.3,3,2.3,-1.2,-0.9,5.4,4.4,4.2,3.3,-1.2,-1,5.6,4.7,4.1,2.6,-0.8,-0.2,5.3,4.8,4.2,2.9,0,0.6,4,3.5,2.4,1.8,0.3,1.4,4.9,4.3,3.7,2.7,0.1,0.7,7,6.5,6.3,4.1,-0.5,-0.3,4.1,4,2.6,2.9,-0.2,1.2,2.2,2.4,2,2.2,-0.4,0,4.3,4.2,3,2.9,-0.2,1,5,4.7,2.6,3.4,0,2.1,0.4,-0.1,0.7,3,0.5,-0.7,0.3,7.6,0.3,0,0.7,1.3,0.3,0.3,1,0.5,0.7,0.6,0.1,0.4,0.8,0.8,0,0.5,0.7,0.5,0.2,0.4,0.6,0.4,0.2,0.3,0.6,0.6,0.6,8.8,0.5,0.6,0.3,25.4,0.6,0.6,0.7,3.2,0.5,0.6,0.8,0.2,0,-22.4,0.2,-0.2,0,-26.9,0.2,-0.2,0,-19.8,0.2,-0.2,0,-15.4,0.2,-0.2,0,0.2,0.7,0.5,0,0.1,0.7,0.5,0,0.1,0.7,0.5,-0.1,0.5,0.5,0.8,2.5,-3.4,8.3,4.5,1.7,-2.5,6.2,3.3,1.4,-2.7,6.9,3.5,4.1,-4.7,11.1,6.4,0,-0.4,-0.4,-0.3,0,-0.4,-0.3,-0.6,0.2,-0.4,-0.4,-0.3,-0.2,-0.5,-0.5,-0.3,0.6,-0.2,0.7,0.7,0.4,-0.1,0.5,0.4,0.8,-0.2,0.8,0.9,0.6,-0.3,0.7,0.9,-0.2,1,1.2,0.3,-0.2,1.1,0.7,0.1,-0.2,1,1,0.3,-0.2,1.1,1.7,0.5,-0.5,1.8,0.6,0.2,0,0.9,0.3,0.3,-0.7,1.9,0.9,0.3,-0.7,2.4,0.4,0.2,5.5,97.94,7.7675,1.2237,109.55,12444,2004,19864.86914,0.09,3.4
2011/11/30,5.7,5.3,6,5.9,8.2,8.8,8.2,7.2,8.4,7,9.1,9.2,-16,-18.7,-14.8,-11.3,19.8,22.1,19.9,12.9,6.7,7.4,7.2,5.7,-3.4,-3.6,-3.5,-3.1,3.3,2.2,3.4,4.1,4.4,3.7,4.1,5.5,3.7,2,3.8,4.7,0.3,0.3,0.4,0.2,0.1,0.1,0.2,0.1,0.6,0.6,0.7,0.4,0.3,0.2,0.3,0.3,-0.1,0,-0.1,-0.5,4.5,4.6,5,4,-0.4,-0.3,-0.3,-0.6,0.1,0,0.2,0.2,0,0,-0.1,0,-0.5,-0.4,-0.5,-0.6,5.8,5.7,5.2,2.8,0,0.5,5.2,5.4,5.6,3.3,-0.1,-0.3,6,5.8,5.2,2.5,0.2,0.8,6.2,6,4.9,2.5,-0.1,1,8.1,8,7,3.4,0.2,1.2,8.6,8.6,7.5,3.5,0.2,1.3,8.1,7.9,7,3.3,0.3,1.2,7.1,7.1,6,3.5,0.1,1.2,8.3,8.3,6.1,2.2,0.1,2.3,6.7,8.2,5.7,2.7,-1.2,1.3,8.9,8.4,6.3,2.2,0.7,2.8,9.2,8.3,6.3,1.6,0.9,2.9,-15.6,-16.2,7.9,18.5,0.2,-23.9,-18.2,-18.8,11,25.5,0.1,-29.7,-14.4,-15,5.8,15.6,0.2,-20.6,-11.1,-11.6,4.2,8.7,0.3,-15.5,19.9,20.3,19.8,0.7,-0.5,0,22.1,22.6,22.2,0.7,-0.5,-0.1,20,20.4,19.8,0.7,-0.5,0.1,13.8,13.9,12.7,0.2,-1,0.2,9.5,7.5,7.1,2.1,-0.8,-0.4,9.6,6.8,6.9,0,0.6,0.5,9.1,6.7,6.7,0.5,0.5,0.5,9.9,8.8,7.7,5.3,-3.1,-2,-3,-3.2,-4.1,-4.8,-0.2,0.7,-3.5,-3.8,-4.6,-5.6,0.2,1,-3.3,-3.4,-4.2,-5,-0.1,0.7,-2.5,-2.6,-3.7,-3.9,-0.5,0.6,3.1,4.6,4.1,2.5,-1.3,-0.8,2.1,3.5,3.4,2.2,-1.3,-1.2,3.2,5,4.4,2.9,-1.6,-1,3.9,5.3,4.6,2.4,-1.2,-0.5,4.8,4.9,4.8,3,-0.5,-0.4,3.8,3.7,3.2,1.9,0,0.5,4.4,4.6,4.2,2.8,-0.5,-0.1,6,6.4,6.7,4.3,-0.9,-1.2,3.8,4,2.7,2.6,-0.3,1,2,2.2,1.8,2.1,-0.2,0.2,4,4.3,2.9,2.6,-0.5,0.9,4.7,4.9,2.9,3.1,-0.2,1.8,3,-2,0.5,0.4,7.6,-6.3,0.6,0.3,1.3,-0.4,0.5,0.4,0.5,0.5,0.4,0.5,0.7,0.5,0.8,0,0.7,0.6,0.8,-0.1,0.7,0.5,0.7,0.1,0.6,0.5,0.6,0,8.8,-6.8,1.1,0.4,24.8,-19.1,0.9,0.4,3.3,-1.8,1.1,0.5,0.6,0.9,1.3,0.5,0.2,-0.7,0.4,0.8,0.2,-0.8,0.5,0.9,0.2,-0.6,0.4,0.8,0.2,-0.5,0.4,0.6,0.2,-0.2,0.6,0,0,-0.1,0.3,-0.1,0.2,-0.2,0.6,0,0.9,-0.5,1.8,0.2,5.3,-1.9,-1.1,7.3,4.9,-2.3,-0.4,6.7,5,-2.2,-0.6,6.8,6,-1.3,-2,8.1,-0.4,-0.5,0.1,-0.1,-0.6,-0.5,0,-0.2,-0.6,-0.4,0.2,-0.1,-0.1,-0.5,0,0,-0.9,0.7,0.7,0,-0.8,0.4,0.6,-0.1,-1.2,0.9,0.7,0,-0.7,0.9,0.7,0,-0.2,0.2,0.4,0.3,-0.1,0.1,0.7,0.2,-0.2,0.2,0.4,0.3,-0.4,0.2,0.3,0.4,0,0.6,-0.6,-0.4,0.2,0.3,-0.4,-0.3,-0.1,0.6,-0.6,-0.3,-0.1,0.8,-0.7,-0.5,4.2,97.24,7.7875,1.2218,110.77,11438,2212,17989.34961,0.1,3.2
2011/12/31,5.7,5.3,5.9,5.9,8.1,8.8,8.1,7,8.5,7,9.3,9.2,-16.7,-18.8,-16.7,-11.5,20.3,22.4,20.4,14.3,6.1,7.1,6.3,5.2,-3,-3.3,-2.9,-3,3.6,2.9,3.8,4,4.4,3.8,4,5.3,3.8,2.1,3.9,4.7,0.6,0.5,0.6,0.5,0.8,0.8,0.8,0.8,0.5,0.5,0.6,0.5,0.3,0.3,0.3,0.3,0.3,0.2,0.3,0.8,-3,-2.4,-3.1,-3.3,0.4,0.4,0.5,0.2,0.5,0.8,0.6,0.3,0.5,0.4,0.5,0.6,1.2,0.6,1.2,1.4,5.7,5.8,5.6,2.9,-0.1,0.1,5.3,5.2,5.9,3.3,0.1,-0.6,6,6,5.6,2.7,-0.1,0.3,5.9,6.3,5.4,2.8,-0.4,0.5,8.2,7.8,7.2,4.1,0.3,0.9,8.8,8.4,7.6,4.1,0.4,1.2,8.2,7.8,7.2,3.9,0.3,0.9,7.2,6.9,6.4,4.3,0.1,0.6,8.4,8.3,6.5,2.6,0.2,2,7,7.3,6,3.1,-0.3,1,9.1,8.8,6.8,2.6,0.5,2.5,9.2,8.8,6.8,1.9,0.4,2.4,-16,-15.9,8.2,12,-0.8,-24.9,-18.7,-18.6,11.3,16.1,-0.2,-30.1,-14.8,-14.8,6.1,11.3,-1.9,-22.8,-11.3,-11.4,4.5,4.3,-0.1,-16,19.8,20.3,19.9,0.3,0,0.4,22.1,22.6,22.2,0.5,-0.2,0.2,19.9,20.3,20,0.3,0.1,0.4,12.9,13.7,13.2,-0.7,0.6,1.1,6.7,8.7,6.7,3.9,-2.6,-0.6,7.4,7.9,6.6,1.4,-0.8,0.5,7.2,7.6,6.4,1.6,-1.3,-0.1,5.7,10.3,7.1,8.1,-5.1,-1.9,-3.4,-3,-3.7,-4.7,0,0.7,-3.6,-3.4,-4.1,-5.3,0.1,0.8,-3.5,-3,-3.8,-5.1,0.1,0.9,-3.1,-2.6,-3.5,-3.8,-0.4,0.5,3.3,4.8,4.5,2.1,-1.2,-0.9,2.2,3.3,3.6,1.8,-0.4,-0.7,3.4,5.4,4.8,2.3,-1.6,-1,4.1,5.6,5.1,2.2,-1.6,-1.1,4.4,5.3,5,3.2,-0.9,-0.6,3.7,4,3.6,1.9,-0.2,0.2,4.1,4.9,4.5,3.1,-0.9,-0.5,5.5,7,6.8,4.5,-1.7,-1.5,3.7,4.1,3.3,2.3,-0.3,0.5,2,2.2,2,2.1,-0.1,0.1,3.8,4.3,3.6,2.2,-0.4,0.3,4.7,5,3.9,2.6,-0.3,0.8,0.3,0.4,0.5,0.6,0.3,0.5,0.4,0.5,0.4,0.3,0.5,0.6,0.2,0.3,0.5,0.6,0.1,0.7,0.3,0.9,0.1,0.8,0.3,0.8,0.2,0.7,0.3,0.9,0.1,0.6,0.4,1,0.6,0.6,0.7,0.5,0.6,0.5,0.6,0.5,0.7,0.6,0.8,0.5,0.4,0.5,0.8,0.4,0.3,0,-0.2,1.2,0.2,0,-0.2,0.4,0.3,0,-0.2,2.5,0.3,0,-0.2,0.4,-0.1,0,-0.2,-0.1,0,0,-0.1,0,-0.1,0,-0.2,-0.1,-0.5,-0.1,-0.4,-0.4,4.5,2.5,-1.4,-2.5,4.6,1.7,-0.8,-2.1,5,1.4,-0.9,-2.2,4,4.1,-2.2,-2.9,-0.4,0,0.1,0,-0.3,0,0.1,0,-0.3,0.2,-0.1,-0.1,-0.6,-0.2,0.2,0.1,0.1,0.6,0.3,0.2,0,0.4,0.3,0.1,0.2,0.8,0.3,0.2,0.2,0.6,0.3,0.4,0,-0.2,0.7,0.5,0,-0.2,0.9,0.3,-0.1,-0.2,0.6,0.5,0,-0.2,0.6,0.8,-0.5,-0.5,0.8,1.1,-0.4,0,0.3,0.5,-0.5,-0.7,0.8,1.1,-0.6,-0.7,1.1,1.4,4.1,96.68,7.7655,1.2325,107.87,10428,2279,18434.39063,0.04,3.1
2012/1/31,6.1,5.4,6.3,6.4,8.2,8.6,8.3,7.4,8.5,7.1,9.2,9.2,-15.6,-17.9,-15.6,-9.5,19.5,22.1,19.6,12,5.4,5.5,4.8,6.1,-2.4,-2.7,-2,-2.8,3,2.7,3.1,3.1,4.6,4,4.4,5.3,5.6,3.2,5.9,6.9,0.9,0.9,0.9,0.8,1.4,1.4,1.4,1.3,0.6,0.6,0.6,0.6,3.7,3.4,3.5,4.6,-0.6,-0.3,-0.5,-1.4,-4.3,-3.9,-3.7,-5.1,-0.3,-0.2,-0.2,-0.4,-0.1,0.4,-0.3,-0.4,0.7,0.6,0.8,0.8,1.9,1.1,2,2.3,5.7,5.8,7.9,3.4,0.3,-1.8,5.3,5.2,12.5,3.6,0.2,-7.1,5.9,6,6.2,3.2,0.3,0.1,5.9,6.2,5.4,3.5,0.2,1,8.1,8.1,7.4,5,0.1,0.8,8.8,8.6,7.9,5.2,0,0.7,8.1,8.1,7.4,4.8,0.2,0.9,7,7.1,6.6,4.9,0.3,0.8,8.5,8.3,16.4,3,0.2,-7.9,7,6.7,33.9,3.5,0.4,-26.8,9.3,8.9,10.5,3.1,0.3,-1.3,9.2,9.2,7.3,2.4,0,1.9,-16.7,-15.6,-16,6.5,0,0.4,-18.8,-18.2,-18.6,6.5,0.3,0.7,-16.7,-14.4,-14.9,7.5,-1.2,-0.7,-11.5,-11.1,-11.5,4.8,1.6,2,20.3,19.9,20.1,0.6,-0.4,-0.6,22.4,22.1,22.4,0.5,0,-0.3,20.4,20,20.2,0.7,-0.4,-0.6,14.3,13.8,13.9,0.7,-1.8,-1.9,6.1,9.5,7.3,5.6,-4.1,-1.9,7.1,9.6,7.4,3.3,-4.1,-1.9,6.3,9.1,7,3.9,-4.3,-2.2,5.2,9.9,7.4,9.2,-3.8,-1.3,-3,-3,-3.3,-4.4,0.6,0.9,-3.3,-3.5,-3.7,-5,0.8,1,-2.9,-3.3,-3.4,-5.1,1.3,1.4,-3,-2.5,-2.9,-3.2,-0.3,0.1,3.6,3.1,4.1,2.9,-0.1,-1.1,2.9,2.1,3.3,2.5,0.6,-0.6,3.8,3.2,4.4,3,-0.1,-1.3,4,3.9,4.7,3.1,-0.8,-1.6,4.4,4.8,4.8,3.5,-0.2,-0.2,3.8,3.8,3.5,2.4,0.2,0.5,4,4.4,4.3,3.1,0,0.1,5.3,6,6.5,4.9,-0.7,-1.2,3.8,3.8,4,3.3,1.8,1.6,2.1,2,2.4,2.5,1.2,0.8,3.9,4,4.2,3.1,1.9,1.7,4.7,4.7,4.7,4,2.2,2.2,0.6,3,-0.1,0.5,0.5,7.6,-0.7,0.7,0.6,1.3,0,0.5,0.5,0.5,0.3,0.3,0.8,0.7,0.6,1.3,0.8,0.7,0.8,1.6,0.8,0.7,0.5,1.2,0.8,0.6,0.4,1,0.5,8.8,0.6,0.6,0.5,24.8,0.6,0.5,0.6,3.3,0.6,0.7,0.5,0.6,0.6,0.6,0.3,0.2,-22.4,2.2,0.3,0.2,-26.9,2.2,0.3,0.2,-19.8,2.2,0.3,0.2,-15.4,2.4,0.3,0.2,0.2,0.1,0.2,0,0.1,0,0.3,0.2,0.1,0.1,0.8,0.9,0.5,0.6,-3,5.3,-3.4,-3.7,-2.4,4.9,-2.5,-2.4,-3.1,5,-2.7,-2.4,-3.3,6,-4.7,-5.9,0.4,-0.4,-0.4,-0.8,0.4,-0.6,-0.4,-0.8,0.5,-0.6,-0.4,-1,0.2,-0.1,-0.5,-0.6,0.5,-0.9,-0.2,0.5,0.8,-0.8,-0.1,0.5,0.6,-1.2,-0.2,0.4,0.3,-0.7,-0.3,0.5,0.5,-0.2,1,0.5,0.4,-0.1,1.1,0.4,0.5,-0.2,1,0.4,0.6,-0.4,1.1,0.8,1.2,0,1.8,0.1,0.6,0.2,0.9,0,1.2,-0.1,1.9,0.2,1.4,-0.1,2.4,0.1,4.5,94.47,7.7555,1.229,110.69,10386.5544,2732,20390.49023,0.11,3
2012/2/29,4.7,4.2,4.9,4.7,6.7,7,6.9,6,8.1,6.8,8.7,8.8,-17.4,-21.6,-15.5,-10,16,18.3,15.9,9.5,5.4,4.9,4.5,6.5,-1.8,-2.1,-1.5,-1.9,3.8,3.3,4,4,4.2,3.7,4.1,4.7,0.5,0.3,0.7,0.5,-0.2,0.1,-0.2,-0.6,0.4,0.5,0.5,0.2,0.5,0.5,0.6,0.5,0.4,0.5,0.4,0.3,0.1,0.3,0,-0.3,-3.3,-3.1,-3.2,-3.4,0.4,0.4,0.5,0.4,0.6,0.4,0.7,0.5,-0.3,-0.4,-0.3,-0.3,-2.8,-1.9,-3,-3.3,6.1,5.7,5.7,3.6,-1,-1,5.4,5.3,5.4,3.8,-1.1,-1.2,6.3,6,5.8,3.5,-1.1,-0.9,6.4,5.9,6,3.5,-1.2,-1.3,8.2,8.2,8,4.6,-1.5,-1.3,8.6,8.8,8.6,4.5,-1.8,-1.6,8.3,8.2,7.9,4.7,-1.3,-1,7.4,7.2,7.1,4.6,-1.2,-1.1,8.5,8.4,8.3,3.9,-0.3,-0.2,7.1,7,8.2,4.2,-0.2,-1.4,9.2,9.1,8.4,4.2,-0.4,0.3,9.2,9.2,8.3,3.3,-0.4,0.5,-15.6,-16,-16.2,7,-1.4,-1.2,-17.9,-18.7,-18.8,9.2,-2.9,-2.8,-15.6,-14.8,-15,5.6,-0.7,-0.5,-9.5,-11.3,-11.6,4.2,1.3,1.6,19.5,19.8,20.3,4.4,-3.8,-4.3,22.1,22.1,22.6,4.5,-3.8,-4.3,19.6,19.9,20.4,4.5,-4,-4.5,12,12.9,13.9,4.4,-3.4,-4.4,5.4,6.7,7.5,5.3,-1.3,-2.1,5.5,7.4,6.8,4,-2.5,-1.9,4.8,7.2,6.7,4.2,-2.7,-2.2,6.1,5.7,8.8,7.5,0.8,-2.3,-2.4,-3.4,-3.2,-4.4,1.6,1.4,-2.7,-3.6,-3.8,-4.8,1.5,1.7,-2,-3.5,-3.4,-4.6,2,1.9,-2.8,-3.1,-2.6,-4.1,1.2,0.7,3,3.3,4.6,3,0.5,-0.8,2.7,2.2,3.5,2.6,1.1,-0.2,3.1,3.4,5,3.3,0.6,-1,3.1,4.1,5.3,2.9,-0.1,-1.3,4.6,4.4,4.9,3.1,-0.2,-0.7,4,3.7,3.7,1.8,0,0,4.4,4.1,4.6,2.7,0,-0.5,5.3,5.5,6.4,4.6,-0.8,-1.7,5.6,3.7,4,3.2,-3.2,-3.5,3.2,2,2.2,2.4,-1.7,-1.9,5.9,3.8,4.3,3.1,-3.1,-3.6,6.9,4.7,4.9,3.8,-4.2,-4.4,0.9,0.3,-2,1.1,0.9,0.3,-6.3,1.2,0.9,0.4,-0.4,1.1,0.8,0.2,0.5,1,1.4,0.1,0.5,1.8,1.4,0.1,0.6,2,1.4,0.2,0.5,1.9,1.3,0.1,0.5,1.5,0.6,0.6,-6.8,0.9,0.6,0.6,-19.1,0.8,0.6,0.7,-1.8,1,0.6,0.4,0.9,0.9,3.7,0.3,-0.7,2.6,3.4,0.2,-0.8,5.3,3.5,0.3,-0.6,0.2,4.6,0.3,-0.5,0.9,-0.6,-0.1,-0.2,3.1,-0.3,0,-0.1,3.5,-0.5,-0.1,-0.2,3.1,-1.4,-0.5,-0.5,1.9,-4.3,4.5,-1.9,-3.2,-3.9,4.6,-2.3,-2.5,-3.7,5,-2.2,-3,-5.1,4,-1.3,-3.8,-0.3,-0.4,-0.5,-0.2,-0.2,-0.3,-0.5,-0.2,-0.2,-0.3,-0.4,0,-0.4,-0.6,-0.5,-0.5,-0.1,0.1,0.7,-0.2,0.4,0,0.4,-0.1,-0.3,0.2,0.9,-0.2,-0.4,0.2,0.9,-0.4,0.7,0,0.2,0.1,0.6,0,0.1,-0.1,0.8,-0.1,0.2,0.1,0.8,0,0.2,0.2,1.9,-0.5,0.6,2.1,1.1,-0.4,0.3,1,2,-0.5,0.6,2.1,2.3,-0.6,0.8,2.9,3.2,95.15,7.7545,1.23255,119.33,10016,2852,21680.08008,0.1,3.2
2012/3/31,4.9,4.3,5.2,5.1,7.2,7.7,7.3,6.2,7.9,6.6,8.5,8.5,-18.6,-23.6,-16,-10.5,1.1,1.2,1,1.3,4,3.8,3.6,4.5,-1.3,-1.4,-0.7,-1.8,3.5,3.3,3.6,3.4,4.3,4,4.2,4.7,2.4,1.1,2.5,3.1,0.5,0.5,0.4,0.5,0.5,0.7,0.5,0.3,0.6,0.5,0.5,0.7,0.3,0.3,0.3,0.3,0.1,0.1,0.1,0.2,2.5,2.4,2.5,2.7,0.1,0,0.2,0.1,0.4,0.4,0.3,0.6,0.3,0.2,0.2,0.3,0,0,-0.1,0.2,4.7,5.7,5.8,4.4,-0.8,-0.9,4.2,5.3,5.2,4.8,-1,-0.9,4.9,5.9,6,4.2,-0.7,-0.8,4.7,5.9,6.3,4.2,-0.8,-1.2,6.7,8.1,7.8,5.9,-0.9,-0.6,7,8.8,8.4,6.1,-1.1,-0.7,6.9,8.1,7.8,5.8,-0.8,-0.5,6,7,6.9,5.5,-0.8,-0.7,8.1,8.5,8.3,4.6,-0.6,-0.4,6.8,7,7.3,4.7,-0.4,-0.7,8.7,9.3,8.8,4.7,-0.8,-0.3,8.8,9.2,8.8,4.2,-0.7,-0.3,-17.4,-16.7,-15.9,8.3,-1.9,-2.7,-21.6,-18.8,-18.6,11.3,-4.8,-5,-15.5,-16.7,-14.8,6.2,0.7,-1.2,-10,-11.5,-11.4,4.6,1,0.9,16,20.3,20.3,19.2,-19.2,-19.2,18.3,22.4,22.6,21.8,-21.2,-21.4,15.9,20.4,20.3,19.3,-19.4,-19.3,9.5,14.3,13.7,11.3,-13,-12.4,5.4,6.1,8.7,5.9,-2.1,-4.7,4.9,7.1,7.9,4.7,-3.3,-4.1,4.5,6.3,7.6,4.8,-2.7,-4,6.5,5.2,10.3,7.8,-0.7,-5.8,-1.8,-3,-3,-4.5,1.7,1.7,-2.1,-3.3,-3.4,-5.1,1.9,2,-1.5,-2.9,-3,-4.6,2.2,2.3,-1.9,-3,-2.6,-3.9,1.2,0.8,3.8,3.6,4.8,3.5,-0.1,-1.3,3.3,2.9,3.3,2.8,0.4,0,4,3.8,5.4,3.8,-0.2,-1.8,4,4,5.6,3.8,-0.6,-2.2,4.2,4.4,5.3,3.3,-0.1,-1,3.7,3.8,4,1.9,0.2,0,4.1,4,4.9,2.9,0.2,-0.7,4.7,5.3,7,4.9,-0.6,-2.3,0.5,3.8,4.1,3.6,-1.4,-1.7,0.3,2.1,2.2,2.7,-1,-1.1,0.7,3.9,4.3,3.5,-1.4,-1.8,0.5,4.7,5,4.3,-1.6,-1.9,-0.2,0.6,0.4,0.3,0.1,0.5,0.5,0.5,-0.2,0.6,0.3,0.2,-0.6,0.5,0.3,0.1,0.4,0.8,0.7,0.1,0.5,0.8,0.8,0,0.5,0.8,0.7,0.1,0.2,0.8,0.6,0.1,0.5,0.5,0.6,0.7,0.5,0.5,0.5,0.6,0.6,0.6,0.6,0.7,0.5,0.5,0.5,0.9,0.4,0.3,0,1.8,0.5,0.3,0,2.9,0.4,0.3,0,0.9,0.3,0.3,0,0.8,0.1,0.3,0,14.8,0.3,0.2,0,17,0,0.3,0,14.9,-0.3,0.8,-0.1,8.3,-3.3,-3,2.5,4,-3.1,-2.4,1.7,3.5,-3.2,-3.1,1.4,3.5,-3.4,-3.3,4.1,4.7,0.4,0.4,0,-0.4,0.4,0.4,0,-0.7,0.5,0.5,0.2,-0.6,0.4,0.2,-0.2,0,0.6,0.5,0.6,0.8,0.4,0.8,0.4,0.4,0.7,0.6,0.8,0.7,0.5,0.3,0.6,1.1,-0.3,0.5,-0.2,0.1,-0.4,0.4,-0.2,-0.1,-0.3,0.5,-0.2,0.1,-0.3,0.6,-0.2,0.3,-2.8,1.2,-0.5,-1.8,-1.9,0.6,0,-0.9,-3,1.2,-0.7,-1.9,-3.3,1.4,-0.7,-2.4,3.6,100.06,7.7645,1.2353,125.45,11022.5304,2686,20555.58008,0.09,3.3
2012/4/30,4.7,4.2,5,4.9,7,7.4,7,6,7.2,6.3,7.8,7.5,-18.2,-23.1,-15.5,-10,0.4,0.4,0.4,0.8,3.3,4.6,4.2,1.6,-0.5,-0.8,-0.1,-0.8,2.9,3,2.9,2.8,3.7,3.8,3.7,3.7,3.4,1.8,3.2,4.7,0.5,0.3,0.6,0.8,-0.1,-0.3,-0.1,0,0,0,0,-0.1,0.7,0.8,0.8,0.7,0,0,0,-0.1,7.6,7,7.5,8,0.4,0.4,0.2,0.6,0.1,0.1,0.1,0.1,0.6,0.5,0.6,0.7,1.6,0.9,1.6,2,4.9,6.1,5.8,4.6,-1.4,-1.1,4.3,5.4,5.2,5,-1.2,-1,5.2,6.3,6,4.5,-1.3,-1,5.1,6.4,6.2,4.2,-1.5,-1.3,7.2,8.2,8.1,6.3,-1.2,-1.1,7.7,8.6,8.6,6.6,-1.2,-1.2,7.3,8.3,8.1,6.4,-1.3,-1.1,6.2,7.4,7.1,5.8,-1.4,-1.1,7.9,8.5,8.3,5.1,-1.3,-1.1,6.6,7.1,6.7,5,-0.8,-0.4,8.5,9.2,8.9,5.4,-1.4,-1.1,8.5,9.2,9.2,4.9,-1.7,-1.7,-18.6,-15.6,-15.6,7.9,-2.6,-2.6,-23.6,-17.9,-18.2,10.9,-5.2,-4.9,-16,-15.6,-14.4,5.8,0.1,-1.1,-10.5,-9.5,-11.1,4.2,-0.5,1.1,1.1,19.5,19.9,19.9,-19.1,-19.5,1.2,22.1,22.1,22.5,-21.7,-21.7,1,19.6,20,20.1,-19.2,-19.6,1.3,12,13.8,11.8,-11.2,-13,4,5.4,9.5,5.3,-2.1,-6.2,3.8,5.5,9.6,4.7,-0.9,-5,3.6,4.8,9.1,4.6,-0.6,-4.9,4.5,6.1,9.9,6.3,-4.5,-8.3,-1.3,-2.4,-3,-4.9,1.9,2.5,-1.4,-2.7,-3.5,-5.4,1.9,2.7,-0.7,-2,-3.3,-5.1,1.9,3.2,-1.8,-2.8,-2.5,-4.5,2,1.7,3.5,3,3.1,3.8,-0.1,-0.2,3.3,2.7,2.1,3,0.3,0.9,3.6,3.1,3.2,4.2,-0.2,-0.3,3.4,3.1,3.9,4.1,-0.3,-1.1,4.3,4.6,4.8,4.2,-0.9,-1.1,4,4,3.8,2.4,-0.2,0,4.2,4.4,4.4,3.7,-0.7,-0.7,4.7,5.3,6,6.3,-1.6,-2.3,2.4,5.6,3.8,2.6,-2.2,-0.4,1.1,3.2,2,2,-1.4,-0.2,2.5,5.9,4,3,-2.7,-0.8,3.1,6.9,4.7,2.6,-2.2,0,0.5,0.9,3,0.7,0.5,0.9,7.6,0.3,0.4,0.9,1.3,0.7,0.5,0.8,0.5,1,0.5,1.4,0.7,0.1,0.7,1.4,0.7,0,0.5,1.4,0.7,0.2,0.3,1.3,0.6,0.2,0.6,0.6,8.8,0.6,0.5,0.6,24.8,0.3,0.5,0.6,3.3,0.7,0.7,0.6,0.6,0.8,0.3,3.7,0.2,0.2,0.3,3.4,0.2,0.2,0.3,3.5,0.2,0.2,0.3,4.6,0.2,0.2,0.1,-0.6,0.2,0.7,0.1,-0.3,0,0.7,0.1,-0.5,0.2,0.7,0.2,-1.4,0.9,0.5,2.5,-4.3,5.3,8.3,2.4,-3.9,4.9,6.2,2.5,-3.7,5,6.9,2.7,-5.1,6,11.1,0.1,-0.3,-0.4,-0.4,0,-0.2,-0.6,-0.3,0.2,-0.2,-0.6,-0.4,0.1,-0.4,-0.1,-0.5,0.4,-0.1,-0.9,0.7,0.4,0.4,-0.8,0.5,0.3,-0.3,-1.2,0.8,0.6,-0.4,-0.7,0.7,0.3,0.7,-0.2,1.2,0.2,0.6,-0.1,0.7,0.2,0.8,-0.2,1,0.3,0.8,-0.4,1.7,0,1.9,0,0.6,0,1.1,0.2,0.3,-0.1,2,-0.1,0.9,0.2,2.3,-0.1,0.4,3.4,101.12,7.7585,1.229,119.75,11616.8292,2683,21094.21094,0.16,3.3
2012/5/31,4.3,3.8,4.6,4.3,6.8,7.2,6.9,5.8,6.3,5.6,6.9,6.4,-18.2,-23.1,-15.5,-10.1,-0.1,0.3,-0.2,-1.6,3.2,3.8,3.6,2.4,-0.7,-1.2,-0.5,-0.7,2,2.3,2,1.7,3.3,3.2,3.2,3.3,3.2,1.8,3.1,4.2,0.1,0.2,0.1,-0.1,0.6,0.7,0.6,0.4,0.2,0.2,0.2,0.2,0.4,0.5,0.4,0.3,0,0.2,0.1,-0.6,-1.2,-1.1,-1.2,-1.2,-0.1,-0.4,-0.2,0.2,-0.2,-0.1,-0.2,-0.3,0,0,-0.1,-0.1,-0.8,-0.4,-0.7,-1.1,4.7,4.7,5.7,5.2,-0.4,-1.4,4.2,4.2,5.3,5.6,-0.4,-1.5,5,4.9,6,5.2,-0.3,-1.4,4.9,4.7,5.9,4.9,-0.4,-1.6,7,6.7,8.2,7,0.1,-1.4,7.4,7,8.8,7.5,0.2,-1.6,7,6.9,8.2,7,0,-1.3,6,6,7.2,6,-0.2,-1.4,7.2,8.1,8.4,6.1,-1.8,-2.1,6.3,6.8,7,5.7,-1.2,-1.4,7.8,8.7,9.1,6.3,-1.8,-2.2,7.5,8.8,9.2,6.3,-2.4,-2.8,-18.2,-17.4,-16,7.9,-0.8,-2.2,-23.1,-21.6,-18.7,11,-1.5,-4.4,-15.5,-15.5,-14.8,5.8,0,-0.7,-10,-10,-11.3,4.2,-0.1,1.2,0.4,16,19.8,19.8,-16.1,-19.9,0.4,18.3,22.1,22.2,-18,-21.8,0.4,15.9,19.9,19.8,-16.1,-20.1,0.8,9.5,12.9,12.7,-11.1,-14.5,3.3,5.4,6.7,7.1,-2.2,-3.5,4.6,4.9,7.4,6.9,-1.1,-3.6,4.2,4.5,7.2,6.7,-0.9,-3.6,1.6,6.5,5.7,7.7,-4.1,-3.3,-0.5,-1.8,-3.4,-4.1,1.1,2.7,-0.8,-2.1,-3.6,-4.6,0.9,2.4,-0.1,-1.5,-3.5,-4.2,1,3,-0.8,-1.9,-3.1,-3.7,1.2,2.4,2.9,3.8,3.3,4.1,-1.8,-1.3,3,3.3,2.2,3.4,-1,0.1,2.9,4,3.4,4.4,-2,-1.4,2.8,4,4.1,4.6,-2.3,-2.4,3.7,4.2,4.4,4.8,-0.9,-1.1,3.8,3.7,3.7,3.2,-0.5,-0.5,3.7,4.1,4.1,4.2,-0.9,-0.9,3.7,4.7,5.5,6.7,-1.4,-2.2,3.4,0.5,3.7,2.7,2.7,-0.5,1.8,0.3,2,1.8,1.5,-0.2,3.2,0.7,3.8,2.9,2.4,-0.7,4.7,0.5,4.7,2.9,3.7,-0.5,0.5,-0.2,0.3,0.5,0.3,0.1,0.3,0.6,0.6,-0.2,0.4,0.5,0.8,-0.6,0.2,0.4,-0.1,0.4,0.1,0.8,-0.3,0.5,0.1,0.8,-0.1,0.5,0.2,0.7,0,0.2,0.1,0.6,0,0.5,0.6,1.1,0,0.5,0.6,0.9,0,0.6,0.7,1.1,-0.1,0.5,0.4,1.3,0.7,0.4,0.3,0.4,0.8,0.5,0.2,0.5,0.8,0.4,0.3,0.4,0.7,0.3,0.3,0.4,0,0.1,-0.1,0.6,0,0.3,0,0.3,0,0,-0.1,0.6,-0.1,-0.3,-0.5,1.8,7.6,-3.3,4.5,-1.1,7,-3.1,4.6,-0.4,7.5,-3.2,5,-0.6,8,-3.4,4,-2,0.4,0.4,-0.4,0.1,0.4,0.4,-0.3,0,0.2,0.5,-0.3,0.2,0.6,0.4,-0.6,0,0.1,0.6,0.1,0.7,0.1,0.4,0,0.6,0.1,0.7,0.2,0.7,0.1,0.5,0.2,0.7,0.6,-0.3,0,0.4,0.5,-0.4,0,0.7,0.6,-0.3,-0.1,0.4,0.7,-0.3,0,0.3,1.6,-2.8,-0.5,-0.6,0.9,-1.9,-0.4,-0.4,1.6,-3,-0.5,-0.6,2,-3.3,-0.6,-0.7,3,104,7.7635,1.2175,110.34,14790.9528,2367,18629.51953,0.16,3.3
2012/6/30,3.7,3.3,4,3.7,6.1,6.5,6.3,5.2,5.8,5.2,6.4,5.8,-18.7,-23.6,-16.1,-10.6,0,0.4,0,-1.1,3.2,3.6,3.3,2.7,-1.6,-1.8,-1.2,-1.9,1.6,2.1,1.6,1.3,2.8,2.9,2.8,2.8,2.6,1.5,2.4,3.4,-0.1,-0.1,0,0,-0.3,-0.4,-0.1,-0.2,0.3,0.2,0.2,0.3,-0.8,-0.8,-0.8,-0.7,0,0,0,0.1,-1.4,-1,-1.2,-2,-0.8,-0.6,-0.8,-1,0,0.1,0,-0.1,0.3,0.6,0.3,0,0.2,0.1,0.1,0.3,4.3,4.9,5.7,5.6,-1.2,-2,3.8,4.3,5.3,5.9,-1,-2,4.6,5.2,5.9,5.6,-1.2,-1.9,4.3,5.1,5.9,5.4,-1.4,-2.2,6.8,7.2,8.1,7.2,-1.1,-2,7.2,7.7,8.8,7.6,-1.2,-2.3,6.9,7.3,8.1,7.2,-1,-1.8,5.8,6.2,7,6.4,-1,-1.8,6.3,7.9,8.5,6.5,-2.1,-2.7,5.6,6.6,7,6,-1.4,-1.8,6.9,8.5,9.3,6.8,-2.1,-2.9,6.4,8.5,9.2,6.8,-2.7,-3.4,-18.2,-18.6,-16.7,8.2,-0.1,-2,-23.1,-23.6,-18.8,11.3,0,-4.8,-15.5,-16,-16.7,6.1,-0.1,0.6,-10.1,-10.5,-11.5,4.5,-0.1,0.9,-0.1,1.1,20.3,19.9,-1.1,-20.3,0.3,1.2,22.4,22.2,-0.8,-22,-0.2,1,20.4,20,-1,-20.4,-1.6,1.3,14.3,13.2,-2.4,-15.4,3.2,4,6.1,6.7,-0.8,-2.9,3.8,3.8,7.1,6.6,-0.2,-3.5,3.6,3.6,6.3,6.4,-0.3,-3,2.4,4.5,5.2,7.1,-1.8,-2.5,-0.7,-1.3,-3,-3.7,-0.3,1.4,-1.2,-1.4,-3.3,-4.1,-0.4,1.5,-0.5,-0.7,-2.9,-3.8,-0.5,1.7,-0.7,-1.8,-3,-3.5,-0.1,1.1,2,3.5,3.6,4.5,-1.9,-2,2.3,3.3,2.9,3.6,-1.2,-0.8,2,3.6,3.8,4.8,-2,-2.2,1.7,3.4,4,5.1,-2.1,-2.7,3.3,4.3,4.4,5,-1.5,-1.6,3.2,4,3.8,3.6,-1.1,-0.9,3.2,4.2,4,4.5,-1.4,-1.2,3.3,4.7,5.3,6.8,-1.9,-2.5,3.2,2.4,3.8,3.3,0.2,-1.2,1.8,1.1,2.1,2,0.4,-0.6,3.1,2.5,3.9,3.6,-0.1,-1.5,4.2,3.1,4.7,3.9,0.3,-1.3,0.1,0.5,0.6,0.5,0.2,0.5,0.5,0.4,0.1,0.4,0.6,0.5,-0.1,0.5,0.5,0.5,0.6,0.5,0.8,0.3,0.7,0.7,0.8,0.3,0.6,0.5,0.8,0.3,0.4,0.3,0.8,0.4,0.2,0.6,0.5,0.7,0.2,0.5,0.5,0.6,0.2,0.5,0.6,0.8,0.2,0.7,0.5,0.8,0.4,0.3,0.3,-0.2,0.5,0.3,0.3,-0.2,0.4,0.3,0.3,-0.2,0.3,0.3,0.3,-0.2,0,0.1,0.3,-0.2,0.2,0.1,0.2,-0.1,0.1,0.1,0.3,-0.2,-0.6,0.2,0.8,-0.4,-1.2,2.5,-3,-1.4,-1.1,2.4,-2.4,-0.8,-1.2,2.5,-3.1,-0.9,-1.2,2.7,-3.3,-2.2,-0.1,0.1,0.4,0.1,-0.4,0,0.4,0.1,-0.2,0.2,0.5,-0.1,0.2,0.1,0.2,0.2,-0.2,0.4,0.5,0.3,-0.1,0.4,0.8,0.3,-0.2,0.3,0.6,0.3,-0.3,0.6,0.3,0.3,0,0.3,0.5,0.7,0,0.2,0.4,0.9,-0.1,0.2,0.5,0.6,-0.1,0.3,0.6,0.6,-0.8,0,1.2,0.8,-0.4,0,0.6,0.3,-0.7,-0.1,1.2,0.8,-1.1,0.2,1.4,1.1,2.2,104.6,7.7555,1.222,95.16,15024,2258,19441.46094,0.09,3.4
2012/7/31,1.6,-2.4,3.5,3.7,5.9,6.1,6.1,5.1,-2.2,-14.8,3.2,5.4,3.4,2.8,3.5,4.7,0.1,0.5,0.1,-1,2.4,2.6,2.7,1.8,-0.9,-1.2,-0.5,-1.2,1.7,2.2,1.7,1.1,2.3,2.3,2.3,2.3,2.2,1.3,2.1,2.9,-2.1,-6.2,-0.5,0.3,0.4,0.4,0.3,0.3,-7.1,-18.6,-2.3,0.2,-1.3,-1.6,-1.2,-1,0.2,0.2,0.2,0.6,-4.2,-3.4,-3.3,-5.5,0.3,0.2,0.3,0.3,-0.2,0,-0.1,-0.5,0.5,0.5,0.4,0.6,1.5,0.7,1.6,1.9,3.7,4.7,6.1,7.9,-3.1,-4.5,3.3,4.2,5.4,12.5,-6.6,-7.8,4,5,6.3,6.2,-1.5,-2.8,3.7,4.9,6.4,5.4,-1.2,-2.7,6.1,7,8.2,7.4,-1.1,-2.3,6.5,7.4,8.6,7.9,-1.3,-2.5,6.3,7,8.3,7.4,-0.9,-2.2,5.2,6,7.4,6.6,-0.9,-2.3,5.8,7.2,8.5,16.4,-9.4,-10.7,5.2,6.3,7.1,33.9,-21.1,-21.9,6.4,7.8,9.2,10.5,-4.6,-6,5.8,7.5,9.2,7.3,-2.1,-3.8,-18.7,-18.2,-15.6,-16,21.6,19,-23.6,-23.1,-17.9,-18.6,25.9,20.7,-16.1,-15.5,-15.6,-14.9,19,19.1,-10.6,-10,-9.5,-11.5,14.7,14.2,0,0.4,19.5,20.1,-0.3,-19.4,0.4,0.4,22.1,22.4,0.1,-21.6,0,0.4,19.6,20.2,-0.3,-19.5,-1.1,0.8,12,13.9,-1.8,-13,3.2,3.3,5.4,7.3,-0.9,-3,3.6,4.6,5.5,7.4,-2,-2.9,3.3,4.2,4.8,7,-1.5,-2.1,2.7,1.6,6.1,7.4,0.2,-4.3,-1.6,-0.5,-2.4,-3.3,-0.4,1.5,-1.8,-0.8,-2.7,-3.7,-0.4,1.5,-1.2,-0.1,-2,-3.4,-0.4,1.5,-1.9,-0.8,-2.8,-2.9,-0.4,1.6,1.6,2.9,3,4.1,-1.2,-1.3,2.1,3,2.7,3.3,-0.8,-0.5,1.6,2.9,3.1,4.4,-1.2,-1.4,1.3,2.8,3.1,4.7,-1.7,-2,2.8,3.7,4.6,4.8,-1.4,-2.3,2.9,3.8,4,3.5,-1.5,-1.7,2.8,3.7,4.4,4.3,-1.4,-2.1,2.8,3.7,5.3,6.5,-1.4,-3,2.6,3.4,5.6,4,-1.2,-3.4,1.5,1.8,3.2,2.4,-0.5,-1.9,2.4,3.2,5.9,4.2,-1.1,-3.8,3.4,4.7,6.9,4.7,-1.8,-4,-0.1,0.5,0.9,-0.1,-0.1,0.3,0.9,-0.7,0,0.6,0.9,0,0,0.8,0.8,0.3,-0.3,-0.1,1.4,0.6,-0.4,-0.3,1.4,0.8,-0.1,-0.1,1.4,0.5,-0.2,0,1.3,0.4,0.3,0,0.6,0.6,0.2,0,0.6,0.6,0.2,0,0.6,0.6,0.3,-0.1,0.6,0.6,-0.8,0.7,3.7,-22.4,-0.8,0.8,3.4,-26.9,-0.8,0.8,3.5,-19.8,-0.7,0.7,4.6,-15.4,0,0,-0.6,0.2,0,0,-0.3,0.1,0,0,-0.5,0.1,0.1,-0.1,-1.4,0.5,-1.4,7.6,-4.3,-3.4,-1,7,-3.9,-2.5,-1.2,7.5,-3.7,-2.7,-2,8,-5.1,-4.7,-0.8,0.4,-0.3,-0.4,-0.6,0.4,-0.2,-0.4,-0.8,0.2,-0.2,-0.4,-1,0.6,-0.4,-0.5,0,0.1,-0.1,-0.2,0.1,0.1,0.4,-0.1,0,0.1,-0.3,-0.2,-0.1,0.1,-0.4,-0.3,0.3,0.6,0.7,1,0.6,0.5,0.6,1.1,0.3,0.6,0.8,1,0,0.7,0.8,1.1,0.2,1.6,1.9,1.8,0.1,0.9,1.1,0.9,0.1,1.6,2,1.9,0.3,2,2.3,2.4,1.8,106.54,7.7535,1.2149,102.62,15937,2060,19796.81055,0.13,3.4
2012/8/31,3.7,4.1,3.8,3.2,5.2,5.3,5.4,4.4,5.2,5.7,5.3,4.6,3.6,3,3.8,4.9,0.8,0.9,0.7,0.6,2.8,3.7,3.4,1.5,-1.3,-1.5,-0.8,-1.8,1.2,2,1.1,0.5,2.1,1.6,2,2.6,1.8,1.1,1.6,2.4,0,-0.1,0,0.1,-0.1,-0.1,-0.2,-0.1,0.3,0.3,0.2,0.2,-0.5,-0.6,-0.4,-0.3,0.4,0.3,0.4,1.2,-1.5,-1.3,-1.5,-1.6,-0.9,-0.8,-0.7,-1.1,0.2,0.2,0.2,0.3,0,-0.6,0,0.6,0.2,0.1,0.2,0.4,1.6,4.3,4.7,5.7,-0.6,-1,-2.4,3.8,4.2,5.4,0.3,-0.1,3.5,4.6,4.9,5.8,-0.8,-1.1,3.7,4.3,4.7,6,-1.1,-1.5,5.9,6.8,6.7,8,-1.6,-1.5,6.1,7.2,7,8.6,-1.9,-1.7,6.1,6.9,6.9,7.9,-1.5,-1.5,5.1,5.8,6,7.1,-1.4,-1.6,-2.2,6.3,8.1,8.3,-1.1,-2.9,-14.8,5.6,6.8,8.2,0.1,-1.1,3.2,6.9,8.7,8.4,-1.6,-3.4,5.4,6.4,8.8,8.3,-1.8,-4.2,3.4,-18.2,-17.4,-16.2,21.8,21,2.8,-23.1,-21.6,-18.8,26.1,24.6,3.5,-15.5,-15.5,-15,19.3,19.3,4.7,-10.1,-10,-11.6,15,14.9,0.1,-0.1,16,20.3,0.9,-15.2,0.5,0.3,18.3,22.6,0.6,-17.4,0.1,-0.2,15.9,20.4,0.9,-15.2,-1,-1.6,9.5,13.9,2.2,-8.9,2.4,3.2,5.4,7.5,-0.4,-2.6,2.6,3.8,4.9,6.8,-0.1,-1.2,2.7,3.6,4.5,6.7,-0.2,-1.1,1.8,2.4,6.5,8.8,-0.9,-5,-0.9,-0.7,-1.8,-3.2,-0.6,0.5,-1.2,-1.2,-2.1,-3.8,-0.3,0.6,-0.5,-0.5,-1.5,-3.4,-0.3,0.7,-1.2,-0.7,-1.9,-2.6,-1.1,0.1,1.7,2,3.8,4.6,-0.8,-2.6,2.2,2.3,3.3,3.5,-0.3,-1.3,1.7,2,4,5,-0.9,-2.9,1.1,1.7,4,5.3,-1.2,-3.5,2.3,3.3,4.2,4.9,-1.2,-2.1,2.3,3.2,3.7,3.7,-1.6,-2.1,2.3,3.2,4.1,4.6,-1.2,-2.1,2.3,3.3,4.7,6.4,-0.7,-2.1,2.2,3.2,0.5,4,-1.4,1.3,1.3,1.8,0.3,2.2,-0.7,0.8,2.1,3.1,0.7,4.3,-1.5,0.9,2.9,4.2,0.5,4.9,-1.8,1.9,-2.1,0.1,-0.2,-2,-6.2,0.2,0.1,-6.3,-0.5,0.1,-0.2,-0.4,0.3,-0.1,-0.6,0.5,0.4,0.6,0.4,0.5,0.4,0.7,0.5,0.6,0.3,0.6,0.5,0.5,0.3,0.4,0.2,0.5,-7.1,0.2,0.5,-6.8,-18.6,0.2,0.5,-19.1,-2.3,0.2,0.6,-1.8,0.2,0.2,0.5,0.9,-1.3,0.4,0.4,-0.7,-1.6,0.5,0.5,-0.8,-1.2,0.4,0.4,-0.6,-1,0.3,0.3,-0.5,0.2,0,0.1,-0.2,0.2,0.2,0.3,-0.1,0.2,0.1,0,-0.2,0.6,-0.6,-0.3,-0.5,-4.2,-1.2,-3.3,-1.9,-3.4,-1.1,-3.1,-2.3,-3.3,-1.2,-3.2,-2.2,-5.5,-1.2,-3.4,-1.3,0.3,-0.1,0.4,-0.5,0.2,-0.4,0.4,-0.5,0.3,-0.2,0.5,-0.4,0.3,0.2,0.4,-0.5,-0.2,-0.2,0.6,0.7,0,-0.1,0.4,0.4,-0.1,-0.2,0.7,0.9,-0.5,-0.3,0.5,0.9,0.5,0,-0.3,0.2,0.5,0,-0.4,0.1,0.4,-0.1,-0.3,0.2,0.6,-0.1,-0.3,0.2,1.5,-0.8,-2.8,0.6,0.7,-0.4,-1.9,0.3,1.6,-0.7,-3,0.6,1.9,-1.1,-3.3,0.8,2,106.89,7.7555,1.2205,113.36,16553,2090,19482.57031,0.13,3.4
2012/9/30,3.8,4.3,3.9,3.3,4.4,4.5,4.8,3.8,5.6,6.9,5.3,4.6,3.7,3,3.8,4.9,0.7,0.9,0.6,0.2,2,3.7,3.4,-0.5,-1.4,-1.9,-1.3,-1.1,1.2,2.4,1.1,0.3,2.1,1.5,2,2.6,3,2.1,2.9,3.6,0.4,0.7,0.3,0.3,0,0,0.1,-0.1,0.9,1.7,0.6,0.5,0,0,0,0,-0.1,0,0,-0.5,1.7,1.7,1.4,2,-0.1,-0.4,-0.3,0.5,0.7,0.8,0.7,0.4,-0.2,-0.3,-0.2,-0.2,0.6,1,0.5,0.5,3.7,3.7,4.9,5.8,0.1,-1.1,4.1,3.3,4.3,5.2,1,0,3.8,4,5.2,6,-0.1,-1.3,3.2,3.7,5.1,6.3,-0.4,-1.8,5.2,6.1,7.2,7.8,-1.7,-2.8,5.3,6.5,7.7,8.4,-2,-3.2,5.4,6.3,7.3,7.8,-1.5,-2.5,4.4,5.2,6.2,6.9,-1.4,-2.4,5.2,5.8,7.9,8.3,-0.2,-2.3,5.7,5.2,6.6,7.3,1.7,0.3,5.3,6.4,8.5,8.8,-1.1,-3.2,4.6,5.8,8.5,8.8,-1.2,-3.9,3.6,-18.7,-18.6,-15.9,22.4,22.3,3,-23.6,-23.6,-18.6,26.6,26.6,3.8,-16.1,-16,-14.8,19.9,19.8,4.9,-10.6,-10.5,-11.4,15.5,15.4,0.8,0,1.1,20.3,0.7,-0.4,0.9,0.4,1.2,22.6,0.5,-0.3,0.7,0,1,20.3,0.6,-0.4,0.6,-1.1,1.3,13.7,1.3,-1.1,2.8,3.2,4,8.7,-1.2,-2,3.7,3.6,3.8,7.9,0.1,-0.1,3.4,3.3,3.6,7.6,0.1,-0.2,1.5,2.7,4.5,10.3,-3.2,-5,-1.3,-1.6,-1.3,-3,0.2,-0.1,-1.5,-1.8,-1.4,-3.4,-0.1,-0.5,-0.8,-1.2,-0.7,-3,-0.1,-0.6,-1.8,-1.9,-1.8,-2.6,0.8,0.7,1.2,1.6,3.5,4.8,-0.4,-2.3,2,2.1,3.3,3.3,0.3,-0.9,1.1,1.6,3.6,5.4,-0.5,-2.5,0.5,1.3,3.4,5.6,-1,-3.1,2.1,2.8,4.3,5.3,-0.7,-2.2,1.6,2.9,4,4,-1.4,-2.5,2,2.8,4.2,4.9,-0.8,-2.2,2.6,2.8,4.7,7,-0.2,-2.1,1.8,2.6,2.4,4.1,0.4,0.6,1.1,1.5,1.1,2.2,0.6,1,1.6,2.4,2.5,4.3,0.5,0.4,2.4,3.4,3.1,5,0.2,0.5,0,-0.1,0.5,0.4,-0.1,-0.1,0.5,0.5,0,0,0.4,0.3,0.1,0,0.5,0.3,-0.1,-0.3,0.5,0.7,-0.1,-0.4,0.7,0.8,-0.2,-0.1,0.5,0.7,-0.1,-0.2,0.3,0.6,0.3,0.3,0.6,0.6,0.3,0.2,0.5,0.5,0.2,0.2,0.5,0.6,0.2,0.3,0.7,0.5,-0.5,-0.8,0.3,0,-0.6,-0.8,0.3,0,-0.4,-0.8,0.3,0,-0.3,-0.7,0.3,0,0.4,0,0.1,0,0.3,0,0.1,0,0.4,0,0.1,0,1.2,0.1,0.2,-0.1,-1.5,-1.4,2.5,2.5,-1.3,-1,2.4,1.7,-1.5,-1.2,2.5,1.4,-1.6,-2,2.7,4.1,-0.9,-0.8,0.1,0,-0.8,-0.6,0,0,-0.7,-0.8,0.2,0.2,-1.1,-1,0.1,-0.2,0.2,0,0.4,0.6,0.2,0.1,0.4,0.4,0.2,0,0.3,0.8,0.3,-0.1,0.6,0.6,0,0.3,0.3,-0.2,-0.6,0.6,0.2,-0.2,0,0.3,0.2,-0.2,0.6,0,0.3,-0.2,0.2,0.2,0,-0.5,0.1,0.1,0,0,0.2,0.1,-0.1,-0.7,0.4,0.3,0.2,-0.7,1.9,110.14,7.7535,1.2346,112.86,14797,2033,20840.38086,0.09,3.5
2012/10/31,3.8,4.3,3.7,3.2,4.2,4.2,4.5,3.7,5.3,6.5,5.2,4.3,5,5,4.8,5.7,0.6,0.9,0.5,0,0.6,1.4,1.1,-0.3,-1.8,-2.3,-1.7,-1.5,2.2,3.1,2.4,1.2,2.3,1.7,2.2,2.9,3,2.1,3,3.7,3,7.6,1.2,0.4,0.4,0.4,0.4,0.5,8.5,24.3,3.1,0.3,1.5,2.1,1.2,1,0.2,0.1,0.1,0.6,3.9,2.5,2.6,6.2,-0.8,-1.1,-0.9,-0.6,0.1,-0.1,0.1,0.1,0,0.1,0,-0.1,0,0.1,0.1,-0.1,3.8,1.6,4.7,5.8,2.2,-0.9,4.3,-2.4,4.2,5.2,6.7,0.1,3.9,3.5,5,6,0.2,-1.3,3.3,3.7,4.9,6.2,-0.5,-1.7,4.4,5.9,7,8.1,-1.7,-2.8,4.5,6.1,7.4,8.6,-1.9,-3.2,4.8,6.1,7,8.1,-1.6,-2.5,3.8,5.1,6,7.1,-1.4,-2.3,5.6,-2.2,7.2,8.3,7.5,-1.9,6.9,-14.8,6.3,6.7,21.3,0.2,5.3,3.2,7.8,8.9,2,-2.6,4.6,5.4,7.5,9.2,-1.1,-3.2,3.7,3.4,-18.2,-15.6,1.6,23.2,3,2.8,-23.1,-18.2,2.2,28.1,3.8,3.5,-15.5,-14.4,1.3,20.3,4.9,4.7,-10,-11.1,1,15.7,0.7,0.1,0.4,19.9,0.5,0.2,0.9,0.5,0.4,22.1,0.4,0.5,0.6,0.1,0.4,20,0.4,0.1,0.2,-1,0.8,13.8,1,-0.8,2,2.4,3.3,9.5,-1.8,-2.7,3.7,2.6,4.6,9.6,-1.2,-3.2,3.4,2.7,4.2,9.1,-1.6,-3.1,-0.5,1.8,1.6,9.9,-2.1,-1.9,-1.4,-0.9,-0.5,-3,-0.9,-1.3,-1.9,-1.2,-0.8,-3.5,-1.1,-1.5,-1.3,-0.5,-0.1,-3.3,-1.2,-1.6,-1.1,-1.2,-0.8,-2.5,-0.3,-0.7,1.2,1.7,2.9,3.1,0.5,-0.7,2.4,2.2,3,2.1,0.9,0.1,1.1,1.7,2.9,3.2,0.7,-0.5,0.3,1.1,2.8,3.9,0.1,-1.6,2.1,2.3,3.7,4.8,0,-1.4,1.5,2.3,3.8,3.8,-0.6,-2.1,2,2.3,3.7,4.4,-0.1,-1.5,2.6,2.3,3.7,6,0.6,-0.8,3,2.2,3.4,3.8,0.8,-0.4,2.1,1.3,1.8,2,0.8,0.3,2.9,2.1,3.2,4,0.9,-0.2,3.6,2.9,4.7,4.7,0.8,-1,0.4,-2.1,0.5,3,0.7,-6.2,0.3,7.6,0.3,-0.5,0.6,1.3,0.3,0.3,0.8,0.5,0,0.4,-0.1,0.7,0,0.4,-0.3,0.7,0.1,0.3,-0.1,0.7,-0.1,0.3,0,0.6,0.9,-7.1,0,8.8,1.7,-18.6,0,24.8,0.6,-2.3,0,3.3,0.5,0.2,-0.1,0.6,0,-1.3,0.7,0.2,0,-1.6,0.8,0.2,0,-1.2,0.8,0.2,0,-1,0.7,0.2,-0.1,0.2,0,0.2,0,0.2,0,0,0,0.2,0,0.2,-0.5,0.6,-0.1,0.9,1.7,-4.2,7.6,5.3,1.7,-3.4,7,4.9,1.4,-3.3,7.5,5,2,-5.5,8,6,-0.1,0.3,0.4,-0.4,-0.4,0.2,0.4,-0.6,-0.3,0.3,0.2,-0.6,0.5,0.3,0.6,-0.1,0.7,-0.2,0.1,-0.9,0.8,0,0.1,-0.8,0.7,-0.1,0.1,-1.2,0.4,-0.5,0.1,-0.7,-0.2,0.5,0.6,-0.2,-0.3,0.5,0.5,-0.1,-0.2,0.4,0.6,-0.2,-0.2,0.6,0.7,-0.4,0.6,1.5,1.6,0,1,0.7,0.9,0.2,0.5,1.6,1.6,-0.1,0.5,1.9,2,-0.1,1.7,114.35,7.7495,1.243,111.71,12861,1939,21641.82031,0.18,3.4
2012/11/30,3.7,4.2,3.6,3.3,4.2,4.2,4.4,3.8,5.2,6.3,5,4.2,4.6,4.6,4.3,5.3,1.1,1.3,0.9,0.6,2,2.2,2.1,1.7,-1.4,-2.1,-1.4,-0.9,2.1,3.1,2.3,1,2.2,1.7,2.1,2.8,2.8,1.9,2.7,3.5,0.3,0.3,0.3,0.3,0.1,0,0.1,0.2,0.4,0.5,0.5,0.3,-0.1,-0.1,-0.1,-0.1,0.3,0.3,0.4,0,5.9,5.5,6,6.1,0,-0.1,0,0,0,-0.1,0.1,0,-0.1,0,-0.1,-0.2,-0.7,-0.5,-0.7,-0.7,3.8,3.7,4.3,5.7,0,-0.6,4.3,4.1,3.8,5.3,0.1,0.4,3.7,3.8,4.6,6,-0.2,-1,3.2,3.2,4.3,5.9,0.1,-1,4.2,5.2,6.8,8.2,-1,-2.6,4.2,5.3,7.2,8.8,-1.1,-3,4.5,5.4,6.9,8.2,-1,-2.5,3.7,4.4,5.8,7.2,-0.6,-2,5.3,5.2,6.3,8.4,0,-1.1,6.5,5.7,5.6,7,0.6,0.7,5.2,5.3,6.9,9.1,-0.3,-1.9,4.3,4.6,6.4,9.2,-0.4,-2.2,5,3.6,-18.2,-16,1,22.8,5,3,-23.1,-18.7,1.6,27.7,4.8,3.8,-15.5,-14.8,0.5,19.8,5.7,4.9,-10.1,-11.3,0.4,15.4,0.6,0.8,-0.1,19.8,0.3,1.2,0.9,0.9,0.3,22.1,0.4,1,0.5,0.7,-0.2,19.9,0.2,1.1,0,0.6,-1.6,12.9,0,2.2,0.6,2.8,3.2,6.7,-0.8,-1.2,1.4,3.7,3.8,7.4,-1.5,-1.6,1.1,3.4,3.6,7.2,-1.3,-1.5,-0.3,1.5,2.4,5.7,0.2,-0.7,-1.8,-1.3,-0.7,-3.4,-0.1,-0.7,-2.3,-1.5,-1.2,-3.6,-0.6,-0.9,-1.7,-0.8,-0.5,-3.5,-0.6,-0.9,-1.5,-1.8,-0.7,-3.1,0.9,-0.2,2.2,1.2,2,3.3,0.9,0.1,3.1,2,2.3,2.2,1.1,0.8,2.4,1.1,2,3.4,1.2,0.3,1.2,0.5,1.7,4.1,0.5,-0.7,2.3,2.1,3.3,4.4,0.1,-1.1,1.7,1.6,3.2,3.7,0.1,-1.5,2.2,2,3.2,4.1,0.1,-1.1,2.9,2.6,3.3,5.5,0.2,-0.5,3,1.8,3.2,3.7,1,-0.4,2.1,1.1,1.8,2,0.8,0.1,3,1.6,3.1,3.8,1.1,-0.4,3.7,2.4,4.2,4.7,1.1,-0.7,3,0,0.1,0.3,7.6,-0.1,0.2,0.3,1.2,0,0.1,0.4,0.4,0.1,-0.1,0.2,0.4,-0.1,0.6,0.1,0.4,-0.1,0.7,0.1,0.4,-0.2,0.6,0.2,0.5,-0.1,0.4,0.1,8.5,0.3,0.2,0.6,24.3,0.3,0.2,0.6,3.1,0.2,0.2,0.7,0.3,0.2,0.2,0.4,1.5,-0.5,0.4,0.3,2.1,-0.6,0.5,0.2,1.2,-0.4,0.4,0.3,1,-0.3,0.3,0.3,0.2,0.4,0,-0.1,0.1,0.3,0.2,0,0.1,0.4,0.1,-0.1,0.6,1.2,-0.6,-0.5,3.9,-1.5,-1.2,4.5,2.5,-1.3,-1.1,4.6,2.6,-1.5,-1.2,5,6.2,-1.6,-1.2,4,-0.8,-0.9,-0.1,-0.4,-1.1,-0.8,-0.4,-0.3,-0.9,-0.7,-0.2,-0.3,-0.6,-1.1,0.2,-0.6,0.1,0.2,-0.2,0.1,-0.1,0.2,-0.1,0,0.1,0.2,-0.2,0.2,0.1,0.3,-0.3,0.2,0,0,0,0,0.1,-0.6,0,0,0,0,-0.1,-0.1,-0.1,0.6,-0.1,0,0,0.2,-0.8,-0.5,0.1,0.1,-0.4,-0.4,0.1,0.2,-0.7,-0.5,-0.1,0.4,-1.1,-0.6,2,115.05,7.7495,1.25,109.06,11227,2240,22030.39063,0.16,3.3
2012/12/31,3.7,4.2,3.6,3.3,4.3,4.5,4.4,3.7,5.1,6.2,4.7,4.3,4.1,4.1,3.7,4.8,0,0.7,-0.1,-2.4,3,3.4,3.5,2.3,-2,-2.6,-2.1,-1.5,1.5,2.3,1.7,0.4,2.1,1.5,2,2.8,3,2,2.9,3.8,0.5,0.6,0.5,0.6,0.9,1.1,0.8,0.7,0.4,0.4,0.4,0.6,-0.3,-0.3,-0.3,-0.3,-0.7,-0.3,-0.7,-2.1,-2.1,-1.3,-1.8,-2.8,-0.2,-0.1,-0.2,-0.4,-0.1,0.1,-0.1,-0.3,0.4,0.2,0.3,0.6,1.4,0.7,1.4,1.7,3.7,3.8,3.7,5.7,-0.1,0,4.2,4.3,3.3,5.3,-0.1,0.9,3.6,3.9,4,5.9,-0.3,-0.4,3.3,3.3,3.7,5.9,0,-0.4,4.2,4.4,6.1,8.1,-0.1,-1.8,4.2,4.5,6.5,8.8,0,-2,4.4,4.8,6.3,8.1,-0.4,-1.9,3.8,3.8,5.2,7,-0.1,-1.5,5.2,5.6,5.8,8.5,-0.5,-0.7,6.3,6.9,5.2,7,-0.7,1,5,5.3,6.4,9.3,-0.6,-1.7,4.2,4.6,5.8,9.2,-0.3,-1.5,4.6,3.7,-18.7,-16.7,0.4,22.8,4.6,3,-23.6,-18.8,1.1,27.7,4.3,3.8,-16.1,-16.7,-0.1,19.8,5.3,4.9,-10.6,-11.5,-0.1,15.4,1.1,0.7,0,20.3,-0.7,0,1.3,0.9,0.4,22.4,-0.2,0.3,0.9,0.6,0,20.4,-0.7,-0.1,0.6,0.2,-1.1,14.3,-2.6,-1.3,2,2,3.2,6.1,1,-0.2,2.2,3.7,3.6,7.1,-0.3,-0.2,2.1,3.4,3.3,6.3,0.1,0.2,1.7,-0.5,2.7,5.2,2.8,-0.4,-1.4,-1.4,-1.6,-3,-0.6,-0.4,-2.1,-1.9,-1.8,-3.3,-0.7,-0.8,-1.4,-1.3,-1.2,-2.9,-0.8,-0.9,-0.9,-1.1,-1.9,-3,-0.4,0.4,2.1,1.2,1.6,3.6,0.3,-0.1,3.1,2.4,2.1,2.9,-0.1,0.2,2.3,1.1,1.6,3.8,0.6,0.1,1,0.3,1.3,4,0.1,-0.9,2.2,2.1,2.8,4.4,0,-0.7,1.7,1.5,2.9,3.8,0,-1.4,2.1,2,2.8,4,0,-0.8,2.8,2.6,2.8,5.3,0.2,0,2.8,3,2.6,3.8,0,0.4,1.9,2.1,1.5,2.1,-0.1,0.5,2.7,2.9,2.4,3.9,0,0.5,3.5,3.6,3.4,4.7,0.2,0.4,0.3,0.4,-0.1,0.6,0.3,0.7,-0.1,0.5,0.3,0.3,0,0.6,0.3,0.3,0,0.5,0.1,0,-0.3,0.8,0,0,-0.4,0.8,0.1,0.1,-0.1,0.8,0.2,-0.1,-0.2,0.8,0.4,0.9,0.3,0.5,0.5,1.7,0.2,0.5,0.5,0.6,0.2,0.6,0.3,0.5,0.3,0.5,-0.1,0,-0.8,0.3,-0.1,0,-0.8,0.3,-0.1,0,-0.8,0.3,-0.1,0,-0.7,0.3,0.3,-0.1,0,0.3,0.3,0,0,0.2,0.4,0,0,0.3,0,-0.5,0.1,0.8,5.9,1.7,-1.4,-3,5.5,1.7,-1,-2.4,6,1.4,-1.2,-3.1,6.1,2,-2,-3.3,0,-0.1,-0.8,0.4,-0.1,-0.4,-0.6,0.4,0,-0.3,-0.8,0.5,0,0.5,-1,0.2,0,0.7,0,0.5,-0.1,0.8,0.1,0.8,0.1,0.7,0,0.6,0,0.4,-0.1,0.3,-0.1,-0.2,0.3,0.5,0,-0.3,0.6,0.4,-0.1,-0.2,0.3,0.5,-0.2,-0.2,0,0.6,-0.7,0.6,0.2,1.2,-0.5,1,0.1,0.6,-0.7,0.5,0.1,1.2,-0.7,0.5,0.3,1.4,2.5,115.78,7.7505,1.246,109.49,10680,2418,22656.91992,0.09,3.1
2013/1/31,3,3.8,2.8,2.4,3.7,3.9,3.8,3,5.1,6.1,4.6,4.6,5,5.4,4.7,4.6,1.2,1.4,1.1,0.7,2.4,3.4,3.5,0.7,-2.4,-2.8,-2.6,-1.8,1.9,2.2,2.1,1.4,1.3,0.6,1.2,2,0,0.5,-0.2,0,0.2,0.5,0.2,-0.1,0.8,0.8,0.8,0.7,0.6,0.5,0.5,0.9,4.6,4.8,4.5,4.5,0.7,0.4,0.7,1.7,-4.8,-3.8,-3.7,-6.6,-0.6,-0.4,-0.7,-0.7,0.3,0.2,0.1,0.6,0,-0.3,0,0.1,-1.1,-0.4,-1,-1.5,3.7,3.8,1.6,6.1,-0.8,1.4,4.2,4.3,-2.4,5.4,-0.5,6.2,3.6,3.7,3.5,6.3,-0.9,-0.7,3.3,3.2,3.7,6.4,-0.8,-1.3,4.3,4.2,5.9,8.2,-0.5,-2.2,4.5,4.2,6.1,8.6,-0.3,-2.2,4.4,4.5,6.1,8.3,-0.7,-2.3,3.7,3.7,5.1,7.4,-0.7,-2.1,5.1,5.3,-2.2,8.5,-0.2,7.3,6.2,6.5,-14.8,7.1,-0.4,20.9,4.7,5.2,3.2,9.2,-0.6,1.4,4.3,4.3,5.4,9.2,0.3,-0.8,4.1,5,3.4,-15.6,0,1.6,4.1,5,2.8,-17.9,0.4,2.6,3.7,4.8,3.5,-15.6,-0.1,1.2,4.8,5.7,4.7,-9.5,-1.1,-0.1,0,0.6,0.1,19.5,0.6,1.1,0.7,0.9,0.5,22.1,0.5,0.9,-0.1,0.5,0.1,19.6,0.6,1,-2.4,0,-1,12,0.7,1.7,3,0.6,2.4,5.4,1.8,0,3.4,1.4,2.6,5.5,2,0.8,3.5,1.1,2.7,4.8,2.4,0.8,2.3,-0.3,1.8,6.1,1,-1.1,-2,-1.8,-0.9,-2.4,-0.6,-1.5,-2.6,-2.3,-1.2,-2.7,-0.5,-1.6,-2.1,-1.7,-0.5,-2,-0.9,-2.1,-1.5,-1.5,-1.2,-2.8,-0.3,-0.6,1.5,2.2,1.7,3,-0.3,0.2,2.3,3.1,2.2,2.7,-0.9,0,1.7,2.4,1.7,3.1,-0.3,0.4,0.4,1.2,1.1,3.1,0.2,0.3,2.1,2.3,2.3,4.6,-1,-1,1.5,1.7,2.3,4,-1.1,-1.7,2,2.2,2.3,4.4,-1,-1.1,2.8,2.9,2.3,5.3,-0.9,-0.3,3,3,2.2,5.6,-3,-2.2,2,2.1,1.3,3.2,-1.6,-0.8,2.9,3,2.1,5.9,-3.2,-2.3,3.8,3.7,2.9,6.9,-3.7,-2.9,0.5,3,-2.1,0.9,0.6,7.6,-6.2,0.9,0.5,1.2,-0.5,0.9,0.6,0.4,0.3,0.8,0.9,0.4,0.4,1.4,1.1,0.4,0.4,1.4,0.8,0.4,0.3,1.4,0.7,0.5,0.3,1.3,0.4,8.5,-7.1,0.6,0.4,24.3,-18.6,0.6,0.4,3.1,-2.3,0.6,0.6,0.3,0.2,0.6,-0.3,1.5,-1.3,3.7,-0.3,2.1,-1.6,3.4,-0.3,1.2,-1.2,3.5,-0.3,1,-1,4.6,-0.7,0.2,0.2,-0.6,-0.3,0.1,0.2,-0.3,-0.7,0.1,0.2,-0.5,-2.1,0.6,0.6,-1.4,-2.1,3.9,-4.2,-4.3,-1.3,2.5,-3.4,-3.9,-1.8,2.6,-3.3,-3.7,-2.8,6.2,-5.5,-5.1,-0.2,-0.8,0.3,-0.3,-0.1,-1.1,0.2,-0.2,-0.2,-0.9,0.3,-0.2,-0.4,-0.6,0.3,-0.4,-0.1,0.1,-0.2,-0.1,0.1,-0.1,0,0.4,-0.1,0.1,-0.1,-0.3,-0.3,0.1,-0.5,-0.4,0.4,0,0.5,0.7,0.2,0.1,0.5,0.6,0.3,0,0.4,0.8,0.6,-0.1,0.6,0.8,1.4,0,1.5,1.9,0.7,0.1,0.7,1.1,1.4,0.1,1.6,2,1.7,-0.1,1.9,2.3,2,119.13,7.7565,1.24885,112.96,10641,2880,23729.5293,0.15,3.2
2013/2/28,4.4,4.7,4.2,4.2,5,5.2,5.1,4.6,5.3,6.3,4.8,4.8,4.7,5,4.4,4.4,1.4,1.2,1.4,1.9,1.7,3.3,3,-0.6,-3.8,-4,-4.2,-3.3,1.4,1.6,1.4,1,2.2,1.3,2,3,6.1,4.2,6.1,7.3,1.1,0.9,1.1,1.2,1.8,1.8,1.8,1.8,0.7,0.6,0.8,0.7,0,0,0.1,0,0.3,0.1,0.3,0.9,-3.9,-3.3,-3.7,-4.6,-1.1,-0.9,-1.1,-1.1,0,-0.1,0,0.1,0.5,0.3,0.5,0.6,3.1,1.8,3.2,3.8,3,3.7,3.7,4.7,0.7,0.7,3.8,4.2,4.1,4.2,0.5,0.6,2.8,3.6,3.8,4.9,0.6,0.4,2.4,3.3,3.2,4.7,0.9,1,3.7,4.2,5.2,6.7,0.8,-0.2,3.9,4.2,5.3,7,1,-0.1,3.8,4.4,5.4,6.9,0.7,-0.3,3,3.8,4.4,6,0.8,0.2,5.1,5.2,5.2,8.1,0.1,0.1,6.1,6.3,5.7,6.8,0,0.6,4.6,5,5.3,8.7,-0.2,-0.5,4.6,4.2,4.6,8.8,0.6,0.2,5,4.6,3.6,-17.4,0.1,1.1,5.4,4.6,3,-21.6,0.4,2,4.7,4.3,3.8,-15.5,0.1,0.6,4.6,5.3,4.9,-10,-0.9,-0.5,1.2,1.1,0.8,16,0.3,0.6,1.4,1.3,0.9,18.3,-0.1,0.3,1.1,0.9,0.7,15.9,0.5,0.7,0.7,0.6,0.6,9.5,1.3,1.3,2.4,2,2.8,5.4,-0.3,-1.1,3.4,2.2,3.7,4.9,1.1,-0.4,3.5,2.1,3.4,4.5,0.9,-0.4,0.7,1.7,1.5,6.5,-2.3,-2.1,-2.4,-1.4,-1.3,-1.8,-2.4,-2.5,-2.8,-2.1,-1.5,-2.1,-1.9,-2.5,-2.6,-1.4,-0.8,-1.5,-2.8,-3.4,-1.8,-0.9,-1.8,-1.9,-2.4,-1.5,1.9,2.1,1.2,3.8,-0.7,0.2,2.2,3.1,2,3.3,-1.5,-0.4,2.1,2.3,1.1,4,-0.9,0.3,1.4,1,0.5,4,0,0.5,1.3,2.2,2.1,4.2,0,0.1,0.6,1.7,1.6,3.7,-0.4,-0.3,1.2,2.1,2,4.1,-0.1,0,2,2.8,2.6,4.7,0.2,0.4,0,2.8,1.8,0.5,3.3,4.3,0.5,1.9,1.1,0.3,2.3,3.1,-0.2,2.7,1.6,0.7,3.4,4.5,0,3.5,2.4,0.5,3.8,4.9,0.2,0.3,0,-0.2,0.5,0.3,-0.1,0.1,0.2,0.3,0,-0.2,-0.1,0.3,0.1,-0.6,0.8,0.1,-0.1,0.4,0.8,0,-0.1,0.5,0.8,0.1,-0.2,0.5,0.7,0.2,-0.1,0.2,0.6,0.4,0.3,0.5,0.5,0.5,0.3,0.5,0.5,0.5,0.2,0.6,0.9,0.3,0.2,0.5,4.6,-0.1,-0.5,0.4,4.8,-0.1,-0.6,0.5,4.5,-0.1,-0.4,0.4,4.5,-0.1,-0.3,0.3,0.7,0.3,0.4,0.1,0.4,0.3,0.3,0.3,0.7,0.4,0.4,0,1.7,0,1.2,-0.3,-4.8,5.9,-1.5,-3.3,-3.8,5.5,-1.3,-3.1,-3.7,6,-1.5,-3.2,-6.6,6.1,-1.6,-3.4,-0.6,0,-0.9,0.4,-0.4,-0.1,-0.8,0.4,-0.7,0,-0.7,0.5,-0.7,0,-1.1,0.4,0.3,0,0.2,0.6,0.2,-0.1,0.2,0.4,0.1,0.1,0.2,0.7,0.6,0,0.3,0.5,0,-0.1,0,-0.3,-0.3,0,-0.6,-0.4,0,-0.1,0,-0.3,0.1,-0.2,0.6,-0.3,-1.1,-0.7,0.2,-2.8,-0.4,-0.5,0.1,-1.9,-1,-0.7,0.2,-3,-1.5,-0.7,0.4,-3.3,3.2,121.64,7.7555,1.24785,116.05,9396,2793,23020.26953,0.14,3.3
2013/3/31,3.6,4,3.5,3.4,3.7,3.6,3.9,3.6,5.2,6.2,4.9,4.5,5.1,5.4,4.9,4.8,2.1,1.9,2.1,2.7,0.5,1.8,1.5,-1.4,-4.3,-4.3,-4.8,-3.7,1,1.4,1,0.4,2.3,1.4,2.1,3.3,4.5,3.4,4.5,5,-0.2,-0.2,-0.2,-0.3,-0.7,-0.9,-0.6,-0.6,0.5,0.4,0.5,0.4,0.8,0.8,0.8,0.7,0.8,0.7,0.8,0.9,1.3,0.9,1.1,1.8,-0.4,-0.3,-0.5,-0.3,0,0.2,0,-0.1,0.4,0.4,0.3,0.6,-1.5,-0.8,-1.6,-1.9,4.4,3.7,3.8,4.9,-0.1,-0.2,4.7,4.2,4.3,4.3,-0.2,-0.3,4.2,3.6,3.9,5.2,-0.1,-0.4,4.2,3.3,3.3,5.1,0.1,0.1,5,4.3,4.4,7.2,-0.6,-0.7,5.2,4.5,4.5,7.7,-0.9,-0.9,5.1,4.4,4.8,7.3,-0.5,-0.9,4.6,3.7,3.8,6.2,-0.1,-0.2,5.3,5.1,5.6,7.9,0.1,-0.4,6.3,6.2,6.9,6.6,0,-0.7,4.8,4.7,5.3,8.5,0.2,-0.4,4.8,4.3,4.6,8.5,0.2,-0.1,4.7,4.1,3.7,-18.6,1,1.4,5,4.1,3,-23.6,1.3,2.4,4.4,3.7,3.8,-16,1.2,1.1,4.4,4.8,4.9,-10.5,0,-0.1,1.4,0,0.7,1.1,2.1,1.4,1.2,0.7,0.9,1.2,1.2,1,1.4,-0.1,0.6,1,2.2,1.5,1.9,-2.4,0.2,1.3,5.1,2.5,1.7,3,2,4,-2.5,-1.5,3.3,3.4,3.7,3.8,-1.6,-1.9,3,3.5,3.4,3.6,-2,-1.9,-0.6,2.3,-0.5,4.5,-3.7,-0.9,-3.8,-2,-1.4,-1.3,-2.3,-2.9,-4,-2.6,-1.9,-1.4,-1.7,-2.4,-4.2,-2.1,-1.3,-0.7,-2.7,-3.5,-3.3,-1.5,-1.1,-1.8,-2.2,-2.6,1.4,1.5,1.2,3.5,-0.5,-0.2,1.6,2.3,2.4,3.3,-0.9,-1,1.4,1.7,1.1,3.6,-0.7,-0.1,1,0.4,0.3,3.4,0,0.1,2.2,2.1,2.1,4.3,0.2,0.2,1.3,1.5,1.5,4,-0.1,-0.1,2,2,2,4.2,0.1,0.1,3,2.8,2.6,4.7,0.5,0.7,6.1,3,3,2.4,1.5,1.5,4.2,2,2.1,1.1,1.4,1.3,6.1,2.9,2.9,2.5,1.6,1.6,7.3,3.8,3.6,3.1,1.2,1.4,1.1,0.5,0.4,0.5,0.9,0.6,0.7,0.5,1.1,0.5,0.3,0.4,1.2,0.6,0.3,0.5,1.8,0.9,0,0.5,1.8,1.1,0,0.7,1.8,0.8,0.1,0.5,1.8,0.7,-0.1,0.3,0.7,0.4,0.9,0.6,0.6,0.4,1.7,0.5,0.8,0.4,0.6,0.5,0.7,0.6,0.5,0.7,0,-0.3,0,0.3,0,-0.3,0,0.3,0.1,-0.3,0,0.3,0,-0.3,0,0.3,0.3,-0.7,-0.1,0.1,0.1,-0.3,0,0.1,0.3,-0.7,0,0.1,0.9,-2.1,-0.5,0.2,-3.9,-2.1,1.7,2.5,-3.3,-1.3,1.7,2.4,-3.7,-1.8,1.4,2.5,-4.6,-2.8,2,2.7,-1.1,-0.2,-0.1,0.1,-0.9,-0.1,-0.4,0,-1.1,-0.2,-0.3,0.2,-1.1,-0.4,0.5,0.1,0,-0.1,0.7,0.4,-0.1,0.1,0.8,0.4,0,-0.1,0.7,0.3,0.1,-0.3,0.4,0.6,0.5,0.4,-0.2,0.3,0.3,0.2,-0.3,0.2,0.5,0.3,-0.2,0.2,0.6,0.6,-0.2,0.3,3.1,1.4,0.6,0,1.8,0.7,1,0,3.2,1.4,0.5,-0.1,3.8,1.7,0.5,0.2,2.1,123.01,7.7615,1.2503,108.47,11004.3648,2360,22299.63086,0.09,3.5
2013/4/30,4,4.7,3.8,3.5,5.2,5.6,5.1,4.5,5.9,6.6,5.6,5.4,4.9,5.2,4.8,4.7,2.2,1.9,2.1,3,1.2,0.8,0.7,2,-5.3,-5.3,-5.6,-4.9,1.9,2.8,1.9,1,2.1,1.7,1.9,2.7,2.8,2.4,2.7,3,0.9,0.9,0.8,0.9,1.3,1.7,1.1,0.9,0.6,0.4,0.7,0.8,0.6,0.5,0.6,0.6,0.1,0,0,0.3,8.4,6.1,6.7,11.9,-0.7,-0.7,-0.6,-0.7,1.1,1.5,1,0.7,0.4,0.8,0.4,0.2,-0.1,-0.1,-0.1,0,3.6,3,3.8,4.7,1,0.2,4,3.8,4.3,4.2,0.9,0.4,3.5,2.8,3.7,5,1,0.1,3.4,2.4,3.2,4.9,1.1,0.3,3.7,3.7,4.2,7,1.5,1,3.6,3.9,4.2,7.4,1.7,1.4,3.9,3.8,4.5,7,1.3,0.6,3.6,3,3.7,6,1.5,0.8,5.2,5.1,5.3,7.2,0.8,0.6,6.2,6.1,6.5,6.3,0.5,0.1,4.9,4.6,5.2,7.8,1,0.4,4.5,4.6,4.3,7.5,0.8,1.1,5.1,5,5,-18.2,-0.1,-0.1,5.4,5.4,5,-23.1,-0.2,0.2,4.9,4.7,4.8,-15.5,0.1,0,4.8,4.6,5.7,-10,0.1,-1,2.1,1.2,0.6,0.4,1,1.6,1.9,1.4,0.9,0.4,0.5,1,2.1,1.1,0.5,0.4,1,1.6,2.7,0.7,0,0.8,2.3,3,0.5,2.4,0.6,3.3,-1.2,0.6,1.8,3.4,1.4,4.6,-2.6,-0.6,1.5,3.5,1.1,4.2,-2.8,-0.4,-1.4,0.7,-0.3,1.6,1.3,2.3,-4.3,-2.4,-1.8,-0.5,-2.9,-3.5,-4.3,-2.8,-2.3,-0.8,-2.5,-3,-4.8,-2.6,-1.7,-0.1,-3,-3.9,-3.7,-1.8,-1.5,-0.8,-3.1,-3.4,1,1.9,2.2,2.9,0,-0.3,1.4,2.2,3.1,3,0.6,-0.3,1,2.1,2.4,2.9,-0.2,-0.5,0.4,1.4,1.2,2.8,-0.4,-0.2,2.3,1.3,2.3,3.7,0.8,-0.2,1.4,0.6,1.7,3.8,1.1,0,2.1,1.2,2.2,3.7,0.7,-0.3,3.3,2,2.9,3.7,0.7,-0.2,4.5,0,3,3.4,2.8,-0.2,3.4,0.5,2.1,1.8,1.9,0.3,4.5,-0.2,3,3.2,2.9,-0.3,5,0,3.7,4.7,3,-0.7,-0.2,0.2,3,0.5,-0.2,0.5,7.6,0.3,-0.2,0.2,1.2,0.6,-0.3,-0.1,0.4,0.8,-0.7,0.8,0.4,-0.1,-0.9,0.8,0.4,-0.3,-0.6,0.8,0.4,-0.1,-0.6,0.7,0.5,0,0.5,0.6,8.5,0,0.4,0.5,24.3,0,0.5,0.5,3.1,0,0.4,0.9,0.3,-0.1,0.8,4.6,1.5,0.7,0.8,4.8,2.1,0.8,0.8,4.5,1.2,0.8,0.7,4.5,1,0.7,0.8,0.7,0.2,0,0.7,0.4,0.1,0,0.8,0.7,0.1,0,0.9,1.7,0.6,-0.1,1.3,-4.8,3.9,7.6,0.9,-3.8,2.5,7,1.1,-3.7,2.6,7.5,1.8,-6.6,6.2,8,-0.4,-0.6,-0.8,0.4,-0.3,-0.4,-1.1,0.4,-0.5,-0.7,-0.9,0.2,-0.3,-0.7,-0.6,0.6,0,0.3,0.1,0.1,0.2,0.2,-0.1,0.1,0,0.1,0.1,0.1,-0.1,0.6,0.1,0.1,0.4,0,0,0.6,0.4,-0.3,0.1,0.5,0.3,0,0,0.6,0.6,0.1,-0.1,0.7,-1.5,-1.1,0,1.6,-0.8,-0.4,0.1,0.9,-1.6,-1,0.1,1.6,-1.9,-1.5,-0.1,2,2.4,118.84,7.7605,1.26,102.25,11172.9384,2604,22737.00977,0.14,3.5
2013/5/31,3.9,4.4,3.7,3.6,4,4.1,4.1,3.7,6.1,6.9,5.8,5.7,5.9,6,5.9,5.7,1.6,1.4,1.5,2,0.7,0.6,0.3,1.1,-4.8,-4.7,-5.1,-4.6,2.5,3.7,2.5,1.4,2.3,1.7,2.1,2.8,3.1,2.5,2.9,3.6,-0.1,-0.1,0,-0.1,-0.5,-0.7,-0.3,-0.4,0.4,0.4,0.5,0.4,1.4,1.3,1.5,1.3,-0.6,-0.3,-0.6,-1.6,-1.7,-1.4,-1.6,-2.1,0.4,0.3,0.3,0.5,0.4,0.8,0.4,0,0.1,0.1,0.1,0,-0.5,-0.2,-0.5,-0.6,4,4.4,3.7,4.3,-0.5,0.2,4.7,4.7,4.2,3.8,-0.3,0.2,3.8,4.2,3.6,4.6,-0.5,0.1,3.5,4.2,3.3,4.3,-0.6,0.3,5.2,5,4.2,6.8,-1,-0.2,5.6,5.2,4.2,7.2,-1.1,-0.1,5.1,5.1,4.4,6.9,-1,-0.3,4.5,4.6,3.8,5.8,-0.9,-0.1,5.9,5.3,5.2,6.3,0.8,0.9,6.6,6.3,6.3,5.6,0.6,0.6,5.6,4.8,5,6.9,1,0.8,5.4,4.8,4.2,6.4,0.9,1.5,4.9,4.7,4.6,-18.2,1.2,1.3,5.2,5,4.6,-23.1,1,1.4,4.8,4.4,4.3,-15.5,1.5,1.6,4.7,4.4,5.3,-10.1,1.3,0.4,2.2,1.4,1.1,-0.1,0.2,0.5,1.9,1.2,1.3,0.3,0.2,0.1,2.1,1.4,0.9,-0.2,0.1,0.6,3,1.9,0.6,-1.6,0.1,1.4,1.2,1.7,2,3.2,-1,-1.3,0.8,3.3,2.2,3.8,-2.7,-1.6,0.7,3,2.1,3.6,-2.7,-1.8,2,-0.6,1.7,2.4,1.7,-0.6,-5.3,-3.8,-1.4,-0.7,-1,-3.4,-5.3,-4,-2.1,-1.2,-0.7,-2.6,-5.6,-4.2,-1.4,-0.5,-0.9,-3.7,-4.9,-3.3,-0.9,-0.7,-1.3,-3.7,1.9,1.4,2.1,2,1.1,0.4,2.8,1.6,3.1,2.3,2.1,0.6,1.9,1.4,2.3,2,1.1,0.2,1,1,1,1.7,0.4,0.4,2.1,2.2,2.2,3.3,0.1,0.1,1.7,1.3,1.7,3.2,0.4,0,1.9,2,2.1,3.2,0.1,0,2.7,3,2.8,3.3,-0.2,0,2.8,6.1,2.8,3.2,-3,0.3,2.4,4.2,1.9,1.8,-1.7,0.6,2.7,6.1,2.7,3.1,-3.2,0.2,3,7.3,3.5,4.2,-3.7,0.1,0.9,1.1,0.3,0.1,0.9,0.9,0.3,0.2,0.8,1.1,0.3,0.1,0.9,1.2,0.3,-0.1,1.3,1.8,0.1,0.6,1.7,1.8,0,0.7,1.1,1.8,0.1,0.6,0.9,1.8,0.2,0.4,0.6,0.7,0.4,0.2,0.4,0.6,0.5,0.2,0.7,0.8,0.5,0.2,0.8,0.7,0.3,0.2,0.6,0,-0.1,0.4,0.5,0,-0.1,0.5,0.6,0.1,-0.1,0.4,0.6,0,-0.1,0.3,0.1,0.3,0.3,0,0,0.1,0.3,0.2,0,0.3,0.4,0.1,0.3,0.9,0,-0.6,8.4,-3.9,5.9,-1.2,6.1,-3.3,5.5,-1.1,6.7,-3.7,6,-1.2,11.9,-4.6,6.1,-1.2,-0.7,-1.1,0,-0.1,-0.7,-0.9,-0.1,-0.4,-0.6,-1.1,0,-0.2,-0.7,-1.1,0,0.2,1.1,0,0,-0.2,1.5,-0.1,-0.1,-0.1,1,0,0.1,-0.2,0.7,0.1,0,-0.3,0.4,0.5,-0.1,0,0.8,0.3,0,0,0.4,0.5,-0.1,-0.1,0.2,0.6,-0.2,-0.1,-0.1,3.1,-0.7,-0.8,-0.1,1.8,-0.5,-0.4,-0.1,3.2,-0.7,-0.7,0,3.8,-0.7,-1.1,2.1,119.06,7.7635,1.2665,102.56,13904,2341,22392.16016,0.09,3.5
2013/6/30,4.1,4.6,3.9,3.7,4.3,4.5,4.2,3.8,6.3,7.1,6.1,5.8,6.7,6.8,6.7,6.4,2,1.7,1.9,3,1.1,1.6,1.2,0.6,-5,-5.1,-5.3,-4.5,2.4,3.5,2.4,1.3,2,1.1,1.9,2.9,3.5,3,3.4,4,0.1,0.2,0.2,0.1,-0.1,-0.1,0,-0.1,0.4,0.4,0.5,0.4,-0.1,-0.1,-0.1,-0.1,0.4,0.2,0.4,1,-1,0,-0.3,-2.5,-0.9,-1,-1,-0.9,-0.1,-0.1,-0.2,-0.1,0,0,0.1,0,0.6,0.5,0.6,0.7,3.9,3.6,3.7,3.7,0.5,0.4,4.4,4,4.2,3.3,0.6,0.4,3.7,3.5,3.6,4,0.4,0.3,3.6,3.4,3.3,3.7,0.3,0.4,4,3.7,4.3,6.1,0.6,0,4.1,3.6,4.5,6.5,0.9,0,4.1,3.9,4.4,6.3,0.3,-0.2,3.7,3.6,3.7,5.2,0.2,0.1,6.1,5.2,5.1,5.8,1.1,1.2,6.9,6.2,6.2,5.2,0.9,0.9,5.8,4.9,4.7,6.4,1.2,1.4,5.7,4.5,4.3,5.8,1.3,1.5,5.9,5.1,4.1,-18.7,1.6,2.6,6,5.4,4.1,-23.6,1.4,2.7,5.9,4.9,3.7,-16.1,1.8,3,5.7,4.8,4.8,-10.6,1.6,1.6,1.6,2.1,0,0,-0.1,2,1.4,1.9,0.7,0.4,-0.2,1,1.5,2.1,-0.1,0,-0.2,2,2,2.7,-2.4,-1.1,0.3,5.4,0.7,0.5,3,3.2,0.6,-1.9,0.6,1.8,3.4,3.6,-0.2,-1.8,0.3,1.5,3.5,3.3,-0.3,-2.3,1.1,-1.4,2.3,2.7,2,-1.7,-4.8,-4.3,-2,-1.6,-0.7,-3,-4.7,-4.3,-2.6,-1.8,-0.8,-2.5,-5.1,-4.8,-2.1,-1.2,-0.5,-3.2,-4.6,-3.7,-1.5,-1.9,-0.8,-3,2.5,1,1.5,1.6,1.4,0.9,3.7,1.4,2.3,2.1,2.1,1.2,2.5,1,1.7,1.6,1.4,0.7,1.4,0.4,0.4,1.3,0.9,0.9,2.3,2.3,2.1,2.8,-0.3,-0.1,1.7,1.4,1.5,2.9,-0.3,-0.4,2.1,2.1,2,2.8,-0.2,-0.1,2.8,3.3,2.8,2.8,-0.4,0.1,3.1,4.5,3,2.6,-1,0.5,2.5,3.4,2,1.5,-0.4,1,2.9,4.5,2.9,2.4,-1.1,0.5,3.6,5,3.8,3.4,-1,0.2,-0.1,-0.2,0.5,-0.1,-0.1,-0.2,0.6,-0.1,0,-0.2,0.5,0,-0.1,-0.3,0.6,0,-0.5,-0.7,0.9,-0.3,-0.7,-0.9,1.1,-0.4,-0.3,-0.6,0.8,-0.1,-0.4,-0.6,0.7,-0.2,0.4,0.5,0.4,0.3,0.4,0.4,0.4,0.2,0.5,0.5,0.4,0.2,0.4,0.4,0.6,0.3,1.4,0.8,-0.3,-0.8,1.3,0.8,-0.3,-0.8,1.5,0.8,-0.3,-0.8,1.3,0.7,-0.3,-0.7,-0.6,0.8,-0.7,0,-0.3,0.7,-0.3,0,-0.6,0.8,-0.7,0,-1.6,0.9,-2.1,0.1,-1.7,1.3,-2.1,-1.4,-1.4,0.9,-1.3,-1,-1.6,1.1,-1.8,-1.2,-2.1,1.8,-2.8,-2,0.4,-0.4,-0.2,-0.8,0.3,-0.3,-0.1,-0.6,0.3,-0.5,-0.2,-0.8,0.5,-0.3,-0.4,-1,0.4,0,-0.1,0,0.8,0.2,0.1,0.1,0.4,0,-0.1,0,0,-0.1,-0.3,-0.1,0.1,0.4,0.4,0.3,0.1,0.4,0.2,0.6,0.1,0.3,0.3,0.3,0,0.6,0.6,0,-0.5,-1.5,1.4,0.2,-0.2,-0.8,0.7,0.1,-0.5,-1.6,1.4,0.1,-0.6,-1.9,1.7,0.3,2.7,121.88,7.7565,1.2635,102.92,15390,2166,20803.28906,0.07,3.5
2013/7/31,6.9,12,5,4,4.1,4.3,4.1,3.6,15.1,32.4,9.3,6.2,9.3,9.8,9.1,8.4,2.2,1.7,2.1,3.3,1.6,2,1.3,1.6,-5,-5.1,-5.4,-4.5,2.3,3.4,2,1.5,2.7,1.8,2.7,3.4,3.9,3.2,3.8,4.3,0.5,0.4,0.5,0.6,0.2,0.2,0.2,0.2,0.6,0.6,0.6,0.6,1,1.2,1,0.9,0.4,0.2,0.4,1,-3.7,-3.1,-3.2,-4.5,0.2,0.2,0.2,0.3,-0.3,-0.1,-0.4,-0.2,1.2,1.2,1.2,1.2,1.8,1,2,2.2,4.1,4,3,1.6,2.9,3.9,4.6,4.7,3.8,-2.4,7.3,8.2,3.9,3.8,2.8,3.5,1.2,2.2,3.7,3.5,2.4,3.7,0.5,1.6,4.3,5.2,3.7,5.9,-1.1,0.4,4.5,5.6,3.9,6.1,-1.3,0.4,4.2,5.1,3.8,6.1,-1,0.3,3.8,4.5,3,5.1,-0.9,0.6,6.3,5.9,5.1,-2.2,9.2,10,7.1,6.6,6.1,-14.8,25.8,26.3,6.1,5.6,4.6,3.2,3.7,4.7,5.8,5.4,4.6,5.4,0.8,1.6,6.7,4.9,5,3.4,4.4,4.3,6.8,5.2,5.4,2.8,4.6,4.4,6.7,4.8,4.7,3.5,4.3,4.4,6.4,4.7,4.6,4.7,3.7,3.8,2,2.2,1.2,0.1,0,1,1.7,1.9,1.4,0.5,-0.2,0.3,1.9,2.1,1.1,0.1,0,1,3,3,0.7,-1,0.3,2.6,1.1,1.2,2.4,2.4,0.4,-0.8,1.6,0.8,3.4,2.6,1.2,-1.4,1.2,0.7,3.5,2.7,0.6,-2.2,0.6,2,0.7,1.8,-0.4,0.9,-5,-5.3,-2.4,-0.9,0.3,-2.6,-5.1,-5.3,-2.8,-1.2,0.2,-2.3,-5.3,-5.6,-2.6,-0.5,0.2,-2.8,-4.5,-4.9,-1.8,-1.2,0.4,-2.7,2.4,1.9,1.9,1.7,0.4,0.4,3.5,2.8,2.2,2.2,0.6,1.2,2.4,1.9,2.1,1.7,0.1,-0.1,1.3,1,1.4,1.1,0.5,0.1,2,2.1,1.3,2.3,0.6,1.4,1.1,1.7,0.6,2.3,0.1,1.2,1.9,1.9,1.2,2.3,0.8,1.5,2.9,2.7,2,2.3,0.7,1.4,3.5,2.8,0,2.2,1.1,3.9,3,2.4,0.5,1.3,0.8,2.7,3.4,2.7,-0.2,2.1,1.1,4,4,3,0,2.9,1.3,4.3,0.1,0.9,0.2,-2.1,0.2,0.9,0.5,-6.2,0.2,0.8,0.2,-0.5,0.1,0.9,-0.1,0.3,-0.1,1.3,0.8,0.4,-0.1,1.7,0.8,0.4,0,1.1,0.8,0.3,-0.1,0.9,0.7,0.3,0.4,0.6,0.6,-7.1,0.4,0.4,0.5,-18.6,0.5,0.7,0.5,-2.3,0.4,0.8,0.9,0.2,-0.1,0.6,4.6,-1.3,-0.1,0.5,4.8,-1.6,-0.1,0.6,4.5,-1.2,-0.1,0.6,4.5,-1,0.4,0.1,0.7,0.2,0.2,0,0.4,0.2,0.4,0,0.7,0.2,1,0.3,1.7,0.6,-1,8.4,-4.8,-4.2,0,6.1,-3.8,-3.4,-0.3,6.7,-3.7,-3.3,-2.5,11.9,-6.6,-5.5,-0.9,-0.7,-0.6,0.3,-1,-0.7,-0.4,0.2,-1,-0.6,-0.7,0.3,-0.9,-0.7,-0.7,0.3,-0.1,1.1,0.3,-0.2,-0.1,1.5,0.2,0,-0.2,1,0.1,-0.1,-0.1,0.7,0.6,-0.5,0,0.4,0,0.5,0,0.8,-0.3,0.5,0.1,0.4,0,0.4,0,0.2,0.1,0.6,0.6,-0.1,-1.1,1.5,0.5,-0.1,-0.4,0.7,0.6,-0.1,-1,1.6,0.7,0,-1.5,1.9,2.7,120.95,7.7545,1.266,107.93,15845,2012,21883.66016,0.09,3.5
2013/8/31,4.5,4.9,4.4,4.3,4.3,4.6,4.3,4,6.8,7.3,6.7,6.6,10.2,11,9.9,9.1,1,1.1,1,0.5,1.4,2.1,1.5,0.8,-4.2,-4.3,-4.8,-3.5,2.5,3.5,2.3,1.8,2.7,2.6,2.6,2.8,4.2,3.5,4.3,4.7,-2.3,-6.4,-0.6,0.3,0.1,0.2,0,0.2,-6.9,-18.6,-2.1,0.6,0.4,0.4,0.4,0.4,-0.7,-0.4,-0.7,-1.6,-1.7,-1.1,-1.3,-2.4,0,0,0,-0.1,0.4,0.2,0.5,0.5,0,0.1,0,0,0.6,0.4,0.6,0.7,6.9,3.9,4.4,3.7,0.6,0.1,12,4.4,4.7,4.1,0.5,0.2,5,3.7,4.2,3.8,0.7,0.2,4,3.6,4.2,3.2,0.7,0.1,4.1,4,5,5.2,0.3,-0.7,4.3,4.1,5.2,5.3,0.5,-0.6,4.1,4.1,5.1,5.4,0.2,-0.8,3.6,3.7,4.6,4.4,0.3,-0.6,15.1,6.1,5.3,5.2,0.7,1.5,32.4,6.9,6.3,5.7,0.4,1,9.3,5.8,4.8,5.3,0.9,1.9,6.2,5.7,4.8,4.6,0.9,1.8,9.3,5.9,4.7,3.6,4.3,5.5,9.8,6,5,3,5,6,9.1,5.9,4.4,3.8,4,5.5,8.4,5.7,4.4,4.9,3.4,4.7,2.2,1.6,1.4,0.8,-0.6,-0.4,1.7,1.4,1.2,0.9,-0.3,-0.1,2.1,1.5,1.4,0.7,-0.5,-0.4,3.3,2,1.9,0.6,-1.5,-1.4,1.6,0.7,1.7,2.8,0.7,-0.3,2,0.6,3.3,3.7,1.5,-1.2,1.3,0.3,3,3.4,1.2,-1.5,1.6,1.1,-0.6,1.5,-0.3,1.4,-5,-4.8,-3.8,-1.3,0.6,-0.4,-5.1,-4.7,-4,-1.5,0.4,-0.3,-5.4,-5.1,-4.2,-0.8,0.3,-0.6,-4.5,-4.6,-3.3,-1.8,1.1,-0.2,2.3,2.5,1.4,1.2,0,1.1,3.4,3.7,1.6,2,-0.2,1.9,2,2.5,1.4,1.1,-0.2,0.9,1.5,1.4,1,0.5,0.4,0.8,2.7,2.3,2.2,2.1,0.4,0.5,1.8,1.7,1.3,1.6,0.9,1.3,2.7,2.1,2,2,0.5,0.6,3.4,2.8,3,2.6,0,-0.2,3.9,3.1,6.1,1.8,1.1,-1.9,3.2,2.5,4.2,1.1,1,-0.7,3.8,2.9,6.1,1.6,1.4,-1.8,4.3,3.6,7.3,2.4,1.1,-2.6,0.5,-0.1,1.1,0,0.4,-0.1,0.9,-0.1,0.5,0,1.1,0,0.6,-0.1,1.2,0.1,0.2,-0.5,1.8,-0.1,0.2,-0.7,1.8,-0.1,0.2,-0.3,1.8,-0.2,0.2,-0.4,1.8,-0.1,0.6,0.4,0.7,0.3,0.6,0.4,0.6,0.3,0.6,0.5,0.8,0.2,0.6,0.4,0.7,0.2,1,1.4,0,-0.5,1.2,1.3,0,-0.6,1,1.5,0.1,-0.4,0.9,1.3,0,-0.3,0.4,-0.6,0.3,0.4,0.2,-0.3,0.1,0.3,0.4,-0.6,0.3,0.4,1,-1.6,0.9,1.2,-3.7,-1.7,-3.9,-1.5,-3.1,-1.4,-3.3,-1.3,-3.2,-1.6,-3.7,-1.5,-4.5,-2.1,-4.6,-1.6,0.2,0.4,-1.1,-0.9,0.2,0.3,-0.9,-0.8,0.2,0.3,-1.1,-0.7,0.3,0.5,-1.1,-1.1,-0.3,0.4,0,0.2,-0.1,0.8,-0.1,0.2,-0.4,0.4,0,0.2,-0.2,0,0.1,0.3,1.2,0.1,0.5,0,1.2,0.1,0.3,-0.6,1.2,0.1,0.5,0,1.2,0,0.6,0.6,1.8,-0.5,3.1,0.2,1,-0.2,1.8,0.1,2,-0.5,3.2,0.2,2.2,-0.6,3.8,0.4,2.6,119.85,7.7525,1.27,111.28,16223.9148,2131,21731.36914,0.07,3.5
2013/9/30,4.6,5.1,4.5,4.2,5.3,5.9,5.1,4.8,6.4,6.2,6.6,6.4,9.2,10,8.9,8.2,1,1,1,1,1.8,2.5,2.2,0.9,-4.8,-4.8,-5.2,-4.3,2.8,4,2.5,1.8,2.9,2.9,2.8,3.1,3.5,3.4,3.5,3.7,0.5,0.8,0.4,0.2,1,1.2,0.9,0.7,0.5,0.7,0.5,0.3,-1,-1,-1,-0.9,-0.1,-0.1,-0.1,0,2.1,2.1,2.1,2.1,-0.6,-0.8,-0.7,-0.4,0.9,1.3,1,0.5,0,0,0,0,-0.1,0.9,-0.3,-0.5,4.5,4.1,3.6,3.8,0.5,1,4.9,4.6,4,4.3,0.5,1.1,4.4,3.9,3.5,3.9,0.6,1,4.3,3.7,3.4,3.3,0.5,0.8,4.3,4.3,3.7,4.4,1,1.6,4.6,4.5,3.6,4.5,1.4,2.3,4.3,4.2,3.9,4.8,0.9,1.2,4,3.8,3.6,3.8,1,1.2,6.8,6.3,5.2,5.6,0.1,1.2,7.3,7.1,6.2,6.9,-0.9,0,6.7,6.1,4.9,5.3,0.5,1.7,6.6,5.8,4.5,4.6,0.6,1.9,10.2,6.7,5.1,3.7,2.5,4.1,11,6.8,5.4,3,3.2,4.6,9.9,6.7,4.9,3.8,2.2,4,9.1,6.4,4.8,4.9,1.8,3.4,1,2,2.1,0.7,-1,-1.1,1.1,1.7,1.9,0.9,-0.7,-0.9,1,1.9,2.1,0.6,-0.9,-1.1,0.5,3,2.7,0.2,-2,-1.7,1.4,1.1,0.5,2,0.7,1.3,2.1,1.6,1.8,3.7,0.9,0.7,1.5,1.2,1.5,3.4,1,0.7,0.8,0.6,-1.4,-0.5,0.3,2.3,-4.2,-5,-4.3,-1.4,0.2,-0.5,-4.3,-5.1,-4.3,-1.9,0.3,-0.5,-4.8,-5.3,-4.8,-1.3,0.1,-0.4,-3.5,-4.5,-3.7,-1.1,0.2,-0.6,2.5,2.4,1,1.2,0.4,1.8,3.5,3.5,1.4,2.4,0.5,2.6,2.3,2.4,1,1.1,0.1,1.5,1.8,1.3,0.4,0.3,0.5,1.4,2.7,2,2.3,2.1,0.9,0.6,2.6,1.1,1.4,1.5,1.8,1.5,2.6,1.9,2.1,2,0.9,0.7,2.8,2.9,3.3,2.6,0.2,-0.2,4.2,3.5,4.5,3,0,-1,3.5,3,3.4,2.1,0.4,0,4.3,3.4,4.5,2.9,0.1,-1,4.7,4,5,3.6,-0.3,-1.3,-2.3,0.1,-0.2,0.4,-6.4,0.2,-0.2,0.7,-0.6,0.2,-0.2,0.3,0.3,0.1,-0.3,0.3,0.1,-0.1,-0.7,0,0.2,-0.1,-0.9,0,0,0,-0.6,0.1,0.2,-0.1,-0.6,-0.1,-6.9,0.4,0.5,0.9,-18.6,0.4,0.4,1.7,-2.1,0.5,0.5,0.6,0.6,0.4,0.4,0.5,0.4,-0.1,0.8,0,0.4,-0.1,0.8,0,0.4,-0.1,0.8,0,0.4,-0.1,0.7,0,-0.7,0.4,0.8,-0.1,-0.4,0.2,0.7,0,-0.7,0.4,0.8,0,-1.6,1,0.9,-0.5,-1.7,-1,1.3,1.7,-1.1,0,0.9,1.7,-1.3,-0.3,1.1,1.4,-2.4,-2.5,1.8,2,0,-0.9,-0.4,-0.1,0,-1,-0.3,-0.4,0,-1,-0.5,-0.3,-0.1,-0.9,-0.3,0.5,0.4,-0.1,0,0.7,0.2,-0.1,0.2,0.8,0.5,-0.2,0,0.7,0.5,-0.1,-0.1,0.4,0,0,0.4,-0.2,0.1,0,0.4,-0.3,0,0.1,0.3,-0.2,0,0,0.6,-0.2,0.6,0.6,-1.5,0.6,0.4,0.5,-0.8,1,0.6,0.6,-1.6,0.5,0.7,0.7,-1.9,0.5,3.1,120,7.7535,1.269,111.6,14701,2151,22859.85938,0.06,3.5
2013/10/31,4.3,4.5,4.4,4.1,4.5,4.8,4.3,4.2,6.2,5.6,6.6,6.5,6.7,7,6.6,6.3,1.2,1.2,1.2,1.1,2.4,3.9,4,-0.1,-4.1,-3.8,-4.4,-3.8,2.7,4.2,2.3,1.7,2.4,2.4,2.4,2.4,4,3.5,3.8,4.5,2.7,7,1.1,0.4,-0.4,-0.6,-0.3,-0.1,8.3,23.5,3.1,0.4,-0.8,-0.6,-0.9,-0.9,0.3,0.2,0.3,0.7,4.6,3.9,4.4,5.2,-0.1,-0.1,-0.2,-0.1,0,0.1,-0.1,0,-0.5,-0.4,-0.4,-0.7,0.5,0.3,0.4,0.7,4.6,6.9,4,3.8,-2.6,0.3,5.1,12,4.7,4.3,-7.5,-0.2,4.5,5,3.8,3.7,-0.6,0.6,4.2,4,3.5,3.2,0.1,0.6,5.3,4.1,5.2,4.2,0.4,-0.7,5.9,4.3,5.6,4.2,0.5,-0.8,5.1,4.1,5.1,4.5,0.2,-0.8,4.8,3.6,4.5,3.7,0.6,-0.3,6.4,15.1,5.9,5.3,-8.9,0.3,6.2,32.4,6.6,6.5,-26.8,-1,6.6,9.3,5.6,5.2,-2.7,1,6.4,6.2,5.4,4.3,0.3,1.1,9.2,9.3,4.9,5,-2.6,1.8,10,9.8,5.2,5,-2.8,1.8,8.9,9.1,4.8,4.8,-2.5,1.8,8.2,8.4,4.7,5.7,-2.1,1.6,1,2.2,2.2,0.6,-1,-1,1,1.7,1.9,0.9,-0.5,-0.7,1,2.1,2.1,0.5,-0.9,-0.9,1,3.3,3,0,-2.2,-1.9,1.8,1.6,1.2,0.6,0.8,1.2,2.5,2,0.8,1.4,1.9,3.1,2.2,1.3,0.7,1.1,2.7,3.3,0.9,1.6,2,-0.3,-1.7,-2.1,-4.8,-5,-5.3,-1.8,0.9,1.2,-4.8,-5.1,-5.3,-2.3,1.3,1.5,-5.2,-5.4,-5.6,-1.7,1,1.2,-4.3,-4.5,-4.9,-1.5,0.7,1.1,2.8,2.3,1.9,2.2,0.4,0.8,4,3.4,2.8,3.1,0.8,1.4,2.5,2,1.9,2.4,0.3,0.4,1.8,1.5,1,1.2,0.2,0.7,2.9,2.7,2.1,2.3,-0.3,0.3,2.9,1.8,1.7,1.7,0.6,0.7,2.8,2.7,1.9,2.2,-0.3,0.5,3.1,3.4,2.7,2.9,-1,-0.3,3.5,3.9,2.8,3,0.1,1.2,3.4,3.2,2.4,2.1,0.3,1.1,3.5,3.8,2.7,3,0,1.1,3.7,4.3,3,3.7,0.2,1.5,0.5,0.5,0.9,3,0.8,0.4,0.9,7.6,0.4,0.5,0.8,1.2,0.2,0.6,0.9,0.4,1,0.2,1.3,0.4,1.2,0.2,1.7,0.4,0.9,0.2,1.1,0.4,0.7,0.2,0.9,0.5,0.5,0.6,0.6,8.5,0.7,0.6,0.4,24.3,0.5,0.6,0.7,3.1,0.3,0.6,0.8,0.3,-1,1,0.6,1.5,-1,1.2,0.5,2.1,-1,1,0.6,1.2,-0.9,0.9,0.6,1,-0.1,0.4,0.1,0.2,-0.1,0.2,0,0.1,-0.1,0.4,0,0.1,0,1,0.3,0.6,2.1,-3.7,8.4,3.9,2.1,-3.1,6.1,2.5,2.1,-3.2,6.7,2.6,2.1,-4.5,11.9,6.2,-0.6,0.2,-0.7,-0.8,-0.8,0.2,-0.7,-1.1,-0.7,0.2,-0.6,-0.9,-0.4,0.3,-0.7,-0.6,0.9,-0.3,1.1,0.1,1.3,-0.1,1.5,-0.1,1,-0.4,1,0.1,0.5,-0.2,0.7,0.1,0,1.2,0.4,0,0,1.2,0.8,0.1,0,1.2,0.4,0,0,1.2,0.2,-0.1,-0.1,1.8,-0.1,0,0.9,1,-0.1,0.1,-0.3,2,-0.1,0.1,-0.5,2.2,0,-0.1,3.2,119.5,7.7525,1.27455,109.08,13143,2083,23206.36914,0.07,3.4
2013/11/30,4.3,4.4,4.4,4.2,4.4,4.7,4.4,4.1,6.1,5.4,6.4,6.3,7.1,7.5,7,6.6,0.8,0.8,0.9,0.8,2.7,3.5,3.9,0.9,-4,-3.7,-4.4,-3.8,2.8,4.4,2.3,1.9,2.3,2.3,2.3,2.3,4.4,3.8,4.3,4.9,0.3,0.2,0.3,0.3,0,-0.1,0.1,0.1,0.3,0.3,0.3,0.2,0.3,0.3,0.2,0.2,-0.1,0,0,-0.2,6.2,5.1,6,7.1,0,0.1,0,0.1,0.1,0.1,0.1,0.2,-0.2,-0.1,-0.3,-0.3,-0.3,-0.2,-0.2,-0.3,4.3,4.5,3.9,3.7,-0.2,0.4,4.5,4.9,4.4,4.2,-0.5,0,4.4,4.4,3.7,3.6,0,0.7,4.1,4.3,3.6,3.3,-0.1,0.6,4.5,4.3,4,4.2,0.1,0.4,4.8,4.6,4.1,4.2,0.1,0.6,4.3,4.3,4.1,4.4,0.1,0.3,4.2,4,3.7,3.8,0.1,0.4,6.2,6.8,6.1,5.2,-0.7,0,5.6,7.3,6.9,6.3,-1.9,-1.5,6.6,6.7,5.8,5,-0.3,0.6,6.5,6.6,5.7,4.2,-0.3,0.6,6.7,10.2,5.9,4.6,-3.1,1.2,7,11,6,4.6,-3.5,1.5,6.6,9.9,5.9,4.3,-2.9,1.1,6.3,9.1,5.7,5.3,-2.5,0.9,1.2,1,1.6,1.1,-0.2,-0.8,1.2,1.1,1.4,1.3,-0.3,-0.6,1.2,1,1.5,0.9,-0.1,-0.6,1.1,0.5,2,0.6,0.3,-1.2,2.4,1.4,0.7,2,1.3,2,3.9,2.1,0.6,2.2,1.4,2.9,4,1.5,0.3,2.1,2.4,3.6,-0.1,0.8,1.1,1.7,0.1,-0.2,-4.1,-4.2,-4.8,-1.4,0.2,0.8,-3.8,-4.3,-4.7,-2.1,0.6,1,-4.4,-4.8,-5.1,-1.4,0.4,0.7,-3.8,-3.5,-4.6,-0.9,-0.3,0.8,2.7,2.5,2.5,2.1,0.3,0.3,4.2,3.5,3.7,3.1,0.9,0.7,2.3,2.3,2.5,2.3,0,-0.2,1.7,1.8,1.4,1,0.1,0.5,2.4,2.7,2.3,2.2,-0.4,0,2.4,2.6,1.7,1.7,-0.3,0.6,2.4,2.6,2.1,2.1,-0.3,0.2,2.4,2.8,2.8,2.8,-0.5,-0.5,4,4.2,3.1,2.8,0.2,1.3,3.5,3.5,2.5,1.9,0.3,1.3,3.8,4.3,2.9,2.7,0,1.4,4.5,4.7,3.6,3.5,0.2,1.3,2.7,-2.3,-0.1,0.3,7,-6.4,-0.1,0.3,1.1,-0.6,0,0.3,0.4,0.3,-0.1,0.3,-0.4,0.1,-0.5,0.1,-0.6,0.2,-0.7,0,-0.3,0,-0.3,0.1,-0.1,0.2,-0.4,0.2,8.3,-6.9,0.4,0.4,23.5,-18.6,0.4,0.5,3.1,-2.1,0.5,0.5,0.4,0.6,0.4,0.3,-0.8,0.4,1.4,-0.1,-0.6,0.4,1.3,-0.1,-0.9,0.4,1.5,-0.1,-0.9,0.4,1.3,-0.1,0.3,-0.7,-0.6,0.3,0.2,-0.4,-0.3,0.3,0.3,-0.7,-0.6,0.4,0.7,-1.6,-1.6,0,4.6,-1.7,-1.7,5.9,3.9,-1.1,-1.4,5.5,4.4,-1.3,-1.6,6,5.2,-2.4,-2.1,6.1,-0.1,0,0.4,0,-0.1,0,0.3,-0.1,-0.2,0,0.3,0,-0.1,-0.1,0.5,0,0,0.4,0.4,0,0.1,0.2,0.8,-0.1,-0.1,0.5,0.4,0.1,0,0.5,0,0,-0.5,0,0.1,-0.1,-0.4,0.1,0.1,0,-0.4,0,0.1,-0.1,-0.7,0,0,-0.2,0.5,0.6,-0.5,-0.7,0.3,0.4,-0.2,-0.5,0.4,0.6,-0.5,-0.7,0.7,0.7,-0.6,-0.7,3,120.39,7.7525,1.2735,107.79,11149,2389,23881.28906,0.07,3.3
2013/12/31,4.3,4.3,4.4,4.1,4.1,4.3,4.2,3.8,5.9,5.3,6.3,5.9,7.3,7.7,7.2,6.7,1.4,1.1,1.3,2.2,2.2,2.7,3.1,1.1,-3.8,-3.7,-4.3,-3.3,2.7,4.2,2,2,2.6,2.4,2.6,2.6,4.6,4,4.5,5,0.4,0.4,0.5,0.4,0.6,0.8,0.7,0.4,0.3,0.3,0.3,0.1,-0.1,-0.1,-0.1,-0.1,-0.2,-0.1,-0.2,-0.7,-2.5,-2.1,-2.6,-2.6,0,-0.1,0,0.1,-0.2,-0.1,-0.3,-0.2,0.6,0.4,0.6,0.9,1.5,0.9,1.6,1.8,4.3,4.6,4.1,3.7,-0.3,0.2,4.4,5.1,4.6,4.2,-0.8,-0.3,4.4,4.5,3.9,3.6,-0.1,0.5,4.2,4.2,3.7,3.3,-0.1,0.4,4.4,5.3,4.3,4.3,-1.2,-0.2,4.7,5.9,4.5,4.5,-1.6,-0.2,4.4,5.1,4.2,4.4,-0.9,0,4.1,4.8,3.8,3.7,-1,0,6.1,6.4,6.3,5.1,-0.5,-0.4,5.4,6.2,7.1,6.2,-0.9,-1.8,6.4,6.6,6.1,4.7,-0.3,0.2,6.3,6.4,5.8,4.3,-0.5,0.1,7.1,9.2,6.7,4.1,-1.9,0.6,7.5,10,6.8,4.1,-2.3,0.9,7,8.9,6.7,3.7,-1.7,0.5,6.6,8.2,6.4,4.8,-1.5,0.3,0.8,1,2,0,0.4,-0.6,0.8,1,1.7,0.7,0.1,-0.6,0.9,1,1.9,-0.1,0.3,-0.6,0.8,1,3,-2.4,1.2,-0.8,2.7,1.8,1.1,3,0.4,1.1,3.5,2.5,1.6,3.4,0.2,1.1,3.9,2.2,1.2,3.5,0.9,1.9,0.9,0.9,0.6,2.3,0.2,0.5,-4,-4.8,-5,-2,1,1.2,-3.7,-4.8,-5.1,-2.6,1.1,1.4,-4.4,-5.2,-5.3,-2.1,0.9,1,-3.8,-4.3,-4.5,-1.5,1,1.2,2.8,2.8,2.4,1.5,-0.1,0.3,4.4,4,3.5,2.3,0.2,0.7,2.3,2.5,2.4,1.7,-0.5,-0.4,1.9,1.8,1.3,0.4,0.2,0.7,2.3,2.9,2,2.1,-0.3,0.6,2.3,2.9,1.1,1.5,-0.5,1.3,2.3,2.8,1.9,2,-0.2,0.7,2.3,3.1,2.9,2.8,-0.5,-0.3,4.4,3.5,3.5,3,1.1,1.1,3.8,3.4,3,2,0.6,1,4.3,3.5,3.4,2.9,1,1.1,4.9,3.7,4,3.8,1.3,1,0.3,0.5,0.1,0.5,0.2,0.8,0.2,0.6,0.3,0.4,0.2,0.5,0.3,0.2,0.1,0.6,0,1,-0.1,0.9,-0.1,1.2,-0.1,1.1,0.1,0.9,0,0.8,0.1,0.7,-0.1,0.7,0.3,0.5,0.4,0.4,0.3,0.7,0.4,0.4,0.3,0.5,0.5,0.4,0.2,0.3,0.4,0.6,0.3,-1,-0.1,-0.3,0.3,-1,-0.1,-0.3,0.2,-1,-0.1,-0.3,0.2,-0.9,-0.1,-0.3,-0.1,-0.1,0.4,-0.7,0,-0.1,0.2,-0.3,0,-0.1,0.4,-0.7,-0.2,0,1,-2.1,6.2,2.1,-1,-2.1,5.1,2.1,0,-1.3,6,2.1,-0.3,-1.8,7.1,2.1,-2.5,-2.8,0,-0.6,-0.9,-0.2,0.1,-0.8,-1,-0.1,0,-0.7,-1,-0.2,0.1,-0.4,-0.9,-0.4,0.1,0.9,-0.1,-0.1,0.1,1.3,-0.1,0.1,0.1,1,-0.2,-0.1,0.2,0.5,-0.1,-0.3,-0.2,0,0,0.4,-0.1,0,0,0.2,-0.3,0,0.1,0.3,-0.3,0,0,0.6,-0.3,-0.1,0.6,1.4,-0.2,0.9,0.5,0.7,-0.2,-0.3,0.6,1.4,-0.3,-0.5,0.7,1.7,2.5,119.07,7.7535,1.28,110.76,10629.4932,2646,23306.39063,0.07,3.1
2014/1/31,4.6,4.5,4.8,4.5,4.2,4.3,4.2,3.9,5.8,5.3,6.4,5.5,6.1,6.6,5.9,5.2,1.1,0.8,1.1,2,2,2,2.1,1.9,-3.8,-3.9,-4.1,-3.2,2.9,4.6,2.5,1.8,3,3.3,3,2.9,6.9,5.5,6.9,7.7,0.5,0.6,0.6,0.4,0.8,0.8,0.8,0.8,0.5,0.5,0.6,0.5,3.4,3.7,3.3,3,0.4,0.1,0.4,1.4,-5,-4.5,-4.6,-5.8,-0.6,-0.6,-0.6,-0.6,0.5,0.6,0.6,0.4,0.4,0.6,0.4,0.3,1.1,1.1,1.2,1,4.3,4.3,6.9,3,0.3,-2.3,4.3,4.5,12,3.8,0,-7.5,4.4,4.4,5,2.8,0.4,-0.2,4.1,4.1,4,2.4,0.4,0.5,4.1,4.5,4.1,3.7,-0.3,0.1,4.3,4.8,4.3,3.9,-0.5,0,4.2,4.3,4.1,3.8,-0.1,0.1,3.8,4.2,3.6,3,-0.3,0.3,5.9,6.2,15.1,5.1,-0.4,-9.3,5.3,5.6,32.4,6.1,-0.3,-27.1,6.3,6.6,9.3,4.6,-0.2,-2.9,5.9,6.5,6.2,4.6,-1,-0.7,7.3,6.7,9.3,5,-0.6,-3.2,7.7,7,9.8,5.4,-0.4,-3.2,7.2,6.6,9.1,4.7,-0.7,-3.2,6.7,6.3,8.4,4.6,-1.1,-3.2,1.4,1.2,2.2,1.2,-0.1,-1.1,1.1,1.2,1.7,1.4,-0.4,-0.9,1.3,1.2,2.1,1.1,-0.1,-1,2.2,1.1,3.3,0.7,0.9,-1.3,2.2,2.4,1.6,2.4,-0.4,0.4,2.7,3.9,2,3.4,-1.9,0,3.1,4,1.3,3.5,-1.9,0.8,1.1,-0.1,1.6,0.7,2,0.3,-3.8,-4.1,-5,-2.4,0.3,1.2,-3.7,-3.8,-5.1,-2.8,-0.1,1.2,-4.3,-4.4,-5.4,-2.6,0.3,1.3,-3.3,-3.8,-4.5,-1.8,0.6,1.3,2.7,2.7,2.3,1.9,0.2,0.6,4.2,4.2,3.4,2.2,0.4,1.2,2,2.3,2,2.1,0.2,0.5,2,1.7,1.5,1.4,0.1,0.3,2.6,2.4,2.7,1.3,0.6,0.3,2.4,2.4,1.8,0.6,0.9,1.5,2.6,2.4,2.7,1.2,0.6,0.3,2.6,2.4,3.4,2,0.5,-0.5,4.6,4,3.9,0,2.9,3,4,3.5,3.2,0.5,2,2.3,4.5,3.8,3.8,-0.2,3.1,3.1,5,4.5,4.3,0,3.2,3.4,0.4,2.7,0.5,0.2,0.4,7,0.4,0.5,0.5,1.1,0.5,0.2,0.4,0.4,0.6,-0.1,0.6,-0.4,0.2,0.8,0.8,-0.6,0.2,0.8,0.7,-0.3,0.2,0.8,0.4,-0.1,0.2,0.7,0.3,8.3,0.6,0.6,0.3,23.5,0.6,0.5,0.3,3.1,0.6,0.5,0.1,0.4,0.6,0.9,-0.1,-0.8,1,4.6,-0.1,-0.6,1.2,4.8,-0.1,-0.9,1,4.5,-0.1,-0.9,0.9,4.5,-0.2,0.3,0.4,0.7,-0.1,0.2,0.2,0.4,-0.2,0.3,0.4,0.7,-0.7,0.7,1,1.7,-2.5,4.6,-3.7,-4.8,-2.1,3.9,-3.1,-3.8,-2.6,4.4,-3.2,-3.7,-2.6,5.2,-4.5,-6.6,0,-0.1,0.2,-0.6,-0.1,-0.1,0.2,-0.4,0,-0.2,0.2,-0.7,0.1,-0.1,0.3,-0.7,-0.2,0,-0.3,0.3,-0.1,0.1,-0.1,0.2,-0.3,-0.1,-0.4,0.1,-0.2,0,-0.2,0.6,0.6,-0.5,1.2,0,0.4,-0.4,1.2,-0.3,0.6,-0.4,1.2,0,0.9,-0.7,1.2,0.1,1.5,0.5,1.8,-1.1,0.9,0.3,1,-0.4,1.6,0.4,2,-1,1.8,0.7,2.2,-1.5,2.5,117.56,7.7655,1.284,108.12,10520.7516,3071,22035.41992,0.07,2.9
2014/2/28,3.9,4.2,4,3.5,4.2,4.5,4.1,3.6,5.5,5.1,6,5.2,5.6,6.1,5.4,4.7,1.5,1.3,1.4,1.9,1.9,1.8,1.7,2.2,-3.1,-3.6,-3.4,-2.5,3.2,4.9,2.7,2.2,2.2,2.5,2.1,1.9,3.5,3.7,3.2,3.6,0.4,0.7,0.4,0.2,1.8,2,1.7,1.5,0.4,0.4,0.4,0.4,-0.5,-0.4,-0.5,-0.4,0.6,0.6,0.6,0.8,-4,-3.4,-4.1,-4.3,-0.4,-0.5,-0.4,-0.4,0.3,0.1,0.3,0.5,-0.4,-0.4,-0.3,-0.3,-0.2,0,-0.4,-0.2,4.6,4.3,4.5,4.4,-0.4,-0.6,4.5,4.4,4.9,4.7,-0.2,-0.7,4.8,4.4,4.4,4.2,-0.4,-0.4,4.5,4.2,4.3,4.2,-0.7,-0.8,4.2,4.4,4.3,5,-0.2,-0.1,4.3,4.7,4.6,5.2,-0.2,-0.1,4.2,4.4,4.3,5.1,-0.3,-0.2,3.9,4.1,4,4.6,-0.5,-0.4,5.8,6.1,6.8,5.3,-0.6,-1.3,5.3,5.4,7.3,6.3,-0.3,-2.2,6.4,6.4,6.7,4.8,-0.4,-0.7,5.5,6.3,6.6,4.8,-1.1,-1.4,6.1,7.1,10.2,4.7,-1.5,-4.6,6.6,7.5,11,5,-1.4,-4.9,5.9,7,9.9,4.4,-1.6,-4.5,5.2,6.6,9.1,4.4,-1.9,-4.4,1.1,0.8,1,1.4,0.7,0.5,0.8,0.8,1.1,1.2,0.5,0.2,1.1,0.9,1,1.4,0.5,0.4,2,0.8,0.5,1.9,1.1,1.4,2,2.7,1.4,1.7,-0.8,0.5,2,3.5,2.1,3.3,-1.7,-0.3,2.1,3.9,1.5,3,-2.2,0.2,1.9,0.9,0.8,-0.6,1.3,1.4,-3.8,-4,-4.2,-3.8,0.9,1.1,-3.9,-3.7,-4.3,-4,0.1,0.7,-4.1,-4.4,-4.8,-4.2,1,1.4,-3.2,-3.8,-3.5,-3.3,1.3,1,2.9,2.8,2.5,1.4,0.4,0.7,4.6,4.4,3.5,1.6,0.5,1.4,2.5,2.3,2.3,1.4,0.4,0.4,1.8,1.9,1.8,1,0.3,0.4,3,2.3,2.7,2.2,-0.1,-0.5,3.3,2.3,2.6,1.3,0.2,-0.1,3,2.3,2.6,2,-0.2,-0.5,2.9,2.3,2.8,3,-0.4,-0.9,6.9,4.4,4.2,6.1,-0.9,-0.7,5.5,3.8,3.5,4.2,-0.1,0.2,6.9,4.3,4.3,6.1,-1.1,-1.1,7.7,4.9,4.7,7.3,-1.3,-1.1,0.5,0.3,-2.3,1.1,0.6,0.2,-6.4,0.9,0.6,0.3,-0.6,1.1,0.4,0.3,0.3,1.2,0.8,0,0.1,1.8,0.8,-0.1,0.2,1.8,0.8,0.1,0,1.8,0.8,0.1,0.2,1.8,0.5,0.3,-6.9,0.7,0.5,0.3,-18.6,0.6,0.6,0.3,-2.1,0.8,0.5,0.2,0.6,0.7,3.4,0.3,0.4,0,3.7,0.3,0.4,0,3.3,0.2,0.4,0.1,3,0.2,0.4,0,0.4,-0.1,-0.7,0.3,0.1,0,-0.4,0.1,0.4,0,-0.7,0.3,1.4,-0.2,-1.6,0.9,-5,6.2,-1.7,-3.9,-4.5,5.1,-1.1,-3.3,-4.6,6,-1.3,-3.7,-5.8,7.1,-2.4,-4.6,-0.6,0,0,-1.1,-0.6,0.1,0,-0.9,-0.6,0,0,-1.1,-0.6,0.1,-0.1,-1.1,0.5,0.1,0.4,0,0.6,0.1,0.2,-0.1,0.6,0.1,0.5,0,0.4,0.2,0.5,0.1,0.4,-0.2,0,0.5,0.6,-0.1,0.1,0.3,0.4,-0.3,0,0.5,0.3,-0.3,0,0.6,1.1,-0.3,0.6,3.1,1.1,-0.2,0.4,1.8,1.2,-0.2,0.6,3.2,1,-0.3,0.7,3.8,2,117.77,7.7605,1.2598,108.9,9669,2971,22836.96094,0.06,2.9
2014/3/31,3.9,4.3,3.9,3.5,4.5,4.8,4.5,4,5.4,5,5.9,5.3,4.8,5.3,4.6,4.1,7.2,8,7.2,4.9,2.5,2,1.8,3.6,-3,-3.6,-3.3,-2.4,3.3,4.6,3,2.4,1.5,2.1,1.6,1,2.8,3,2.5,3,-0.2,-0.1,-0.3,-0.3,-0.4,-0.5,-0.3,-0.2,0.4,0.4,0.4,0.5,0,0,0.1,0,6.5,7.3,6.5,3.9,1.9,1.1,1.1,3.2,-0.3,-0.3,-0.3,-0.2,0.1,0,0.2,0.2,-0.2,-0.1,-0.2,-0.3,-2.2,-1.4,-2.3,-2.5,3.9,4.3,4.6,3.6,-0.4,-0.7,4.2,4.3,5.1,4,0,-0.8,4,4.4,4.5,3.5,-0.5,-0.6,3.5,4.1,4.2,3.4,-0.6,-0.7,4.2,4.1,5.3,3.7,0.4,-0.8,4.5,4.3,5.9,3.6,0.5,-1.1,4.1,4.2,5.1,3.9,0.3,-0.6,3.6,3.8,4.8,3.6,0.2,-0.8,5.5,5.9,6.4,5.2,-0.5,-1,5.1,5.3,6.2,6.2,-0.3,-1.2,6,6.3,6.6,4.9,-0.4,-0.7,5.2,5.9,6.4,4.5,-0.6,-1.1,5.6,7.3,9.2,5.1,-2.5,-4.4,6.1,7.7,10,5.4,-2.4,-4.7,5.4,7.2,8.9,4.9,-2.6,-4.3,4.7,6.7,8.2,4.8,-2.6,-4.1,1.5,1.4,1,2.1,5.8,6.2,1.3,1.1,1,1.9,6.9,7,1.4,1.3,1,2.1,5.9,6.2,1.9,2.2,1,2.7,2.7,3.9,1.9,2.2,1.8,0.5,0.3,0.7,1.8,2.7,2.5,1.8,-0.7,-0.5,1.7,3.1,2.2,1.5,-1.3,-0.4,2.2,1.1,0.9,-1.4,2.5,2.7,-3.1,-3.8,-4.8,-4.3,0.8,1.8,-3.6,-3.7,-4.8,-4.3,0.1,1.2,-3.4,-4.3,-5.2,-4.8,1,1.9,-2.5,-3.3,-4.3,-3.7,0.9,1.9,3.2,2.7,2.8,1,0.6,0.5,4.9,4.2,4,1.4,0.4,0.6,2.7,2,2.5,1,1,0.5,2.2,2,1.8,0.4,0.4,0.6,2.2,2.6,2.9,2.3,-1.1,-1.4,2.5,2.4,2.9,1.4,-0.3,-0.8,2.1,2.6,2.8,2.1,-1,-1.2,1.9,2.6,3.1,3.3,-1.6,-2.1,3.5,4.6,3.5,4.5,-1.8,-0.7,3.7,4,3.4,3.4,-1,-0.4,3.2,4.5,3.5,4.5,-2,-1,3.6,5,3.7,5,-2,-0.7,0.4,0.4,0.5,-0.2,0.7,0.4,0.8,-0.2,0.4,0.5,0.4,-0.2,0.2,0.4,0.2,-0.3,1.8,0.6,1,-0.7,2,0.8,1.2,-0.9,1.7,0.7,0.9,-0.6,1.5,0.4,0.7,-0.6,0.4,0.3,0.5,0.5,0.4,0.3,0.7,0.4,0.4,0.3,0.5,0.5,0.4,0.1,0.3,0.4,-0.5,-0.1,-1,0.8,-0.4,-0.1,-1,0.8,-0.5,-0.1,-1,0.8,-0.4,-0.1,-0.9,0.7,0.6,-0.2,-0.1,0.8,0.6,-0.1,-0.1,0.7,0.6,-0.2,-0.1,0.8,0.8,-0.7,0,0.9,-4,-2.5,2.1,1.3,-3.4,-2.1,2.1,0.9,-4.1,-2.6,2.1,1.1,-4.3,-2.6,2.1,1.8,-0.4,0,-0.6,-0.4,-0.5,-0.1,-0.8,-0.3,-0.4,0,-0.7,-0.5,-0.4,0.1,-0.4,-0.3,0.3,-0.2,0.9,0,0.1,-0.1,1.3,0.2,0.3,-0.3,1,0,0.5,-0.2,0.5,-0.1,-0.4,0.6,0,0.4,-0.4,0.4,0,0.4,-0.3,0.6,0,0.3,-0.3,0.9,0,0.6,-0.2,1.5,-0.1,-1.5,0,0.9,0.9,-0.8,-0.4,1.6,-0.3,-1.6,-0.2,1.8,-0.5,-1.9,2.4,117.22,7.7565,1.249,107.48,11010,2590,22151.06055,0.06,3.1
2014/4/30,3.7,3.9,3.8,3.5,3.8,3.8,4,3.5,5.1,4.9,5.5,4.7,4.4,4.8,4.3,3.8,7.1,7.9,7.1,4.6,1.7,0.7,0.4,3.6,-2.5,-3,-2.9,-1.6,2.3,3.2,2,1.8,1.8,2.4,1.9,1.2,3.7,3.5,3.5,4.1,0.7,0.6,0.7,0.9,0.6,0.7,0.6,0.4,0.3,0.3,0.4,0.2,0.2,0,0.4,0.4,-0.1,0,-0.1,-0.1,7.6,4.7,5.3,11.9,-0.1,-0.2,-0.2,0,0.1,0.2,0,0.1,0.7,1.1,0.8,0.4,0.8,0.4,0.8,1.1,3.9,4.6,4.3,4,-0.9,-0.6,4.3,4.5,4.5,4.7,-0.6,-0.6,3.9,4.8,4.4,3.8,-1,-0.6,3.5,4.5,4.1,3.5,-1,-0.6,4.5,4.2,4.5,5.2,-0.4,-0.7,4.8,4.3,4.8,5.6,-0.5,-1,4.5,4.2,4.3,5.1,-0.2,-0.3,4,3.9,4.2,4.5,-0.4,-0.7,5.4,5.8,6.2,5.9,-0.7,-1.1,5,5.3,5.6,6.6,-0.4,-0.7,5.9,6.4,6.6,5.6,-0.9,-1.1,5.3,5.5,6.5,5.4,-0.8,-1.8,4.8,6.1,6.7,4.9,-1.7,-2.3,5.3,6.6,7,5.2,-1.8,-2.2,4.6,5.9,6.6,4.8,-1.6,-2.3,4.1,5.2,6.3,4.7,-1.4,-2.5,7.2,1.1,1.2,2.2,6,5.9,8,0.8,1.2,1.9,7.1,6.7,7.2,1.1,1.2,2.1,6,5.9,4.9,2,1.1,3,2.6,3.5,2.5,2,2.4,1.2,-0.3,-0.7,2,2,3.9,0.8,-1.3,-3.2,1.8,2.1,4,0.7,-1.7,-3.6,3.6,1.9,-0.1,2,1.7,3.7,-3,-3.8,-4.1,-5.3,1.3,1.6,-3.6,-3.9,-3.8,-5.3,0.9,0.8,-3.3,-4.1,-4.4,-5.6,1.2,1.5,-2.4,-3.2,-3.8,-4.9,1.6,2.2,3.3,2.9,2.7,1.9,-0.6,-0.4,4.6,4.6,4.2,2.8,-1.4,-1,3,2.5,2.3,1.9,-0.5,-0.3,2.4,1.8,1.7,1,0,0.1,1.5,3,2.4,2.1,-1.2,-0.6,2.1,3.3,2.4,1.7,-0.9,0,1.6,3,2.4,1.9,-1.1,-0.5,1,2.9,2.4,2.7,-1.7,-1.2,2.8,6.9,4,2.8,-3.2,-0.3,3,5.5,3.5,2.4,-2,0,2.5,6.9,3.8,2.7,-3.4,-0.3,3,7.7,4.5,3,-3.6,-0.4,-0.2,0.5,2.7,0.9,-0.1,0.6,7,0.9,-0.3,0.6,1.1,0.8,-0.3,0.4,0.4,0.9,-0.4,0.8,-0.4,1.3,-0.5,0.8,-0.6,1.7,-0.3,0.8,-0.3,1.1,-0.2,0.8,-0.1,0.9,0.4,0.5,8.3,0.6,0.4,0.5,23.5,0.4,0.4,0.6,3.1,0.7,0.5,0.5,0.4,0.8,0,3.4,-0.8,0.6,0,3.7,-0.6,0.5,0.1,3.3,-0.9,0.6,0,3,-0.9,0.6,6.5,0.4,0.3,0.1,7.3,0.1,0.2,0,6.5,0.4,0.3,0,3.9,1.4,0.7,0.3,1.9,-5,4.6,8.4,1.1,-4.5,3.9,6.1,1.1,-4.6,4.4,6.7,3.2,-5.8,5.2,11.9,-0.3,-0.6,-0.1,-0.7,-0.3,-0.6,-0.1,-0.7,-0.3,-0.6,-0.2,-0.6,-0.2,-0.6,-0.1,-0.7,0.1,0.5,0,1.1,0,0.6,0.1,1.5,0.2,0.6,-0.1,1,0.2,0.4,0,0.7,-0.2,0.4,-0.5,0.4,-0.1,0.6,-0.4,0.8,-0.2,0.4,-0.4,0.4,-0.3,0.3,-0.7,0.2,-2.2,1.1,0.5,-0.1,-1.4,1.1,0.3,-0.1,-2.3,1.2,0.4,-0.1,-2.5,1,0.7,0,1.8,118.4,7.7525,1.23795,107.76,11370,2660,22133.9707,0.09,3.2
2014/5/31,3.7,3.9,3.7,3.5,4.2,4.3,4.2,3.8,5,4.8,5.4,4.7,3.4,3.9,3.2,2.8,8.1,8.5,8,7,2.9,1.4,1.2,5.7,-2.9,-3.4,-3.4,-2.1,1.8,2.4,1.6,1.6,2.1,2.5,2.1,1.6,3.1,2.9,2.9,3.4,-0.1,-0.1,-0.1,-0.1,-0.2,-0.3,-0.1,-0.1,0.3,0.3,0.3,0.4,0.4,0.4,0.4,0.4,0.3,0.2,0.3,0.7,-0.5,-0.7,-0.8,-0.1,-0.1,-0.1,-0.2,-0.1,-0.1,0,0,-0.1,0.3,0.1,0.3,0.4,-1.1,-0.8,-1.1,-1.2,3.7,3.9,4.3,3.9,-0.2,-0.6,3.9,4.2,4.4,4.4,-0.3,-0.5,3.8,4,4.4,3.7,-0.3,-0.7,3.5,3.5,4.2,3.6,0,-0.7,3.8,4.2,4.4,4,0,-0.2,3.8,4.5,4.7,4.1,-0.2,-0.4,4,4.1,4.4,4.1,0.1,-0.2,3.5,3.6,4.1,3.7,0.2,-0.3,5.1,5.5,6.1,6.1,-0.5,-1.1,4.9,5.1,5.4,6.9,-0.3,-0.6,5.5,6,6.4,5.8,-0.6,-1,4.7,5.2,6.3,5.7,-0.5,-1.6,4.4,5.6,7.1,5.9,-2.2,-3.7,4.8,6.1,7.5,6,-2.2,-3.6,4.3,5.4,7,5.9,-2.2,-3.8,3.8,4.7,6.6,5.7,-1.9,-3.8,7.1,1.5,0.8,1.6,6.6,7.3,7.9,1.3,0.8,1.4,7.2,7.7,7.1,1.4,0.9,1.5,6.6,7.1,4.6,1.9,0.8,2,5.1,6.2,1.7,1.9,2.7,0.7,1,0.2,0.7,1.8,3.5,0.6,-0.4,-2.1,0.4,1.7,3.9,0.3,-0.5,-2.7,3.6,2.2,0.9,1.1,3.5,4.8,-2.5,-3.1,-4,-4.8,0.2,1.1,-3,-3.6,-3.7,-4.7,0.2,0.3,-2.9,-3.4,-4.4,-5.1,0,1,-1.6,-2.5,-3.8,-4.6,0.4,1.7,2.3,3.2,2.8,2.5,-1.4,-1,3.2,4.9,4.4,3.7,-2.5,-2,2,2.7,2.3,2.5,-1.1,-0.7,1.8,2.2,1.9,1.4,-0.6,-0.3,1.8,2.2,2.3,2.3,-0.1,-0.2,2.4,2.5,2.3,1.7,0,0.2,1.9,2.1,2.3,2.1,0,-0.2,1.2,1.9,2.3,2.8,-0.3,-0.7,3.7,3.5,4.4,3.1,-0.4,-1.3,3.5,3.7,3.8,2.5,-0.8,-0.9,3.5,3.2,4.3,2.9,-0.3,-1.4,4.1,3.6,4.9,3.6,-0.2,-1.5,0.7,0.4,0.3,-0.1,0.6,0.7,0.2,-0.1,0.7,0.4,0.3,0,0.9,0.2,0.3,-0.1,0.6,1.8,0,-0.5,0.7,2,-0.1,-0.7,0.6,1.7,0.1,-0.3,0.4,1.5,0.1,-0.4,0.3,0.4,0.3,0.4,0.3,0.4,0.3,0.4,0.4,0.4,0.3,0.5,0.2,0.4,0.2,0.4,0.2,-0.5,0.3,1.4,0,-0.4,0.3,1.3,0.4,-0.5,0.2,1.5,0.4,-0.4,0.2,1.3,-0.1,0.6,-0.1,-0.6,0,0.6,0,-0.3,-0.1,0.6,0,-0.6,-0.1,0.8,-0.2,-1.6,7.6,-4,6.2,-1.7,4.7,-3.4,5.1,-1.4,5.3,-4.1,6,-1.6,11.9,-4.3,7.1,-2.1,-0.1,-0.4,0,0.4,-0.2,-0.5,0.1,0.3,-0.2,-0.4,0,0.3,0,-0.4,0.1,0.5,0.1,0.3,0.1,0.4,0.2,0.1,0.1,0.8,0,0.3,0.1,0.4,0.1,0.5,0.2,0,0.7,-0.4,-0.2,0.1,1.1,-0.4,-0.1,0.1,0.8,-0.3,-0.3,0.1,0.4,-0.3,-0.3,0,0.8,-0.2,-0.3,-0.5,0.4,0,-0.2,-0.2,0.8,-0.4,-0.2,-0.5,1.1,-0.2,-0.3,-0.6,2.5,119.07,7.7525,1.2415,109.54,14362.2252,2327,23081.65039,0.08,3.2
2014/6/30,3.6,3.7,3.6,3.5,4.2,4.3,4.2,4,4.8,4.6,5.2,4.6,2.4,2.9,2.1,1.9,7.8,8.2,7.8,6.8,2,0.7,0.6,4.3,-2.7,-3,-3.1,-1.9,1.9,2.4,1.6,1.8,2.4,2.8,2.4,2,3,2.7,2.8,3.3,0.1,0,0.1,0.1,0,-0.1,-0.1,0.1,0.3,0.2,0.3,0.3,-1.1,-1.1,-1.1,-1,0.2,0,0.2,0.8,-1.9,-0.7,-0.8,-3.8,-0.7,-0.6,-0.7,-0.7,-0.1,-0.1,-0.1,0,0.4,0.3,0.3,0.4,0.5,0.3,0.5,0.6,3.7,3.9,4.3,4.1,-0.3,-0.7,3.9,4.3,4.3,4.6,-0.6,-0.6,3.7,3.9,4.4,3.9,-0.3,-0.8,3.5,3.5,4.1,3.7,0,-0.6,4.2,4.5,4.1,4.3,-0.3,0.1,4.3,4.8,4.3,4.5,-0.5,0,4.2,4.5,4.2,4.2,-0.3,0,3.8,4,3.8,3.8,0,0.2,5,5.4,5.9,6.3,-0.6,-1.1,4.8,5,5.3,7.1,-0.4,-0.7,5.4,5.9,6.3,6.1,-0.7,-1.1,4.7,5.3,5.9,5.8,-0.7,-1.3,3.4,4.8,7.3,6.7,-2.4,-4.9,3.9,5.3,7.7,6.8,-2.4,-4.8,3.2,4.6,7.2,6.7,-2.5,-5.1,2.8,4.1,6.7,6.4,-2.2,-4.8,8.1,7.2,1.4,2,0.6,6.4,8.5,8,1.1,1.7,0.2,7.1,8,7.2,1.3,1.9,0.6,6.5,7,4.9,2.2,3,1.9,4.6,2.9,2.5,2.2,1.1,-0.5,-0.2,1.4,2,2.7,1.6,-1.3,-2,1.2,1.8,3.1,1.2,-1.2,-2.5,5.7,3.6,1.1,0.6,0.7,3.2,-2.9,-3,-3.8,-5,0.3,1.1,-3.4,-3.6,-3.7,-5.1,0.6,0.7,-3.4,-3.3,-4.3,-5.3,0.2,1.2,-2.1,-2.4,-3.3,-4.5,0.5,1.4,1.8,3.3,2.7,2.4,-1.4,-0.8,2.4,4.6,4.2,3.5,-2.2,-1.8,1.6,3,2,2.4,-1.4,-0.4,1.6,2.4,2,1.3,-0.6,-0.2,2.1,1.5,2.6,2,0.9,-0.2,2.5,2.1,2.4,1.1,0.7,0.4,2.1,1.6,2.6,1.9,0.8,-0.2,1.6,1,2.6,2.9,1,-0.6,3.1,2.8,4.6,3.5,0.2,-1.6,2.9,3,4,3,-0.3,-1.3,2.9,2.5,4.5,3.4,0.3,-1.7,3.4,3,5,4,0.3,-1.7,-0.1,-0.2,0.4,0.1,-0.1,-0.1,0.4,0.2,-0.1,-0.3,0.5,0.2,-0.1,-0.3,0.4,0.1,-0.2,-0.4,0.6,-0.1,-0.3,-0.5,0.8,-0.1,-0.1,-0.3,0.7,0,-0.1,-0.2,0.4,-0.1,0.3,0.4,0.3,0.4,0.3,0.4,0.3,0.4,0.3,0.4,0.3,0.5,0.4,0.5,0.1,0.4,0.4,0,-0.1,-0.1,0.4,0,-0.1,-0.1,0.4,0.1,-0.1,-0.1,0.4,0,-0.1,-0.1,0.3,6.5,-0.2,0.4,0.2,7.3,-0.1,0.2,0.3,6.5,-0.2,0.4,0.7,3.9,-0.7,1,-0.5,1.9,-2.5,-1,-0.7,1.1,-2.1,0,-0.8,1.1,-2.6,-0.3,-0.1,3.2,-2.6,-2.5,-0.1,-0.3,0,-0.9,-0.1,-0.3,-0.1,-1,-0.2,-0.3,0,-1,-0.1,-0.2,0.1,-0.9,-0.1,0.1,-0.2,-0.1,0,0,-0.1,-0.1,0,0.2,-0.3,-0.2,-0.1,0.2,-0.2,-0.1,0.3,-0.2,0.6,0,0.1,-0.1,0.4,0,0.3,-0.2,0.6,0.1,0.4,-0.3,0.9,0,-1.1,-2.2,1.5,0.6,-0.8,-1.4,0.9,0.5,-1.1,-2.3,1.6,0.6,-1.2,-2.5,1.8,0.7,2.3,121.19,7.7505,1.248,111.8,16047,2145,23190.7207,0.09,3.3
2014/7/31,4,4.6,4,3.5,4.1,4.1,4.1,3.9,4.6,4.4,5,4.3,24.8,30.1,22.4,17,7,7.8,7,4.7,2,0.9,0.9,3.8,-3.1,-3.5,-3.6,-2.4,2.9,2.9,3,2.8,2.3,2.9,2.1,1.9,2.7,2.5,2.5,3,1,1.3,0.9,0.7,0.1,0.1,0.1,0.1,0.4,0.4,0.4,0.3,23.1,27.9,21,15.7,-0.3,-0.2,-0.3,-1,-3.7,-2.9,-3,-5,-0.3,-0.2,-0.4,-0.2,0.7,0.5,0.8,0.7,1.1,1.3,0.9,1,1.6,0.8,1.6,1.9,3.6,3.7,4.6,6.9,0.3,-0.6,3.7,3.9,4.5,12,0.7,0.1,3.6,3.8,4.8,5,0.2,-0.8,3.5,3.5,4.5,4,0,-1,4.2,3.8,4.2,4.1,0.3,-0.1,4.3,3.8,4.3,4.3,0.3,-0.2,4.2,4,4.2,4.1,0.1,-0.1,4,3.5,3.9,3.6,0.4,0,4.8,5.1,5.8,15.1,-0.5,-1.2,4.6,4.9,5.3,32.4,-0.5,-0.9,5.2,5.5,6.4,9.3,-0.5,-1.4,4.6,4.7,5.5,6.2,-0.4,-1.2,2.4,4.4,6.1,9.3,20.4,18.7,2.9,4.8,6.6,9.8,25.3,23.5,2.1,4.3,5.9,9.1,18.1,16.5,1.9,3.8,5.2,8.4,13.2,11.8,7.8,7.1,1.1,2.2,-0.1,5.9,8.2,7.9,0.8,1.7,-0.1,7,7.8,7.1,1.1,2.1,-0.1,5.9,6.8,4.6,2,3.3,0.1,2.7,2,1.7,2,1.6,0.3,0,0.7,0.7,2,2,0.2,-1.1,0.6,0.4,2.1,1.3,0.5,-1.2,4.3,3.6,1.9,1.6,0.2,1.9,-2.7,-2.5,-3.8,-5,-0.6,0.7,-3,-3,-3.9,-5.1,-0.5,0.4,-3.1,-2.9,-4.1,-5.4,-0.7,0.5,-1.9,-1.6,-3.2,-4.5,-0.8,0.8,1.9,2.3,2.9,2.3,0.6,0,2.4,3.2,4.6,3.4,-0.3,-1.7,1.6,2,2.5,2,1,0.5,1.8,1.8,1.8,1.5,1,1,2.4,1.8,3,2.7,0.5,-0.7,2.8,2.4,3.3,1.8,0.5,-0.4,2.4,1.9,3,2.7,0.2,-0.9,2,1.2,2.9,3.4,0.7,-1,3,3.7,6.9,3.9,-1,-4.2,2.7,3.5,5.5,3.2,-1,-3,2.8,3.5,6.9,3.8,-1,-4.4,3.3,4.1,7.7,4.3,-1.1,-4.7,0.1,0.7,0.5,0.5,0,0.6,0.6,0.4,0.1,0.7,0.6,0.5,0.1,0.9,0.4,0.6,0,0.6,0.8,0.2,-0.1,0.7,0.8,0.2,-0.1,0.6,0.8,0.2,0.1,0.4,0.8,0.2,0.3,0.3,0.5,0.6,0.2,0.3,0.5,0.6,0.3,0.4,0.6,0.6,0.3,0.2,0.5,0.6,-1.1,0.2,3.4,1,-1.1,0,3.7,1.2,-1.1,0.4,3.3,1,-1,0.4,3,0.9,0.2,-0.1,0.4,0.4,0,0,0.1,0.2,0.2,-0.1,0.4,0.4,0.8,-0.1,1.4,1,-1.9,7.6,-5,-3.7,-0.7,4.7,-4.5,-3.1,-0.8,5.3,-4.6,-3.2,-3.8,11.9,-5.8,-4.5,-0.7,-0.1,-0.6,0.2,-0.6,-0.2,-0.6,0.2,-0.7,-0.2,-0.6,0.2,-0.7,0,-0.6,0.3,-0.1,0.1,0.5,-0.3,-0.1,0.2,0.6,-0.1,-0.1,0,0.6,-0.4,0,0.1,0.4,-0.2,0.4,0.7,0.4,1.2,0.3,1.1,0.6,1.2,0.3,0.8,0.4,1.2,0.4,0.4,0.3,1.2,0.5,0.8,1.1,1.8,0.3,0.4,1.1,1,0.5,0.8,1.2,2,0.6,1.1,1,2.2,2.3,123.54,7.7495,1.2545,106.77,17255.2104,1973,24756.84961,0.08,3.5
2014/8/31,3.9,4.8,3.8,3.2,4.1,4,4.2,4.1,4.9,5.6,5,3.9,24.3,29.7,21.7,16.3,7.6,8.2,7.7,6,0.5,-0.6,-0.6,2.3,-3.6,-3.8,-4.2,-2.7,2.4,2.6,2.2,2.4,2.2,2.9,2.1,1.7,2.1,2,1.9,2.5,-2.3,-6.2,-0.8,0,0.1,0.1,0.1,0.4,-6.7,-17.7,-2.1,0.3,0,0.1,-0.1,-0.2,-0.1,0,-0.1,-0.4,-3.1,-2.6,-2.7,-3.9,-0.5,-0.4,-0.6,-0.4,-0.1,-0.1,-0.2,0,-0.1,0.1,-0.1,-0.2,0,-0.1,0,0.1,4,3.7,3.9,4.5,0.2,0,4.6,3.9,4.2,4.9,0.9,0.6,4,3.7,4,4.4,0.1,-0.2,3.5,3.5,3.5,4.3,-0.3,-0.3,4.1,4.2,4.2,4.3,-0.1,-0.1,4.1,4.3,4.5,4.6,-0.3,-0.5,4.1,4.2,4.1,4.3,0,0.1,3.9,3.8,3.6,4,0.3,0.5,4.6,5,5.5,6.8,-0.1,-0.6,4.4,4.8,5.1,7.3,0.8,0.5,5,5.4,6,6.7,-0.4,-1,4.3,4.7,5.2,6.6,-0.8,-1.3,24.8,3.4,5.6,10.2,20.9,18.7,30.1,3.9,6.1,11,25.8,23.6,22.4,3.2,5.4,9.9,18.5,16.3,17,2.8,4.7,9.1,13.5,11.6,7,8.1,1.5,1,-0.5,6.1,7.8,8.5,1.3,1.1,-0.3,6.9,7,8,1.4,1,-0.3,6.3,4.7,7,1.9,0.5,-1,4.1,2,2.9,1.9,1.4,-2.4,-1.4,0.9,1.4,1.8,2.1,-2,-2.4,0.9,1.2,1.7,1.5,-1.8,-2.3,3.8,5.7,2.2,0.8,-3.4,0.1,-3.1,-2.9,-3.1,-4.2,-0.7,-0.5,-3.5,-3.4,-3.6,-4.3,-0.4,-0.2,-3.6,-3.4,-3.4,-4.8,-0.8,-0.8,-2.4,-2.1,-2.5,-3.5,-0.6,-0.2,2.9,1.8,3.2,2.5,0.6,-0.8,2.9,2.4,4.9,3.5,0.2,-2.3,3,1.6,2.7,2.3,0.6,-0.5,2.8,1.6,2.2,1.8,0.8,0.2,2.3,2.1,2.2,2.7,0.1,0,2.9,2.5,2.5,2.6,0.4,0.4,2.1,2.1,2.1,2.6,0,0,1.9,1.6,1.9,2.8,0.1,-0.2,2.7,3.1,3.5,4.2,-1,-1.4,2.5,2.9,3.7,3.5,-0.9,-1.7,2.5,2.9,3.2,4.3,-1,-1.3,3,3.4,3.6,4.7,-0.9,-1.1,1,-0.1,0.4,-2.3,1.3,-0.1,0.7,-6.4,0.9,-0.1,0.4,-0.6,0.7,-0.1,0.2,0.3,0.1,-0.2,1.8,0.1,0.1,-0.3,2,0.2,0.1,-0.1,1.7,0,0.1,-0.1,1.5,0.2,0.4,0.3,0.4,-6.9,0.4,0.3,0.4,-18.6,0.4,0.3,0.4,-2.1,0.3,0.4,0.4,0.6,23.1,0.4,-0.5,0.4,27.9,0.4,-0.4,0.4,21,0.4,-0.5,0.4,15.7,0.4,-0.4,0.4,-0.3,0.3,0.6,-0.7,-0.2,0.2,0.6,-0.4,-0.3,0.3,0.6,-0.7,-1,0.7,0.8,-1.6,-3.7,-0.5,-4,-1.7,-2.9,-0.7,-3.4,-1.1,-3,-0.8,-4.1,-1.3,-5,-0.1,-4.3,-2.4,-0.3,-0.1,-0.4,0,-0.2,-0.1,-0.5,0,-0.4,-0.2,-0.4,0,-0.2,-0.1,-0.4,-0.1,0.7,-0.1,0.3,0.4,0.5,0,0.1,0.2,0.8,0,0.3,0.5,0.7,-0.1,0.5,0.5,1.1,0.3,-0.4,0,1.3,0.1,-0.4,0.1,0.9,0.3,-0.3,0,1,0.4,-0.3,0,1.6,-1.1,-0.2,0.6,0.8,-0.8,0,0.4,1.6,-1.1,-0.4,0.6,1.9,-1.2,-0.2,0.7,2,126.94,7.7495,1.261,101.61,16593.4404,2052,24742.06055,0.07,3.5
2014/9/30,6.6,12.3,4.7,3.1,3.8,3.6,4,3.9,13.5,30.9,7.8,3.9,25.7,31.6,23.1,17.3,7.7,8.3,7.7,6,0.1,-0.4,-0.5,1,-3.1,-3.3,-3.6,-2.5,1.9,2,1.6,2.3,1.8,2.7,1.8,1.2,2.1,1.8,1.9,2.4,3.1,8,1.3,0.1,0.7,0.8,0.6,0.6,8.7,24.8,3.2,0.3,0.2,0.4,0.1,0,0,0,0,0,1.7,2.3,2.2,0.8,-0.2,-0.3,-0.1,-0.1,0.5,0.7,0.4,0.3,-0.4,-0.2,-0.3,-0.5,-0.1,0.7,-0.2,-0.6,3.9,3.6,3.9,4.6,3,2.7,4.8,3.7,4.3,5.1,8.6,8,3.8,3.6,3.9,4.5,1.1,0.8,3.2,3.5,3.5,4.2,-0.4,-0.4,4.1,4.2,4.5,5.3,-0.4,-0.7,4,4.3,4.8,5.9,-0.7,-1.2,4.2,4.2,4.5,5.1,-0.2,-0.5,4.1,4,4,4.8,-0.1,-0.1,4.9,4.8,5.4,6.4,8.7,8.1,5.6,4.6,5,6.2,26.3,25.9,5,5.2,5.9,6.6,2.6,1.9,3.9,4.6,5.3,6.4,-0.7,-1.4,24.3,2.4,4.8,9.2,23.3,20.9,29.7,2.9,5.3,10,28.7,26.3,21.7,2.1,4.6,8.9,21,18.5,16.3,1.9,4.1,8.2,15.4,13.2,7.6,7.8,7.2,1,-0.1,0.5,8.2,8.2,8,1,0.1,0.3,7.7,7.8,7.2,1,-0.1,0.5,6,6.8,4.9,1,-0.8,1.1,0.5,2,2.5,1.8,-1.9,-2.4,-0.6,0.7,2,2.5,-1.1,-2.4,-0.6,0.6,1.8,2.2,-1.1,-2.3,2.3,4.3,3.6,0.9,-3.3,-2.6,-3.6,-2.7,-3,-4.8,-0.4,-0.1,-3.8,-3,-3.6,-4.8,-0.3,0.3,-4.2,-3.1,-3.3,-5.2,-0.5,-0.3,-2.7,-1.9,-2.4,-4.3,-0.6,-0.1,2.4,1.9,3.3,2.8,0,-1.4,2.6,2.4,4.6,4,-0.4,-2.6,2.2,1.6,3,2.5,0,-1.4,2.4,1.8,2.4,1.8,0.5,-0.1,2.2,2.4,1.5,2.9,-0.6,0.3,2.9,2.8,2.1,2.9,-0.1,0.6,2.1,2.4,1.6,2.8,-0.6,0.2,1.7,2,1,3.1,-0.8,0.2,2.1,3,2.8,3.5,-0.9,-0.7,2,2.7,3,3.4,-0.9,-1.2,1.9,2.8,2.5,3.5,-0.9,-0.6,2.5,3.3,3,3.7,-0.9,-0.6,-2.3,0.1,-0.2,0.5,-6.2,0,-0.1,0.8,-0.8,0.1,-0.3,0.4,0,0.1,-0.3,0.2,0.1,0,-0.4,1,0.1,-0.1,-0.5,1.2,0.1,-0.1,-0.3,0.9,0.4,0.1,-0.2,0.7,-6.7,0.3,0.4,0.5,-17.7,0.2,0.4,0.7,-2.1,0.3,0.4,0.5,0.3,0.3,0.5,0.3,0,-1.1,0,-1,0.1,-1.1,0,-1,-0.1,-1.1,0.1,-1,-0.2,-1,0,-0.9,-0.1,0.2,6.5,-0.1,0,0,7.3,-0.1,-0.1,0.2,6.5,-0.1,-0.4,0.8,3.9,0,-3.1,-1.9,1.9,2.1,-2.6,-0.7,1.1,2.1,-2.7,-0.8,1.1,2.1,-3.9,-3.8,3.2,2.1,-0.5,-0.7,-0.3,-0.6,-0.4,-0.6,-0.3,-0.8,-0.6,-0.7,-0.3,-0.7,-0.4,-0.7,-0.2,-0.4,-0.1,-0.1,0.1,0.9,-0.1,-0.1,0,1.3,-0.2,-0.1,0.2,1,0,0,0.2,0.5,-0.1,0.4,-0.2,0,0.1,0.3,-0.1,0,-0.1,0.3,-0.2,0,-0.2,0.4,-0.3,0,0,0.5,-2.2,-0.1,-0.1,0.3,-1.4,0.9,0,0.5,-2.3,-0.3,0.1,0.6,-2.5,-0.5,1.6,128.14,7.7635,1.2619,97.09,15869.5308,2084,22932.98047,0.07,3.5
2014/10/31,5.2,7.1,4.7,3.6,4.2,4.2,4.3,4.2,8.5,11.9,7.7,5.7,26.1,31.4,23.7,18,7.5,8.2,7.5,5.5,-0.6,-1,-0.9,0,-3.6,-3.9,-4,-3,1.9,2,1.7,2.1,1.9,2.9,1.8,1.2,2.1,2.1,2,2.1,1.4,2,1.2,0.9,0,-0.1,0.1,0.1,3.6,5.6,3,2.1,-0.5,-0.7,-0.4,-0.3,0.1,0.1,0.1,0.2,3.9,3.3,4,4.2,-0.6,-0.7,-0.7,-0.6,0,0.1,0,-0.1,-0.4,-0.1,-0.4,-0.6,0.5,0.6,0.4,0.5,6.6,4,3.7,4.3,1.2,1.5,12.3,4.6,3.9,4.5,2.5,3.2,4.7,4,3.8,4.4,0.7,0.9,3.1,3.5,3.5,4.1,0.1,0.1,3.8,4.1,3.8,4.5,0.1,0.4,3.6,4.1,3.8,4.8,0.1,0.4,4,4.1,4,4.3,0.2,0.3,3.9,3.9,3.5,4.2,0.3,0.7,13.5,4.6,5.1,6.2,3.9,3.4,30.9,4.4,4.9,5.6,7.5,7,7.8,5,5.5,6.6,2.7,2.2,3.9,4.3,4.7,6.5,1.4,1,25.7,24.8,4.4,6.7,1.3,21.7,31.6,30.1,4.8,7,1.3,26.6,23.1,22.4,4.3,6.6,1.3,19.4,17.3,17,3.8,6.3,1,14.2,7.7,7,7.1,1.2,0.5,0.4,8.3,7.8,7.9,1.2,0.4,0.3,7.7,7,7.1,1.2,0.5,0.4,6,4.7,4.6,1.1,0.8,0.9,0.1,2,1.7,2.4,-2.6,-2.3,-0.4,0.9,0.7,3.9,-1.9,-1.7,-0.5,0.9,0.4,4,-1.8,-1.3,1,3.8,3.6,-0.1,-3.8,-3.6,-3.1,-3.1,-2.5,-4.1,-0.5,-1.1,-3.3,-3.5,-3,-3.8,-0.4,-0.9,-3.6,-3.6,-2.9,-4.4,-0.4,-1.1,-2.5,-2.4,-1.6,-3.8,-0.6,-1.4,1.9,2.9,2.3,2.7,-1,-0.4,2,2.9,3.2,4.2,-0.9,-1.2,1.6,3,2,2.3,-1.3,-0.3,2.3,2.8,1.8,1.7,-0.7,0.3,1.8,2.3,1.8,2.4,-0.4,0.1,2.7,2.9,2.4,2.4,0,0.5,1.8,2.1,1.9,2.4,-0.3,-0.1,1.2,1.9,1.2,2.4,-0.7,0,2.1,2.7,3.7,4,-0.6,-1.6,1.8,2.5,3.5,3.5,-0.4,-1.4,1.9,2.5,3.5,3.8,-0.5,-1.5,2.4,3,4.1,4.5,-0.9,-2,3.1,1,0.7,2.7,8,1.3,0.6,7,1.3,0.9,0.7,1.1,0.1,0.7,0.9,0.4,0.7,0.1,0.6,-0.4,0.8,0.1,0.7,-0.6,0.6,0.1,0.6,-0.3,0.6,0.1,0.4,-0.1,8.7,0.4,0.3,8.3,24.8,0.4,0.3,23.5,3.2,0.4,0.4,3.1,0.3,0.3,0.2,0.4,0.2,23.1,0.2,-0.8,0.4,27.9,0,-0.6,0.1,21,0.4,-0.9,0,15.7,0.4,-0.9,0,-0.3,-0.1,0.3,0,-0.2,0,0.2,0,-0.3,-0.1,0.3,0,-1,-0.1,0.7,1.7,-3.7,7.6,4.6,2.3,-2.9,4.7,3.9,2.2,-3,5.3,4.4,0.8,-5,11.9,5.2,-0.2,-0.3,-0.1,-0.1,-0.3,-0.2,-0.2,-0.1,-0.1,-0.4,-0.2,-0.2,-0.1,-0.2,0,-0.1,0.5,0.7,0.1,0,0.7,0.5,0.2,0.1,0.4,0.8,0,-0.1,0.3,0.7,0.1,0,-0.4,1.1,0.7,-0.5,-0.2,1.3,1.1,-0.4,-0.3,0.9,0.8,-0.4,-0.5,1,0.4,-0.7,-0.1,1.6,0.8,0.5,0.7,0.8,0.4,0.3,-0.2,1.6,0.8,0.4,-0.6,1.9,1.1,0.7,1.6,129.39,7.7545,1.2676,87.43,13515,2012,23998.06055,0.07,3.4
2014/11/30,5.1,7.2,4.6,3.4,4.4,4.4,4.5,4,8.5,11.8,7.6,5.8,25.6,30.9,23.3,17.4,7.5,8.2,7.5,5.7,-1.1,-0.7,-1.1,-1.3,-4.4,-4.6,-4.8,-3.9,1.4,1.7,1.1,1.5,1.8,3,1.8,1,1.9,2.2,1.7,2,0.2,0.3,0.2,0.2,0.3,0.3,0.4,0.3,0.3,0.3,0.2,0.3,-0.3,-0.3,-0.3,-0.3,0,0,0,-0.2,5.2,5.2,5,5.4,-0.9,-1,-0.8,-1,-0.5,-0.4,-0.6,-0.6,-0.3,-0.1,-0.4,-0.5,-0.3,-0.2,-0.3,-0.5,5.2,3.9,3.7,4.3,1.2,1.4,7.1,4.8,3.9,4.4,2.4,3.3,4.7,3.8,3.7,4.4,0.8,0.9,3.6,3.2,3.5,4.2,0.2,-0.1,4.2,4.1,4.2,4.4,0.3,0.2,4.2,4,4.3,4.7,0.4,0.1,4.3,4.2,4.2,4.4,0.3,0.3,4.2,4.1,3.8,4.1,-0.1,0.2,8.5,4.9,5,6.1,3.6,3.5,11.9,5.6,4.8,5.4,6.2,7,7.7,5,5.4,6.4,2.6,2.2,5.7,3.9,4.7,6.3,1.9,1.1,26.1,24.3,3.4,7.1,1.3,22.2,31.4,29.7,3.9,7.5,1.2,27,23.7,21.7,3.2,7,1.6,20.1,18,16.3,2.8,6.6,1.1,14.6,7.5,7.6,8.1,0.8,-0.1,-0.6,8.2,8.2,8.5,0.8,0,-0.3,7.5,7.7,8,0.9,-0.2,-0.5,5.5,6,7,0.8,-0.3,-1.3,-0.6,0.5,2.9,2.7,-1.6,-4,-1,-0.6,1.4,3.5,-0.1,-2.1,-0.9,-0.6,1.2,3.9,-0.5,-2.3,0,2.3,5.7,0.9,-3.6,-7,-3.6,-3.6,-2.9,-4,-0.8,-1.5,-3.9,-3.8,-3.4,-3.7,-0.8,-1.2,-4,-4.2,-3.4,-4.4,-0.6,-1.4,-3,-2.7,-2.1,-3.8,-1.2,-1.8,1.9,2.4,1.8,2.8,-1,-0.4,2,2.6,2.4,4.4,-0.9,-0.7,1.7,2.2,1.6,2.3,-1.1,-0.5,2.1,2.4,1.6,1.9,-0.9,-0.1,1.9,2.2,2.1,2.3,-0.4,-0.3,2.9,2.9,2.5,2.3,0.1,0.5,1.8,2.1,2.1,2.3,-0.3,-0.3,1.2,1.7,1.6,2.3,-0.7,-0.6,2.1,2.1,3.1,4.4,-0.2,-1.2,2.1,2,2.9,3.8,0.2,-0.7,2,1.9,2.9,4.3,-0.2,-1.2,2.1,2.5,3.4,4.9,-0.5,-1.4,1.4,-2.3,-0.1,0.3,2,-6.2,-0.1,0.2,1.2,-0.8,-0.1,0.3,0.9,0,-0.1,0.3,0,0.1,-0.2,0,-0.1,0.1,-0.3,-0.1,0.1,0.1,-0.1,0.1,0.1,0.4,-0.1,0.1,3.6,-6.7,0.3,0.3,5.6,-17.7,0.3,0.3,3,-2.1,0.3,0.3,2.1,0.3,0.4,0.2,-0.5,0,0.4,0.3,-0.7,0.1,0.4,0.3,-0.4,-0.1,0.4,0.2,-0.3,-0.2,0.4,0.2,0.1,-0.1,0.3,-0.1,0.1,0,0.2,0,0.1,-0.1,0.3,0,0.2,-0.4,0.7,-0.2,3.9,-3.1,-0.5,6.2,3.3,-2.6,-0.7,5.1,4,-2.7,-0.8,6,4.2,-3.9,-0.1,7.1,-0.6,-0.5,-0.1,0,-0.7,-0.4,-0.1,0.1,-0.7,-0.6,-0.2,0,-0.6,-0.4,-0.1,0.1,0,-0.1,-0.1,0.1,0.1,-0.1,0,0.1,0,-0.2,0,0.1,-0.1,0,-0.1,0.2,-0.4,-0.1,0.3,-0.2,-0.1,0.1,0.1,-0.1,-0.4,-0.1,0.3,-0.3,-0.6,-0.2,0.4,-0.3,0.5,0,-1.1,-0.3,0.6,-0.1,-0.8,-0.2,0.4,0,-1.1,-0.2,0.5,0.1,-1.2,-0.3,1.4,130.46,7.7525,1.2587,79.44,11197,2358,23987.44922,0.08,3.3
2014/12/31,4.9,6.9,4.4,3.2,3.9,3.8,3.9,4,8.5,11.8,7.5,5.8,24.9,30.3,22.5,16.7,7.6,8.2,7.5,5.9,-2.7,-2.1,-1.9,-4,-4.9,-5,-5.1,-4.6,1.3,1.5,1.1,1.3,1.1,2.8,1,-0.2,2.5,2.6,2.3,2.5,0.2,0.2,0.3,0.3,0.1,0.1,0.1,0.1,0.3,0.3,0.3,0.2,-0.7,-0.8,-0.7,-0.6,-0.4,-0.1,-0.7,-0.7,-3.7,-3.5,-3.4,-4.3,-0.5,-0.6,-0.5,-0.5,-0.3,-0.3,-0.4,-0.3,0,0.1,0.1,-0.2,2,1.6,2.1,2.2,5.1,6.6,3.6,4.3,-1.7,1.3,7.2,12.3,3.7,4.3,-5.4,3.2,4.6,4.7,3.6,4.4,-0.3,0.8,3.4,3.1,3.5,4.1,0.1,-0.3,4.4,3.8,4.2,4.1,0.1,-0.3,4.4,3.6,4.3,4.3,0.2,-0.5,4.5,4,4.2,4.2,-0.1,-0.3,4,3.9,4,3.8,0.1,0,8.5,13.5,4.8,5.9,-5,3.7,11.8,30.9,4.6,5.3,-19.1,7.2,7.6,7.8,5.2,6.3,-0.3,2.3,5.8,3.9,4.6,5.9,1.9,1.2,25.6,25.7,2.4,7.3,-0.8,22.5,30.9,31.6,2.9,7.7,-1.3,27.4,23.3,23.1,2.1,7.2,-0.6,20.4,17.4,17.3,1.9,6.7,-0.6,14.8,7.5,7.7,7.8,1.4,-0.1,-0.2,8.2,8.3,8.2,1.1,-0.1,0,7.5,7.7,7.8,1.3,-0.2,-0.3,5.7,6,6.8,2.2,-0.1,-0.9,-1.1,0.1,2,2.2,-2.8,-4.7,-0.7,-0.4,0.7,2.7,-1.7,-2.8,-1.1,-0.5,0.6,3.1,-1.4,-2.5,-1.3,1,4.3,1.1,-5,-8.3,-4.4,-3.1,-2.7,-3.8,-1.8,-2.2,-4.6,-3.3,-3,-3.7,-1.7,-2,-4.8,-3.6,-3.1,-4.3,-1.5,-2,-3.9,-2.5,-1.9,-3.3,-2.1,-2.7,1.4,1.9,1.9,2.7,-0.6,-0.6,1.7,2,2.4,4.2,-0.5,-0.9,1.1,1.6,1.6,2,-0.5,-0.5,1.5,2.3,1.8,2,-1,-0.5,1.8,1.8,2.4,2.6,-0.7,-1.3,3,2.7,2.8,2.4,0.1,0,1.8,1.8,2.4,2.6,-0.8,-1.4,1,1.2,2,2.6,-1.4,-2.2,1.9,2.1,3,4.6,0.4,-0.5,2.2,1.8,2.7,4,0.8,-0.1,1.7,1.9,2.8,4.5,0.4,-0.5,2,2.4,3.3,5,0.1,-0.8,0.2,3.1,0.1,0.4,0.3,8,0,0.4,0.2,1.3,0.1,0.5,0.2,0.1,0.1,0.4,0.3,0.7,0,0.6,0.3,0.8,-0.1,0.8,0.4,0.6,-0.1,0.7,0.3,0.6,0.1,0.4,0.3,8.7,0.3,0.3,0.3,24.8,0.2,0.3,0.2,3.2,0.3,0.3,0.3,0.3,0.3,0.1,-0.3,0.2,-1.1,-0.1,-0.3,0.4,-1.1,-0.1,-0.3,0.1,-1.1,-0.1,-0.3,0,-1,-0.1,0,0,0.2,-0.2,0,0,0,-0.1,0,0,0.2,-0.2,-0.2,0,0.8,-0.7,5.2,1.7,-1.9,-2.5,5.2,2.3,-0.7,-2.1,5,2.2,-0.8,-2.6,5.4,0.8,-3.8,-2.6,-0.9,-0.2,-0.7,0,-1,-0.3,-0.6,-0.1,-0.8,-0.1,-0.7,0,-1,-0.1,-0.7,0.1,-0.5,0.5,-0.1,-0.2,-0.4,0.7,-0.1,-0.1,-0.6,0.4,-0.1,-0.3,-0.6,0.3,0,-0.2,-0.3,-0.4,0.4,0.6,-0.1,-0.2,0.3,0.4,-0.4,-0.3,0.3,0.6,-0.5,-0.5,0.4,0.9,-0.3,-0.1,0.5,1.5,-0.2,0.7,0.3,0.9,-0.3,-0.2,0.5,1.6,-0.5,-0.6,0.6,1.8,1.5,132.45,7.7555,1.2479,62.34,10558.6956,2591,23605.03906,0.06,3.1
2015/1/31,4.1,6.3,3.6,2.2,3.7,3.5,3.8,4,8.3,11.6,7.4,5.7,21.7,26.6,19.5,14.2,7.3,8.1,7.3,4.9,-1.9,-1.2,-1.2,-3.2,-5.5,-5.4,-5.8,-5.3,1.3,1.3,1,1.5,0,2,0,-1.7,-1.2,-0.2,-1.4,-1.5,-0.3,-0.1,-0.3,-0.5,0.6,0.4,0.6,0.9,0.4,0.4,0.4,0.3,0.7,0.7,0.7,0.7,0.4,0.1,0.8,0.7,-4,-3.7,-3.7,-4.4,-1.2,-1.1,-1.2,-1.3,0.5,0.4,0.5,0.6,-0.9,-0.3,-0.9,-1.3,-2.2,-2,-2.4,-2.2,4.9,5.2,4,4.6,-1.1,0.1,6.9,7.1,4.6,4.5,-0.8,1.7,4.4,4.7,4,4.8,-1.1,-0.4,3.2,3.6,3.5,4.5,-1.4,-1.3,3.9,4.2,4.1,4.2,-0.5,-0.4,3.8,4.2,4.1,4.3,-0.7,-0.6,3.9,4.3,4.1,4.2,-0.5,-0.3,4,4.2,3.9,3.9,-0.2,0.1,8.5,8.5,4.6,5.8,-0.2,3.7,11.8,11.9,4.4,5.3,-0.3,7.2,7.5,7.7,5,6.4,-0.3,2.4,5.8,5.7,4.3,5.5,0,1.4,24.9,26.1,24.8,6.1,-4.4,-3.1,30.3,31.4,30.1,6.6,-4.8,-3.5,22.5,23.7,22.4,5.9,-4.2,-2.9,16.7,18,17,5.2,-3.8,-2.8,7.6,7.5,7,1.1,-0.2,0.3,8.2,8.2,7.8,0.8,-0.1,0.3,7.5,7.5,7,1.1,-0.2,0.3,5.9,5.5,4.7,2,-0.6,0.2,-2.7,-0.6,2,2,-1.3,-3.9,-2.1,-1,0.9,2,-0.2,-2.1,-1.9,-0.9,0.9,2.1,-0.3,-2.1,-4,0,3.8,1.9,-3.2,-7,-4.9,-3.6,-3.1,-3.8,-1.9,-2.4,-5,-3.9,-3.5,-3.9,-1.5,-1.9,-5.1,-4,-3.6,-4.1,-1.8,-2.2,-4.6,-3,-2.4,-3.2,-2.3,-2.9,1.3,1.9,2.9,2.9,-0.6,-1.6,1.5,2,2.9,4.6,-0.7,-1.6,1.1,1.7,3,2.5,-0.7,-2,1.3,2.1,2.8,1.8,-0.6,-1.3,1.1,1.9,2.3,3,-1.9,-2.3,2.8,2.9,2.9,3.3,-0.9,-0.9,1,1.8,2.1,3,-1.8,-2.1,-0.2,1.2,1.9,2.9,-2.9,-3.6,2.5,2.1,2.7,6.9,-3.3,-3.9,2.6,2.1,2.5,5.5,-2.3,-2.7,2.3,2,2.5,6.9,-3.4,-3.9,2.5,2.1,3,7.7,-3.6,-4.5,0.2,1.4,1,0.5,0.2,2,1.3,0.6,0.3,1.2,0.9,0.6,0.3,0.9,0.7,0.4,0.1,0,0.1,0.8,0.1,-0.1,0.1,0.8,0.1,0.1,0.1,0.8,0.1,0.1,0.1,0.8,0.3,3.6,0.4,0.5,0.3,5.6,0.4,0.5,0.3,3,0.4,0.6,0.2,2.1,0.3,0.5,-0.7,-0.5,23.1,3.4,-0.8,-0.7,27.9,3.7,-0.7,-0.4,21,3.3,-0.6,-0.3,15.7,3,-0.4,0.1,-0.3,0.4,-0.1,0.1,-0.2,0.1,-0.7,0.1,-0.3,0.4,-0.7,0.2,-1,1.4,-3.7,3.9,-3.7,-5,-3.5,3.3,-2.9,-4.5,-3.4,4,-3,-4.6,-4.3,4.2,-5,-5.8,-0.5,-0.6,-0.3,-0.6,-0.6,-0.7,-0.2,-0.6,-0.5,-0.7,-0.4,-0.6,-0.5,-0.6,-0.2,-0.6,-0.3,0,0.7,0.5,-0.3,0.1,0.5,0.6,-0.4,0,0.8,0.6,-0.3,-0.1,0.7,0.4,0,-0.4,1.1,0.4,0.1,-0.1,1.3,0.6,0.1,-0.4,0.9,0.4,-0.2,-0.6,1,0.3,2,0.5,1.6,1.1,1.6,0.6,0.8,1.1,2.1,0.4,1.6,1.2,2.2,0.5,1.9,1,0.8,134.03,7.7505,1.2367,47.76,10578,3043,24507.05078,0.06,3.1
2015/2/28,4.6,6.5,4.2,3,3.9,3.7,4,4.2,8.2,11.5,7.2,5.6,21.8,26.6,19.6,14.2,6.3,7.3,6.4,3.2,-0.9,-0.8,-0.2,-1.8,-5.6,-5.5,-5.9,-5.3,1.1,1.1,0.9,1.2,-0.2,1.5,-0.2,-1.5,2.2,2.3,2.3,2,0.8,0.8,0.8,0.8,1.5,1.7,1.5,1.4,0.3,0.3,0.3,0.3,-0.4,-0.4,-0.4,-0.4,-0.4,-0.3,-0.5,-0.8,-3,-3.1,-3.1,-3,-0.8,-0.9,-0.8,-0.7,-0.1,-0.2,0,0,-0.5,-1,-0.6,0,2.9,2.7,3.1,3,4.1,5.1,3.9,3.9,-0.5,0.7,6.3,7.2,4.8,4.2,-0.7,1.7,3.6,4.6,3.8,4,-0.4,0.4,2.2,3.4,3.2,3.5,-0.4,-0.2,3.7,4.4,4.1,4.2,-0.5,-0.2,3.5,4.4,4,4.5,-0.7,-0.3,3.8,4.5,4.2,4.1,-0.5,-0.2,4,4,4.1,3.6,0.2,0.1,8.3,8.5,4.9,5.5,-0.3,3.3,11.6,11.8,5.6,5.1,-0.3,5.9,7.4,7.6,5,6,-0.4,2.2,5.7,5.8,3.9,5.2,-0.2,1.7,21.7,25.6,24.3,5.6,-3.8,-2.5,26.6,30.9,29.7,6.1,-4.3,-3.1,19.5,23.3,21.7,5.4,-3.7,-2.1,14.2,17.4,16.3,4.7,-3.2,-2.1,7.3,7.5,7.6,1.5,-1.2,-1.3,8.1,8.2,8.2,1.3,-0.9,-0.9,7.3,7.5,7.7,1.4,-1.1,-1.3,4.9,5.7,6,1.9,-2.5,-2.8,-1.9,-1.1,0.5,1.9,0.2,-1.4,-1.2,-0.7,-0.6,1.8,-0.1,-0.2,-1.2,-1.1,-0.6,1.7,0.9,0.4,-3.2,-1.3,2.3,2.2,-0.5,-4.1,-5.5,-4.4,-3.6,-3.1,-1.2,-2,-5.4,-4.6,-3.8,-3.6,-0.9,-1.7,-5.8,-4.8,-4.2,-3.4,-1.1,-1.7,-5.3,-3.9,-2.7,-2.5,-1.4,-2.6,1.3,1.4,2.4,3.2,-0.3,-1.3,1.3,1.7,2.6,4.9,-0.6,-1.5,1,1.1,2.2,2.7,-0.2,-1.3,1.5,1.5,2.4,2.2,-0.3,-1.2,0,1.8,2.2,2.2,-2,-2.4,2,3,2.9,2.5,-1.5,-1.4,0,1.8,2.1,2.1,-2,-2.3,-1.7,1,1.7,1.9,-2.5,-3.2,-1.2,1.9,2.1,3.5,0.3,0.1,-0.2,2.2,2,3.7,0.1,0.3,-1.4,1.7,1.9,3.2,0.6,0.4,-1.5,2,2.5,3.6,0,-0.5,-0.3,0.2,-2.3,0.4,-0.1,0.3,-6.2,0.7,-0.3,0.2,-0.8,0.4,-0.5,0.2,0,0.2,0.6,0.3,0.1,1.8,0.4,0.3,0.1,2,0.6,0.4,0.1,1.7,0.9,0.3,0.4,1.5,0.4,0.3,-6.7,0.4,0.4,0.3,-17.7,0.4,0.4,0.2,-2.1,0.4,0.3,0.3,0.3,0.4,0.7,-0.3,0,-0.5,0.7,-0.3,0.1,-0.4,0.7,-0.3,-0.1,-0.5,0.7,-0.3,-0.2,-0.4,0.4,0,-0.1,0.6,0.1,0,0,0.6,0.8,0,-0.1,0.6,0.7,-0.2,-0.4,0.8,-4,5.2,-3.1,-4,-3.7,5.2,-2.6,-3.4,-3.7,5,-2.7,-4.1,-4.4,5.4,-3.9,-4.3,-1.2,-0.9,-0.5,-0.4,-1.1,-1,-0.4,-0.5,-1.2,-0.8,-0.6,-0.4,-1.3,-1,-0.4,-0.4,0.5,-0.5,-0.1,0.3,0.4,-0.4,-0.1,0.1,0.5,-0.6,-0.2,0.3,0.6,-0.6,0,0.5,-0.9,-0.3,-0.1,-0.4,-0.3,-0.1,0.1,-0.4,-0.9,-0.4,-0.1,-0.3,-1.3,-0.5,-0.2,-0.3,-2.2,-0.3,0,-0.2,-2,-0.2,-0.1,0,-2.4,-0.3,0,-0.4,-2.2,-0.5,0.1,-0.2,1.4,136.2,7.7535,1.2327,58.1,9449,2996,24823.28906,0.06,3.1
2015/3/31,4.5,6.6,4.1,2.8,4.3,4.2,4.2,4.4,8.1,11.4,7.1,5.4,21,25.8,18.7,13.5,-0.2,-0.1,-0.2,-0.4,0.3,0.8,1.2,-1,-5.5,-5.4,-5.9,-5.1,1.1,1.4,0.7,1.3,-0.1,1.7,0.1,-1.6,1.3,1.8,1.4,0.9,-0.3,0,-0.3,-0.5,0.3,0.4,0.2,0.1,0.3,0.3,0.3,0.3,-0.6,-0.7,-0.6,-0.5,0,0,0,0.1,2.9,2.8,2.9,3.1,-0.3,-0.4,-0.2,-0.3,0,0.1,-0.1,0,0.1,0.4,0,-0.1,-3.1,-2.3,-3.3,-3.4,4.6,4.9,6.6,3.9,-0.4,-2.1,6.5,6.9,12.3,4.3,-0.3,-5.7,4.2,4.4,4.7,3.9,-0.3,-0.6,3,3.2,3.1,3.5,-0.4,-0.3,3.9,3.9,3.8,4.5,0.4,0.5,3.7,3.8,3.6,4.8,0.4,0.6,4,3.9,4,4.5,0.3,0.2,4.2,4,3.9,4,0.4,0.5,8.2,8.5,13.5,5.4,-0.4,-5.4,11.5,11.8,30.9,5,-0.4,-19.5,7.2,7.5,7.8,5.9,-0.4,-0.7,5.6,5.8,3.9,5.3,-0.4,1.5,21.8,24.9,25.7,4.8,-3.9,-4.7,26.6,30.3,31.6,5.3,-4.5,-5.8,19.6,22.5,23.1,4.6,-3.8,-4.4,14.2,16.7,17.3,4.1,-3.2,-3.8,6.3,7.6,7.7,7.2,-7.8,-7.9,7.3,8.2,8.3,8,-8.3,-8.4,6.4,7.5,7.7,7.2,-7.7,-7.9,3.2,5.9,6,4.9,-6.3,-6.4,-0.9,-2.7,0.1,2.5,3,0.2,-0.8,-2.1,-0.4,2,2.9,1.2,-0.2,-1.9,-0.5,1.8,3.1,1.7,-1.8,-4,1,3.6,3,-2,-5.6,-4.9,-3.1,-3,-0.6,-2.4,-5.5,-5,-3.3,-3.6,-0.4,-2.1,-5.9,-5.1,-3.6,-3.3,-0.8,-2.3,-5.3,-4.6,-2.5,-2.4,-0.5,-2.6,1.1,1.3,1.9,3.3,-0.2,-0.8,1.1,1.5,2,4.6,-0.1,-0.6,0.9,1.1,1.6,3,-0.4,-0.9,1.2,1.3,2.3,2.4,0,-1,-0.2,1.1,1.8,1.5,-1.2,-1.9,1.5,2.8,2.7,2.1,-1.1,-1,-0.2,1,1.8,1.6,-0.9,-1.7,-1.5,-0.2,1.2,1,-1.4,-2.8,2.2,2.5,2.1,2.8,-1.2,-0.8,2.3,2.6,1.8,3,-0.8,0,2.3,2.3,1.9,2.5,-0.9,-0.5,2,2.5,2.4,3,-1.6,-1.5,0.8,0.2,3.1,-0.2,0.8,0.2,8,-0.1,0.8,0.3,1.3,-0.3,0.8,0.3,0.1,-0.3,1.5,0.1,0.7,-0.4,1.7,0.1,0.8,-0.5,1.5,0.1,0.6,-0.3,1.4,0.1,0.6,-0.2,0.3,0.3,8.7,0.4,0.3,0.3,24.8,0.4,0.3,0.3,3.2,0.4,0.3,0.2,0.3,0.5,-0.4,-0.7,0.2,0,-0.4,-0.8,0.4,0,-0.4,-0.7,0.1,0.1,-0.4,-0.6,0,0,-0.4,-0.4,0,6.5,-0.3,-0.1,0,7.3,-0.5,-0.7,0,6.5,-0.8,-0.7,0,3.9,-3,-3.7,1.7,1.9,-3.1,-3.5,2.3,1.1,-3.1,-3.4,2.2,1.1,-3,-4.3,0.8,3.2,-0.8,-0.5,-0.2,-0.3,-0.9,-0.6,-0.3,-0.3,-0.8,-0.5,-0.1,-0.3,-0.7,-0.5,-0.1,-0.2,-0.1,-0.3,0.5,0.1,-0.2,-0.3,0.7,0,0,-0.4,0.4,0.2,0,-0.3,0.3,0.2,-0.5,0,-0.4,-0.2,-1,0.1,-0.2,-0.1,-0.6,0.1,-0.3,-0.2,0,-0.2,-0.5,-0.3,2.9,2,-0.1,-2.2,2.7,1.6,0.7,-1.4,3.1,2.1,-0.2,-2.3,3,2.2,-0.6,-2.5,1.4,139.7,7.7545,1.25005,55.89,11067.3396,2459,24900.89063,0.06,3.2
2015/4/30,2.8,3.9,2.6,1.9,3.2,2.8,3.3,3.8,4.2,5.3,3.8,3.4,21.6,26.9,19.1,13.8,0,0,0,0.2,-2,-0.6,-0.5,-4.3,-5.3,-5.1,-5.4,-5.2,1.4,1.6,1.2,1.5,-0.9,0.2,-0.8,-2,1.5,2,1.5,1.3,-0.8,-1.6,-0.7,-0.1,-0.4,-0.6,-0.3,-0.2,-3,-4.7,-2.6,-1.6,0.9,1,0.9,0.9,0.2,0.1,0.2,0.5,4.2,3.2,3.8,5.3,0.6,0.6,0.6,0.6,0.4,0.5,0.5,0.3,-0.3,-0.4,-0.3,-0.2,1.1,0.7,1.1,1.4,4.5,4.1,5.2,3.7,-1.3,-2.4,6.6,6.3,7.1,3.9,-2.4,-3.2,4.1,3.6,4.7,3.8,-1,-2.1,2.8,2.2,3.6,3.5,-0.3,-1.7,4.3,3.7,4.2,3.8,-0.5,-1,4.2,3.5,4.2,3.8,-0.7,-1.4,4.2,3.8,4.3,4,-0.5,-1,4.4,4,4.2,3.5,-0.2,-0.4,8.1,8.3,8.5,5.1,-4.1,-4.3,11.4,11.6,11.9,4.9,-6.3,-6.6,7.1,7.4,7.7,5.5,-3.6,-3.9,5.4,5.7,5.7,4.7,-2.3,-2.3,21,21.7,26.1,4.4,-0.1,-4.5,25.8,26.6,31.4,4.8,0.3,-4.5,18.7,19.5,23.7,4.3,-0.4,-4.6,13.5,14.2,18,3.8,-0.4,-4.2,-0.2,7.3,7.5,7.1,-7.3,-7.5,-0.1,8.1,8.2,7.9,-8.1,-8.2,-0.2,7.3,7.5,7.1,-7.3,-7.5,-0.4,4.9,5.5,4.6,-4.7,-5.3,0.3,-1.9,-0.6,1.7,-0.1,-1.4,0.8,-1.2,-1,0.7,0.6,0.4,1.2,-1.2,-0.9,0.4,0.7,0.4,-1,-3.2,0,3.6,-1.1,-4.3,-5.5,-5.5,-3.6,-2.5,0.2,-1.7,-5.4,-5.4,-3.9,-3,0.3,-1.2,-5.9,-5.8,-4,-2.9,0.4,-1.4,-5.1,-5.3,-3,-1.6,0.1,-2.2,1.1,1.3,1.9,2.3,0.1,-0.5,1.4,1.3,2,3.2,0.3,-0.4,0.7,1,1.7,2,0.2,-0.5,1.3,1.5,2.1,1.8,0,-0.6,-0.1,0,1.9,1.8,-0.9,-2.8,1.7,2,2.9,2.4,-1.8,-2.7,0.1,0,1.8,1.9,-0.8,-2.6,-1.6,-1.7,1.2,1.2,-0.3,-3.2,1.3,-1.2,2.1,3.7,2.7,-0.6,1.8,-0.2,2.1,3.5,2.2,-0.1,1.4,-1.4,2,3.5,2.9,-0.5,0.9,-1.5,2.1,4.1,2.8,-0.8,-0.3,-0.3,1.4,0.7,0,-0.1,2,0.6,-0.3,-0.3,1.2,0.7,-0.5,-0.5,0.9,0.9,0.3,0.6,0,0.6,0.4,0.4,-0.1,0.7,0.2,0.6,0.1,0.6,0.1,0.9,0.1,0.4,0.3,0.4,3.6,0.3,0.3,0.4,5.6,0.3,0.3,0.4,3,0.4,0.3,0.3,2.1,0.2,-0.6,0.7,-0.5,0.2,-0.7,0.7,-0.7,0,-0.6,0.7,-0.4,0.4,-0.5,0.7,-0.3,0.4,0,0.4,0.1,-0.1,0,0.1,0.1,0,0,0.8,0.1,-0.1,0.1,0.7,0.2,-0.1,2.9,-4,3.9,7.6,2.8,-3.7,3.3,4.7,2.9,-3.7,4,5.3,3.1,-4.4,4.2,11.9,-0.3,-1.2,-0.6,-0.1,-0.4,-1.1,-0.7,-0.2,-0.2,-1.2,-0.7,-0.2,-0.3,-1.3,-0.6,0,0,0.5,0,0.1,0.1,0.4,0.1,0.2,-0.1,0.5,0,0,0,0.6,-0.1,0.1,0.1,-0.9,-0.4,0.7,0.4,-0.3,-0.1,1.1,0,-0.9,-0.4,0.8,-0.1,-1.3,-0.6,0.4,-3.1,-2.2,0.5,0.8,-2.3,-2,0.6,0.4,-3.3,-2.4,0.4,0.8,-3.4,-2.2,0.5,1.1,1.5,141.22,7.7495,1.2491,59.52,11491,2633,28133,0.08,3.3
2015/5/31,3,4.2,2.8,2,3.7,3.4,3.6,4.3,4.2,5.2,3.9,3.4,21.9,27.8,18.9,13.7,0.2,0.2,0.2,0.2,-3.5,-1.7,-1.4,-6.6,-5.8,-5.7,-5.9,-5.9,1.4,1.7,1.1,1.3,0,1.6,0.1,-1.2,1.8,2.2,1.7,1.6,0,0.2,0,0,0.2,0.2,0.2,0.2,0.4,0.3,0.4,0.4,0.9,1.7,0.2,0.2,0.6,0.4,0.7,0.9,-1.8,-1.7,-1.9,-1.9,-0.8,-0.8,-0.9,-0.7,0,0,-0.1,-0.1,1.1,1.4,1.1,0.9,-0.9,-0.7,-1,-1,2.8,4.6,5.1,3.7,-1.6,-2.1,3.9,6.5,7.2,3.9,-2.3,-3,2.6,4.2,4.6,3.7,-1.4,-1.8,1.9,3,3.4,3.5,-1,-1.4,3.2,3.9,4.4,4.2,-0.2,-0.7,2.8,3.7,4.4,4.3,-0.3,-1,3.3,4,4.5,4.2,-0.4,-0.9,3.8,4.2,4,3.8,0.1,0.3,4.2,8.2,8.5,5,-4,-4.3,5.3,11.5,11.8,4.8,-6.3,-6.6,3.8,7.2,7.6,5.4,-3.3,-3.7,3.4,5.6,5.8,4.7,-2.2,-2.4,21.6,21.8,25.6,3.4,0.1,-3.7,26.9,26.6,30.9,3.9,1.2,-3.1,19.1,19.6,23.3,3.2,-0.7,-4.4,13.8,14.2,17.4,2.8,-0.5,-3.7,0,6.3,7.5,8.1,-6.1,-7.3,0,7.3,8.2,8.5,-7.1,-8,0,6.4,7.5,8,-6.2,-7.3,0.2,3.2,5.7,7,-3,-5.5,-2,-0.9,-1.1,2.9,-2.6,-2.4,-0.6,-0.8,-0.7,1.4,-0.9,-1,-0.5,-0.2,-1.1,1.2,-1.2,-0.3,-4.3,-1.8,-1.3,5.7,-4.8,-5.3,-5.3,-5.6,-4.4,-2.9,-0.2,-1.4,-5.1,-5.5,-4.6,-3.4,-0.2,-1.1,-5.4,-5.9,-4.8,-3.4,0,-1.1,-5.2,-5.3,-3.9,-2.1,-0.6,-2,1.4,1.1,1.4,1.8,0.3,0,1.6,1.1,1.7,2.4,0.6,0,1.2,0.9,1.1,1.6,0.2,0,1.5,1.2,1.5,1.6,0.1,-0.2,-0.9,-0.2,1.8,2.1,0.2,-1.8,0.2,1.5,3,2.5,0.1,-1.4,-0.8,-0.2,1.8,2.1,0.3,-1.7,-2,-1.5,1,1.6,0.3,-2.2,1.5,2.2,1.9,3.1,-0.4,-0.1,2,2.3,2.2,2.9,-0.1,0,1.5,2.3,1.7,2.9,-0.6,0,1.3,2,2,3.4,-0.4,-0.4,-0.8,0.8,0.2,-0.1,-1.6,0.8,0.3,-0.1,-0.7,0.8,0.2,-0.1,-0.1,0.8,0.2,-0.1,-0.4,1.5,0.3,-0.2,-0.6,1.7,0.3,-0.3,-0.3,1.5,0.4,-0.1,-0.2,1.4,0.3,-0.1,-3,0.3,0.3,0.3,-4.7,0.3,0.3,0.3,-2.6,0.3,0.2,0.3,-1.6,0.3,0.3,0.4,0.9,-0.4,-0.3,0.4,1,-0.4,-0.3,0.4,0.9,-0.4,-0.3,0.4,0.9,-0.4,-0.3,0.4,0.2,-0.4,0,0.3,0.1,-0.3,0,0.2,0.2,-0.5,0,0.3,0.5,-0.8,-0.2,0.7,4.2,-3,5.2,-0.5,3.2,-3.1,5.2,-0.7,3.8,-3.1,5,-0.8,5.3,-3,5.4,-0.1,0.6,-0.8,-0.9,-0.1,0.6,-0.9,-1,-0.1,0.6,-0.8,-0.8,-0.2,0.6,-0.7,-1,-0.1,0.4,-0.1,-0.5,-0.1,0.5,-0.2,-0.4,0,0.5,0,-0.6,0,0.3,0,-0.6,-0.1,-0.3,-0.5,-0.3,0.3,-0.4,-1,-0.1,0.1,-0.3,-0.6,-0.4,0.3,-0.2,0,-0.5,0.4,1.1,2.9,-0.3,-1.1,0.7,2.7,-0.2,-0.8,1.1,3.1,-0.3,-1.1,1.4,3,-0.5,-1.2,1.2,141.96,7.7515,1.2496,64.08,14740,2248,27424.18945,0.08,3.3
2015/6/30,3.1,4.4,2.9,2,4.2,4,4.1,4.7,4.3,5.3,4,3.5,25,31.4,22,15.8,-0.5,-0.2,-0.5,-1.6,-2.6,-1.7,-1.4,-4.4,-5.8,-5.5,-5.8,-6.1,1.3,1.7,1.1,1.1,-0.3,1.3,-0.2,-1.7,0.8,1,0.7,0.9,0.1,0.1,0.1,0.1,0.3,0.3,0.2,0.2,0.3,0.3,0.4,0.3,1.1,1,1.3,0.9,-0.5,-0.4,-0.6,-1,-1,-1,-0.9,-1.1,-0.5,-0.4,-0.4,-0.7,-0.2,-0.1,-0.1,-0.3,-0.1,-0.1,-0.2,-0.1,-0.3,-0.9,-0.3,0.1,3,4.5,4.9,3.6,-1.4,-1.8,4.2,6.6,6.9,3.7,-2.2,-2.5,2.8,4.1,4.4,3.6,-1.2,-1.5,2,2.8,3.2,3.5,-0.8,-1.2,3.7,4.3,3.9,4.2,-0.1,0.3,3.4,4.2,3.8,4.3,-0.2,0.2,3.6,4.2,3.9,4.2,-0.1,0.2,4.3,4.4,4,4,0.3,0.7,4.2,8.1,8.5,4.8,-3.8,-4.2,5.2,11.4,11.8,4.6,-6.1,-6.5,3.9,7.1,7.5,5.2,-3.1,-3.5,3.4,5.4,5.8,4.6,-1.9,-2.3,21.9,21,24.9,2.4,4,0.1,27.8,25.8,30.3,2.9,5.6,1.1,18.9,18.7,22.5,2.1,3.3,-0.5,13.7,13.5,16.7,1.9,2.3,-0.9,0.2,-0.2,7.6,7.8,-0.3,-8.1,0.2,-0.1,8.2,8.2,-0.1,-8.4,0.2,-0.2,7.5,7.8,-0.3,-8,0.2,-0.4,5.9,6.8,-1.2,-7.5,-3.5,0.3,-2.7,2,-2.9,0.1,-1.7,0.8,-2.1,0.7,-2.5,0.4,-1.4,1.2,-1.9,0.6,-2.6,0.5,-6.6,-1,-4,4.3,-3.4,-0.4,-5.8,-5.5,-4.9,-2.7,-0.3,-0.9,-5.7,-5.4,-5,-3,-0.1,-0.5,-5.9,-5.9,-5.1,-3.1,0.1,-0.7,-5.9,-5.1,-4.6,-1.9,-1,-1.5,1.4,1.1,1.3,1.9,0.2,0,1.7,1.4,1.5,2.4,0.3,0.2,1.1,0.7,1.1,1.6,0.4,0,1.3,1.3,1.3,1.8,-0.2,-0.2,0,-0.1,1.1,2.4,-0.2,-1.4,1.6,1.7,2.8,2.8,-0.4,-1.5,0.1,0.1,1,2.4,-0.3,-1.2,-1.2,-1.6,-0.2,2,-0.1,-1.5,1.8,1.3,2.5,3,-0.5,-1.7,2.2,1.8,2.6,2.7,-0.8,-1.6,1.7,1.4,2.3,2.8,-0.7,-1.6,1.6,0.9,2.5,3.3,0,-1.6,0,-0.3,0.2,0.1,0.2,0,0.2,0,0,-0.3,0.3,0.1,0,-0.5,0.3,0.1,0.2,0.3,0.1,0,0.2,0.4,0.1,-0.1,0.2,0.2,0.1,-0.1,0.2,0.1,0.1,0.1,0.4,0.3,0.3,0.3,0.3,0.3,0.3,0.2,0.4,0.3,0.3,0.3,0.4,0.3,0.2,0.3,0.9,-0.6,-0.7,-1.1,1.7,-0.7,-0.8,-1.1,0.2,-0.6,-0.7,-1.1,0.2,-0.5,-0.6,-1,0.6,0,-0.4,0.2,0.4,0,-0.1,0,0.7,0,-0.7,0.2,0.9,0.1,-0.7,0.8,-1.8,2.9,-3.7,-1.9,-1.7,2.8,-3.5,-0.7,-1.9,2.9,-3.4,-0.8,-1.9,3.1,-4.3,-3.8,-0.8,-0.3,-0.5,-0.7,-0.8,-0.4,-0.6,-0.6,-0.9,-0.2,-0.5,-0.7,-0.7,-0.3,-0.5,-0.7,0,0,-0.3,-0.1,0,0.1,-0.3,-0.1,-0.1,-0.1,-0.4,-0.1,-0.1,0,-0.3,0,1.1,0.1,0,0.4,1.4,0.4,0.1,0.3,1.1,0,0.1,0.3,0.9,-0.1,-0.2,0.4,-0.9,-3.1,2,0.5,-0.7,-2.3,1.6,0.3,-1,-3.3,2.1,0.5,-1,-3.4,2.2,0.6,1.4,143.56,7.7515,1.24915,61.48,16564,2112,26250.0293,0.08,3.3
2015/7/31,2.5,3.4,2.4,1.8,4.4,4.2,4.2,4.9,4.3,5.2,4,3.4,1,2.1,0.3,-0.2,0.4,0.3,0.3,0.5,-2.9,-2.1,-1.8,-4.6,-5.6,-5.3,-5.6,-5.7,0.6,1.2,0.3,0.4,-0.5,0.8,-0.3,-1.7,1,1,0.9,1.1,0.5,0.3,0.5,0.6,0.3,0.3,0.2,0.2,0.4,0.4,0.4,0.4,-0.6,-0.7,-0.5,-0.6,0.6,0.5,0.6,1,-3.5,-3.1,-3.4,-4,-0.1,-0.1,-0.3,0,0.2,0.1,0.2,0.3,0.9,0.7,1,0.9,2.2,1.2,2.3,2.7,3.1,2.8,4.1,4,-0.3,-1.6,4.4,3.9,6.3,4.6,-0.5,-2.9,2.9,2.6,3.6,4,-0.2,-1.2,2,1.9,2.2,3.5,-0.1,-0.4,4.2,3.2,3.7,4.1,1.2,0.7,4,2.8,3.5,4.1,1.4,0.7,4.1,3.3,3.8,4.1,0.9,0.4,4.7,3.8,4,3.9,1.1,0.9,4.3,4.2,8.3,4.6,0.1,-4,5.3,5.3,11.6,4.4,-0.1,-6.4,4,3.8,7.4,5,0.2,-3.4,3.5,3.4,5.7,4.3,0,-2.3,25,21.6,21.7,24.8,-20.6,-20.7,31.4,26.9,26.6,30.1,-24.8,-24.5,22,19.1,19.5,22.4,-18.8,-19.2,15.8,13.8,14.2,17,-14,-14.4,-0.5,0,7.3,7,0.4,-6.9,-0.2,0,8.1,7.8,0.3,-7.8,-0.5,0,7.3,7,0.3,-7,-1.6,0.2,4.9,4.7,0.3,-4.4,-2.6,-2,-1.9,2,-0.9,-1,-1.7,-0.6,-1.2,0.9,-1.5,-0.9,-1.4,-0.5,-1.2,0.9,-1.3,-0.6,-4.4,-4.3,-3.2,3.8,-0.3,-1.4,-5.8,-5.3,-5.5,-3.1,-0.3,-0.1,-5.5,-5.1,-5.4,-3.5,-0.2,0.1,-5.8,-5.4,-5.8,-3.6,-0.2,0.2,-6.1,-5.2,-5.3,-2.4,-0.5,-0.4,1.3,1.4,1.3,2.9,-0.8,-0.7,1.7,1.6,1.3,2.9,-0.4,-0.1,1.1,1.2,1,3,-0.9,-0.7,1.1,1.5,1.5,2.8,-1.1,-1.1,-0.3,-0.9,0,2.3,0.4,-0.5,1.3,0.2,2,2.9,0.6,-1.2,-0.2,-0.8,0,2.1,0.5,-0.3,-1.7,-2,-1.7,1.9,0.3,0,0.8,1.5,-1.2,2.7,-0.5,2.2,1,2,-0.2,2.5,-1,1.2,0.7,1.5,-1.4,2.5,-0.6,2.3,0.9,1.3,-1.5,3,-0.2,2.6,0.1,-0.8,-0.3,1,0.1,-1.6,-0.1,1.3,0.1,-0.7,-0.3,0.9,0.1,-0.1,-0.5,0.7,0.3,-0.4,0.6,0.1,0.3,-0.6,0.4,0.1,0.2,-0.3,0.6,0.1,0.2,-0.2,0.9,0.1,0.3,-3,0.4,0.4,0.3,-4.7,0.4,0.4,0.4,-2.6,0.4,0.4,0.3,-1.6,0.3,0.3,1.1,0.9,0.7,23.1,1,1,0.7,27.9,1.3,0.9,0.7,21,0.9,0.9,0.7,15.7,-0.5,0.2,0.4,-0.3,-0.4,0.1,0.1,-0.2,-0.6,0.2,0.8,-0.3,-1,0.5,0.7,-1,-1,4.2,-4,-3.7,-1,3.2,-3.7,-2.9,-0.9,3.8,-3.7,-3,-1.1,5.3,-4.4,-5,-0.5,0.6,-1.2,-0.3,-0.4,0.6,-1.1,-0.2,-0.4,0.6,-1.2,-0.4,-0.7,0.6,-1.3,-0.2,-0.2,0.4,0.5,0.7,-0.1,0.5,0.4,0.5,-0.1,0.5,0.5,0.8,-0.3,0.3,0.6,0.7,-0.1,-0.3,-0.9,1.1,-0.1,-0.4,-0.3,1.3,-0.2,-0.3,-0.9,0.9,-0.1,-0.2,-1.3,1,-0.3,1.1,-2.2,1.6,-0.9,0.7,-2,0.8,-0.3,1.1,-2.4,1.6,0.1,1.4,-2.2,1.9,1.6,145.48,7.7515,1.2458,56.56,16444.8288,1931,24636.2793,0.08,3.4
2015/8/31,2.4,3,2.4,1.8,4.3,4.2,4.2,4.5,4.4,5.3,4.3,3.7,-4.6,-4.3,-5,-4.7,0.4,0.3,0.3,1,-1.8,-0.8,-0.5,-3.8,-5.7,-5.4,-5.7,-5.9,0.5,1.3,0.2,0,-0.5,0.6,-0.3,-1.6,1.2,1.4,1.1,1.3,-1.8,-5.1,-0.3,0,0.2,0.2,0.2,0.1,-4.6,-14.5,-0.6,0.6,-5.6,-6,-5.4,-4.8,0,0,0,0,-1.8,-1.4,-1.7,-2.1,-0.7,-0.6,-0.7,-0.6,-0.4,-0.3,-0.4,-0.5,0,0,0.1,0,0.1,0.2,0.1,0,2.5,3,4.6,3.9,-0.6,-2.2,3.4,4.2,6.5,4.8,-1.2,-3.5,2.4,2.8,4.2,3.8,-0.4,-1.8,1.8,2,3,3.2,-0.2,-1.2,4.4,3.7,3.9,4.1,0.6,0.4,4.2,3.4,3.7,4,0.8,0.5,4.2,3.6,4,4.2,0.6,0.2,4.9,4.3,4.2,4.1,0.2,0.3,4.3,4.2,8.2,4.9,0.2,-3.8,5.2,5.2,11.5,5.6,0.1,-6.2,4,3.9,7.2,5,0.4,-2.9,3.4,3.4,5.6,3.9,0.3,-1.9,1,21.9,21.8,24.3,-26.5,-26.4,2.1,27.8,26.6,29.7,-32.1,-30.9,0.3,18.9,19.6,21.7,-23.9,-24.6,-0.2,13.7,14.2,16.3,-18.4,-18.9,0.4,0.2,6.3,7.6,0.2,-5.9,0.3,0.2,7.3,8.2,0.1,-7,0.3,0.2,6.4,7.7,0.1,-6.1,0.5,0.2,3.2,6,0.8,-2.2,-2.9,-3.5,-0.9,0.5,1.7,-0.9,-2.1,-1.7,-0.8,-0.6,0.9,0,-1.8,-1.4,-0.2,-0.6,0.9,-0.3,-4.6,-6.6,-1.8,2.3,2.8,-2,-5.6,-5.8,-5.6,-3.6,0.1,-0.1,-5.3,-5.7,-5.5,-3.8,0.3,0.1,-5.6,-5.9,-5.9,-4.2,0.2,0.2,-5.7,-5.9,-5.3,-2.7,0,-0.6,0.6,1.4,1.1,2.4,-0.9,-0.6,1.2,1.7,1.1,2.6,-0.4,0.2,0.3,1.1,0.9,2.2,-0.9,-0.7,0.4,1.3,1.2,2.4,-1.3,-1.2,-0.5,0,-0.2,2.2,-0.5,-0.3,0.8,1.6,1.5,2.9,-1,-0.9,-0.3,0.1,-0.2,2.1,-0.4,-0.1,-1.7,-1.2,-1.5,1.7,-0.4,-0.1,1,1.8,2.2,2.1,-0.6,-1,1,2.2,2.3,2,-0.8,-0.9,0.9,1.7,2.3,1.9,-0.6,-1.2,1.1,1.6,2,2.5,-0.3,-0.7,0.5,0,0.8,-2.3,0.3,0.2,0.8,-6.2,0.5,0,0.8,-0.8,0.6,0,0.8,0,0.3,0.2,1.5,0.1,0.3,0.2,1.7,0.1,0.2,0.2,1.5,0.1,0.2,0.2,1.4,0.4,0.4,0.4,0.3,-6.7,0.4,0.3,0.3,-17.7,0.4,0.4,0.3,-2.1,0.4,0.4,0.3,0.3,-0.6,0.9,-0.4,0,-0.7,1.7,-0.4,0.1,-0.5,0.2,-0.4,-0.1,-0.6,0.2,-0.4,-0.2,0.6,0.6,-0.4,-0.1,0.5,0.4,-0.3,0,0.6,0.7,-0.5,-0.1,1,0.9,-0.8,-0.4,-3.5,-1.8,-3,-3.1,-3.1,-1.7,-3.1,-2.6,-3.4,-1.9,-3.1,-2.7,-4,-1.9,-3,-3.9,-0.1,-0.8,-0.8,-0.5,-0.1,-0.8,-0.9,-0.4,-0.3,-0.9,-0.8,-0.6,0,-0.7,-0.7,-0.4,0.2,0,-0.1,-0.1,0.1,0,-0.2,-0.1,0.2,-0.1,0,-0.2,0.3,-0.1,0,0,0.9,1.1,-0.5,-0.1,0.7,1.4,-1,0.1,1,1.1,-0.6,-0.1,0.9,0.9,0,-0.2,2.2,-0.9,2.9,0,1.2,-0.7,2.7,-0.1,2.3,-1,3.1,0,2.7,-1,3,0.1,2,146.78,7.7505,1.203,46.52,16561,2085,21670.58008,0.08,3.5
2015/9/30,2,2.1,2.1,1.8,4,3.9,3.9,4.1,3.6,3.2,3.9,3.6,-10.1,-10.5,-10.2,-9,0.1,0.1,0.1,0,-1,-0.8,-0.5,-1.5,-5.6,-5.1,-5.6,-5.8,0.7,1.4,0.4,0.2,-0.3,0.8,-0.1,-1.4,1.3,1.3,1,1.6,1.9,5.4,0.6,0,0.4,0.5,0.4,0.3,5.8,17.8,1.6,0.2,-5.4,-5.8,-5.3,-4.8,-0.4,-0.3,-0.4,-0.8,2.3,2.2,2.1,2.5,-0.1,-0.1,0,-0.1,0.7,0.9,0.7,0.5,0.1,0.1,0.2,0.1,-0.4,0.1,-0.5,-0.6,2.4,3.1,4.5,6.6,-1.1,-2.5,3,4.4,6.6,12.3,-2.3,-4.5,2.4,2.9,4.1,4.7,-0.8,-2,1.8,2,2.8,3.1,-0.2,-1,4.3,4.2,4.3,3.8,-0.2,-0.3,4.2,4,4.2,3.6,-0.1,-0.3,4.2,4.1,4.2,4,-0.2,-0.3,4.5,4.7,4.4,3.9,-0.6,-0.3,4.4,4.3,8.1,13.5,-0.7,-4.5,5.3,5.3,11.4,30.9,-2.1,-8.2,4.3,4,7.1,7.8,-0.1,-3.2,3.7,3.5,5.4,3.9,0.1,-1.8,-4.6,25,21,25.7,-35.1,-31.1,-4.3,31.4,25.8,31.6,-41.9,-36.3,-5,22,18.7,23.1,-32.2,-28.9,-4.7,15.8,13.5,17.3,-24.8,-22.5,0.4,-0.5,-0.2,7.7,0.6,0.3,0.3,-0.2,-0.1,8.3,0.3,0.2,0.3,-0.5,-0.2,7.7,0.6,0.3,1,-1.6,-0.4,6,1.6,0.4,-1.8,-2.6,0.3,0.1,1.6,-1.3,-0.8,-1.7,0.8,-0.4,0.9,-1.6,-0.5,-1.4,1.2,-0.5,0.9,-1.7,-3.8,-4.4,-1,1,2.9,-0.5,-5.7,-5.8,-5.5,-3.1,0.2,-0.1,-5.4,-5.5,-5.4,-3.3,0.4,0.3,-5.7,-5.8,-5.9,-3.6,0.2,0.3,-5.9,-6.1,-5.1,-2.5,0.3,-0.7,0.5,1.3,1.1,1.9,-0.6,-0.4,1.3,1.7,1.4,2,-0.3,0,0.2,1.1,0.7,1.6,-0.7,-0.3,0,1.1,1.3,2.3,-0.9,-1.1,-0.5,-0.3,-0.1,1.8,0,-0.2,0.6,1.3,1.7,2.7,-0.5,-0.9,-0.3,-0.2,0.1,1.8,0.1,-0.2,-1.6,-1.7,-1.6,1.2,0.3,0.2,1.2,0.8,1.3,2.1,0.5,0,1.4,1,1.8,1.8,0.3,-0.5,1.1,0.7,1.4,1.9,0.3,-0.4,1.3,0.9,0.9,2.4,0.7,0.7,-1.8,0.1,-0.3,3.1,-5.1,0.1,0,8,-0.3,0.1,-0.3,1.3,0,0.1,-0.5,0.1,0.2,0.3,0.3,0.7,0.2,0.3,0.4,0.8,0.2,0.2,0.2,0.6,0.1,0.2,0.1,0.6,-4.6,0.3,0.3,8.7,-14.5,0.3,0.3,24.8,-0.6,0.4,0.3,3.2,0.6,0.3,0.3,0.3,-5.6,1.1,-0.6,0.2,-6,1,-0.7,0.4,-5.4,1.3,-0.6,0.1,-4.8,0.9,-0.5,0,0,-0.5,0,0,0,-0.4,0,0,0,-0.6,0,0,0,-1,0.1,0,-1.8,-1,2.9,1.7,-1.4,-1,2.8,2.3,-1.7,-0.9,2.9,2.2,-2.1,-1.1,3.1,0.8,-0.7,-0.5,-0.3,-0.2,-0.6,-0.4,-0.4,-0.3,-0.7,-0.4,-0.2,-0.1,-0.6,-0.7,-0.3,-0.1,-0.4,-0.2,0,0.5,-0.3,-0.1,0.1,0.7,-0.4,-0.1,-0.1,0.4,-0.5,-0.3,0,0.3,0,-0.1,0.1,-0.4,0,-0.1,0.4,-0.2,0.1,-0.2,0,-0.3,0,-0.1,-0.1,-0.5,0.1,-0.3,-3.1,-0.1,0.2,-0.9,-2.3,0.7,0.1,-0.3,-3.3,-0.2,0,0.1,-3.4,-0.6,1.6,146.01,7.7495,1.2212,47.62,15099,2074,20846.30078,0.07,3.5
2015/10/31,2.3,2.5,2.3,1.9,4,4.2,4,3.9,4.2,3.9,4.5,3.9,-5,-4.8,-5.3,-5,1.3,0.9,1.5,2,-1.2,-1.1,-1.3,-1.1,-6.1,-6.3,-6,-6.2,0.5,0.9,0.2,0.6,-0.7,0.4,-0.7,-1.4,1.5,0.7,1.3,2.1,1.6,2.3,1.5,1,0.2,0.2,0.2,0.3,3.8,5.7,3.5,2.3,5.4,5.9,5.2,4.6,1.3,1,1.3,2.3,3.8,3.5,3.4,4.3,-0.9,-1,-0.9,-1,0.2,0.1,0.1,0.6,-0.8,-0.4,-0.9,-0.9,0.5,0.4,0.5,0.5,2,2.5,2.8,5.2,-0.2,-0.5,2.1,3.4,3.9,7.1,-0.9,-1.4,2.1,2.4,2.6,4.7,-0.1,-0.3,1.8,1.8,1.9,3.6,0.1,0,4,4.4,3.2,4.2,-0.4,0.8,3.9,4.2,2.8,4.2,0,1.4,3.9,4.2,3.3,4.3,-0.2,0.7,4.1,4.9,3.8,4.2,-1,0.1,3.6,4.3,4.2,8.5,-0.1,0,3.2,5.2,5.3,11.9,-1.3,-1.4,3.9,4,3.8,7.7,0.5,0.7,3.6,3.4,3.4,5.7,0.5,0.5,-10.1,1,21.6,26.1,-6,-26.6,-10.5,2.1,26.9,31.4,-6.9,-31.7,-10.2,0.3,19.1,23.7,-5.6,-24.4,-9,-0.2,13.8,18,-4.8,-18.8,0.1,0.4,0,7.5,0.9,1.3,0.1,0.3,0,8.2,0.6,0.9,0.1,0.3,0,7.5,1.2,1.5,0,0.5,0.2,5.5,1.5,1.8,-1,-2.9,-2,-0.6,1.7,0.8,-0.8,-2.1,-0.6,-1,1,-0.5,-0.5,-1.8,-0.5,-0.9,0.5,-0.8,-1.5,-4.6,-4.3,0,3.5,3.2,-5.6,-5.6,-5.3,-3.6,-0.5,-0.8,-5.1,-5.3,-5.1,-3.9,-1,-1.2,-5.6,-5.6,-5.4,-4,-0.4,-0.6,-5.8,-5.7,-5.2,-3,-0.5,-1,0.7,0.6,1.4,1.9,-0.1,-0.9,1.4,1.2,1.6,2,-0.3,-0.7,0.4,0.3,1.2,1.7,-0.1,-1,0.2,0.4,1.5,2.1,0.2,-0.9,-0.3,-0.5,-0.9,1.9,-0.2,0.2,0.8,0.8,0.2,2.9,-0.4,0.2,-0.1,-0.3,-0.8,1.8,-0.4,0.1,-1.4,-1.7,-2,1.2,0.3,0.6,1.3,1,1.5,2.1,0.5,0,1.3,1,2,2.1,-0.3,-1.3,1,0.9,1.5,2,0.4,-0.2,1.6,1.1,1.3,2.1,1,0.8,1.9,0.5,-0.8,1.4,5.4,0.3,-1.6,2,0.6,0.5,-0.7,1.2,0,0.6,-0.1,0.9,0.4,0.3,-0.4,0,0.5,0.3,-0.6,-0.1,0.4,0.2,-0.3,0.1,0.3,0.2,-0.2,0.1,5.8,0.4,-3,3.6,17.8,0.4,-4.7,5.6,1.6,0.4,-2.6,3,0.2,0.4,-1.6,2.1,-5.4,-0.6,0.9,-0.5,-5.8,-0.7,1,-0.7,-5.3,-0.5,0.9,-0.4,-4.8,-0.6,0.9,-0.3,-0.4,0.6,0.2,0.1,-0.3,0.5,0.1,0.1,-0.4,0.6,0.2,0.1,-0.8,1,0.5,0.2,2.3,-3.5,4.2,3.9,2.2,-3.1,3.2,3.3,2.1,-3.4,3.8,4,2.5,-4,5.3,4.2,-0.1,-0.1,0.6,-0.6,-0.1,-0.1,0.6,-0.7,0,-0.3,0.6,-0.7,-0.1,0,0.6,-0.6,0.7,0.2,0.4,0,0.9,0.1,0.5,0.1,0.7,0.2,0.5,0,0.5,0.3,0.3,-0.1,0.1,0.9,-0.3,-0.4,0.1,0.7,-0.4,-0.1,0.2,1,-0.3,-0.4,0.1,0.9,-0.2,-0.6,-0.4,2.2,1.1,0.5,0.1,1.2,0.7,0.6,-0.5,2.3,1.1,0.4,-0.6,2.7,1.4,0.5,1.3,142.98,7.7495,1.2255,48.43,13462.9128,2031,22640.03906,0.07,3.4
2015/11/30,2.3,2.5,2.3,2,3.7,3.7,3.7,3.6,4.1,3.9,4.5,3.8,0.6,1.3,0,-0.1,0.9,0.6,1,1.3,-2,-2.8,-2.7,-0.6,-5.5,-5.7,-5.5,-5.4,0.6,0.8,0.4,0.7,-0.3,0.6,-0.4,-1,1.2,0.4,1,1.9,0.2,0.3,0.2,0.2,0,-0.1,0.1,0,0.2,0.3,0.2,0.2,5.6,6,5.4,4.8,-0.4,-0.3,-0.5,-0.9,4.3,3.4,3.6,5.8,-0.3,-0.4,-0.4,-0.2,-0.5,-0.4,-0.5,-0.5,0,0,-0.1,0,-0.6,-0.4,-0.6,-0.6,2.3,2.4,3,5.1,-0.1,-0.7,2.5,3,4.2,7.2,-0.5,-1.7,2.3,2.4,2.8,4.6,-0.1,-0.5,1.9,1.8,2,3.4,0.2,0,4,4.3,3.7,4.4,-0.6,0,4.2,4.2,3.4,4.4,-0.5,0.3,4,4.2,3.6,4.5,-0.5,0.1,3.9,4.5,4.3,4,-0.9,-0.7,4.2,4.4,4.2,8.5,-0.3,-0.1,3.9,5.3,5.2,11.8,-1.4,-1.3,4.5,4.3,3.9,7.6,0.2,0.6,3.9,3.7,3.4,5.8,0.1,0.4,-5,-4.6,21.9,25.6,5.2,-21.3,-4.8,-4.3,27.8,30.9,5.6,-26.5,-5.3,-5,18.9,23.3,5,-18.9,-5,-4.7,13.7,17.4,4.6,-13.8,1.3,0.4,0.2,7.5,0.5,0.7,0.9,0.3,0.2,8.2,0.3,0.4,1.5,0.3,0.2,7.5,0.7,0.8,2,1,0.2,5.7,0.3,1.1,-1.2,-1.8,-3.5,-1.1,-0.2,1.5,-1.1,-0.8,-1.7,-0.7,-2,-1.1,-1.3,-0.5,-1.4,-1.1,-2.2,-1.3,-1.1,-3.8,-6.6,-1.3,3.2,6,-6.1,-5.7,-5.8,-4.4,0.2,0.3,-6.3,-5.4,-5.7,-4.6,-0.3,0,-6,-5.7,-5.9,-4.8,0.2,0.4,-6.2,-5.9,-5.9,-3.9,0.5,0.5,0.5,0.5,1.4,1.4,0.1,-0.8,0.9,1.3,1.7,1.7,-0.5,-0.9,0.2,0.2,1.1,1.1,0.2,-0.7,0.6,0,1.3,1.5,0.7,-0.6,-0.7,-0.5,0,1.8,0.2,-0.3,0.4,0.6,1.6,3,0,-1,-0.7,-0.3,0.1,1.8,-0.1,-0.5,-1.4,-1.6,-1.2,1,0.6,0.2,1.5,1.2,1.8,1.9,0,-0.6,0.7,1.4,2.2,2.2,-1,-1.8,1.3,1.1,1.7,1.7,-0.1,-0.7,2.1,1.3,1.6,2,0.6,0.3,1.6,-1.8,0,0.2,2.3,-5.1,0.2,0.3,1.5,-0.3,0,0.2,1,0,0,0.2,0.2,0.2,0.2,0.3,0.2,0.2,0.2,0.3,0.2,0.2,0.2,0.4,0.3,0.1,0.2,0.3,3.8,-4.6,0.4,0.3,5.7,-14.5,0.3,0.3,3.5,-0.6,0.4,0.2,2.3,0.6,0.4,0.3,5.4,-5.6,0.9,-0.3,5.9,-6,1.7,-0.3,5.2,-5.4,0.2,-0.3,4.6,-4.8,0.2,-0.3,1.3,0,0.6,0,1,0,0.4,0,1.3,0,0.7,0,2.3,0,0.9,-0.2,3.8,-1.8,-1.8,5.2,3.5,-1.4,-1.7,5.2,3.4,-1.7,-1.9,5,4.3,-2.1,-1.9,5.4,-0.9,-0.7,-0.8,-0.9,-1,-0.6,-0.8,-1,-0.9,-0.7,-0.9,-0.8,-1,-0.6,-0.7,-1,0.2,-0.4,0,-0.5,0.1,-0.3,0,-0.4,0.1,-0.4,-0.1,-0.6,0.6,-0.5,-0.1,-0.6,-0.8,0,1.1,-0.3,-0.4,0,1.4,-0.1,-0.9,0.1,1.1,-0.4,-0.9,0,0.9,-0.5,0.5,0.1,-0.9,-0.3,0.4,0.2,-0.7,-0.2,0.5,0.1,-1,-0.3,0.5,0,-1,-0.5,1.5,139.82,7.7495,1.20535,44.27,11928,2305,21996.41992,0.08,3.3
2015/12/31,2.4,2.6,2.4,2.1,4,4,3.9,4,4.1,3.9,4.5,3.8,1.3,2,0.7,0.4,0.8,0.6,0.8,1.1,-1.6,-2,-2.2,-0.5,-5.6,-5.6,-5.6,-5.6,0.3,0.7,0.1,0.2,0.1,0.7,0.1,-0.2,0.8,-0.1,0.5,1.7,0.3,0.2,0.3,0.4,0.3,0.3,0.3,0.4,0.3,0.3,0.3,0.2,-0.1,-0.1,-0.1,-0.1,-0.5,-0.1,-0.9,-0.9,-3.3,-2.7,-2.9,-4.1,-0.6,-0.5,-0.6,-0.7,-0.6,-0.4,-0.6,-0.8,0.4,0.2,0.5,0.6,1.6,1,1.6,2,2.3,2,3.1,4.9,0.4,-0.7,2.5,2.1,4.4,6.9,0.5,-1.8,2.3,2.1,2.9,4.4,0.3,-0.5,2,1.8,2,3.2,0.3,0.1,3.7,4,4.2,3.9,0,-0.2,3.7,3.9,4,3.8,0.1,0,3.7,3.9,4.1,3.9,0,-0.2,3.6,4.1,4.7,4,-0.1,-0.7,4.1,3.6,4.3,8.5,0.5,-0.2,3.9,3.2,5.3,11.8,0.7,-1.4,4.5,3.9,4,7.5,0.6,0.5,3.8,3.6,3.5,5.8,0.2,0.3,0.6,-10.1,25,24.9,11.4,-23.7,1.3,-10.5,31.4,30.3,12.5,-29.4,0,-10.2,22,22.5,10.9,-21.3,-0.1,-9,15.8,16.7,9.4,-15.4,0.9,0.1,-0.5,7.6,0.7,1.3,0.6,0.1,-0.2,8.2,0.5,0.8,1,0.1,-0.5,7.5,0.7,1.3,1.3,0,-1.6,5.9,1.1,2.7,-2,-1,-2.6,-2.7,-0.6,1,-2.8,-0.8,-1.7,-2.1,-1.2,-0.3,-2.7,-0.5,-1.4,-1.9,-1.7,-0.8,-0.6,-1.5,-4.4,-4,1,3.9,-5.5,-5.6,-5.8,-4.9,0,0.2,-5.7,-5.1,-5.5,-5,-0.5,-0.1,-5.5,-5.6,-5.8,-5.1,0,0.2,-5.4,-5.8,-6.1,-4.6,0.2,0.5,0.6,0.7,1.3,1.3,-0.4,-1,0.8,1.4,1.7,1.5,-0.7,-1,0.4,0.4,1.1,1.1,-0.3,-1,0.7,0.2,1.1,1.3,0,-0.9,-0.3,-0.3,-0.3,1.1,0.4,0.4,0.6,0.8,1.3,2.8,-0.1,-0.6,-0.4,-0.1,-0.2,1,0.2,0.3,-1,-1.4,-1.7,-0.2,1.2,1.5,1.2,1.3,0.8,2.5,-0.5,0,0.4,1.3,1,2.6,-1.4,-1.1,1,1,0.7,2.3,-0.5,-0.2,1.9,1.6,0.9,2.5,0.1,0.8,0.2,1.9,0.1,0.2,0.3,5.4,0.1,0.2,0.2,0.6,0.1,0.3,0.2,0,0.1,0.3,0,0.4,0.3,0.1,-0.1,0.5,0.3,0.1,0.1,0.4,0.2,0.1,0,0.3,0.2,0.1,0.2,5.8,0.3,0.3,0.3,17.8,0.3,0.3,0.2,1.6,0.4,0.3,0.2,0.2,0.3,0.2,5.6,-5.4,1.1,-0.7,6,-5.8,1,-0.8,5.4,-5.3,1.3,-0.7,4.8,-4.8,0.9,-0.6,-0.4,-0.4,-0.5,-0.4,-0.3,-0.3,-0.4,-0.1,-0.5,-0.4,-0.6,-0.7,-0.9,-0.8,-1,-0.7,4.3,2.3,-1,-3.7,3.4,2.2,-1,-3.5,3.6,2.1,-0.9,-3.4,5.8,2.5,-1.1,-4.3,-0.3,-0.1,-0.5,-0.5,-0.4,-0.1,-0.4,-0.6,-0.4,0,-0.4,-0.5,-0.2,-0.1,-0.7,-0.5,-0.5,0.7,-0.2,-0.3,-0.4,0.9,-0.1,-0.3,-0.5,0.7,-0.1,-0.4,-0.5,0.5,-0.3,-0.3,0,0.1,-0.1,0,0,0.1,-0.1,0.1,-0.1,0.2,-0.2,0.1,0,0.1,-0.1,-0.2,-0.6,-0.4,-0.3,2,-0.4,0.1,-0.9,1.6,-0.6,-0.5,-0.3,2.1,-0.6,-0.6,0.1,2.2,1.6,135.89,7.7505,1.17605,38.01,10698,2488,21914.40039,0.2,3.2
2016/1/31,2.5,2.8,2.5,2.3,4.2,4.5,4.1,3.9,4,3.8,4.3,3.7,-0.4,0.4,-0.9,-1.2,0.8,0.6,0.8,1.2,-3.2,-3.7,-3.8,-2.1,-6.2,-6.2,-6.4,-5.9,-0.1,0.3,-0.3,-0.3,1.1,1.6,1,0.9,2,1.3,1.7,2.7,-0.1,0.2,-0.2,-0.4,0.8,0.9,0.8,0.8,0.2,0.3,0.2,0.2,-0.9,-0.9,-0.9,-0.9,0.5,0.1,0.8,0.8,-5.5,-5.4,-5.2,-6,-1.8,-1.8,-1.9,-1.7,0.1,0,0.1,0.2,0.1,0.6,0.1,-0.2,-1.1,-0.6,-1.1,-1.3,2.4,2.3,2.5,4.1,0.2,0,2.6,2.5,3.4,6.3,0.3,-0.6,2.4,2.3,2.4,3.6,0.2,0.1,2.1,1.9,1.8,2.2,0.4,0.5,4,4,4.4,3.7,0.2,-0.2,4,4.2,4.2,3.5,0.3,0.3,3.9,4,4.2,3.8,0.1,-0.1,4,3.9,4.9,4,0,-1,4.1,4.2,4.3,8.3,-0.2,-0.3,3.9,3.9,5.2,11.6,-0.1,-1.4,4.5,4.5,4,7.4,-0.2,0.3,3.8,3.9,3.4,5.7,-0.2,0.3,1.3,-5,1,21.7,4.6,-1.4,2,-4.8,2.1,26.6,5.2,-1.7,0.7,-5.3,0.3,19.5,4.4,-1.2,0.4,-5,-0.2,14.2,3.8,-1,0.8,1.3,0.4,7.3,-0.5,0.4,0.6,0.9,0.3,8.1,-0.3,0.3,0.8,1.5,0.3,7.3,-0.7,0.5,1.1,2,0.5,4.9,-0.8,0.7,-1.6,-1.2,-2.9,-1.9,-2,-0.3,-2,-1.1,-2.1,-1.2,-2.6,-1.6,-2.2,-1.3,-1.8,-1.2,-2.5,-2,-0.5,-1.1,-4.6,-3.2,-1,2.5,-5.6,-6.1,-5.6,-5.5,-0.1,-0.6,-5.6,-6.3,-5.3,-5.4,0.1,-0.9,-5.6,-6,-5.6,-5.8,-0.4,-0.8,-5.6,-6.2,-5.7,-5.3,0.3,-0.2,0.3,0.5,0.6,1.3,-0.6,-0.7,0.7,0.9,1.2,1.3,-0.6,-0.9,0.1,0.2,0.3,1,-0.5,-0.6,0.2,0.6,0.4,1.5,-0.9,-0.7,0.1,-0.7,-0.5,0,1.8,1.6,0.7,0.4,0.8,2,1.2,0.8,0.1,-0.7,-0.3,0,1.7,1.3,-0.2,-1.4,-1.7,-1.7,2.3,2.6,0.8,1.5,1,-1.2,0.5,1,-0.1,0.7,1,-0.2,0.6,0.3,0.5,1.3,0.9,-1.4,0.4,0.8,1.7,2.1,1.1,-1.5,0.6,1.6,0.3,1.6,0.5,-0.3,0.2,2.3,0.3,-0.1,0.3,1.5,0.5,-0.3,0.4,1,0.6,-0.5,0.3,0.2,0.3,0.6,0.3,0.2,0.3,0.4,0.3,0.2,0.2,0.6,0.4,0.3,0.2,0.9,0.3,3.8,0.4,0.4,0.3,5.7,0.4,0.4,0.3,3.5,0.4,0.4,0.2,2.3,0.4,0.3,-0.1,5.4,-0.6,0.7,-0.1,5.9,-0.7,0.7,-0.1,5.2,-0.5,0.7,-0.1,4.6,-0.6,0.7,-0.5,1.3,0.6,0.4,-0.1,1,0.5,0.1,-0.9,1.3,0.6,0.8,-0.9,2.3,1,0.7,-3.3,3.8,-3.5,-4,-2.7,3.5,-3.1,-3.7,-2.9,3.4,-3.4,-3.7,-4.1,4.3,-4,-4.4,-0.6,-0.9,-0.1,-1.2,-0.5,-1,-0.1,-1.1,-0.6,-0.9,-0.3,-1.2,-0.7,-1,0,-1.3,-0.6,0.2,0.2,0.5,-0.4,0.1,0.1,0.4,-0.6,0.1,0.2,0.5,-0.8,0.6,0.3,0.6,0.4,-0.8,0.9,-0.9,0.2,-0.4,0.7,-0.3,0.5,-0.9,1,-0.9,0.6,-0.9,0.9,-1.3,1.6,0.5,2.2,-2.2,1,0.4,1.2,-2,1.6,0.5,2.3,-2.4,2,0.5,2.7,-2.2,1.8,131.95,7.7785,1.1804,30.7,11000.142,2877,19683.10938,0.29,3.1
2016/2/29,3,3.6,2.9,2.6,5.6,6.4,5.2,4.7,4,3.8,4.4,3.8,-0.1,0.7,-0.6,-0.9,0.1,0.2,-0.1,-0.4,-2.4,-3.2,-3.1,-1.1,-5.4,-5.4,-5.6,-5.3,0.2,0.5,0,0.2,1.3,2,1.3,0.7,2.1,1.4,1.7,3,1.3,1.5,1.2,1.2,2.9,3.6,2.5,2.2,0.3,0.2,0.3,0.4,-0.1,-0.1,-0.1,-0.1,-1.1,-0.7,-1.4,-2.3,-2.3,-2.6,-2.4,-2.1,0,0,0,-0.1,0.3,0.1,0.3,0.5,-0.3,-0.5,-0.3,-0.2,3.1,2.7,3.1,3.2,2.5,2.3,2.4,4.6,0.7,0.6,2.8,2.5,3,6.5,1.1,0.6,2.5,2.3,2.4,4.2,0.6,0.5,2.3,2,1.8,3,0.6,0.8,4.2,3.7,4.3,3.9,1.9,1.3,4.5,3.7,4.2,3.7,2.7,2.2,4.1,3.7,4.2,4,1.5,1,3.9,3.6,4.5,4.2,1.1,0.2,4,4.1,4.4,8.2,-0.1,-0.4,3.8,3.9,5.3,11.5,-0.1,-1.5,4.3,4.5,4.3,7.2,-0.1,0.1,3.7,3.8,3.7,5.6,0,0.1,-0.4,0.6,-4.6,21.8,-0.7,4.5,0.4,1.3,-4.3,26.6,-0.6,5,-0.9,0,-5,19.6,-0.6,4.4,-1.2,-0.1,-4.7,14.2,-0.8,3.8,0.8,0.9,0.4,6.3,-0.8,-0.3,0.6,0.6,0.3,7.3,-0.4,-0.1,0.8,1,0.3,6.4,-1.1,-0.4,1.2,1.3,1,3.2,-1.7,-1.4,-3.2,-2,-1.8,-0.9,-0.4,-0.6,-3.7,-2.8,-0.8,-0.8,-0.4,-2.4,-3.8,-2.7,-0.5,-0.2,-0.4,-2.6,-2.1,-0.6,-3.8,-1.8,-0.5,2.7,-6.2,-5.5,-5.7,-5.6,0.1,0.3,-6.2,-5.7,-5.4,-5.5,0.3,0,-6.4,-5.5,-5.7,-5.9,-0.1,0.1,-5.9,-5.4,-5.9,-5.3,0.1,0.6,-0.1,0.6,0.5,1.1,-0.4,-0.3,0.3,0.8,1.3,1.1,-0.3,-0.8,-0.3,0.4,0.2,0.9,-0.4,-0.2,-0.3,0.7,0,1.2,-0.5,0.2,1.1,-0.3,-0.5,-0.2,1.6,1.8,1.6,0.6,0.6,1.5,1.4,1.4,1,-0.4,-0.3,-0.2,1.7,1.6,0.9,-1,-1.6,-1.5,1.7,2.3,2,1.2,1.2,2.2,0.9,0.9,1.3,0.4,1.4,2.3,1,0,1.7,1,1.1,2.3,0.7,0.6,2.7,1.9,1.3,2,1.1,1.7,-0.1,0.2,-1.8,0.8,0.2,0.3,-5.1,0.8,-0.2,0.2,-0.3,0.8,-0.4,0.2,0,0.8,0.8,0,0.2,1.5,0.9,-0.1,0.2,1.7,0.8,0.1,0.2,1.5,0.8,0,0.1,1.4,0.2,0.2,-4.6,0.3,0.3,0.3,-14.5,0.3,0.2,0.2,-0.6,0.3,0.2,0.2,0.6,0.3,-0.9,5.6,-5.6,-0.4,-0.9,6,-6,-0.4,-0.9,5.4,-5.4,-0.4,-0.9,4.8,-4.8,-0.4,0.5,-0.4,0,-0.4,0.1,-0.3,0,-0.3,0.8,-0.5,0,-0.5,0.8,-0.9,0,-0.8,-5.5,4.3,-1.8,-3,-5.4,3.4,-1.4,-3.1,-5.2,3.6,-1.7,-3.1,-6,5.8,-2.1,-3,-1.8,-0.3,-0.7,-0.8,-1.8,-0.4,-0.6,-0.9,-1.9,-0.4,-0.7,-0.8,-1.7,-0.2,-0.6,-0.7,0.1,-0.5,-0.4,-0.1,0,-0.4,-0.3,-0.2,0.1,-0.5,-0.4,0,0.2,-0.5,-0.5,0,0.1,0,0,-0.5,0.6,0,0,-1,0.1,-0.1,0.1,-0.6,-0.2,0,0,0,-1.1,-0.6,0.1,2.9,-0.6,-0.4,0.2,2.7,-1.1,-0.6,0.1,3.1,-1.3,-0.6,0,3,2.3,131.76,7.7755,1.1871,32.18,9895,3115,19111.92969,0.29,3.1
2016/3/31,2.9,3,2.8,2.8,4,4.4,3.9,3.6,4,3.6,4.3,3.8,0.4,1.2,-0.1,-0.5,0.1,0.3,-0.3,-0.5,-4.2,-5.2,-4.8,-2.8,-5.5,-5.2,-6,-5.2,1.3,1.4,1.3,1.2,1.1,1.4,1.1,0.7,4.1,2.9,3.8,5,-0.4,-0.5,-0.3,-0.3,-1.2,-1.5,-1,-1,0.2,0.2,0.3,0.3,-0.1,-0.1,-0.1,-0.1,0,0.1,-0.2,0,1,0.7,1.1,1.3,-0.4,-0.3,-0.6,-0.2,1.1,0.9,1.2,0.9,-0.1,-0.1,-0.1,-0.1,-1.2,-0.9,-1.3,-1.4,3,2.4,2,4.5,0.5,0.9,3.6,2.6,2.1,6.6,0.4,0.9,2.9,2.4,2.1,4.1,0.4,0.7,2.6,2.1,1.8,2.8,0.7,1,5.6,4,4,4.3,0,0,6.4,4,3.9,4.2,0.4,0.5,5.2,3.9,3.9,4.2,0,0,4.7,4,4.1,4.4,-0.4,-0.5,4,4.1,3.6,8.1,-0.1,0.4,3.8,3.9,3.2,11.4,-0.3,0.4,4.4,4.5,3.9,7.1,-0.2,0.4,3.8,3.8,3.6,5.4,0,0.2,-0.1,1.3,-10.1,21,-0.9,10.5,0.7,2,-10.5,25.8,-0.8,11.7,-0.6,0.7,-10.2,18.7,-0.8,10.1,-0.9,0.4,-9,13.5,-0.9,8.5,0.1,0.8,0.1,-0.2,-0.7,0,0.2,0.6,0.1,-0.1,-0.3,0.2,-0.1,0.8,0.1,-0.2,-1.1,-0.4,-0.4,1.1,0,-0.4,-1.6,-0.5,-2.4,-1.6,-1,0.3,-2.6,-3.2,-3.2,-2,-0.8,0.8,-3.2,-4.4,-3.1,-2.2,-0.5,1.2,-2.6,-4.3,-1.1,-0.5,-1.5,-1,-2.3,-1.3,-5.4,-5.6,-5.6,-5.5,0.1,0.1,-5.4,-5.6,-5.1,-5.4,0.4,-0.1,-5.6,-5.6,-5.6,-5.9,-0.4,-0.4,-5.3,-5.6,-5.8,-5.1,0.4,0.6,0.2,0.3,0.7,1.1,1,0.6,0.5,0.7,1.4,1.4,0.7,0,0,0.1,0.4,0.7,1.2,0.9,0.2,0.2,0.2,1.3,1,1,1.3,0.1,-0.3,-0.1,1,1.4,2,0.7,0.8,1.7,0.7,0.6,1.3,0.1,-0.1,0.1,1,1.2,0.7,-0.2,-1.4,-1.6,0.9,2.1,2.1,0.8,1.3,1.3,3.3,2.8,1.4,-0.1,1.3,1.8,3,1.6,1.7,0.5,1,1.4,3.3,2.8,3,1.7,1.6,0.9,3.3,3.4,1.3,0.3,1.9,-0.3,1.5,0.2,5.4,0,1.2,0.3,0.6,-0.3,1.2,0.4,0,-0.5,2.9,0.3,0.4,0.3,3.6,0.3,0.5,0.4,2.5,0.3,0.4,0.2,2.2,0.4,0.3,0.1,0.3,0.3,5.8,0.3,0.2,0.3,17.8,0.3,0.3,0.3,1.6,0.3,0.4,0.2,0.2,0.3,-0.1,-0.1,-5.4,-0.6,-0.1,-0.1,-5.8,-0.7,-0.1,-0.1,-5.3,-0.6,-0.1,-0.1,-4.8,-0.5,-1.1,-0.5,-0.4,0,-0.7,-0.1,-0.3,0,-1.4,-0.9,-0.4,0,-2.3,-0.9,-0.8,0.1,-2.3,-3.3,2.3,2.9,-2.6,-2.7,2.2,2.8,-2.4,-2.9,2.1,2.9,-2.1,-4.1,2.5,3.1,0,-0.6,-0.1,-0.3,0,-0.5,-0.1,-0.4,0,-0.6,0,-0.2,-0.1,-0.7,-0.1,-0.3,0.3,-0.6,0.7,0,0.1,-0.4,0.9,0.1,0.3,-0.6,0.7,-0.1,0.5,-0.8,0.5,0,-0.3,0.4,0.1,0.1,-0.5,0.2,0.1,0.4,-0.3,0.5,0.2,0,-0.2,0.6,0.1,-0.1,3.1,1.6,-0.4,-3.1,2.7,1,0.1,-2.3,3.1,1.6,-0.5,-3.3,3.2,2,-0.6,-3.4,2.3,127.46,7.7535,1.1979,38.21,10739,2674,20776.69922,0.25,3.3
2016/4/30,2.7,3,2.7,2.4,3.8,4.2,3.7,3.3,4.8,4.5,5.2,4.5,-0.2,0.6,-0.7,-1,-0.2,0,-0.4,-1.2,-2.2,-3.5,-3.5,0.1,-6.2,-5.7,-6.8,-5.7,1.1,1.1,1,1.2,2,2.6,2.1,1.4,1.4,1.1,1.2,1.8,-1,-1.6,-0.8,-0.4,-0.6,-0.8,-0.5,-0.5,-2.3,-4,-1.8,-1,0.3,0.3,0.3,0.3,-0.1,-0.2,0,-0.3,6.3,5,5.2,8.4,-0.1,0.1,-0.3,0.1,0.2,0.2,0.2,0.3,0.6,0.7,0.6,0.5,-1.5,-1.1,-1.5,-1.7,2.9,2.5,2.3,2.8,0.2,0.4,3,2.8,2.5,3.9,0.2,0.5,2.8,2.5,2.3,2.6,0.2,0.4,2.8,2.3,1.9,1.9,0.1,0.5,4,4.2,4,3.2,-0.4,-0.2,4.4,4.5,4.2,2.8,-0.3,0,3.9,4.1,4,3.3,-0.4,-0.3,3.6,3.9,3.9,3.8,-0.6,-0.6,4,4,4.2,4.2,0.8,0.6,3.6,3.8,3.9,5.3,0.7,0.6,4.3,4.3,4.5,3.8,0.9,0.7,3.8,3.7,3.9,3.4,0.8,0.6,0.4,-0.4,-5,21.6,0.2,4.8,1.2,0.4,-4.8,26.9,0.2,5.4,-0.1,-0.9,-5.3,19.1,0.2,4.6,-0.5,-1.2,-5,13.8,0.2,4,0.1,0.8,1.3,0,-1,-1.5,0.3,0.6,0.9,0,-0.6,-0.9,-0.3,0.8,1.5,0,-1.2,-1.9,-0.5,1.2,2,0.2,-2.4,-3.2,-4.2,-3.2,-1.2,-2,1,-1,-5.2,-3.7,-1.1,-0.6,0.2,-2.4,-4.8,-3.8,-1.3,-0.5,0.3,-2.2,-2.8,-2.1,-1.1,-4.3,2.2,1.2,-5.5,-6.2,-6.1,-5.3,0,-0.1,-5.2,-6.2,-6.3,-5.1,0.5,0.6,-6,-6.4,-6,-5.4,-0.4,-0.8,-5.2,-5.9,-6.2,-5.2,0.2,0.5,1.3,-0.1,0.5,1.4,1.2,0.6,1.4,0.3,0.9,1.6,0.8,0.2,1.3,-0.3,0.2,1.2,1.3,0.8,1.2,-0.3,0.6,1.5,1.5,0.6,1.1,1.1,-0.7,-0.9,0.9,2.7,1.4,1.6,0.4,0.2,1,2.2,1.1,1,-0.7,-0.8,1.1,2.8,0.7,0.9,-1.4,-2,0.5,2.8,4.1,2,1.5,1.5,-0.6,-0.1,2.9,1.3,0.7,2,-0.2,0.4,3.8,1.7,1.3,1.5,-0.5,-0.1,5,2.7,2.1,1.3,-0.9,-0.3,-0.4,-0.1,1.6,-0.8,-0.5,0.2,2.3,-1.6,-0.3,-0.2,1.5,-0.7,-0.3,-0.4,1,-0.1,-1.2,0.8,0.2,-0.4,-1.5,0.9,0.2,-0.6,-1,0.8,0.2,-0.3,-1,0.8,0.3,-0.2,0.2,0.2,3.8,-3,0.2,0.3,5.7,-4.7,0.3,0.2,3.5,-2.6,0.3,0.2,2.3,-1.6,-0.1,-0.9,5.4,0.9,-0.1,-0.9,5.9,1,-0.1,-0.9,5.2,0.9,-0.1,-0.9,4.6,0.9,0,0.5,1.3,0.2,0.1,0.1,1,0.1,-0.2,0.8,1.3,0.2,0,0.8,2.3,0.5,1,-5.5,3.8,4.2,0.7,-5.4,3.5,3.2,1.1,-5.2,3.4,3.8,1.3,-6,4.3,5.3,-0.4,-1.8,-0.9,0.6,-0.3,-1.8,-1,0.6,-0.6,-1.9,-0.9,0.6,-0.2,-1.7,-1,0.6,1.1,0.1,0.2,0.4,0.9,0,0.1,0.5,1.2,0.1,0.1,0.5,0.9,0.2,0.6,0.3,-0.1,0.1,-0.8,-0.3,-0.1,0.6,-0.4,-0.4,-0.1,0.1,-0.9,-0.3,-0.1,-0.2,-0.9,-0.2,-1.2,-1.1,0.5,1.1,-0.9,-0.6,0.4,0.7,-1.3,-1.1,0.5,1.1,-1.4,-1.3,0.5,1.4,2.3,129.87,7.7555,1.1953,41.58,11925,2709,21067.05078,0.3,3.4
2016/5/31,2.6,2.7,2.7,2.4,3.1,3.3,3.2,2.8,4.6,4.3,5,4.2,-0.9,-1,-0.7,-1.1,1.3,2.5,0.4,-0.5,-2.8,-3.8,-3.7,-1.1,-5.1,-4.7,-5.6,-4.7,1.1,1,1.1,1,1.2,1.3,1.3,1,2.4,2,2.3,2.7,-0.1,-0.2,0,-0.1,-0.5,-0.7,-0.4,-0.3,0.2,0.2,0.2,0.2,0.1,0.1,0.1,0.1,2.2,3,1.5,1.6,-2.4,-2,-2.1,-3,0.4,0.3,0.4,0.4,-0.1,0,0,-0.2,0.4,0.2,0.4,0.5,0,0.1,0,0,2.7,3,2.3,3,-0.4,0.3,3,3.6,2.5,4.2,-0.9,0.2,2.7,2.9,2.3,2.8,-0.2,0.4,2.4,2.6,2,2,-0.2,0.4,3.8,5.6,3.7,3.7,-2.5,-0.6,4.2,6.4,3.7,3.4,-3.1,-0.4,3.7,5.2,3.7,3.6,-2,-0.5,3.3,4.7,3.6,4.3,-1.9,-0.8,4.8,4,4.1,4.2,0.6,0.5,4.5,3.8,3.9,5.2,0.5,0.4,5.2,4.4,4.5,3.9,0.6,0.5,4.5,3.8,3.8,3.4,0.4,0.4,-0.2,-0.1,0.6,21.9,-0.8,-1.5,0.6,0.7,1.3,27.8,-1.7,-2.3,-0.7,-0.6,0,18.9,-0.1,-0.7,-1,-0.9,-0.1,13.7,-0.2,-1,-0.2,0.1,0.9,0.2,1.2,0.4,0,0.2,0.6,0.2,2.3,1.9,-0.4,-0.1,1,0.2,0.5,-0.6,-1.2,-0.4,1.3,0.2,-0.1,-1.8,-2.2,-2.4,-2,-3.5,-0.4,-0.8,-3.5,-3.2,-2.8,-1.7,-0.6,-1,-3.5,-3.1,-2.7,-1.4,-0.6,-1,0.1,-1.1,-0.6,-6.6,0,-0.5,-6.2,-5.4,-5.5,-5.8,0.3,0.4,-5.7,-5.4,-5.7,-5.7,0.7,1,-6.8,-5.6,-5.5,-5.9,0,-0.1,-5.7,-5.3,-5.4,-5.9,0.6,0.7,1.1,0.2,0.6,1.4,0.9,0.5,1.1,0.5,0.8,1.7,0.5,0.2,1,0,0.4,1.1,1.1,0.7,1.2,0.2,0.7,1.3,0.8,0.3,2,1.3,-0.3,0,-0.1,1.5,2.6,2,0.6,1.6,-0.7,0.7,2.1,1.3,-0.4,0.1,0,1.7,1.4,0.7,-1,-1.2,0.3,2,1.4,2.1,1.2,1.8,0.3,1.2,1.1,1.4,0.4,2.2,0.6,1.6,1.2,1.7,1,1.7,0.6,1.3,1.8,3,1.9,1.6,-0.3,0.8,-1,1.3,0.2,0,-1.6,1.5,0.3,0.2,-0.8,1.2,0.2,0,-0.4,1.2,0.2,0,-0.6,2.9,0,0.2,-0.8,3.6,-0.1,0.2,-0.5,2.5,0.1,0.2,-0.5,2.2,0,0.2,-2.3,0.3,0.2,0.4,-4,0.2,0.3,0.3,-1.8,0.3,0.2,0.4,-1,0.4,0.2,0.4,0.3,-0.1,5.6,0.9,0.3,-0.1,6,1.7,0.3,-0.1,5.4,0.2,0.3,-0.1,4.8,0.2,-0.1,-1.1,-0.4,0.6,-0.2,-0.7,-0.3,0.4,0,-1.4,-0.5,0.7,-0.3,-2.3,-0.9,0.9,6.3,-2.3,4.3,-1.8,5,-2.6,3.4,-1.7,5.2,-2.4,3.6,-1.9,8.4,-2.1,5.8,-1.9,-0.1,0,-0.3,-0.8,0.1,0,-0.4,-0.8,-0.3,0,-0.4,-0.9,0.1,-0.1,-0.2,-0.7,0.2,0.3,-0.5,0,0.2,0.1,-0.4,0,0.2,0.3,-0.5,-0.1,0.3,0.5,-0.5,-0.1,0.6,-0.3,0,1.1,0.7,-0.5,0,1.4,0.6,-0.3,-0.1,1.1,0.5,-0.2,0,0.9,-1.5,3.1,-0.6,-0.9,-1.1,2.7,-0.4,-0.7,-1.5,3.1,-0.6,-1,-1.7,3.2,-0.6,-1,2,128.37,7.7675,1.17875,46.74,14249,2246,20815.08984,0.29,3.5
2016/6/30,2.4,2.5,2.5,2.2,2.7,2.8,2.8,2.5,4.4,4.2,4.8,4.1,-2.2,-2.2,-2.2,-2.1,2.5,3.2,1.9,1.5,-3.3,-3.7,-3.9,-2.2,-4.8,-4.5,-5.5,-4.3,1.5,1.5,1.5,1.7,1.3,1.4,1.5,1.2,2.6,2.6,2.6,2.6,0,0,0,0,-0.1,-0.1,-0.1,-0.1,0.2,0.2,0.2,0.2,-0.2,-0.2,-0.2,-0.2,0.6,0.2,1,1,-1.5,-0.9,-1.1,-2.2,-0.3,-0.2,-0.3,-0.3,0.3,0.3,0.2,0.4,0,0,0,0,-0.1,-0.2,0,0,2.6,2.9,2.4,3.1,-0.5,0,2.7,3,2.6,4.4,-0.5,-0.1,2.7,2.8,2.4,2.9,-0.3,0.1,2.4,2.8,2.1,2,-0.6,0.1,3.1,4,4,4.2,-1.3,-1.3,3.3,4.4,4,4,-1.6,-1.2,3.2,3.9,3.9,4.1,-1.1,-1.1,2.8,3.6,4,4.7,-1.1,-1.5,4.6,4,4.1,4.3,0.4,0.3,4.3,3.6,3.9,5.3,0.6,0.3,5,4.3,4.5,4,0.5,0.3,4.2,3.8,3.8,3.5,0.3,0.3,-0.9,0.4,1.3,25,-2.6,-3.5,-1,1.2,2,31.4,-3.4,-4.2,-0.7,-0.1,0.7,22,-2.1,-2.9,-1.1,-0.5,0.4,15.8,-1.6,-2.5,1.3,0.1,0.8,-0.5,2.4,1.7,2.5,0.3,0.6,-0.2,2.9,2.6,0.4,-0.3,0.8,-0.5,2.2,1.1,-0.5,-0.5,1.1,-1.6,2,0.4,-2.8,-4.2,-1.6,-2.6,0.9,-1.7,-3.8,-5.2,-2,-1.7,1.5,-1.7,-3.7,-4.8,-2.2,-1.4,0.9,-1.7,-1.1,-2.8,-0.5,-4.4,0.6,-1.7,-5.1,-5.5,-5.6,-5.8,0.7,0.8,-4.7,-5.2,-5.6,-5.5,0.7,1.1,-5.6,-6,-5.6,-5.8,0.5,0.1,-4.7,-5.2,-5.6,-6.1,0.9,1.3,1.1,1.3,0.3,1.3,0.2,1.2,1,1.4,0.7,1.7,0.1,0.8,1.1,1.3,0.1,1.1,0.2,1.4,1,1.2,0.2,1.1,0.5,1.5,1.2,1.1,0.1,-0.3,0.2,1.2,1.3,1.4,0.7,1.3,0,0.7,1.3,1.1,0.1,-0.2,0.4,1.4,1,0.7,-0.2,-1.7,0.5,1.4,2.4,4.1,0.8,0.8,-1.5,1.8,2,2.9,-0.1,1,-0.3,2.7,2.3,3.8,0.5,0.7,-1.2,2.1,2.7,5,1.7,0.9,-2.4,0.9,-0.1,-0.4,0.3,0.1,-0.2,-0.5,0.2,0.1,0,-0.3,0.3,0.1,-0.1,-0.3,0.4,0.1,-0.5,-1.2,0.3,0.3,-0.7,-1.5,0.3,0.3,-0.4,-1,0.3,0.2,-0.3,-1,0.4,0.2,0.2,0.2,0.3,0.3,0.2,0.2,0.3,0.3,0.2,0.3,0.3,0.4,0.2,0.3,0.2,0.3,0.1,-0.1,-0.1,1.1,0.1,-0.1,-0.1,1,0.1,-0.1,-0.1,1.3,0.1,-0.1,-0.1,0.9,2.2,0,-0.5,-0.5,3,0.1,-0.1,-0.4,1.5,-0.2,-0.9,-0.6,1.6,0,-0.9,-1,-2.4,1,-3.3,-1,-2,0.7,-2.7,-1,-2.1,1.1,-2.9,-0.9,-3,1.3,-4.1,-1.1,0.4,-0.4,-0.6,-0.5,0.3,-0.3,-0.5,-0.4,0.4,-0.6,-0.6,-0.4,0.4,-0.2,-0.7,-0.7,-0.1,1.1,-0.6,-0.2,0,0.9,-0.4,-0.1,0,1.2,-0.6,-0.1,-0.2,0.9,-0.8,-0.3,0.4,-0.1,0.4,-0.1,0.2,-0.1,0.2,-0.1,0.4,-0.1,0.5,-0.2,0.5,-0.1,0.6,-0.1,0,-1.2,1.6,-0.3,0.1,-0.9,1,-0.9,0,-1.3,1.6,-0.3,0,-1.4,2,0.1,1.9,129.44,7.7585,1.1612,48.25,16243,2153,20794.36914,0.3,3.5
2016/7/31,2.3,2.4,2.4,2.2,2.8,2.8,2.9,2.6,4.2,4,4.6,3.9,-1.5,-1.4,-1.6,-1.5,2,2.7,1.4,0.7,-4.8,-5.3,-5.6,-3.4,-5.3,-5.1,-5.9,-4.8,2,1.8,2,2.2,0.6,0.5,0.6,0.7,2.8,2.7,2.7,2.9,0.4,0.2,0.4,0.6,0.3,0.3,0.3,0.3,0.2,0.2,0.2,0.2,0.1,0.1,0.1,0.1,0.1,0,0.1,0.2,-5,-4.7,-5.1,-5.2,-0.6,-0.8,-0.7,-0.5,0.7,0.4,0.7,0.8,0.1,-0.2,0.1,0.3,2.3,1.3,2.4,2.9,2.4,2.7,2.5,2.5,-0.4,-0.2,2.5,3,2.8,3.4,-0.6,-0.4,2.5,2.7,2.5,2.4,-0.3,-0.1,2.2,2.4,2.3,1.8,-0.2,-0.1,2.7,3.8,4.2,4.4,-1,-1.4,2.8,4.2,4.5,4.2,-1.4,-1.7,2.8,3.7,4.1,4.2,-0.8,-1.2,2.5,3.3,3.9,4.9,-0.7,-1.3,4.4,4.8,4,4.3,-0.6,0.2,4.2,4.5,3.8,5.2,-0.5,0.2,4.8,5.2,4.3,4,-0.6,0.3,4.1,4.5,3.7,3.4,-0.6,0.2,-2.2,-0.2,-0.4,1,-1.3,-1.1,-2.2,0.6,0.4,2.1,-2,-1.8,-2.2,-0.7,-0.9,0.3,-0.9,-0.7,-2.1,-1,-1.2,-0.2,-0.5,-0.3,2.5,-0.2,0.8,0.4,2.2,1.2,3.2,0,0.6,0.3,2.7,2.1,1.9,-0.4,0.8,0.3,1.8,0.6,1.5,-1.2,1.2,0.5,1.9,-0.5,-3.3,-2.2,-3.2,-2.9,-2.6,-1.6,-3.7,-3.5,-3.7,-2.1,-1.8,-1.6,-3.9,-3.5,-3.8,-1.8,-2.1,-1.8,-2.2,0.1,-2.1,-4.6,-3.5,-1.3,-4.8,-6.2,-6.2,-5.6,0.9,0.9,-4.5,-5.7,-6.2,-5.3,0.6,1.1,-5.5,-6.8,-6.4,-5.6,0.9,0.5,-4.3,-5.7,-5.9,-5.7,0.9,1.1,1.5,1.1,-0.1,0.6,0.9,2.1,1.5,1.1,0.3,1.2,0.7,1.5,1.5,1,-0.3,0.3,1,2.3,1.7,1.2,-0.3,0.4,1,2.5,1.3,2,1.1,-0.5,-1.4,-0.5,1.4,2.6,1.6,0.8,-2.1,-1.1,1.5,2.1,1,-0.3,-1.5,-0.4,1.2,1.4,0.9,-1.7,-0.7,-0.2,2.6,1.4,2,1,1.4,0.8,2.6,1.1,1.3,1,1.6,1.4,2.6,1.2,1.7,0.9,1.5,1,2.6,1.8,2.7,1.1,1.1,0.2,0,-1,-0.1,0.5,0,-1.6,0.2,0.3,0,-0.8,-0.2,0.5,0,-0.4,-0.4,0.6,-0.1,-0.6,0.8,0.3,-0.1,-0.8,0.9,0.3,-0.1,-0.5,0.8,0.2,-0.1,-0.5,0.8,0.2,0.2,-2.3,0.2,0.4,0.2,-4,0.3,0.4,0.2,-1.8,0.2,0.4,0.2,-1,0.2,0.4,-0.2,0.3,-0.9,-0.6,-0.2,0.3,-0.9,-0.7,-0.2,0.3,-0.9,-0.5,-0.2,0.3,-0.9,-0.6,0.6,-0.1,0.5,0.6,0.2,-0.2,0.1,0.5,1,0,0.8,0.6,1,-0.3,0.8,1,-1.5,6.3,-5.5,-3.5,-0.9,5,-5.4,-3.1,-1.1,5.2,-5.2,-3.4,-2.2,8.4,-6,-4,-0.3,-0.1,-1.8,-0.1,-0.2,0.1,-1.8,-0.1,-0.3,-0.3,-1.9,-0.3,-0.3,0.1,-1.7,0,0.3,0.2,0.1,0.2,0.3,0.2,0,0.1,0.2,0.2,0.1,0.2,0.4,0.3,0.2,0.3,0,0.6,0.1,0.9,0,0.7,0.6,0.7,0,0.6,0.1,1,0,0.5,-0.2,0.9,-0.1,-1.5,-1.1,2.2,-0.2,-1.1,-0.6,1.2,0,-1.5,-1.1,2.3,0,-1.7,-1.3,2.7,1.8,131.34,7.757,1.17,44.95,17025.6528,1953,21891.36914,0.3,3.5
2016/8/31,4.3,8,3,2.3,2.7,2.8,2.8,2.5,9.5,21.9,5.4,3.4,4.2,4.8,3.9,3.4,2.6,3.4,1.8,2.1,-5,-5.8,-5.7,-3.6,-5.3,-5.4,-5.7,-4.9,2.5,2.3,2.6,2.6,2,1.5,2.3,2.1,2.7,2.4,2.5,3.1,0.1,0.1,0.2,0.1,0.1,0.2,0.1,0,0.2,0.2,0.2,0.1,0,-0.1,0,0,0.6,0.7,0.4,1.3,-2,-1.9,-1.8,-2.3,-0.7,-0.9,-0.6,-0.8,0.1,0.1,0.1,-0.1,1.4,0.9,1.8,1.4,0.1,-0.1,0,0.2,2.3,2.6,3,2.4,1.7,1.3,2.4,2.7,3.6,3,5.3,4.4,2.4,2.7,2.9,2.4,0.3,0.1,2.2,2.4,2.6,1.8,-0.1,-0.3,2.8,3.1,5.6,4.3,-0.4,-2.9,2.8,3.3,6.4,4.2,-0.5,-3.6,2.9,3.2,5.2,4.2,-0.4,-2.4,2.6,2.8,4.7,4.5,-0.3,-2.2,4.2,4.6,4,4.4,4.9,5.5,4,4.3,3.8,5.3,17.6,18.1,4.6,5,4.4,4.3,0.4,1,3.9,4.2,3.8,3.7,-0.8,-0.4,-1.5,-0.9,-0.1,-4.6,5.1,4.3,-1.4,-1,0.7,-4.3,5.8,4.1,-1.6,-0.7,-0.6,-5,4.6,4.5,-1.5,-1.1,-0.9,-4.7,4.5,4.3,2,1.3,0.1,0.4,1.3,2.5,2.7,2.5,0.2,0.3,0.9,3.2,1.4,0.4,-0.1,0.3,1.4,1.9,0.7,-0.5,-0.4,1,2.6,2.5,-4.8,-2.8,-2.4,-1.8,-2.2,-2.6,-5.3,-3.8,-3.2,-0.8,-2,-2.6,-5.6,-3.7,-3.1,-0.5,-2,-2.6,-3.4,-1.1,-1.1,-3.8,-2.5,-2.5,-5.3,-5.1,-5.4,-5.7,-0.2,0.1,-5.1,-4.7,-5.4,-5.4,-0.7,0,-5.9,-5.6,-5.6,-5.7,-0.1,-0.1,-4.8,-4.7,-5.3,-5.9,-0.2,0.4,2,1.1,0.2,0.5,1.4,2.3,1.8,1,0.5,1.3,1.3,1.8,2,1.1,0,0.2,1.5,2.6,2.2,1,0.2,0,1.6,2.4,0.6,1.2,1.3,-0.5,0.8,0.7,0.5,1.3,2,0.6,0.2,-0.5,0.6,1.3,1.3,-0.3,1,1,0.7,1,0.7,-1.6,1.1,1.4,2.8,2.4,2.1,1.2,0.3,0.6,2.7,2,1.4,1.4,0.4,1,2.7,2.3,1.7,1.1,0.2,0.8,2.9,2.7,3,1.3,0.4,0.1,0.4,-0.1,1.3,-1.8,0.2,-0.2,1.5,-5.1,0.4,0,1.2,-0.3,0.6,-0.1,1.2,0,0.3,-0.5,2.9,0.2,0.3,-0.7,3.6,0.2,0.3,-0.4,2.5,0.2,0.3,-0.3,2.2,0.1,0.2,0.2,0.3,-4.6,0.2,0.2,0.2,-14.5,0.2,0.2,0.3,-0.6,0.2,0.2,0.4,0.6,0.1,0.1,-0.1,-5.6,0.1,0.1,-0.1,-6,0.1,0.1,-0.1,-5.4,0.1,0.1,-0.1,-4.8,0.1,2.2,-1.1,0,0,3,-0.7,0,0.1,1.5,-1.4,0,0.2,1.6,-2.3,0,-5,-2.4,-2.3,-1.8,-4.7,-2,-2.6,-1.4,-5.1,-2.1,-2.4,-1.7,-5.2,-3,-2.1,-2.1,-0.6,0.4,0,-0.7,-0.8,0.3,0,-0.6,-0.7,0.4,0,-0.7,-0.5,0.4,-0.1,-0.6,0.7,-0.1,0.3,-0.4,0.4,0,0.1,-0.3,0.7,0,0.3,-0.4,0.8,-0.2,0.5,-0.5,0.1,0.4,-0.3,0,-0.2,0.2,-0.5,0,0.1,0.4,-0.3,0.1,0.3,0.5,-0.2,0,2.3,0,3.1,0.1,1.3,0.1,2.7,0.2,2.4,0,3.1,0.1,2.9,0,3.2,0,1.3,136.21,7.758,1.15955,45.84,16084,2038,22976.88086,0.3,3.6
2016/9/30,2.7,3.3,2.5,2.2,2.7,2.7,2.7,2.5,4.2,5.3,4,3.4,10.3,11.3,9.7,8.7,2.2,3.3,1.2,1.3,-3.6,-4,-3.9,-3,-5.4,-5.5,-5.8,-4.8,2.2,2,2.1,2.5,1.7,1.3,1.9,1.8,2.1,2.2,2.1,2.2,0.3,0.8,0.1,-0.1,0.4,0.4,0.3,0.4,0.7,1.8,0.2,0.1,0,0,0,0,-0.8,-0.5,-1,-1.6,3.8,4.2,4.1,3.1,-0.1,-0.1,-0.2,0,0.4,0.7,0.3,0.3,-0.2,-0.1,-0.3,-0.1,-1,-0.2,-0.9,-1.5,4.3,2.4,2.9,2,0.3,-0.2,8,2.5,3,2.1,0.8,0.3,3,2.5,2.8,2.1,0,-0.3,2.3,2.2,2.8,1.8,0,-0.6,2.7,2.7,4,4,0,-1.3,2.8,2.8,4.4,3.9,-0.1,-1.7,2.8,2.8,3.9,3.9,-0.1,-1.2,2.5,2.5,3.6,4.1,0,-1.1,9.5,4.4,4,3.6,-0.2,0.2,21.9,4.2,3.6,3.2,1.1,1.7,5.4,4.8,4.3,3.9,-0.8,-0.3,3.4,4.1,3.8,3.6,-0.7,-0.4,4.2,-2.2,0.4,-10.1,12.5,9.9,4.8,-2.2,1.2,-10.5,13.5,10.1,3.9,-2.2,-0.1,-10.2,11.9,9.8,3.4,-2.1,-0.5,-9,10.8,9.2,2.6,2.5,0.1,0.1,-0.3,2.1,3.4,3.2,0.3,0.1,0.1,3,1.8,1.9,-0.3,0.1,-0.7,1.5,2.1,1.5,-0.5,0,-0.2,1.8,-5,-3.3,-4.2,-1,-0.3,0.6,-5.8,-3.7,-5.2,-0.8,-0.3,1.2,-5.7,-3.9,-4.8,-0.5,0,0.9,-3.6,-2.2,-2.8,-1.5,-0.8,-0.2,-5.3,-4.8,-5.5,-5.6,-0.6,0.1,-5.4,-4.5,-5.2,-5.1,-1,-0.3,-5.7,-5.5,-6,-5.6,-0.3,0.2,-4.9,-4.3,-5.2,-5.8,-0.5,0.4,2.5,1.5,1.3,0.7,0.7,0.9,2.3,1.5,1.4,1.4,0.5,0.6,2.6,1.5,1.3,0.4,0.6,0.8,2.6,1.7,1.2,0.2,0.8,1.3,2,1.3,1.1,-0.3,0.4,0.6,1.5,1.4,1.4,0.8,-0.1,-0.1,2.3,1.5,1.1,-0.1,0.4,0.8,2.1,1.2,0.7,-1.4,0.6,1.1,2.7,2.6,4.1,1.3,-0.5,-2,2.4,2.6,2.9,1.3,-0.4,-0.7,2.5,2.6,3.8,1,-0.5,-1.7,3.1,2.6,5,1.6,-0.4,-2.8,0.1,0,-0.4,1.9,0.1,0,-0.5,5.4,0.2,0,-0.3,0.6,0.1,0,-0.3,0,0.1,-0.1,-1.2,0.4,0.2,-0.1,-1.5,0.5,0.1,-0.1,-1,0.4,0,-0.1,-1,0.3,0.2,0.2,0.2,5.8,0.2,0.2,0.2,17.8,0.2,0.2,0.3,1.6,0.1,0.2,0.3,0.2,0,-0.2,-0.1,-5.4,-0.1,-0.2,-0.1,-5.8,0,-0.2,-0.1,-5.3,0,-0.2,-0.1,-4.8,0.6,0.6,0,-0.4,0.7,0.2,0.1,-0.3,0.4,1,-0.2,-0.4,1.3,1,0,-0.8,-2,-1.5,1,2.3,-1.9,-0.9,0.7,2.2,-1.8,-1.1,1.1,2.1,-2.3,-2.2,1.3,2.5,-0.7,-0.3,-0.4,-0.1,-0.9,-0.2,-0.3,-0.1,-0.6,-0.3,-0.6,0,-0.8,-0.3,-0.2,-0.1,0.1,0.3,1.1,0.7,0.1,0.3,0.9,0.9,0.1,0.2,1.2,0.7,-0.1,0.4,0.9,0.5,1.4,0,-0.1,0.1,0.9,0,-0.1,0.1,1.8,0,-0.1,0.2,1.4,0,-0.1,0.1,0.1,-0.1,-1.2,-0.4,-0.1,-0.2,-0.9,0.1,0,0,-1.3,-0.5,0.2,0,-1.4,-0.6,1.9,137.62,7.755,1.1606,46.57,14997,2132,23297.15039,0.29,3.6
2016/10/31,1.2,1.1,1.2,1.4,2.6,2.5,2.7,2.5,0.5,-0.4,0.6,1.2,4.9,5.4,4.7,4.2,1.9,2.6,1.3,0.7,-2.4,-2.6,-2.5,-2.2,-4.9,-5,-5.5,-4.2,1.8,2,1.9,1.6,2.4,1.7,2.7,2.6,1.6,1.7,1.5,1.7,0.2,0.1,0.2,0.2,0.1,0.1,0.2,0.2,0.1,0,0.1,0.1,0.3,0.4,0.3,0.3,0.9,0.3,1.5,1.7,5,5,4.9,5.1,-0.5,-0.5,-0.6,-0.4,-0.1,0,-0.2,-0.3,-0.1,-0.1,-0.1,-0.2,0,0,0,0,2.7,2.3,2.7,2.3,-1.1,-1.5,3.3,2.4,3,2.5,-1.3,-1.9,2.5,2.4,2.7,2.3,-1.2,-1.5,2.2,2.2,2.4,1.9,-0.8,-1,2.7,2.8,3.8,4,-0.2,-1.2,2.7,2.8,4.2,4.2,-0.3,-1.7,2.7,2.9,3.7,4,-0.2,-1,2.5,2.6,3.3,3.9,-0.1,-0.8,4.2,4.2,4.8,4.2,-3.7,-4.3,5.3,4,4.5,3.9,-4.4,-4.9,4,4.6,5.2,4.5,-4,-4.6,3.4,3.9,4.5,3.9,-2.7,-3.3,10.3,-1.5,-0.2,-5,6.4,5.1,11.3,-1.4,0.6,-4.8,6.8,4.8,9.7,-1.6,-0.7,-5.3,6.3,5.4,8.7,-1.5,-1,-5,5.7,5.2,2.2,2,-0.2,1.3,-0.1,2.1,3.3,2.7,0,0.9,-0.1,2.6,1.2,1.4,-0.4,1.5,-0.1,1.7,1.3,0.7,-1.2,2,0,1.9,-3.6,-4.8,-2.2,-1.2,2.4,-0.2,-4,-5.3,-3.5,-1.1,2.7,0.9,-3.9,-5.6,-3.5,-1.3,3.1,1,-3,-3.4,0.1,-1.1,1.2,-2.3,-5.4,-5.3,-6.2,-6.1,0.4,1.3,-5.5,-5.1,-5.7,-6.3,0.1,0.7,-5.8,-5.9,-6.8,-6,0.4,1.3,-4.8,-4.8,-5.7,-6.2,0.6,1.5,2.2,2,1.1,0.5,-0.2,0.7,2,1.8,1.1,0.9,0.2,0.9,2.1,2,1,0.2,-0.1,0.9,2.5,2.2,1.2,0.6,-0.6,0.4,1.7,0.6,2,-0.7,1.8,0.4,1.3,0.5,2.6,0.4,1.2,-0.9,1.9,0.6,2.1,-0.7,2.1,0.6,1.8,0.7,1.4,-1.4,1.9,1.2,2.1,2.8,1.4,1.5,-1.2,0.2,2.2,2.7,1.1,0.7,-1,0.6,2.1,2.7,1.2,1.3,-1.2,0.3,2.2,2.9,1.8,2.1,-1.2,-0.1,0.3,0.4,-1,1.6,0.8,0.2,-1.6,2.3,0.1,0.4,-0.8,1.5,-0.1,0.6,-0.4,1,0.4,0.3,-0.6,0.2,0.4,0.3,-0.8,0.2,0.3,0.3,-0.5,0.2,0.4,0.3,-0.5,0.3,0.7,0.2,-2.3,3.8,1.8,0.2,-4,5.7,0.2,0.2,-1.8,3.5,0.1,0.2,-1,2.3,0,0.1,0.3,5.4,0,0.1,0.3,5.9,0,0.1,0.3,5.2,0,0.1,0.3,4.6,-0.8,0.1,-0.1,1.3,-0.5,0,-0.2,1,-1,0.1,0,1.3,-1.6,0.2,-0.3,2.3,3.8,-5,6.3,3.8,4.2,-4.7,5,3.5,4.1,-5.1,5.2,3.4,3.1,-5.2,8.4,4.3,-0.1,-0.6,-0.1,-0.9,-0.1,-0.8,0.1,-1,-0.2,-0.7,-0.3,-0.9,0,-0.5,0.1,-1,0.4,0.7,0.2,0.2,0.7,0.4,0.2,0.1,0.3,0.7,0.2,0.1,0.3,0.8,0.3,0.6,-0.2,0.1,0.6,-0.8,-0.1,-0.2,0.7,-0.4,-0.3,0.1,0.6,-0.9,-0.1,0.3,0.5,-0.9,-1,2.3,-1.5,0.5,-0.2,1.3,-1.1,0.4,-0.9,2.4,-1.5,0.5,-1.5,2.9,-1.7,0.5,2.1,143.68,7.756,1.1438,49.52,14154,2074,22934.53906,0.31,3.5
2016/11/30,1.2,1.2,1.2,1.3,3.2,3.4,3.2,2.9,0.4,-0.5,0.5,1.1,-0.3,-0.3,-0.4,-0.4,2.2,3.1,1.5,1.3,-3,-2.5,-2.6,-3.7,-5,-4.9,-5.7,-4.2,2.2,2.3,2.2,2.1,1.8,1.4,2,1.9,2.1,2.4,2,2.1,0.3,0.4,0.2,0.2,0.6,0.8,0.5,0.5,0.1,0.1,0.2,0.1,0.3,0.3,0.3,0.3,-0.1,0.1,-0.2,-0.3,3.8,3.6,3.5,4.2,-0.4,-0.3,-0.6,-0.2,-0.1,-0.1,-0.1,0,-0.6,-0.3,-0.7,-0.7,-0.1,0.2,-0.1,-0.2,1.2,4.3,2.6,2.3,-3.1,-1.4,1.1,8,2.7,2.5,-6.8,-1.5,1.2,3,2.7,2.3,-1.8,-1.5,1.4,2.3,2.4,2,-1,-1.1,2.6,2.7,3.1,3.7,0.5,0.1,2.5,2.8,3.3,3.7,0.6,0.1,2.7,2.8,3.2,3.7,0.4,0,2.5,2.5,2.8,3.6,0.4,0.1,0.5,9.5,4.6,4.1,-9.1,-4.2,-0.4,21.9,4.3,3.9,-22.4,-4.8,0.6,5.4,5,4.5,-4.9,-4.5,1.2,3.4,4.2,3.8,-2.3,-3.1,4.9,4.2,-0.9,0.6,-4.5,0.6,5.4,4.8,-1,1.3,-5.1,0.7,4.7,3.9,-0.7,0,-4.3,0.3,4.2,3.4,-1.1,-0.1,-3.8,0.7,1.9,2.6,1.3,0.9,-0.4,0.9,2.6,3.4,2.5,0.6,-0.3,0.6,1.3,1.8,0.4,1,-0.3,1.1,0.7,2.1,-0.5,1.3,-0.8,1.8,-2.4,-5,-2.8,-2,2,-0.2,-2.6,-5.8,-3.8,-2.8,3.3,1.3,-2.5,-5.7,-3.7,-2.7,3.1,1.1,-2.2,-3.6,-1.1,-0.6,-0.1,-2.6,-4.9,-5.3,-5.1,-5.5,0.3,0.1,-5,-5.4,-4.7,-5.7,0.5,-0.2,-5.5,-5.7,-5.6,-5.5,0,-0.1,-4.2,-4.9,-4.7,-5.4,0.7,0.5,1.8,2.5,1.1,0.6,-0.3,1.1,2,2.3,1,0.8,0,1.3,1.9,2.6,1.1,0.4,-0.4,1.1,1.6,2.6,1,0.7,-0.5,1.1,2.4,2,1.2,-0.3,-0.2,0.6,1.7,1.5,1.3,0.6,-0.1,0.1,2.7,2.3,1.3,-0.4,-0.3,0.7,2.6,2.1,1,-1,-0.2,0.9,1.6,2.7,2.4,1.2,-0.6,-0.3,1.7,2.4,2,0.4,0,0.4,1.5,2.5,2.3,1,-0.5,-0.3,1.7,3.1,2.7,1.9,-1,-0.6,0.2,0.1,-0.1,0.2,0.1,0.1,-0.2,0.3,0.2,0.2,0,0.2,0.2,0.1,-0.1,0.2,0.1,0.1,-0.5,0,0.1,0.2,-0.7,-0.1,0.2,0.1,-0.4,0.1,0.2,0,-0.3,0,0.1,0.2,0.2,0.2,0,0.2,0.2,0.3,0.1,0.2,0.2,0.2,0.1,0.1,0.2,0.2,0.3,0,0.1,5.6,0.4,-0.1,0.1,6,0.3,0,0.1,5.4,0.3,0,0.1,4.8,0.9,0.6,2.2,-0.4,0.3,0.7,3,-0.3,1.5,0.4,1.5,-0.5,1.7,1.3,1.6,-0.9,5,-2,-2.4,4.3,5,-1.9,-2,3.4,4.9,-1.8,-2.1,3.6,5.1,-2.3,-3,5.8,-0.5,-0.7,0.4,-0.3,-0.5,-0.9,0.3,-0.4,-0.6,-0.6,0.4,-0.4,-0.4,-0.8,0.4,-0.2,-0.1,0.1,-0.1,-0.5,0,0.1,0,-0.4,-0.2,0.1,0,-0.5,-0.3,-0.1,-0.2,-0.5,-0.1,1.4,0.4,0,-0.1,0.9,0.2,0,-0.1,1.8,0.4,-0.1,-0.2,1.4,0.5,0,0,0.1,0,-0.6,0,-0.1,0.1,-0.4,0,0,0,-0.6,0,0.2,0,-0.6,2.3,144.47,7.757,1.12395,44.73,11466,2356,22789.76953,0.31,3.4
2016/12/31,1.2,1.1,1.2,1.3,3.1,3.2,3.1,2.9,0.3,-0.6,0.4,1,-0.3,-0.2,-0.3,-0.3,2.2,3.1,1.5,1.5,-3.6,-3.7,-3.7,-3.3,-5.2,-5.2,-5.9,-4.3,2.3,2.5,2.2,2.4,2,1.5,2.2,2.1,2,2.2,2.1,1.8,0.2,0.1,0.3,0.3,0.2,0.2,0.3,0.4,0.2,0.2,0.2,0.1,0,0,0,0,-0.5,-0.1,-0.9,-0.7,-3.9,-3.9,-4,-3.8,-0.8,-0.8,-0.8,-0.8,-0.5,-0.2,-0.6,-0.5,0.6,0.3,0.7,0.8,1.5,0.9,1.6,1.8,1.2,2.7,2.4,2.4,-1.5,-1.2,1.2,3.3,2.5,2.6,-2.2,-1.4,1.2,2.5,2.5,2.4,-1.3,-1.3,1.3,2.2,2.2,2.1,-0.9,-0.9,3.2,2.7,2.7,4,0.4,0.4,3.4,2.7,2.8,4,0.5,0.4,3.2,2.7,2.8,3.9,0.4,0.3,2.9,2.5,2.5,4,0.4,0.4,0.4,4.2,4.4,4.1,-3.9,-4.1,-0.5,5.3,4.2,3.9,-5.9,-4.8,0.5,4,4.8,4.5,-3.6,-4.4,1.1,3.4,4.1,3.8,-2.4,-3.1,-0.3,10.3,-2.2,1.3,-10.6,1.9,-0.3,11.3,-2.2,2,-11.5,2,-0.4,9.7,-2.2,0.7,-10,1.9,-0.4,8.7,-2.1,0.4,-9,1.8,2.2,2.2,2.5,0.8,0,-0.3,3.1,3.3,3.2,0.6,-0.2,-0.1,1.5,1.2,1.9,0.8,0.3,-0.4,1.3,1.3,1.5,1.1,0.2,0,-3,-3.6,-3.3,-1.6,0,-0.3,-2.5,-4,-3.7,-2,0.3,0,-2.6,-3.9,-3.9,-2.2,0.2,0.2,-3.7,-3,-2.2,-0.5,-0.3,-1.1,-5,-5.4,-4.8,-5.6,0.2,-0.4,-4.9,-5.5,-4.5,-5.6,0.3,-0.7,-5.7,-5.8,-5.5,-5.6,-0.1,-0.4,-4.2,-4.8,-4.3,-5.6,0.5,0,2.2,2.2,1.5,0.3,0.1,0.8,2.3,2,1.5,0.7,0.5,1,2.2,2.1,1.5,0.1,0.1,0.7,2.1,2.5,1.7,0.2,-0.1,0.7,1.8,1.7,1.3,0.1,0.3,0.7,1.4,1.3,1.4,0.7,0.2,0.1,2,1.9,1.5,0.1,0.3,0.7,1.9,1.8,1.2,-0.2,0.3,0.9,2.1,2.1,2.6,0.8,-0.1,-0.6,2.4,2.2,2.6,-0.1,0,-0.4,2,2.1,2.6,0.5,0,-0.5,2.1,2.2,2.6,1.7,-0.4,-0.8,0.3,0.3,0,0.3,0.4,0.8,0,0.2,0.2,0.1,0,0.3,0.2,-0.1,0,0.4,0.6,0.4,-0.1,0.3,0.8,0.4,-0.1,0.3,0.5,0.3,-0.1,0.3,0.5,0.4,-0.1,0.4,0.1,0.7,0.2,0.3,0.1,1.8,0.2,0.3,0.2,0.2,0.2,0.3,0.1,0.1,0.2,0.2,0.3,0,-0.2,-0.1,0.3,0,-0.2,-0.1,0.3,0,-0.2,-0.1,0.3,0,-0.2,-0.1,-0.1,-0.8,0.6,-0.5,0.1,-0.5,0.2,-0.1,-0.2,-1,1,-0.9,-0.3,-1.6,1,-0.9,3.8,3.8,-1.5,-3.3,3.6,4.2,-0.9,-2.7,3.5,4.1,-1.1,-2.9,4.2,3.1,-2.2,-4.1,-0.4,-0.1,-0.3,-0.6,-0.3,-0.1,-0.2,-0.5,-0.6,-0.2,-0.3,-0.6,-0.2,0,-0.3,-0.7,-0.1,0.4,0.3,-0.6,-0.1,0.7,0.3,-0.4,-0.1,0.3,0.2,-0.6,0,0.3,0.4,-0.8,-0.6,-0.2,0,0.4,-0.3,-0.1,0,0.2,-0.7,-0.3,0,0.5,-0.7,-0.1,0,0.6,-0.1,-1,-0.1,1.6,0.2,-0.2,-0.2,1,-0.1,-0.9,0,1.6,-0.2,-1.5,0,2,2.1,146.3,7.754,1.11125,53.31,10722,2487,22000.56055,0.55,3.1
2017/1/31,1.3,0.8,1.3,1.7,2.8,2.9,2.9,2.6,0.3,-0.7,0.5,1.2,-7.6,-7.2,-7.8,-8.2,1.6,2.5,1,-0.1,-2.9,-2.7,-2.8,-3,-3.9,-4,-4.3,-3.3,2.4,2.6,2.3,2.5,2.4,1.3,2.7,3,3.6,3,3.5,4.1,0,-0.1,0,0.1,0.5,0.5,0.5,0.5,0.3,0.2,0.3,0.4,-8.2,-7.9,-8.4,-8.8,-0.2,-0.4,0.2,-0.8,-4.8,-4.4,-4.4,-5.6,-0.5,-0.6,-0.3,-0.6,0.2,0.1,0.3,0.2,0.6,0.5,0.6,0.6,0.5,0.2,0.2,0.9,1.2,1.2,2.3,2.5,0.1,-1,1.1,1.1,2.4,2.8,-0.3,-1.6,1.2,1.2,2.4,2.5,0.1,-1.1,1.3,1.4,2.2,2.3,0.3,-0.5,3.1,2.6,2.8,4.2,0.2,0,3.2,2.5,2.8,4.5,0.4,0.1,3.1,2.7,2.9,4.1,0.2,0,2.9,2.5,2.6,3.9,0.1,0,0.3,0.5,4.2,4,-0.2,-3.9,-0.6,-0.4,4,3.8,-0.3,-4.7,0.4,0.6,4.6,4.3,-0.1,-4.1,1,1.2,3.9,3.7,0,-2.7,-0.3,4.9,-1.5,-0.4,-12.5,-6.1,-0.2,5.4,-1.4,0.4,-12.6,-5.8,-0.3,4.7,-1.6,-0.9,-12.5,-6.2,-0.3,4.2,-1.5,-1.2,-12.4,-6.7,2.2,1.9,2,0.8,-0.3,-0.4,3.1,2.6,2.7,0.6,-0.1,-0.2,1.5,1.3,1.4,0.8,-0.3,-0.4,1.5,0.7,0.7,1.2,-0.8,-0.8,-3.6,-2.4,-4.8,-3.2,-0.5,1.9,-3.7,-2.6,-5.3,-3.7,-0.1,2.6,-3.7,-2.5,-5.6,-3.8,-0.3,2.8,-3.3,-2.2,-3.4,-2.1,-0.8,0.4,-5.2,-4.9,-5.3,-6.2,1,1.4,-5.2,-5,-5.1,-6.2,1,1.1,-5.9,-5.5,-5.9,-6.4,1.2,1.6,-4.3,-4.2,-4.8,-5.9,0.9,1.5,2.3,1.8,2,-0.1,0.6,0.4,2.5,2,1.8,0.3,0.6,0.8,2.2,1.9,2,-0.3,0.4,0.3,2.4,1.6,2.2,-0.3,0.9,0.3,2,2.4,0.6,1.1,0,1.8,1.5,1.7,0.5,1.6,-0.4,0.8,2.2,2.7,0.6,1,0,2.1,2.1,2.6,0.7,0.9,0.4,2.3,2,1.6,2.8,2,2,0.8,2.2,1.7,2.7,1.3,1.3,0.3,2.1,1.5,2.7,1.7,2,0.8,1.8,1.7,2.9,2.7,2.4,1.2,0.2,0.2,0.4,-0.1,0.1,0.1,0.2,0.2,0.3,0.2,0.4,-0.2,0.3,0.2,0.6,-0.4,0.2,0.1,0.3,0.8,0.2,0.1,0.3,0.9,0.3,0.2,0.3,0.8,0.4,0.2,0.3,0.8,0.2,0.1,0.2,0.2,0.2,0,0.2,0.3,0.2,0.1,0.2,0.2,0.1,0.1,0.2,0.2,0,0.3,0.1,-0.9,0,0.4,0.1,-0.9,0,0.3,0.1,-0.9,0,0.3,0.1,-0.9,-0.5,0.9,0.1,0.5,-0.1,0.3,0,0.1,-0.9,1.5,0.1,0.8,-0.7,1.7,0.2,0.8,-3.9,5,-5,-5.5,-3.9,5,-4.7,-5.4,-4,4.9,-5.1,-5.2,-3.8,5.1,-5.2,-6,-0.8,-0.5,-0.6,-1.8,-0.8,-0.5,-0.8,-1.8,-0.8,-0.6,-0.7,-1.9,-0.8,-0.4,-0.5,-1.7,-0.5,-0.1,0.7,0.1,-0.2,0,0.4,0,-0.6,-0.2,0.7,0.1,-0.5,-0.3,0.8,0.2,0.6,-0.1,0.1,0.1,0.3,-0.1,-0.2,0.6,0.7,-0.1,0.1,0.1,0.8,-0.2,0.3,-0.2,1.5,0,2.3,-1.1,0.9,0,1.3,-0.6,1.6,0,2.4,-1.1,1.8,0,2.9,-1.3,2.5,145.89,7.759,1.129,54.58,10543,2963,23360.7793,0.56,3.1
2017/2/28,-0.1,-0.6,0,0.3,0.4,-0.2,0.8,0.9,0.2,-0.7,0.3,1,-7.5,-7,-7.6,-8.1,2.7,3.2,2.2,2.1,-3.3,-3.2,-3.1,-3.4,-3.7,-3.9,-4,-3.1,2.5,2.9,2.3,2.4,3.1,2.3,3.3,3.4,-1.1,-0.5,-1.3,-1.3,-0.1,0.1,-0.1,-0.3,0.5,0.5,0.5,0.5,0.2,0.2,0.2,0.2,0.1,0.1,0.1,0.1,-0.1,0,-0.2,-0.1,-2.8,-3.1,-2.7,-2.5,0.2,0.1,0.3,0.2,0.4,0.4,0.3,0.5,0.3,0.4,0.2,0.3,-1.6,-0.8,-1.6,-2.2,1.3,1.2,4.3,3,-1.3,-4.4,0.8,1.2,8,3.6,-1.8,-8.6,1.3,1.2,3,2.9,-1.2,-3,1.7,1.3,2.3,2.6,-1,-2,2.8,3.2,2.7,5.6,-2.8,-2.3,2.9,3.4,2.8,6.4,-3.6,-3,2.9,3.2,2.8,5.2,-2.4,-2,2.6,2.9,2.5,4.7,-2,-1.6,0.3,0.4,9.5,4,-0.2,-9.3,-0.7,-0.5,21.9,3.8,-0.2,-22.6,0.5,0.5,5.4,4.4,-0.2,-5.1,1.2,1.1,3.4,3.8,-0.1,-2.4,-7.6,-0.3,4.2,-0.1,-7.2,-11.7,-7.2,-0.3,4.8,0.7,-6.7,-11.8,-7.8,-0.4,3.9,-0.6,-7.2,-11.5,-8.2,-0.4,3.4,-0.9,-7.7,-11.5,1.6,2.2,2.6,0.1,0.5,0.1,2.5,3.1,3.4,0.2,0.1,-0.2,1,1.5,1.8,-0.1,0.7,0.4,-0.1,1.3,2.1,-0.4,0.8,0,-2.9,-3,-5,-2.4,-0.3,1.7,-2.7,-2.5,-5.8,-3.2,-0.7,2.6,-2.8,-2.6,-5.7,-3.1,-0.5,2.6,-3,-3.7,-3.6,-1.1,0.3,0.2,-3.9,-5,-5.3,-5.4,1.3,1.6,-4,-4.9,-5.4,-5.4,1,1.5,-4.3,-5.7,-5.7,-5.6,1.7,1.7,-3.3,-4.2,-4.9,-5.3,1.1,1.8,2.4,2.2,2.5,0.2,0.3,0,2.6,2.3,2.3,0.5,0.6,0.6,2.3,2.2,2.6,0,0.1,-0.3,2.5,2.1,2.6,0.2,0.3,-0.2,2.4,1.8,2,1.3,1.3,1.1,1.3,1.4,1.5,2,0.9,0.8,2.7,2,2.3,1.3,1.3,1,3,1.9,2.1,0.7,1.5,1.3,3.6,2.1,2.7,2.1,-3.2,-3.8,3,2.4,2.4,1.4,-2.9,-2.9,3.5,2,2.5,1.7,-3.3,-3.8,4.1,2.1,3.1,3,-3.4,-4.4,0,0.3,0.1,1.3,-0.1,0.4,0.1,1.5,0,0.2,0.2,1.2,0.1,0.2,0.1,1.2,0.5,0.6,0.1,2.9,0.5,0.8,0.2,3.6,0.5,0.5,0.1,2.5,0.5,0.5,0,2.2,0.3,0.1,0.2,0.3,0.2,0.1,0.2,0.2,0.3,0.2,0.2,0.3,0.4,0.1,0.1,0.4,-8.2,0.3,0,-0.1,-7.9,0.3,-0.1,-0.1,-8.4,0.3,0,-0.1,-8.8,0.3,0,-0.1,-0.2,-0.1,0.6,-1.1,-0.4,0.1,0.7,-0.7,0.2,-0.2,0.4,-1.4,-0.8,-0.3,1.3,-2.3,-4.8,3.8,-2,-2.3,-4.4,3.6,-1.9,-2.6,-4.4,3.5,-1.8,-2.4,-5.6,4.2,-2.3,-2.1,-0.5,-0.4,-0.7,0,-0.6,-0.3,-0.9,0,-0.3,-0.6,-0.6,0,-0.6,-0.2,-0.8,-0.1,0.2,-0.1,0.1,0.3,0.1,-0.1,0.1,0.1,0.3,-0.1,0.1,0.3,0.2,0,-0.1,0.5,0.6,-0.6,1.4,-0.3,0.5,-0.3,0.9,-0.5,0.6,-0.7,1.8,-0.3,0.6,-0.7,1.4,-0.2,0.5,-0.1,0.1,3.1,0.2,0.2,-0.1,2.7,0.2,-0.1,0,3.1,0.9,-0.2,0.2,3.2,0.8,148.22,7.763,1.13225,54.87,9559.3644,2953,23740.73047,0.57,3.1
2017/3/31,0.5,0.2,0.5,0.8,1.2,0.7,1.5,1.6,0.2,-0.7,0.3,1,-1.2,-0.3,-1.6,-2.7,2.5,3,2.1,1.8,0.4,0.9,0.7,-0.4,-3.1,-3.7,-3.4,-2.4,2,2.5,1.6,2,3.1,2.4,3.3,3.4,-0.5,-0.1,-0.6,-0.6,0.2,0.2,0.2,0.2,-0.4,-0.6,-0.4,-0.3,0.2,0.2,0.2,0.3,6.6,7.1,6.4,5.8,-0.1,-0.1,-0.2,-0.3,4.9,4.9,5.1,4.5,0.2,0,0.1,0.5,0.5,0.5,0.5,0.5,-0.1,0,-0.1,-0.1,-0.6,-0.4,-0.6,-0.7,-0.1,1.2,2.7,2.9,-0.7,-2.2,-0.6,1.1,3.3,3,-0.9,-3.1,0,1.2,2.5,2.8,-0.7,-2,0.3,1.3,2.2,2.8,-0.5,-1.4,0.4,3.1,2.7,4,-1.9,-1.5,-0.2,3.2,2.7,4.4,-2.5,-2,0.8,3.1,2.7,3.9,-1.6,-1.2,0.9,2.9,2.5,3.6,-1.3,-0.9,0.2,0.3,4.2,4,-0.1,-4,-0.7,-0.6,5.3,3.6,-0.1,-6,0.3,0.4,4,4.3,-0.1,-3.7,1,1,3.4,3.8,0,-2.4,-7.5,-0.3,10.3,0.4,-0.9,-11.5,-7,-0.2,11.3,1.2,-0.1,-11.6,-7.6,-0.3,9.7,-0.1,-1.3,-11.3,-8.1,-0.3,8.7,-0.5,-2.4,-11.4,2.7,2.2,2.2,0.1,0.3,0.3,3.2,3.1,3.3,0.3,-0.1,-0.3,2.2,1.5,1.2,-0.3,0.6,0.9,2.1,1.5,1.3,-0.5,0.3,0.5,-3.3,-3.6,-3.6,-4.2,4,4,-3.2,-3.7,-4,-5.2,4.6,4.9,-3.1,-3.7,-3.9,-4.8,4.4,4.6,-3.4,-3.3,-3,-2.8,2.9,2.6,-3.7,-5.2,-5.4,-5.5,2.1,2.3,-3.9,-5.2,-5.5,-5.2,1.5,1.8,-4,-5.9,-5.8,-6,2.5,2.4,-3.1,-4.3,-4.8,-5.2,1.9,2.4,2.5,2.3,2.2,1.3,-0.3,-0.2,2.9,2.5,2,1.4,0,0.5,2.3,2.2,2.1,1.3,-0.6,-0.5,2.4,2.4,2.5,1.2,-0.4,-0.5,3.1,2,1.7,1.1,1.1,1.4,2.3,1.5,1.3,1.4,0.9,1.1,3.3,2.2,1.9,1.1,1.1,1.4,3.4,2.1,1.8,0.7,1.3,1.6,-1.1,2,2.1,4.1,-2.5,-2.6,-0.5,2.2,2.2,2.9,-2.3,-2.3,-1.3,2.1,2.1,3.8,-2.7,-2.7,-1.3,1.8,2.2,5,-2.4,-2.8,-0.1,0.2,0.3,-0.4,0.1,0.1,0.8,-0.5,-0.1,0.3,0.1,-0.3,-0.3,0.3,-0.1,-0.3,0.5,0.2,0.4,-1.2,0.5,0.2,0.4,-1.5,0.5,0.3,0.3,-1,0.5,0.4,0.4,-1,0.2,0.2,0.7,0.2,0.2,0.2,1.8,0.2,0.2,0.2,0.2,0.3,0.2,0.1,0.1,0.3,0.1,0,0,-0.1,0.1,0,0,-0.1,0.1,0,0,-0.1,0.1,0,0,-0.1,-0.1,-0.5,-0.8,0,0,-0.1,-0.5,0.1,-0.2,-0.9,-1,-0.2,-0.1,-0.7,-1.6,0,-2.8,-3.9,3.8,1,-3.1,-3.9,4.2,0.7,-2.7,-4,4.1,1.1,-2.5,-3.8,3.1,1.3,0.2,-0.8,-0.1,-0.4,0.1,-0.8,-0.1,-0.3,0.3,-0.8,-0.2,-0.6,0.2,-0.8,0,-0.2,0.4,-0.5,0.4,1.1,0.4,-0.2,0.7,0.9,0.3,-0.6,0.3,1.2,0.5,-0.5,0.3,0.9,0.3,0.6,-0.2,-0.1,0.4,0.3,-0.1,-0.1,0.2,0.7,-0.3,-0.1,0.3,0.8,-0.1,-0.1,-1.6,1.5,-1,-1.2,-0.8,0.9,-0.2,-0.9,-1.6,1.6,-0.9,-1.3,-2.2,1.8,-1.5,-1.4,0.9,150.89,7.77,1.12885,51.59,10916.4564,2609,24111.58984,0.82,3.2
2017/4/30,2,2.2,1.9,2,1.9,1.6,2,2.1,2.7,3.8,2.3,2.2,-1.2,-0.3,-1.6,-2.6,3.4,3.8,2.8,3.7,-1.7,-1.1,-0.9,-2.6,-3,-3.8,-3,-2.4,1.9,2.5,1.7,1.8,3.4,2.5,3.7,3.9,2.7,2.3,2.6,3,0.6,0.4,0.6,0.7,0.1,0.1,0.1,0.1,0.2,0.3,0.2,0.1,0.4,0.4,0.4,0.4,0.7,0.6,0.7,1.6,4.2,2.9,3.5,6,0.1,0,0.1,0.1,0.2,0.2,0.3,0.2,0.9,0.9,1,1,1.6,1.3,1.7,1.8,0.5,1.3,1.2,2.7,0.7,0.8,0.2,0.8,1.1,3,1.4,1.1,0.5,1.3,1.2,2.7,0.6,0.7,0.8,1.7,1.4,2.4,0.3,0.6,1.2,2.8,2.6,3.8,-0.9,-0.7,0.7,2.9,2.5,4.2,-1.3,-0.9,1.5,2.9,2.7,3.7,-0.9,-0.7,1.6,2.6,2.5,3.3,-0.5,-0.4,0.2,0.3,0.5,4.8,2.4,2.2,-0.7,-0.7,-0.4,4.5,4.5,4.2,0.3,0.5,0.6,5.2,1.8,1.7,1,1.2,1.2,4.5,1,1,-1.2,-7.6,4.9,-0.2,6.4,-6.1,-0.3,-7.2,5.4,0.6,6.9,-5.7,-1.6,-7.8,4.7,-0.7,6.2,-6.3,-2.7,-8.2,4.2,-1,5.6,-6.8,2.5,1.6,1.9,-0.2,1.8,1.5,3,2.5,2.6,0,1.3,1.2,2.1,1,1.3,-0.4,1.8,1.5,1.8,-0.1,0.7,-1.2,3.8,3,0.4,-2.9,-2.4,-2.2,1.2,0.7,0.9,-2.7,-2.6,-3.5,1.6,1.5,0.7,-2.8,-2.5,-3.5,1.9,1.6,-0.4,-3,-2.2,0.1,0.4,-0.4,-3.1,-3.9,-4.9,-6.2,0.9,1.9,-3.7,-4,-5,-5.7,0.2,1.2,-3.4,-4.3,-5.5,-6.8,1.3,2.5,-2.4,-3.3,-4.2,-5.7,0.9,1.8,2,2.4,1.8,1.1,-0.5,0.1,2.5,2.6,2,1.1,-0.1,0.5,1.6,2.3,1.9,1,-0.6,-0.2,2,2.5,1.6,1.2,-0.7,0.2,3.1,2.4,2.4,2,1,1,2.4,1.3,1.7,2.6,1.2,0.8,3.3,2.7,2.7,2.1,1,1,3.4,3,2.6,1.4,0.9,1.3,-0.5,3.6,1.6,1.4,-0.9,1.1,-0.1,3,1.7,1.1,-0.7,0.6,-0.6,3.5,1.5,1.2,-0.9,1.1,-0.6,4.1,1.7,1.8,-1.1,1.3,0.2,0,0.2,-1,0.2,-0.1,0.1,-1.6,0.2,0,0.2,-0.8,0.2,0.1,0.2,-0.4,-0.4,0.5,0.1,-0.6,-0.6,0.5,0.1,-0.8,-0.4,0.5,0.2,-0.5,-0.3,0.5,0.2,-0.5,0.2,0.3,0.1,-2.3,0.2,0.2,0,-4,0.2,0.3,0.1,-1.8,0.3,0.4,0.1,-1,6.6,-8.2,0.3,0.3,7.1,-7.9,0.4,0.3,6.4,-8.4,0.3,0.3,5.8,-8.8,0.3,0.3,-0.1,-0.2,0.9,-0.1,-0.1,-0.4,0.3,-0.2,-0.2,0.2,1.5,0,-0.3,-0.8,1.7,-0.3,4.9,-4.8,5,6.3,4.9,-4.4,5,5,5.1,-4.4,4.9,5.2,4.5,-5.6,5.1,8.4,0.2,-0.5,-0.5,-0.1,0,-0.6,-0.5,0.1,0.1,-0.3,-0.6,-0.3,0.5,-0.6,-0.4,0.1,0.5,0.2,-0.1,0.2,0.5,0.1,0,0.2,0.5,0.3,-0.2,0.2,0.5,0.2,-0.3,0.3,-0.1,0.6,-0.1,0.6,0,0.5,-0.1,0.7,-0.1,0.6,-0.1,0.6,-0.1,0.6,-0.2,0.5,-0.6,0.5,0,-1.5,-0.4,0.2,0,-1.1,-0.6,0.2,0,-1.5,-0.7,0.9,0,-1.7,1.2,155.45,7.778,1.12655,52.31,11449.3104,2759,24615.13086,0.83,3.2
2017/5/31,2,2.3,1.8,1.9,2.4,2.4,2.4,2.5,2.7,3.8,2.3,2.1,-0.9,0,-1.3,-2.4,0.3,0.4,0.2,0.4,-1.2,-1,-1.2,-1.1,-3.7,-4.5,-3.7,-3.2,2,2.5,1.6,2,2.7,1.6,3,3.3,1.9,1.3,1.7,2.6,-0.1,-0.1,-0.2,-0.1,0.1,0,0.1,0.1,0.1,0.2,0.2,0.1,0.4,0.4,0.4,0.4,-0.8,-0.4,-1.1,-1.5,-1.9,-1.9,-2.3,-1.5,-0.4,-0.4,-0.3,-0.4,0,0,-0.1,-0.1,-0.3,-0.7,-0.3,-0.1,-0.7,-0.8,-0.8,-0.4,2,-0.1,1.2,2.6,2.1,0.8,2.2,-0.6,1.2,2.7,2.9,1.1,1.9,0,1.2,2.7,1.8,0.6,2,0.3,1.3,2.4,1.6,0.6,1.9,0.4,3.2,3.1,2,-0.8,1.6,-0.2,3.4,3.3,2.6,-1,2,0.8,3.2,3.2,1.6,-0.8,2.1,0.9,2.9,2.8,1.6,-0.4,2.7,0.2,0.4,4.6,2.5,2.3,3.8,-0.7,-0.5,4.3,4.5,4.3,2.3,0.3,0.5,5,2,1.8,2.2,1,1.1,4.2,1.1,1,-1.2,-7.5,-0.3,-0.9,6.6,-0.6,-0.3,-7,-0.3,-1,7,0.3,-1.6,-7.6,-0.4,-0.7,6.3,-0.9,-2.6,-8.1,-0.4,-1.1,5.7,-2,3.4,2.7,2.2,1.3,-2.4,-1.9,3.8,3.2,3.1,2.5,-2.8,-2.7,2.8,2.2,1.5,0.4,-2,-1.3,3.7,2.1,1.3,-0.5,-1.7,-0.9,-1.7,-3.3,-3,-2.8,2.1,1.8,-1.1,-3.2,-2.5,-3.8,2.2,1.5,-0.9,-3.1,-2.6,-3.7,1.9,1.4,-2.6,-3.4,-3.7,-1.1,2.3,2.6,-3,-3.7,-5,-5.1,0,1.3,-3.8,-3.9,-4.9,-4.7,-0.6,0.4,-3,-4,-5.7,-5.6,0.3,2,-2.4,-3.1,-4.2,-4.7,-0.1,1,1.9,2.5,2.2,1.1,-0.5,-0.2,2.5,2.9,2.3,1,-0.4,0.2,1.7,2.3,2.2,1.1,-0.7,-0.6,1.8,2.4,2.1,1,-0.4,-0.1,3.4,3.1,1.8,1.2,-0.4,0.9,2.5,2.3,1.4,1.3,-0.7,0.2,3.7,3.3,2,1.3,-0.3,1,3.9,3.4,1.9,1,-0.1,1.4,2.7,-1.1,2.1,2.4,3,-0.2,2.3,-0.5,2.4,2,1.8,-1.1,2.6,-1.3,2,2.3,3,-0.3,3,-1.3,2.1,2.7,3.9,0.5,0.6,-0.1,0.3,-0.1,0.4,0.1,0.4,-0.2,0.6,-0.1,0.2,0,0.7,-0.3,0.2,-0.1,0.1,0.5,0.6,-0.5,0.1,0.5,0.8,-0.7,0.1,0.5,0.5,-0.4,0.1,0.5,0.5,-0.3,0.2,0.2,0.1,0.2,0.3,0.2,0.1,0.2,0.2,0.2,0.2,0.2,0.1,0.2,0.1,0.2,0.4,0.1,0.3,0.1,0.4,0.1,0.3,0.1,0.4,0.1,0.3,0.1,0.4,0.1,0.3,0.1,0.7,-0.1,-0.1,2.2,0.6,0,0.1,3,0.7,-0.2,-0.2,1.5,1.6,-0.1,-0.3,1.6,4.2,-2.8,3.8,-2.4,2.9,-3.1,3.6,-2,3.5,-2.7,3.5,-2.1,6,-2.5,4.2,-3,0.1,0.2,-0.4,0.4,0,0.1,-0.3,0.3,0.1,0.3,-0.6,0.4,0.1,0.2,-0.2,0.4,0.2,0.4,-0.1,-0.1,0.2,0.4,-0.1,0,0.3,0.3,-0.1,0,0.2,0.5,0,-0.2,0.9,0.3,-0.6,0.4,0.9,0.4,-0.3,0.2,1,0.2,-0.7,0.4,1,0.3,-0.7,0.5,1.6,-1.6,-0.1,0,1.3,-0.8,0.2,0.1,1.7,-1.6,-0.1,0,1.8,-2.2,-0.2,0,1.5,158.78,7.789,1.15225,50.33,13518.0936,2361,25660.65039,0.83,3.2
2017/6/30,1.9,2.3,1.8,1.8,2.5,2.5,2.5,2.5,2.7,3.8,2.4,2.1,-0.9,0,-1.2,-2.4,-0.4,0.1,-1,-1,-1.4,-1.3,-1.3,-1.3,-4,-4.8,-4,-3.5,1.5,2.1,1.1,1.3,2.5,1.3,2.8,3.1,1.9,1.7,1.6,2.2,-0.1,0,-0.1,-0.2,-0.1,-0.1,-0.1,-0.1,0.2,0.2,0.2,0.2,-0.2,-0.2,-0.2,-0.2,-0.2,-0.1,-0.2,-0.4,-1.6,-1.2,-1.2,-2.4,-0.6,-0.5,-0.6,-0.6,-0.2,0,-0.3,-0.3,-0.2,-0.3,-0.2,-0.1,-0.1,0.2,-0.2,-0.3,2,0.5,1.2,2.4,1.4,0.7,2.3,0.2,1.1,2.5,2.1,1.2,1.8,0.5,1.2,2.5,1.3,0.6,1.9,0.8,1.3,2.2,1,0.5,2.4,1.2,3.1,2.7,1.3,-0.6,2.4,0.7,3.2,2.8,1.8,-0.7,2.4,1.5,3.1,2.8,1,-0.6,2.5,1.6,2.9,2.5,0.9,-0.4,2.7,0.2,0.3,4.4,2.5,2.4,3.8,-0.7,-0.6,4.2,4.5,4.4,2.3,0.3,0.4,4.8,2.1,2,2.1,1,1,4.1,1.1,1.1,-0.9,-1.2,-0.3,-2.2,0.3,-0.6,0,-0.3,-0.2,-2.2,0.3,0.2,-1.3,-1.6,-0.3,-2.2,0.4,-0.9,-2.4,-2.7,-0.3,-2.1,0.3,-2.1,0.3,2.5,2.2,2.5,-2.9,-2.6,0.4,3,3.1,3.2,-2.9,-3,0.2,2.1,1.5,1.9,-3.1,-2.5,0.4,1.8,1.5,1.5,-2.8,-2.5,-1.2,0.4,-3.6,-3.3,-1.8,2.2,-1,0.9,-3.7,-3.7,-2.2,2.4,-1.2,0.7,-3.7,-3.9,-2,2.4,-1.1,-0.4,-3.3,-2.2,-0.9,2,-3.7,-3.1,-5.2,-4.8,-0.9,1.2,-4.5,-3.7,-5.2,-4.5,-1.1,0.4,-3.7,-3.4,-5.9,-5.5,-0.6,1.9,-3.2,-2.4,-4.3,-4.3,-1.1,0.8,2,2,2.3,1.5,-0.5,-0.8,2.5,2.5,2.5,1.5,-0.4,-0.4,1.6,1.6,2.2,1.5,-0.5,-1.1,2,2,2.4,1.7,-0.7,-1.1,2.7,3.1,2,1.3,-0.6,0.5,1.6,2.4,1.5,1.4,-1.1,-0.2,3,3.3,2.2,1.5,-0.5,0.6,3.3,3.4,2.1,1.2,-0.3,1,1.9,-0.5,2,2.6,2.4,-0.1,1.3,-0.1,2.2,2.6,1.8,-0.5,1.7,-0.6,2.1,2.6,2.2,-0.5,2.6,-0.6,1.8,2.6,2.8,0.4,-0.1,0.2,0.2,0,-0.1,0.2,0.1,0,-0.2,0.2,0.3,0,-0.1,0.2,0.3,0,0.1,-0.4,0.2,-0.1,0,-0.6,0.2,-0.1,0.1,-0.4,0.3,-0.1,0.1,-0.3,0.4,-0.1,0.1,0.2,0.2,0.2,0.2,0.2,0.2,0.2,0.2,0.2,0.2,0.2,0.1,0.3,0.1,0.2,0.4,6.6,0,-0.2,0.4,7.1,0,-0.2,0.4,6.4,0,-0.2,0.4,5.8,0,-0.2,-0.8,-0.1,-0.5,0.6,-0.4,-0.1,-0.1,0.2,-1.1,-0.2,-0.9,1,-1.5,-0.3,-0.7,1,-1.9,4.9,-3.9,-1.5,-1.9,4.9,-3.9,-0.9,-2.3,5.1,-4,-1.1,-1.5,4.5,-3.8,-2.2,-0.4,0.2,-0.8,-0.3,-0.4,0,-0.8,-0.2,-0.3,0.1,-0.8,-0.3,-0.4,0.5,-0.8,-0.3,0,0.5,-0.5,0.3,0,0.5,-0.2,0.3,-0.1,0.5,-0.6,0.2,-0.1,0.5,-0.5,0.4,-0.3,-0.1,0.6,0,-0.7,0,0.3,0,-0.3,-0.1,0.7,0,-0.1,-0.1,0.8,0,-0.7,-0.6,1.5,-0.1,-0.8,-0.4,0.9,-0.2,-0.8,-0.6,1.6,0,-0.4,-0.7,1.8,0,1.5,160.26,7.807,1.15265,46.37,15969,2251,25764.58008,1.06,3.2
2017/7/31,2,2.5,1.8,1.7,2.5,2.6,2.5,2.5,2.7,3.8,2.4,2.1,-0.7,0.3,-1,-2.2,-0.2,0.3,-0.8,-0.6,0.9,1,1.2,0.7,-3.6,-4.1,-3.7,-3.3,0.5,1.5,0,0.3,3,2,3.3,3.5,1.4,1.6,1.1,1.5,0.4,0.3,0.4,0.5,0.4,0.4,0.3,0.3,0.2,0.2,0.2,0.2,0.3,0.3,0.3,0.3,0.3,0.2,0.4,0.6,-2.8,-2.5,-2.7,-3.2,-0.3,-0.1,-0.4,-0.3,-0.3,-0.2,-0.4,-0.3,0.6,0.5,0.6,0.7,1.8,1.2,1.8,2.2,1.9,2,1.3,2.3,0,0.7,2.3,2.2,0.8,2.4,0.3,1.7,1.8,1.9,1.3,2.4,-0.1,0.5,1.8,2,1.7,2.2,-0.3,0,2.5,1.9,2.8,2.8,0.6,-0.3,2.5,1.6,2.9,2.8,1,-0.3,2.5,2,2.9,2.9,0.5,-0.4,2.5,2.1,2.6,2.6,0.4,-0.1,2.7,2.7,0.3,4.2,0,2.4,3.8,3.8,-0.7,4,0,4.5,2.4,2.3,0.5,4.6,0.1,1.9,2.1,2.2,1.2,3.9,-0.1,0.9,-0.9,-1.2,-7.6,-1.5,0.5,6.9,0,-0.3,-7.2,-1.4,0.6,7.5,-1.2,-1.6,-7.8,-1.6,0.6,6.8,-2.4,-2.6,-8.2,-1.5,0.4,6,-0.4,3.4,1.6,2,-3.6,-1.8,0.1,3.8,2.5,2.7,-3.5,-2.2,-1,2.8,1,1.4,-3.6,-1.8,-1,3.7,-0.1,0.7,-4.3,-0.5,-1.4,-1.7,-2.9,-4.8,2.6,3.8,-1.3,-1.1,-2.7,-5.3,2.1,3.7,-1.3,-0.9,-2.8,-5.6,2.1,4,-1.3,-2.6,-3,-3.4,3.3,3.7,-4,-3,-3.9,-5.3,-0.6,0.3,-4.8,-3.8,-4,-5.1,-0.3,-0.1,-4,-3,-4.3,-5.9,-0.7,0.6,-3.5,-2.4,-3.3,-4.8,-0.9,0,1.5,1.9,2.4,2,-1.4,-1.9,2.1,2.5,2.6,1.8,-1,-1.1,1.1,1.7,2.3,2,-1.7,-2.3,1.3,1.8,2.5,2.2,-1.5,-2.2,2.5,3.4,2.4,0.6,-0.4,0.6,1.3,2.5,1.3,0.5,-0.5,0.7,2.8,3.7,2.7,0.6,-0.4,0.6,3.1,3.9,3,0.7,-0.4,0.5,1.9,2.7,3.6,2.8,-1.3,-2.2,1.7,2.3,3,2.7,-0.7,-1.4,1.6,2.6,3.5,2.7,-1.5,-2.4,2.2,3,4.1,2.9,-1.5,-2.6,-0.1,0.6,0,0.4,0,0.4,-0.1,0.2,-0.1,0.6,0,0.4,-0.2,0.7,0.1,0.6,-0.1,0.1,0.5,0.3,-0.1,0.1,0.5,0.3,-0.1,0.1,0.5,0.3,-0.1,0.1,0.5,0.3,0.2,0.2,0.3,0.2,0.2,0.3,0.2,0.2,0.2,0.2,0.3,0.2,0.2,0.1,0.4,0.2,-0.2,0.4,-8.2,0.1,-0.2,0.4,-7.9,0.1,-0.2,0.4,-8.4,0.1,-0.2,0.4,-8.8,0.1,-0.2,0.7,-0.2,0.1,-0.1,0.6,-0.4,0,-0.2,0.7,0.2,0.1,-0.4,1.6,-0.8,0.2,-1.6,4.2,-4.8,-5,-1.2,2.9,-4.4,-4.7,-1.2,3.5,-4.4,-5.1,-2.4,6,-5.6,-5.2,-0.6,0.1,-0.5,-0.6,-0.5,0,-0.6,-0.8,-0.6,0.1,-0.3,-0.7,-0.6,0.1,-0.6,-0.5,-0.2,0.2,0.2,0.7,0,0.2,0.1,0.4,-0.3,0.3,0.3,0.7,-0.3,0.2,0.2,0.8,-0.2,0.9,0.6,0.1,-0.3,0.9,0.5,-0.2,-0.2,1,0.6,0.1,-0.1,1,0.6,0.3,-0.1,1.6,0.5,2.3,0.2,1.3,0.2,1.3,-0.2,1.7,0.2,2.4,-0.3,1.8,0.9,2.9,1.4,160.3,7.81,1.16075,48.48,16349,2020,27323.99023,1.07,3.3
2017/8/31,1.9,2.4,1.7,1.8,2.4,2.4,2.3,2.6,2.8,3.8,2.4,2.1,0,0.9,-0.4,-1.6,-0.8,-0.3,-1.2,-1.7,1.6,1,1.4,2.2,-3,-3.4,-3.1,-2.6,0.6,1.6,0.1,0.4,1.1,0.7,0.9,1.7,1.8,1.8,1.6,1.9,0.1,0.1,0.1,0.2,0,0,0,0.1,0.2,0.2,0.3,0.2,0.6,0.6,0.6,0.5,0,0.1,0,0.2,-1.4,-1.9,-1.7,-0.8,-0.1,-0.1,0,-0.1,0.2,0.2,0.2,0.1,-0.4,-0.3,-0.5,-0.4,0.5,0.2,0.5,0.7,2,2,-0.1,4.3,-0.1,2,2.5,2.3,-0.6,8,0.1,3,1.8,1.8,0,3,-0.1,1.7,1.7,1.9,0.3,2.3,-0.1,1.5,2.5,2.4,0.4,2.7,0,2,2.6,2.4,-0.2,2.8,0,2.6,2.5,2.4,0.8,2.8,-0.1,1.5,2.5,2.5,0.9,2.5,0.1,1.7,2.7,2.7,0.2,9.5,0.1,2.6,3.8,3.8,-0.7,21.9,0,4.5,2.4,2.3,0.3,5.4,0.1,2.1,2.1,2.1,1,3.4,0,1.1,-0.7,-0.9,-7.5,4.2,0.9,7.5,0.3,0,-7,4.8,0.9,7.9,-1,-1.3,-7.6,3.9,0.9,7.2,-2.2,-2.4,-8.1,3.4,0.8,6.5,-0.2,0.3,2.7,2.6,-1.1,-3.5,0.3,0.4,3.2,3.4,-0.7,-3.5,-0.8,0.2,2.2,1.8,-1.4,-3.4,-0.6,0.4,2.1,2.1,-2.1,-3.8,0.9,-1.2,-3.3,-5,2.8,4.9,1,-1,-3.2,-5.8,2,4.2,1.2,-1.2,-3.1,-5.7,2.6,4.5,0.7,-1.1,-3.4,-3.6,3.3,5.6,-3.6,-3.7,-3.7,-5.3,0.7,0.7,-4.1,-4.5,-3.9,-5.4,1.1,0.5,-3.7,-3.7,-4,-5.7,0.6,0.9,-3.3,-3.2,-3.1,-4.9,0.6,0.5,0.5,2,2.5,2.5,-1.4,-1.9,1.5,2.5,2.9,2.3,-0.9,-1.3,0,1.6,2.3,2.6,-1.5,-2.2,0.3,2,2.4,2.6,-1.6,-2,3,2.7,3.1,2,-1.6,-2,2,1.6,2.3,1.5,-0.9,-1.6,3.3,3,3.3,2.3,-2.1,-2.4,3.5,3.3,3.4,2.1,-1.6,-1.7,1.4,1.9,-1.1,2.7,-0.1,2.9,1.6,1.3,-0.5,2.4,0.5,2.3,1.1,1.7,-1.3,2.5,-0.1,2.9,1.5,2.6,-1.3,3.1,-0.7,3.2,0.4,-0.1,-0.1,0.1,0.3,-0.1,0.1,0.1,0.4,-0.2,-0.1,0.2,0.5,-0.1,-0.3,0.1,0.4,0.1,0.5,0.1,0.4,0,0.5,0.2,0.3,0.1,0.5,0.1,0.3,0.1,0.5,0,0.2,0.1,0.2,0.2,0.2,0.2,0.2,0.2,0.2,0.2,0.2,0.2,0.2,0.1,0.2,0.1,0.3,0.4,0.1,0,0.3,0.4,0.1,-0.1,0.3,0.4,0.1,0,0.3,0.4,0.1,0,0.3,-0.8,-0.1,0.6,0.2,-0.4,0,0.7,0.4,-1.1,-0.2,0.4,0.6,-1.5,-0.1,1.3,-2.8,-1.9,-2.8,-2,-2.5,-1.9,-3.1,-1.9,-2.7,-2.3,-2.7,-1.8,-3.2,-1.5,-2.5,-2.3,-0.3,-0.4,0.2,-0.7,-0.1,-0.4,0.1,-0.9,-0.4,-0.3,0.3,-0.6,-0.3,-0.4,0.2,-0.8,-0.3,0,0.4,0.1,-0.2,0,0.4,0.1,-0.4,-0.1,0.3,0.1,-0.3,-0.1,0.5,-0.1,0.6,-0.3,0.3,1.4,0.5,-0.7,0.4,0.9,0.6,-0.3,0.2,1.8,0.7,-0.1,0.3,1.4,1.8,-0.7,-1.6,0.1,1.2,-0.8,-0.8,-0.1,1.8,-0.8,-1.6,0,2.2,-0.4,-2.2,0.2,1.8,161.36,7.827,1.18555,51.7,17083,2059,27970.30078,1.07,3.3
2017/9/30,1.4,1.5,1.3,1.4,2.4,2.4,2.3,2.7,2.3,2.2,2.4,2.2,-0.2,0.8,-0.5,-1.7,0.5,0.5,0.4,0.7,0.4,-0.5,-0.3,1.8,-3.3,-3.6,-3.3,-3.1,0.5,1.2,0.1,0.2,1.8,1,1.7,2.4,-0.6,-1.1,-0.9,-0.1,-0.2,-0.1,-0.3,-0.4,0.4,0.4,0.3,0.4,0.2,0.2,0.2,0.2,-0.1,-0.1,-0.1,-0.1,0.5,0.3,0.5,0.8,2.6,2.6,2.4,2.7,-0.4,-0.4,-0.3,-0.5,0.2,0.4,0.2,0.2,0.5,0.3,0.5,0.6,-3.3,-3,-3.4,-3.5,1.9,1.9,0.5,2.7,-0.5,0.9,2.4,2.3,0.2,3.3,-0.8,1.3,1.7,1.8,0.5,2.5,-0.5,0.8,1.8,1.8,0.8,2.2,-0.4,0.6,2.4,2.5,1.2,2.7,-0.1,1.2,2.4,2.5,0.7,2.7,-0.1,1.7,2.3,2.5,1.5,2.7,-0.2,0.8,2.6,2.5,1.6,2.5,0.2,1.1,2.8,2.7,0.2,4.2,-0.4,2.1,3.8,3.8,-0.7,5.3,-1.6,2.9,2.4,2.4,0.3,4,0,2.1,2.1,2.1,1,3.4,0.1,1.2,0,-0.9,-1.2,10.3,0.7,1,0.9,0,-0.3,11.3,0.8,1.1,-0.4,-1.2,-1.6,9.7,0.7,1.1,-1.6,-2.4,-2.7,8.7,0.7,1,-0.8,-0.4,2.5,2.2,0.9,-2,-0.3,0.1,3,3.3,0.4,-2.5,-1.2,-1,2.1,1.2,1.4,-1.7,-1.7,-1,1.8,1.3,1.7,-1.1,1.6,-1.4,0.4,-3.6,1.8,0,1,-1.3,0.9,-4,0.8,-1.4,1.4,-1.3,0.7,-3.9,1,-1,2.2,-1.3,-0.4,-3,3.1,2.2,-3,-4,-3.1,-5.4,0.7,-0.2,-3.4,-4.8,-3.7,-5.5,1.2,0.1,-3.1,-4,-3.4,-5.8,0.7,0.1,-2.6,-3.5,-2.4,-4.8,0.4,-0.7,0.6,1.5,2,2.2,-1,-1.5,1.6,2.1,2.5,2,-0.9,-1.3,0.1,1.1,1.6,2.1,-1,-1.5,0.4,1.3,2,2.5,-1.1,-1.8,1.1,2.5,3.1,1.7,-0.7,-1.3,0.7,1.3,2.4,1.3,-0.3,-1.4,0.9,2.8,3.3,1.9,-1.1,-1.6,1.7,3.1,3.4,1.8,-0.7,-1,1.8,1.9,-0.5,2.1,-2.5,-0.1,1.8,1.7,-0.1,2.2,-2.8,-1,1.6,1.6,-0.6,2.1,-2.5,-0.3,1.9,2.2,-0.6,2.2,-2.3,0.5,0.1,-0.1,0.2,0.3,0.1,0,0.2,0.8,0.1,-0.1,0.2,0.1,0.2,-0.2,0.2,-0.1,0,-0.1,-0.4,0.4,0,-0.1,-0.6,0.4,0,-0.1,-0.4,0.3,0.1,-0.1,-0.3,0.4,0.2,0.2,0.2,0.7,0.2,0.2,0.2,1.8,0.3,0.2,0.2,0.2,0.2,0.2,0.3,0.1,0.6,-0.2,6.6,0,0.6,-0.2,7.1,0,0.6,-0.2,6.4,0,0.5,-0.2,5.8,0,0,-0.2,-0.1,-0.8,0.1,-0.1,-0.1,-0.5,0,-0.2,-0.2,-1,0.2,-0.4,-0.3,-1.6,-1.4,-1.6,4.9,3.8,-1.9,-1.2,4.9,4.2,-1.7,-1.2,5.1,4.1,-0.8,-2.4,4.5,3.1,-0.1,-0.6,0.2,-0.1,-0.1,-0.5,0,-0.1,0,-0.6,0.1,-0.2,-0.1,-0.6,0.5,0,0.2,-0.2,0.5,0.4,0.2,0,0.5,0.7,0.2,-0.3,0.5,0.3,0.1,-0.3,0.5,0.3,-0.4,-0.2,-0.1,-0.2,-0.3,-0.3,0,-0.1,-0.5,-0.2,-0.1,-0.3,-0.4,-0.1,-0.1,-0.1,0.5,-0.1,-0.6,-1,0.2,0.2,-0.4,-0.2,0.5,-0.2,-0.6,-0.9,0.7,-0.3,-0.7,-1.5,1.6,160.93,7.81,1.17555,56.15,16259,2087,27554.30078,1.06,3.3
2017/10/31,1.5,1.6,1.4,1.5,2.9,2.9,2.7,3.2,2.4,2.4,2.5,2.2,0.2,1.2,-0.2,-1.4,-1.3,-0.5,-1.9,-2.5,-0.5,-1.3,-1.2,0.9,-2.9,-3.4,-2.9,-2.5,0.6,1.3,0.2,0.5,0.8,-0.1,0.7,1.6,-0.4,-1.1,-0.7,0.4,0.3,0.3,0.3,0.4,0.6,0.6,0.5,0.7,0.2,0.2,0.2,0.1,0.7,0.8,0.6,0.7,-0.8,-0.7,-0.8,-1.6,4.1,4.2,3.9,4.2,-0.1,-0.3,-0.2,0.3,0,0.1,0,0,-1.1,-1.2,-1.1,-1,0.3,0,0.2,0.5,1.4,2,2,1.2,-0.5,-0.5,1.5,2.5,2.2,1.1,-0.9,-0.6,1.3,1.8,1.9,1.2,-0.4,-0.5,1.4,1.7,2,1.4,-0.2,-0.5,2.4,2.5,1.9,2.6,0.4,1,2.4,2.6,1.6,2.5,0.3,1.3,2.3,2.5,2,2.7,0.2,0.7,2.7,2.5,2.1,2.5,0.7,1.1,2.3,2.7,2.7,0.5,-0.3,-0.3,2.2,3.8,3.8,-0.4,-1.4,-1.4,2.4,2.4,2.3,0.6,0.1,0.2,2.2,2.1,2.2,1.2,0.1,0,-0.2,-0.7,-1.2,4.9,0.9,1.4,0.8,0.3,-0.3,5.4,0.9,1.5,-0.5,-1,-1.6,4.7,0.8,1.4,-1.7,-2.2,-2.6,4.2,0.8,1.2,0.5,-0.2,3.4,1.9,-1.1,-4.7,0.5,0.3,3.8,2.6,-0.8,-4.3,0.4,-0.8,2.8,1.3,-1.1,-4.7,0.7,-0.6,3.7,0.7,-1.9,-6.2,0.4,0.9,-1.7,-2.4,-1.4,1.2,-0.5,1,-1.1,-2.6,-2.3,-0.2,-0.3,1.2,-0.9,-2.5,-2.4,-0.3,1.8,0.7,-2.6,-2.2,0.2,3.5,-3.3,-3.6,-3,-4.9,0.7,0.1,-3.6,-4.1,-3.8,-5,0.7,0.4,-3.3,-3.7,-3,-5.5,0.8,0.1,-3.1,-3.3,-2.4,-4.2,0.8,-0.1,0.5,0.5,1.9,1.8,0.1,-1.3,1.2,1.5,2.5,2,-0.2,-1.2,0.1,0,1.7,1.9,0.2,-1.5,0.2,0.3,1.8,1.6,0.2,-1.3,1.8,3,3.4,2.4,-2.2,-2.6,1,2,2.5,1.7,-2.1,-2.6,1.7,3.3,3.7,2.7,-2.6,-3,2.4,3.5,3.9,2.6,-1.9,-2.3,-0.6,1.4,2.7,1.6,-1.8,-3.1,-1.1,1.6,2.3,1.7,-2.7,-3.4,-0.9,1.1,2.6,1.5,-1.8,-3.3,-0.1,1.5,3,1.7,-1.1,-2.6,-0.2,0.4,0.6,0.2,-0.1,0.3,0.4,0.1,-0.3,0.4,0.6,0.2,-0.4,0.5,0.7,0.2,0.4,0.4,0.1,0.1,0.4,0.4,0.1,0.1,0.3,0.3,0.1,0.2,0.4,0.3,0.1,0.2,0.2,0.2,0.2,0.1,0.2,0.2,0.3,0,0.2,0.2,0.2,0.1,0.2,0.2,0.1,0.1,-0.1,0.3,0.4,0.3,-0.1,0.3,0.4,0.4,-0.1,0.3,0.4,0.3,-0.1,0.3,0.4,0.3,0.5,0.3,0.7,0.9,0.3,0.2,0.6,0.3,0.5,0.4,0.7,1.5,0.8,0.6,1.6,1.7,2.6,-2.8,4.2,5,2.6,-2.5,2.9,5,2.4,-2.7,3.5,4.9,2.7,-3.2,6,5.1,-0.4,-0.3,0.1,-0.5,-0.4,-0.1,0,-0.5,-0.3,-0.4,0.1,-0.6,-0.5,-0.3,0.1,-0.4,0.2,-0.3,0.2,-0.1,0.4,-0.2,0.2,0,0.2,-0.4,0.3,-0.2,0.2,-0.3,0.2,-0.3,0.5,0.6,0.9,-0.1,0.3,0.5,0.9,-0.1,0.5,0.6,1,-0.1,0.6,0.7,1,-0.2,-3.3,1.8,1.6,0,-3,1.2,1.3,0,-3.4,1.8,1.7,0,-3.5,2.2,1.8,0,1.9,158.72,7.802,1.1766,57.51,14086,2033,28245.53906,1.07,3.1
2017/11/30,1.6,1.5,1.5,1.7,2.3,2.1,2.1,2.8,2.5,2.5,2.6,2.2,-0.1,0.9,-0.4,-1.6,-0.2,0.2,-0.7,-0.1,0.9,0.4,0.5,1.9,-2.5,-3,-2.4,-2.2,0.8,1.5,0.5,0.6,1.7,0.8,1.5,2.4,0.1,-1.1,-0.2,1,0.3,0.3,0.3,0.4,0,0,0,0.1,0.2,0.3,0.3,0.2,0,0.1,0,0,1,0.9,1,2.3,5.3,5.4,5.3,5.2,0.1,0.1,0,0.2,0.1,0.1,0.1,0,0.3,0.6,0.2,0.1,0.3,0.2,0.4,0.4,1.5,1.9,2,1.2,-0.3,-0.4,1.6,2.4,2.3,1.2,-0.9,-0.8,1.4,1.7,1.8,1.2,-0.2,-0.3,1.5,1.8,1.9,1.3,-0.1,-0.2,2.9,2.4,2.4,3.2,-0.1,-0.1,2.9,2.4,2.4,3.4,-0.3,-0.3,2.7,2.3,2.4,3.2,-0.2,-0.3,3.2,2.6,2.5,2.9,0.2,0.3,2.4,2.8,2.7,0.4,-0.3,-0.2,2.4,3.8,3.8,-0.5,-1.3,-1.3,2.5,2.4,2.3,0.5,0.2,0.3,2.2,2.1,2.1,1.1,0.1,0.1,0.2,0,-0.9,-0.3,-0.1,0.8,1.2,0.9,0,-0.3,0,0.9,-0.2,-0.4,-1.3,-0.4,0,0.9,-1.4,-1.6,-2.4,-0.4,0,0.8,-1.3,-0.8,0.3,2.2,0.6,-0.5,-0.5,-0.3,0.4,3.1,0.5,-0.2,-1.9,-1.2,0.2,1.5,0.5,-0.9,-2.5,-1.7,0.4,1.3,1.6,-0.5,-0.5,1.6,-1.2,-3,-0.7,2.1,-1.3,1,-1,-2.5,-0.6,1.4,-1.2,1.4,-1.2,-2.6,-0.9,1.7,0.9,2.2,-1.1,-3.7,-0.3,3,-2.9,-3,-3.7,-5,0.5,1.2,-3.4,-3.4,-4.5,-4.9,0.4,1.5,-2.9,-3.1,-3.7,-5.7,0.7,1.3,-2.5,-2.6,-3.2,-4.2,0.4,1,0.6,0.6,2,2.2,0.2,-1.2,1.3,1.6,2.5,2.3,-0.1,-1,0.2,0.1,1.6,2.2,0.4,-1.1,0.5,0.4,2,2.1,0.2,-1.4,0.8,1.1,2.7,1.8,0.6,-1,-0.1,0.7,1.6,1.4,0.1,-0.8,0.7,0.9,3,2,0.6,-1.5,1.6,1.7,3.3,1.9,0.7,-0.9,-0.4,1.8,1.9,2.1,-1.7,-1.8,-1.1,1.8,1.3,2.4,-2.9,-2.4,-0.7,1.6,1.7,2,-1.8,-1.9,0.4,1.9,2.6,2.1,-0.9,-1.6,0.3,0.1,-0.1,0.3,0.3,0.1,-0.1,0.4,0.3,0.1,-0.2,0.2,0.4,0.2,-0.1,0.2,0.6,0,0.1,0.6,0.6,0,0,0.8,0.5,0,0.1,0.5,0.7,0.1,0.1,0.5,0.2,0.2,0.1,0.1,0.2,0.2,0.2,0.1,0.2,0.3,0.2,0.2,0.1,0.2,0.1,0.1,0.7,0.6,0.4,0.3,0.8,0.6,0.4,0.3,0.6,0.6,0.4,0.3,0.7,0.5,0.4,0.3,-0.8,0,-0.8,-0.1,-0.7,0.1,-0.4,0.1,-0.8,0,-1.1,-0.2,-1.6,0.2,-1.5,-0.3,4.1,-1.4,-1.9,3.8,4.2,-1.9,-1.9,3.6,3.9,-1.7,-2.3,3.5,4.2,-0.8,-1.5,4.2,-0.1,-0.1,-0.4,-0.4,-0.3,-0.1,-0.4,-0.3,-0.2,0,-0.3,-0.6,0.3,-0.1,-0.4,-0.2,0,0.2,0,-0.1,0.1,0.2,0,-0.1,0,0.2,-0.1,-0.1,0,0.1,-0.1,0,-1.1,-0.4,-0.3,-0.6,-1.2,-0.3,-0.7,-0.3,-1.1,-0.5,-0.3,-0.7,-1,-0.4,-0.1,-0.7,0.3,0.5,-0.7,-0.1,0,0.2,-0.8,0.2,0.2,0.5,-0.8,-0.1,0.5,0.7,-0.4,-0.2,1.7,163.34,7.809,1.1808,62.71,11270,2467,29177.34961,1.07,3
2017/12/31,1.7,1.7,1.6,1.9,2.4,2.2,2.3,3,2.5,2.5,2.6,2.3,0,1,-0.4,-1.5,-0.3,-0.1,-0.4,-0.7,1.4,1.2,1.4,1.7,-1.4,-2,-1.3,-1.2,1.3,1.9,1,1.1,1.7,0.8,1.6,2.4,0.1,-1,-0.2,1,0.4,0.2,0.4,0.5,0.4,0.3,0.4,0.6,0.2,0.2,0.2,0.2,0.1,0.1,0.1,0.1,-0.6,-0.5,-0.6,-1.3,-3.4,-3.2,-3.1,-3.9,0.2,0.1,0.3,0.2,0,0.3,-0.1,0,0.6,0.2,0.7,0.8,1.6,1,1.6,1.8,1.6,1.4,1.9,1.2,0.3,-0.2,1.5,1.5,2.3,1.1,0.2,-0.6,1.5,1.3,1.8,1.2,0.3,-0.2,1.7,1.4,1.8,1.3,0.5,0.1,2.3,2.4,2.5,3.1,0,-0.1,2.1,2.4,2.5,3.2,-0.2,-0.3,2.1,2.3,2.5,3.1,0,-0.2,2.8,2.7,2.5,2.9,0.3,0.5,2.5,2.3,2.7,0.3,0.2,-0.2,2.5,2.2,3.8,-0.6,0.3,-1.3,2.6,2.4,2.4,0.4,0.2,0.2,2.2,2.2,2.1,1,0.1,0.2,-0.1,-0.2,-0.9,-0.3,0.2,0.9,0.9,0.8,0,-0.2,0.2,1,-0.4,-0.5,-1.2,-0.3,0.1,0.8,-1.6,-1.7,-2.4,-0.3,0.2,0.9,-0.2,0.5,-0.4,2.2,-0.8,0.1,0.2,0.5,0.1,3.1,-0.6,-0.2,-0.7,0.4,-1,1.5,-0.8,0.6,-0.1,0.7,-1,1.5,-1.4,0.3,0.9,0.4,-1.4,-3.6,1,2.8,0.4,-0.5,-1.3,-3.7,1.7,2.5,0.5,-0.3,-1.3,-3.7,1.7,2.7,1.9,1.8,-1.3,-3.3,-0.1,3,-2.5,-3.3,-4,-5.2,1.9,2.6,-3,-3.6,-4.8,-5.2,1.6,2.8,-2.4,-3.3,-4,-5.9,2,2.7,-2.2,-3.1,-3.5,-4.3,1.9,2.3,0.8,0.5,1.5,2.3,0.8,-0.2,1.5,1.2,2.1,2.5,0.7,-0.2,0.5,0.1,1.1,2.2,0.9,-0.1,0.6,0.2,1.3,2.4,0.9,-0.2,1.7,1.8,2.5,2,-0.1,-0.8,0.8,1,1.3,1.5,-0.2,-0.5,1.5,1.7,2.8,2.2,-0.1,-1.2,2.4,2.4,3.1,2.1,0,-0.7,0.1,-0.6,1.9,2,0.7,-1.8,-1.1,-1.1,1.7,2.2,0.1,-2.7,-0.2,-0.9,1.6,2.1,0.7,-1.8,1,-0.1,2.2,1.8,1.1,-1.2,0.3,-0.2,-0.1,0.2,0.3,-0.1,0,0.1,0.3,-0.3,-0.1,0.3,0.4,-0.4,-0.2,0.3,0,0.4,-0.1,0.2,0,0.4,-0.1,0.2,0,0.3,-0.1,0.3,0.1,0.4,-0.1,0.4,0.2,0.2,0.2,0.2,0.3,0.2,0.2,0.2,0.3,0.2,0.2,0.2,0.2,0.2,0.2,0.1,0,-0.1,-0.2,0,0.1,-0.1,-0.2,0,0,-0.1,-0.2,0,0,-0.1,-0.2,0,1,0.5,-0.2,-0.5,0.9,0.3,-0.1,-0.1,1,0.5,-0.2,-0.9,2.3,0.8,-0.4,-0.7,5.3,2.6,-1.6,-3.9,5.4,2.6,-1.2,-3.9,5.3,2.4,-1.2,-4,5.2,2.7,-2.4,-3.8,0.1,-0.4,-0.6,-0.8,0.1,-0.4,-0.5,-0.8,0,-0.3,-0.6,-0.8,0.2,-0.5,-0.6,-0.8,0.1,0.2,-0.2,-0.5,0.1,0.4,0,-0.2,0.1,0.2,-0.3,-0.6,0,0.2,-0.3,-0.5,0.3,0.5,-0.2,0.6,0.6,0.3,-0.3,0.3,0.2,0.5,-0.2,0.7,0.1,0.6,-0.1,0.8,0.3,-3.3,-0.1,1.5,0.2,-3,0.2,0.9,0.4,-3.4,-0.2,1.6,0.4,-3.5,-0.3,1.8,1.8,165.02,7.814,1.1989,64.37,10601,2488,29919.15039,1.33,2.8
2018/1/31,1.7,2,1.6,1.5,2.3,2.1,2.2,2.8,2.5,2.6,2.6,2.1,10.2,10.8,9.9,9.1,-0.2,0.1,-0.7,-0.3,2.6,2.3,2.3,3.3,-1.6,-1.9,-1.6,-1.3,1.4,2,1.2,1.2,1.4,1.3,1.3,1.7,-1.5,-1.9,-1.7,-1.2,-0.1,0.2,-0.1,-0.3,0.4,0.5,0.4,0.3,0.2,0.3,0.2,0.2,1.1,1.1,1.1,1.1,-0.1,-0.2,0,-0.4,-3.7,-3.4,-3.5,-4.2,-0.6,-0.5,-0.6,-0.8,0.3,0.1,0.5,0.4,0.3,1,0.3,-0.1,-1.2,-0.7,-1.3,-1.3,1.7,1.5,2,1.3,0.2,-0.3,1.7,1.6,2.5,0.8,0.4,-0.5,1.6,1.4,1.8,1.3,0.2,-0.2,1.9,1.5,1.7,1.7,0,-0.2,2.4,2.9,2.5,2.8,-0.6,-0.2,2.2,2.9,2.6,2.9,-0.8,-0.5,2.3,2.7,2.5,2.9,-0.5,-0.3,3,3.2,2.5,2.6,-0.4,0.3,2.5,2.4,2.7,0.3,0.1,-0.2,2.5,2.4,3.8,-0.7,0.2,-1.2,2.6,2.5,2.4,0.5,0.1,0.2,2.3,2.2,2.1,1.2,-0.1,0,0,0.2,-0.7,-7.6,10,10.9,1,1.2,0.3,-7.2,9.6,10.5,-0.4,-0.2,-1,-7.8,10.1,10.9,-1.5,-1.4,-2.2,-8.2,10.5,11.3,-0.3,-1.3,-0.2,1.6,1.1,0,-0.1,-0.5,0.3,2.5,0.6,-0.2,-0.4,-1.9,-0.8,1,1.2,0.1,-0.7,-2.5,-0.6,-0.1,2.2,0.3,1.4,-0.5,0.9,-2.9,3.1,1.7,1.2,-1.3,1,-2.7,3.6,1.3,1.4,-1.2,1.2,-2.8,3.5,1.1,1.7,0.9,0.7,-3,2.4,2.6,-1.4,-2.9,-3.6,-3.9,1.3,2,-2,-3.4,-4.1,-4,1.5,2.2,-1.3,-2.9,-3.7,-4.3,1.3,2.1,-1.2,-2.5,-3.3,-3.3,1.2,2,1.3,0.6,0.5,2.4,0.8,0.9,1.9,1.3,1.5,2.6,0.7,0.5,1,0.2,0,2.3,1,1.2,1.1,0.5,0.3,2.5,0.7,0.9,1.7,0.8,3,2.4,0.6,-1.6,0.8,-0.1,2,1.3,1.4,-0.7,1.6,0.7,3.3,2.7,0.6,-2,2.4,1.6,3.5,3,0.1,-1.8,0.1,-0.4,1.4,3.6,-1.1,-2.9,-1,-1.1,1.6,3,-0.8,-3.5,-0.2,-0.7,1.1,3.5,-1,-2.8,1,0.4,1.5,4.1,-1.6,-2.7,0.4,0.3,0.4,0,0.2,0.3,0.3,-0.1,0.4,0.3,0.4,0,0.5,0.4,0.5,0.1,0.4,0.6,0.4,0.5,0.3,0.6,0.4,0.5,0.4,0.5,0.3,0.5,0.6,0.7,0.3,0.5,0.2,0.2,0.2,0.3,0.2,0.2,0.2,0.2,0.2,0.2,0.2,0.3,0.2,0.1,0.2,0.4,0.1,0.7,0.3,-8.2,0.1,0.8,0.3,-7.9,0.1,0.6,0.3,-8.4,0.1,0.7,0.3,-8.8,-0.6,-0.8,0.3,-0.2,-0.5,-0.7,0.2,-0.4,-0.6,-0.8,0.4,0.2,-1.3,-1.6,0.6,-0.8,-3.4,4.1,-2.8,-4.8,-3.2,4.2,-2.5,-4.4,-3.1,3.9,-2.7,-4.4,-3.9,4.2,-3.2,-5.6,0.2,-0.1,-0.3,-0.5,0.1,-0.3,-0.1,-0.6,0.3,-0.2,-0.4,-0.3,0.2,0.3,-0.3,-0.6,0,0,-0.3,0.2,0.3,0.1,-0.2,0.1,-0.1,0,-0.4,0.3,0,0,-0.3,0.2,0.6,-1.1,0.6,0.6,0.2,-1.2,0.5,0.5,0.7,-1.1,0.6,0.6,0.8,-1,0.7,0.6,1.6,0.3,1.8,0.5,1,0,1.2,0.2,1.6,0.2,1.8,0.2,1.8,0.5,2.2,0.9,1.5,167.96,7.821,1.2406,69.08,10954,3206,32887.26953,1.34,2.7
2018/2/28,3.1,3.1,3,3.2,3.9,4,3.8,4.2,2.5,2.7,2.7,2.3,10.9,11.5,10.6,9.7,0.1,0.4,-0.4,0.1,3.5,3.3,3.1,4.1,-2.8,-3,-2.9,-2.5,1.1,1.6,1,0.9,2.1,1.6,2.2,2.5,4,1.8,4.1,5.2,1.3,1.2,1.3,1.4,2.1,2.3,2,1.9,0.3,0.2,0.3,0.3,0.7,0.7,0.7,0.6,0.2,0.2,0.1,0.3,-1.9,-2.2,-1.9,-1.8,-1,-1,-1,-1,0.1,0,0.1,0.1,1,0.7,1.1,1,3.9,2.9,4.1,4.2,1.7,1.6,1.9,-0.1,1.5,1.2,2,1.5,2.4,-0.6,1.6,0.7,1.6,1.5,1.7,0,1.5,1.3,1.5,1.7,1.8,0.3,1.5,1.4,2.3,2.3,2.4,0.4,1.6,1.5,2.1,2.1,2.4,-0.2,1.9,1.6,2.2,2.1,2.3,0.8,1.7,1.5,2.8,2.8,2.6,0.9,1.4,1.6,2.5,2.5,2.8,0.2,0,-0.3,2.6,2.5,3.8,-0.7,0.2,-1.1,2.6,2.6,2.4,0.3,0.1,0.3,2.1,2.2,2.1,1,0.1,0.2,10.2,-0.1,0,-7.5,11,10.9,10.8,0.9,0.9,-7,10.6,10.6,9.9,-0.4,-0.4,-7.6,11,11,9.1,-1.6,-1.6,-8.1,11.3,11.3,-0.2,-0.2,-0.8,2.7,0.3,0.9,0.1,0.2,-0.3,3.2,0.2,0.7,-0.7,-0.7,-1.2,2.2,0.3,0.8,-0.3,-0.1,-1.7,2.1,0.2,1.8,2.6,0.9,1.6,-3.3,2.6,1.9,2.3,0.4,1,-3.2,2.9,2.3,2.3,0.5,1.4,-3.1,2.6,1.7,3.3,1.9,2.2,-3.4,2.2,1.9,-1.6,-2.5,-3,-3.7,-0.3,0.2,-1.9,-3,-3.4,-3.9,0,0.4,-1.6,-2.4,-3.1,-4,-0.5,0.2,-1.3,-2.2,-2.6,-3.1,-0.3,0.1,1.4,0.8,0.6,2.5,0.3,0.5,2,1.5,1.6,2.9,0.1,0,1.2,0.5,0.1,2.3,0.5,0.9,1.2,0.6,0.4,2.4,0.3,0.5,1.4,1.7,1.1,3.1,0.4,1,1.3,0.8,0.7,2.3,0.8,0.9,1.3,1.5,0.9,3.3,0.7,1.3,1.7,2.4,1.7,3.4,0.1,0.8,-1.5,0.1,1.8,-1.1,3.9,2.2,-1.9,-1.1,1.8,-0.5,2.9,0,-1.7,-0.2,1.6,-1.3,4.3,2.5,-1.2,1,1.9,-1.3,4.2,3.3,-0.1,0.3,0.1,-0.1,0.2,0.3,0.1,0.1,-0.1,0.3,0.1,-0.1,-0.3,0.4,0.2,-0.3,0.4,0,0,0.5,0.5,0,0,0.5,0.4,0,0,0.5,0.3,0.1,0.1,0.5,0.2,0.2,0.2,0.2,0.3,0.3,0.2,0.2,0.2,0.3,0.3,0.2,0.2,0.2,0.2,0.2,1.1,0,0.6,0.1,1.1,0.1,0.6,0.1,1.1,0,0.6,0.1,1.1,0,0.5,0.1,-0.1,1,0,-0.1,-0.2,0.9,0.1,0,0,1,0,-0.2,-0.4,2.3,0.2,-0.1,-3.7,5.3,-1.4,-2.8,-3.4,5.4,-1.9,-3.1,-3.5,5.3,-1.7,-2.7,-4.2,5.2,-0.8,-2.5,-0.6,0.1,-0.1,0.2,-0.5,0.1,-0.1,0.1,-0.6,0,0,0.3,-0.8,0.2,-0.1,0.2,0.3,0.1,0.2,0.4,0.1,0.1,0.2,0.4,0.5,0.1,0.2,0.3,0.4,0,0.1,0.5,0.3,0.3,-0.4,0.3,1,0.6,-0.3,0.4,0.3,0.2,-0.5,0.2,-0.1,0.1,-0.4,0.3,-1.2,0.3,0.5,-1.6,-0.7,0.2,0.2,-0.8,-1.3,0.4,0.5,-1.6,-1.3,0.4,0.7,-2.2,2.9,170.85,7.83,1.2375,65.32,9787.3344,3187,30844.7207,1.35,2.7
2018/3/31,2.6,2.8,2.5,2.5,3.7,3.8,3.4,3.7,2.6,2.8,2.9,2.1,4.3,4.5,4.3,4,1,1,0.8,2.4,0.9,0.3,0.4,1.8,-2.1,-2.1,-2,-2.1,0.8,1.3,0.7,0.6,1.6,1.1,1.5,1.9,2.9,2,2.7,3.6,-0.3,-0.1,-0.3,-0.5,-0.7,-0.7,-0.7,-0.8,0.3,0.4,0.4,0.2,0.3,0.3,0.3,0.3,0.8,0.5,1,1.9,2.2,1.9,2.4,2.3,0.9,0.8,0.9,0.9,0.2,0.2,0.2,0.3,-0.6,-0.5,-0.8,-0.6,-1.7,-0.2,-1.9,-2.3,3.1,1.7,1.4,0.5,0.9,1.2,3.1,1.7,1.5,0.2,1.1,1.3,3,1.6,1.3,0.5,0.9,1.2,3.2,1.9,1.4,0.8,0.6,1.1,3.9,2.4,2.4,1.2,1.3,1.3,4,2.2,2.4,0.7,1.6,1.4,3.8,2.3,2.3,1.5,1.1,1.1,4.2,3,2.7,1.6,0.7,1,2.5,2.5,2.3,0.2,0.1,0.3,2.7,2.5,2.2,-0.7,0.3,0.6,2.7,2.6,2.4,0.3,0.3,0.5,2.3,2.3,2.2,1,-0.2,-0.1,10.9,0,-0.2,-1.2,4.3,4.5,11.5,1,0.8,-0.3,3.5,3.7,10.6,-0.4,-0.5,-1.6,4.7,4.8,9.7,-1.5,-1.7,-2.7,5.5,5.7,0.1,-0.3,0.5,2.5,1.3,0.5,0.4,-0.1,0.5,3,1.1,0.5,-0.4,-0.4,0.4,2.1,1.2,0.4,0.1,-0.7,0.7,1.8,3.1,1.7,3.5,1.4,0.4,0.4,-0.5,0.5,3.3,1.2,-0.5,0.9,-0.9,0.8,3.1,1.4,-0.3,0.7,-1,0.7,4.1,1.7,1.8,-0.4,0.1,0,-2.8,-1.4,-3.3,-3.1,-0.7,1.2,-3,-2,-3.6,-3.7,-0.1,1.5,-2.9,-1.3,-3.3,-3.4,-0.7,1.3,-2.5,-1.2,-3.1,-2.4,-0.9,1,1.1,1.3,0.5,2,-0.5,0.3,1.6,1.9,1.2,2.5,-0.6,0.1,1,1,0.1,1.6,-0.3,0.6,0.9,1.1,0.2,2,-0.5,0.4,2.1,1.7,1.8,3.1,-0.1,-0.2,1.6,0.8,1,2.4,0.3,0.1,2.2,1.6,1.7,3.3,-0.1,-0.2,2.5,2.4,2.4,3.4,-0.5,-0.5,4,0.1,-0.6,-0.5,2.8,3.5,1.8,-1,-1.1,-0.1,3,3.1,4.1,-0.2,-0.9,-0.6,2.9,3.6,5.2,1,-0.1,-0.6,2.6,3.7,1.3,0.4,-0.2,0.2,1.2,0.2,-0.1,0.2,1.3,0.4,-0.3,0.2,1.4,0.5,-0.4,0.2,2.1,0.4,0.4,-0.4,2.3,0.3,0.4,-0.6,2,0.4,0.3,-0.4,1.9,0.6,0.4,-0.3,0.3,0.2,0.2,0.2,0.2,0.2,0.2,0.2,0.3,0.2,0.2,0.2,0.3,0.2,0.2,0.3,0.7,0.1,-0.1,6.6,0.7,0.1,-0.1,7.1,0.7,0.1,-0.1,6.4,0.6,0.1,-0.1,5.8,0.2,-0.6,0.5,-0.1,0.2,-0.5,0.3,-0.1,0.1,-0.6,0.5,-0.2,0.3,-1.3,0.8,-0.3,-1.9,-3.4,2.6,4.9,-2.2,-3.2,2.6,4.9,-1.9,-3.1,2.4,5.1,-1.8,-3.9,2.7,4.5,-1,0.2,-0.4,0.2,-1,0.1,-0.4,0,-1,0.3,-0.3,0.1,-1,0.2,-0.5,0.5,0.1,0,0.2,0.5,0,0.3,0.4,0.5,0.1,-0.1,0.2,0.5,0.1,0,0.2,0.5,1,0.6,0.5,-0.1,0.7,0.2,0.3,0,1.1,0.7,0.5,-0.1,1,0.8,0.6,-0.1,3.9,1.6,-3.3,-0.6,2.9,1,-3,-0.4,4.1,1.6,-3.4,-0.6,4.2,1.8,-3.5,-0.7,2.1,174.94,7.849,1.24965,66.02,11151,2560,30093.38086,1.67,2.8
2018/4/30,1.9,2.2,1.8,1.7,3.5,3.6,3.4,3.7,1.8,2.1,1.9,1.5,3.7,3.7,3.7,3.4,0.2,0.4,-0.2,0.5,0.9,1.1,0.9,0.7,-2.1,-2.2,-2.2,-2.1,1.3,1.7,1.1,1.1,0.5,0.2,0.4,0.9,1.1,0.6,0.8,1.6,-0.1,-0.1,-0.1,0,-0.1,-0.2,0,0,-0.6,-0.4,-0.7,-0.5,-0.3,-0.3,-0.2,-0.3,-0.1,0,-0.3,-0.2,4.2,3.7,4,4.8,0,-0.1,0,0.1,0.6,0.6,0.7,0.6,-0.1,-0.1,-0.1,0,-0.1,-0.1,-0.2,-0.1,2.6,1.7,1.5,2,0.2,0.4,2.8,2,1.6,2.2,0.2,0.6,2.5,1.6,1.4,1.9,0.2,0.4,2.5,1.5,1.5,2,0.2,0.2,3.7,2.3,2.9,1.9,1.2,0.6,3.8,2.1,2.9,1.6,1.5,0.7,3.4,2.2,2.7,2,1.2,0.7,3.7,2.8,3.2,2.1,0.9,0.5,2.6,2.5,2.4,2.7,-0.7,-0.6,2.8,2.6,2.4,3.8,-0.5,-0.3,2.9,2.6,2.5,2.3,-0.7,-0.6,2.1,2.1,2.2,2.2,-0.6,-0.7,4.3,10.2,0.2,-1.2,-6.5,3.5,4.5,10.8,1.2,-0.3,-7.1,2.5,4.3,9.9,-0.2,-1.6,-6.2,3.9,4,9.1,-1.4,-2.6,-5.7,4.8,1,-0.2,-1.3,3.4,0.4,1.5,1,0.1,-0.5,3.8,0.3,0.9,0.8,-0.7,-1.9,2.8,0.5,1.7,2.4,-0.3,-2.5,3.7,0.8,3,0.9,2.6,-0.5,-1.7,-1.7,1.4,0.3,2.3,-1.3,-1.1,-1.2,2.4,0.4,2.3,-1.2,-0.9,-1.4,2.1,1.8,3.3,0.9,-2.6,-2.6,-0.2,-2.1,-1.6,-2.9,-3,-0.5,0.8,-2.1,-1.9,-3.4,-3.8,-0.3,1.2,-2,-1.6,-2.9,-3,-0.6,0.7,-2.1,-1.3,-2.5,-2.4,-0.8,0.4,0.8,1.4,0.6,1.9,-0.1,0.7,1.3,2,1.3,2.5,-0.3,0.4,0.7,1.2,0.2,1.7,-0.1,0.9,0.6,1.2,0.5,1.8,-0.1,0.6,1.6,1.4,0.8,3.4,-0.9,-0.3,1.1,1.3,-0.1,2.5,-1.1,0.3,1.5,1.3,0.7,3.7,-0.9,-0.3,1.9,1.7,1.6,3.9,-0.8,-0.7,2.9,-1.5,-0.4,2.7,2.6,1.5,2,-1.9,-1.1,2.3,2.5,1.7,2.7,-1.7,-0.7,2.6,2.5,1.5,3.6,-1.2,0.4,3,2.8,1.2,-0.3,-0.1,0.3,0.6,-0.1,0.2,0.3,0.4,-0.3,-0.1,0.3,0.6,-0.5,-0.3,0.4,0.7,-0.7,0.4,0.6,0.1,-0.7,0.5,0.6,0.1,-0.7,0.4,0.5,0.1,-0.8,0.3,0.7,0.1,0.3,0.2,0.2,0.2,0.4,0.3,0.2,0.3,0.4,0.2,0.2,0.2,0.2,0.2,0.1,0.1,0.3,1.1,0.7,0.4,0.3,1.1,0.8,0.4,0.3,1.1,0.6,0.4,0.3,1.1,0.7,0.4,0.8,-0.1,-0.8,0.7,0.5,-0.2,-0.7,0.6,1,0,-0.8,0.7,1.9,-0.4,-1.6,1.6,2.2,-3.7,4.1,4.2,1.9,-3.4,4.2,2.9,2.4,-3.5,3.9,3.5,2.3,-4.2,4.2,6,0.9,-0.6,-0.1,0.1,0.8,-0.5,-0.3,0,0.9,-0.6,-0.2,0.1,0.9,-0.8,0.3,0.1,0.2,0.3,0,0.2,0.2,0.1,0.1,0.2,0.2,0.5,0,0.3,0.3,0.4,0,0.2,-0.6,0.3,-1.1,0.9,-0.5,1,-1.2,0.9,-0.8,0.3,-1.1,1,-0.6,-0.1,-1,1,-1.7,-1.2,0.3,1.6,-0.2,-0.7,0,1.3,-1.9,-1.3,0.2,1.7,-2.3,-1.3,0.5,1.8,1.8,182.17,7.85,1.2428,72.11,11593,2680,30808.44922,1.69,2.8
2018/5/31,2.1,2.3,2,1.9,3.6,3.6,3.4,3.8,2,2.2,2.1,1.7,3.4,3.6,3.3,3,0.2,0.3,0,0.6,1.4,1.6,1.8,0.8,-2.3,-2.3,-2.4,-2.2,1.1,1.8,0.8,0.8,1.2,1.1,1.1,1.5,1.4,0.9,1.4,1.6,0,0,0.1,0,0.1,0.1,0.1,0.2,0.3,0.3,0.4,0.3,0.1,0.3,0,0,-0.8,-0.6,-1,-1.5,-1.4,-1.3,-1.5,-1.4,-0.5,-0.5,-0.5,-0.6,-0.2,0,-0.4,-0.3,0.4,0.2,0.3,0.5,-0.4,-0.5,-0.3,-0.4,1.9,3.1,1.6,2,-1,0.5,2.2,3.1,1.5,2.3,-0.8,0.8,1.8,3,1.5,1.8,-1,0.5,1.7,3.2,1.7,1.9,-1.3,0.2,3.5,3.9,2.3,2.4,-0.3,1.3,3.6,4,2.1,2.4,-0.4,1.5,3.4,3.8,2.1,2.4,-0.4,1.3,3.7,4.2,2.8,2.5,-0.4,1,1.8,2.5,2.5,2.7,-0.5,-0.5,2.1,2.7,2.5,3.8,-0.5,-0.3,1.9,2.7,2.6,2.3,-0.6,-0.5,1.5,2.3,2.2,2.1,-0.6,-0.5,3.7,10.9,-0.1,-0.9,-7.5,3.5,3.7,11.5,0.9,0,-7.9,2.7,3.7,10.6,-0.4,-1.3,-7.3,3.7,3.4,9.7,-1.6,-2.4,-6.7,4.6,0.2,0.1,-0.2,0.3,0.1,0.4,0.4,0.4,0.2,0.4,-0.1,0.1,-0.2,-0.4,-0.7,0.2,0.4,0.7,0.5,0.1,-0.1,0.4,0.5,0.7,0.9,3.5,0.9,-1.2,-2.1,0.5,1.1,3.3,0.4,-1,-1.7,1.2,0.9,3.1,0.5,-1.2,-1.3,1.3,0.7,4.1,1.9,-1.1,-3.3,-1.1,-2.1,-2.8,-2.5,-3.7,0.5,0.2,-2.2,-3,-3,-4.5,0.7,0.7,-2.2,-2.9,-2.4,-3.7,0.5,0,-2.1,-2.5,-2.2,-3.2,0.3,0,1.3,1.1,0.8,2,0,0.3,1.7,1.6,1.5,2.5,0.2,0.3,1.1,1,0.5,1.6,-0.2,0.3,1.1,0.9,0.6,2,-0.1,0.2,0.5,2.1,1.7,2.7,-0.9,-0.5,0.2,1.6,0.8,1.6,-0.5,0.3,0.4,2.2,1.5,3,-1.1,-0.4,0.9,2.5,2.4,3.3,-1,-0.9,1.1,4,0.1,1.9,-2.6,1.3,0.6,1.8,-1.1,1.3,-0.9,2,0.8,4.1,-0.2,1.7,-2.7,1.6,1.6,5.2,1,2.6,-3.6,0.6,-0.1,1.3,0.3,-0.1,-0.1,1.2,0.3,-0.1,-0.1,1.3,0.3,-0.2,0,1.4,0.4,-0.1,-0.1,2.1,0,0.1,-0.2,2.3,0,0,0,2,0,0.1,0,1.9,0.1,0.1,-0.6,0.3,0.2,0.1,-0.4,0.2,0.3,0.2,-0.7,0.3,0.3,0.2,-0.5,0.3,0.2,0.1,-0.3,0.7,0,0.4,-0.3,0.7,0.1,0.4,-0.2,0.7,0,0.4,-0.3,0.6,0,0.4,-0.1,0.2,1,-0.8,0,0.2,0.9,-0.4,-0.3,0.1,1,-1.1,-0.2,0.3,2.3,-1.5,4.2,-1.9,5.3,-1.9,3.7,-2.2,5.4,-1.9,4,-1.9,5.3,-2.3,4.8,-1.8,5.2,-1.5,0,-1,0.1,-0.4,-0.1,-1,0.1,-0.4,0,-1,0,-0.3,0.1,-1,0.2,-0.4,0.6,0.1,0.1,0,0.6,0,0.1,0,0.7,0.1,0.1,-0.1,0.6,0.1,0,-0.1,-0.1,1,0.3,-0.3,-0.1,0.7,0.6,-0.7,-0.1,1.1,0.2,-0.3,0,1,0.1,-0.1,-0.1,3.9,0.3,-0.7,-0.1,2.9,0.2,-0.8,-0.2,4.1,0.4,-0.8,-0.1,4.2,0.4,-0.4,1.8,181.58,7.849,1.22685,76.98,15627,2363,30468.56055,1.7,2.8
2018/6/30,2.4,2.6,2.3,2.2,3.7,3.8,3.6,3.9,2.1,2.3,2.2,1.7,3.8,4.2,3.7,3.3,1.4,1.3,1.3,3.2,3.6,3.6,3.7,3.3,-2.1,-1.9,-2.3,-1.9,1.4,1.9,1.2,1.3,2,1.7,1.9,2.3,1.7,1.1,1.7,2.1,0.2,0.2,0.2,0.2,0.1,0.1,0,0,0.3,0.3,0.3,0.2,0.2,0.4,0.1,0.1,1.1,0.9,1.1,2.2,0.5,0.8,0.7,0,-0.4,-0.1,-0.5,-0.3,0.2,0.1,0.1,0.2,0.6,0.3,0.6,0.7,0.2,0.3,0.1,0.2,2.1,2.6,1.7,1.9,-0.2,0.7,2.3,2.8,1.7,2.3,-0.2,0.9,2,2.5,1.6,1.8,-0.2,0.7,1.9,2.5,1.9,1.8,-0.3,0.3,3.6,3.7,2.4,2.5,0,1.3,3.6,3.8,2.2,2.5,0,1.6,3.4,3.4,2.3,2.5,0.2,1.3,3.8,3.7,3,2.5,0.2,0.9,2,2.6,2.5,2.7,-0.5,-0.4,2.2,2.8,2.5,3.8,-0.5,-0.2,2.1,2.9,2.6,2.4,-0.7,-0.4,1.7,2.1,2.3,2.1,-0.4,-0.6,3.4,4.3,0,-0.9,-0.5,3.8,3.6,4.5,1,0,-0.3,3.2,3.3,4.3,-0.4,-1.2,-0.6,4.1,3,4,-1.5,-2.4,-0.7,4.8,0.2,1,-0.3,-0.4,0.4,1.7,0.3,1,-0.1,0.1,0.3,1.4,0,0.8,-0.4,-1,0.5,1.7,0.6,2.4,-0.7,-1,0.8,3.9,1.4,0.9,1.4,-1.4,2.7,2.2,1.6,0.3,1.2,-1.3,3.3,2.4,1.8,0.4,1.4,-1.3,3.3,2.3,0.8,1.8,1.7,-1.3,1.5,1.6,-2.3,-2.1,-1.4,-4,0,-0.7,-2.3,-2.1,-2,-4.8,0.2,0.1,-2.4,-2,-1.3,-4,-0.3,-1,-2.2,-2.1,-1.2,-3.5,0.2,-0.7,1.1,0.8,1.3,1.5,0.6,0.1,1.8,1.3,1.9,2.1,0.6,0,0.8,0.7,1,1.1,0.5,0.2,0.8,0.6,1.1,1.3,0.7,0.2,1.2,1.6,1.7,2.5,0.4,0.3,1.1,1.1,0.8,1.3,0.6,0.9,1.1,1.5,1.6,2.8,0.4,0.3,1.5,1.9,2.4,3.1,0.4,-0.1,1.4,2.9,0.1,1.9,-1.2,1.6,0.9,2,-1,1.7,-0.9,2.1,1.4,2.7,-0.2,1.6,-1,1.9,1.6,3.6,1,2.2,-1.5,1.1,0,-0.3,0.4,-0.1,0,-0.1,0.2,0,0.1,-0.3,0.4,-0.1,0,-0.5,0.5,-0.2,0.1,-0.7,0.4,-0.1,0.1,-0.7,0.3,-0.1,0.1,-0.7,0.4,-0.1,0.2,-0.8,0.6,-0.1,0.3,0.3,0.2,0.2,0.3,0.4,0.2,0.2,0.4,0.4,0.2,0.2,0.3,0.2,0.2,0.2,0.1,0.3,0.1,-0.2,0.3,0.3,0.1,-0.2,0,0.3,0.1,-0.2,0,0.3,0.1,-0.2,-0.8,0.8,-0.6,-0.2,-0.6,0.5,-0.5,-0.1,-1,1,-0.6,-0.2,-1.5,1.9,-1.3,-0.4,-1.4,2.2,-3.4,-1.6,-1.3,1.9,-3.2,-1.2,-1.5,2.4,-3.1,-1.2,-1.4,2.3,-3.9,-2.4,-0.5,0.9,0.2,-0.6,-0.5,0.8,0.1,-0.5,-0.5,0.9,0.3,-0.6,-0.6,0.9,0.2,-0.6,-0.2,0.2,0,-0.2,0,0.2,0.3,0,-0.4,0.2,-0.1,-0.3,-0.3,0.3,0,-0.3,0.4,-0.6,0.6,-0.2,0.2,-0.5,0.2,-0.3,0.3,-0.8,0.7,-0.2,0.5,-0.6,0.8,-0.1,-0.4,-1.7,1.6,-0.1,-0.5,-0.2,1,0.2,-0.3,-1.9,1.6,-0.2,-0.4,-2.3,1.8,-0.3,1.9,186.33,7.846,1.1822,74.41,15784,2162,28955.10938,1.91,2.8
2018/7/31,2.4,2.5,2.3,2.3,3.6,3.6,3.4,3.7,2.2,2.4,2.3,1.7,4.2,4.5,4,3.6,0.6,0.6,0.6,1.6,2.4,2.2,2.4,2.7,-2.1,-2,-2.5,-1.8,1.4,1.9,1.2,1.1,2.2,1.6,2.2,2.7,1.8,1,1.7,2.4,0.4,0.3,0.4,0.6,0.2,0.2,0.2,0.1,0.3,0.3,0.3,0.2,0.6,0.7,0.6,0.6,-0.5,-0.5,-0.3,-1,-3.9,-3.8,-3.9,-3.8,-0.3,-0.1,-0.5,-0.2,-0.3,-0.1,-0.4,-0.4,0.9,0.4,1,1,2,1.2,1.9,2.5,2.4,1.9,1.7,2,0.5,0.7,2.6,2.2,2,2.5,0.3,0.5,2.3,1.8,1.6,1.8,0.5,0.7,2.2,1.7,1.5,1.7,0.6,0.8,3.7,3.5,2.3,2.5,0.1,1.3,3.8,3.6,2.1,2.6,0,1.5,3.6,3.4,2.2,2.5,0,1.2,3.9,3.7,2.8,2.5,0,0.9,2.1,1.8,2.5,2.7,0.4,-0.3,2.3,2.1,2.6,3.8,0.3,-0.2,2.2,1.9,2.6,2.4,0.4,-0.3,1.7,1.5,2.1,2.1,0.2,-0.4,3.8,3.7,10.2,-0.7,0.5,-6,4.2,3.7,10.8,0.3,0.8,-6.3,3.7,3.7,9.9,-1,0.3,-5.9,3.3,3.4,9.1,-2.2,0.2,-5.5,1.4,0.2,-0.2,-0.2,0.4,0.8,1.3,0.4,0.1,0.3,0.2,0.5,1.3,-0.2,-0.7,-0.8,0.8,1.3,3.2,0.5,-0.3,-0.6,1.1,1.9,3.6,0.9,2.6,0.9,1.5,-0.2,3.6,1.1,2.3,1,1.1,-0.1,3.7,0.9,2.3,1.2,1.5,0.1,3.3,0.7,3.3,0.7,2,-0.6,-2.1,-2.1,-1.6,-3.6,0,-0.5,-1.9,-2.2,-1.9,-4.1,0.2,-0.1,-2.3,-2.2,-1.6,-3.7,-0.3,-0.9,-1.9,-2.1,-1.3,-3.3,0.3,-0.5,1.4,1.3,1.4,0.5,0.1,0,1.9,1.7,2,1.5,0.2,-0.1,1.2,1.1,1.2,0,0.1,0,1.3,1.1,1.2,0.3,0,-0.1,2,0.5,1.4,3,1.7,0.8,1.7,0.2,1.3,2,1.4,0.3,1.9,0.4,1.3,3.3,1.8,0.9,2.3,0.9,1.7,3.5,1.8,1,1.7,1.1,-1.5,1.4,0.7,3.3,1.1,0.6,-1.9,1.6,0.4,2.9,1.7,0.8,-1.7,1.1,0.9,3.4,2.1,1.6,-1.2,1.5,0.8,3.6,0.2,-0.1,-0.1,0.4,0.2,-0.1,0.2,0.3,0.2,-0.1,-0.1,0.4,0.2,0,-0.3,0.5,0.1,-0.1,0.4,0.4,0.1,-0.2,0.5,0.4,0,0,0.4,0.3,0,0,0.3,0.3,0.3,-0.6,0.2,0.2,0.3,-0.4,0.3,0.2,0.3,-0.7,0.2,0.2,0.2,-0.5,0.2,0.2,0.2,-0.3,1.1,0.3,0.4,-0.3,1.1,0.3,0.1,-0.2,1.1,0.3,0.1,-0.3,1.1,0.3,1.1,-0.1,-0.1,0.3,0.9,0,-0.2,0.2,1.1,-0.3,0,0.4,2.2,-0.2,-0.4,0.6,0.5,4.2,-3.7,-2.8,0.8,3.7,-3.4,-2.5,0.7,4,-3.5,-2.7,0,4.8,-4.2,-3.2,-0.4,0,-0.6,-0.3,-0.1,-0.1,-0.5,-0.1,-0.5,0,-0.6,-0.4,-0.3,0.1,-0.8,-0.3,0.2,0.6,0.3,-0.3,0.1,0.6,0.1,-0.2,0.1,0.7,0.5,-0.4,0.2,0.6,0.4,-0.3,0.6,-0.1,0.3,0.6,0.3,-0.1,1,0.5,0.6,-0.1,0.3,0.6,0.7,0,-0.1,0.7,0.2,-0.1,-1.2,1.8,0.3,-0.1,-0.7,1.2,0.1,-0.2,-1.3,1.8,0.2,-0.1,-1.3,2.2,2.1,188.61,7.85,1.1485,74.25,16746,2084,28583.00977,1.91,2.9
2018/8/31,2.3,2.5,2.2,2,3.5,3.5,3.4,3.6,2.3,2.6,2.5,1.9,3.4,3.8,3.1,2.9,2.3,2.5,2.1,2.2,1.9,2.3,2.2,1.3,-1.9,-1.6,-2.2,-1.7,1.4,1.8,1.2,1.3,1.4,1.2,1.3,1.6,1.5,1.2,1.4,1.8,0,0.1,0,-0.1,0,-0.1,0,0,0.4,0.4,0.4,0.3,-0.2,-0.2,-0.2,-0.2,1.6,2,1.4,0.8,-1.9,-1.8,-1.8,-2.1,0.2,0.3,0.2,0.1,0.2,0,0.2,0.2,-1.2,-0.7,-1.4,-1.4,0.2,0.3,0.2,0,2.4,2.1,3.1,1.9,0.2,-0.8,2.5,2.3,3.1,2.4,0.2,-0.6,2.3,2,3,1.7,0.2,-0.8,2.3,1.9,3.2,1.8,0.1,-1.2,3.6,3.6,3.9,2.4,-0.1,-0.4,3.6,3.6,4,2.4,-0.1,-0.5,3.4,3.4,3.8,2.3,0,-0.4,3.7,3.8,4.2,2.6,-0.2,-0.6,2.2,2,2.5,2.8,0.3,-0.2,2.4,2.2,2.7,3.8,0.4,-0.1,2.3,2.1,2.7,2.4,0.4,-0.2,1.7,1.7,2.3,2.1,0.2,-0.4,4.2,3.4,10.9,0,0,-7.5,4.5,3.6,11.5,0.9,0.2,-7.7,4,3.3,10.6,-0.4,-0.2,-7.5,3.6,3,9.7,-1.6,-0.1,-6.8,0.6,0.2,0.1,-0.8,2.1,2.2,0.6,0.3,0.4,-0.3,2.2,2.1,0.6,0,-0.4,-1.2,2.1,2.5,1.6,0.6,0.1,-1.7,1.6,2.1,2.4,1.4,3.5,1.6,0.5,-1.6,2.2,1.6,3.3,1,0.7,-1,2.4,1.8,3.1,1.4,0.4,-0.9,2.7,0.8,4.1,2.2,0.5,-2.8,-2.1,-2.3,-2.8,-3,0.4,0.9,-2,-2.3,-3,-3.4,0.7,1.4,-2.5,-2.4,-2.9,-3.1,0.2,0.7,-1.8,-2.2,-2.5,-2.6,0.5,0.8,1.4,1.1,1.1,0.6,0.3,0.3,1.9,1.8,1.6,1.6,0,0.2,1.2,0.8,1,0.1,0.4,0.2,1.1,0.8,0.9,0.4,0.5,0.4,2.2,1.2,2.1,1.1,0.2,-0.7,1.6,1.1,1.6,0.7,0.1,-0.4,2.2,1.1,2.2,0.9,0.2,-0.9,2.7,1.5,2.5,1.7,0.1,-0.9,1.8,1.4,4,1.8,0.1,-2.5,1,0.9,1.8,1.8,0.3,-0.6,1.7,1.4,4.1,1.6,0,-2.7,2.4,1.6,5.2,1.9,0.2,-3.4,0.4,0,1.3,0.1,0.3,0,1.2,0.1,0.4,0.1,1.3,0.1,0.6,0,1.4,0.2,0.2,0.1,2.1,0,0.2,0.1,2.3,0,0.2,0.1,2,0,0.1,0.2,1.9,0.1,0.3,0.3,0.3,0.2,0.3,0.3,0.2,0.2,0.3,0.4,0.3,0.3,0.2,0.3,0.3,0.2,0.6,0.1,0.7,0.6,0.7,0.3,0.7,0.6,0.6,0,0.7,0.6,0.6,0,0.6,0.5,-0.5,-0.8,0.2,0,-0.5,-0.6,0.2,0.1,-0.3,-1,0.1,0,-1,-1.5,0.3,0.2,-3.9,-1.4,-1.9,-1.4,-3.8,-1.3,-2.2,-1.9,-3.9,-1.5,-1.9,-1.7,-3.8,-1.4,-1.8,-0.8,-0.3,-0.5,-1,-0.1,-0.1,-0.5,-1,-0.1,-0.5,-0.5,-1,0,-0.2,-0.6,-1,-0.1,-0.3,-0.2,0.1,0.2,-0.1,0,0,0.2,-0.4,-0.4,0.1,0.2,-0.4,-0.3,0.1,0.1,0.9,0.4,1,-0.4,0.4,0.2,0.7,-0.3,1,0.3,1.1,-0.5,1,0.5,1,-0.4,2,-0.4,3.9,0.5,1.2,-0.5,2.9,0.2,1.9,-0.3,4.1,0.5,2.5,-0.4,4.2,0.7,2.3,188.44,7.85,1.1475,72.53,16580,2149,27888.55078,1.91,2.9
2018/9/30,2.7,3.3,2.5,2.4,3.6,3.7,3.5,3.6,2.9,4.4,2.6,1.8,3.8,4.2,3.5,3.3,2.2,2.3,2.2,2.1,2.5,3.1,3,1.5,-1.8,-1.7,-2.2,-1.4,1.6,2,1.3,1.5,1.3,1.1,1.1,1.5,2.9,1.7,2.8,3.6,0.2,0.7,0,-0.1,0.5,0.5,0.4,0.5,0.8,2,0.3,0.1,0.3,0.3,0.3,0.3,0.4,0.1,0.6,0.8,3.1,3.4,3.2,2.9,-0.3,-0.5,-0.3,-0.3,0.5,0.6,0.4,0.4,0.3,0.1,0.3,0.4,-2,-2.5,-2.1,-1.8,2.3,2.4,2.6,1.4,0.3,0.1,2.5,2.6,2.8,1.5,0.7,0.5,2.2,2.3,2.5,1.3,0.2,0,2,2.2,2.5,1.4,0.2,-0.1,3.5,3.7,3.7,2.4,-0.1,-0.1,3.5,3.8,3.8,2.4,-0.1,-0.1,3.4,3.6,3.4,2.3,-0.1,0.1,3.6,3.9,3.7,2.7,-0.3,-0.1,2.3,2.1,2.6,2.3,0.8,0.3,2.6,2.3,2.8,2.2,2.1,1.6,2.5,2.2,2.9,2.4,0.4,-0.3,1.9,1.7,2.1,2.2,0.1,-0.3,3.4,3.8,4.3,-0.2,0,-0.5,3.8,4.2,4.5,0.8,0,-0.3,3.1,3.7,4.3,-0.5,-0.2,-0.8,2.9,3.3,4,-1.7,0,-0.7,2.3,1.4,1,0.5,0.8,1.2,2.5,1.3,1,0.5,1,1.3,2.1,1.3,0.8,0.4,0.9,1.4,2.2,3.2,2.4,0.7,-1.1,-0.3,1.9,3.6,0.9,0.4,-1.1,1.6,2.3,3.6,0.3,-0.5,-0.5,2.8,2.2,3.7,0.4,-0.3,-0.7,2.6,1.3,3.3,1.8,1.8,-1.8,-0.3,-1.9,-2.1,-2.1,-3.3,0.3,0.3,-1.6,-1.9,-2.1,-3.6,0.2,0.4,-2.2,-2.3,-2,-3.3,0.1,-0.2,-1.7,-1.9,-2.1,-3.1,0.5,0.7,1.4,1.4,0.8,0.5,0.2,0.8,1.8,1.9,1.3,1.2,0.1,0.7,1.2,1.2,0.7,0.1,0.1,0.6,1.3,1.3,0.6,0.2,0.2,0.9,1.4,2,1.6,1.8,-0.7,-0.3,1.2,1.7,1.1,1,-0.6,0,1.3,1.9,1.5,1.7,-0.8,-0.4,1.6,2.3,1.9,2.4,-0.8,-0.4,1.5,1.7,2.9,-0.6,1.2,0,1.2,1.1,2,-1.1,0.6,-0.3,1.4,1.7,2.7,-0.9,1.1,0.1,1.8,2.1,3.6,-0.1,1.5,0,0,0.2,-0.3,-0.2,0.1,0.2,-0.1,-0.1,0,0.2,-0.3,-0.3,-0.1,0.2,-0.5,-0.4,0,0.1,-0.7,0.4,-0.1,0.1,-0.7,0.4,0,0,-0.7,0.3,0,0,-0.8,0.4,0.4,0.3,0.3,0.2,0.4,0.3,0.4,0.2,0.4,0.3,0.4,0.2,0.3,0.2,0.2,0.2,-0.2,0.2,0.3,-0.1,-0.2,0.4,0.3,-0.1,-0.2,0.1,0.3,-0.1,-0.2,0.1,0.3,-0.1,1.6,1.1,0.8,0.5,2,0.9,0.5,0.3,1.4,1.1,1,0.5,0.8,2.2,1.9,0.8,-1.9,0.5,2.2,2.6,-1.8,0.8,1.9,2.6,-1.8,0.7,2.4,2.4,-2.1,0,2.3,2.7,0.2,-0.4,0.9,-0.4,0.3,-0.1,0.8,-0.4,0.2,-0.5,0.9,-0.3,0.1,-0.3,0.9,-0.5,0.2,0.2,0.2,0.2,0,0.1,0.2,0.4,0.2,0.1,0.2,0.2,0.2,0.2,0.3,0.2,-1.2,0.6,-0.6,0.5,-0.7,0.3,-0.5,0.3,-1.4,0.6,-0.8,0.5,-1.4,0.7,-0.6,0.6,0.2,0.2,-1.7,-3.3,0.3,0.3,-0.2,-3,0.2,0.1,-1.9,-3.4,0,0.2,-2.3,-3.5,2.5,185.51,7.828,1.13845,78.89,15109,2174,27788.51953,2.18,2.9
2018/10/31,2.7,3.2,2.5,2.3,3.1,3.2,3.1,3.1,3,4.4,2.7,2,4.1,4.6,3.9,3.6,3.5,3.3,3.6,4.5,2,2.8,2.6,0.9,-1.8,-1.8,-1.9,-1.8,1.5,1.9,1.4,1.4,1.6,1.9,1.4,1.6,2.7,1.8,2.8,3.3,0.2,0.2,0.2,0.3,0.1,0.1,0.1,0.2,0.2,0.2,0.3,0.3,1,1.1,1,0.9,0.5,0.3,0.6,0.8,3.6,3.9,3.5,3.6,-0.1,-0.3,0.1,-0.1,-0.1,-0.1,0,-0.1,-0.7,-0.4,-0.8,-0.8,0.2,0.1,0.2,0.2,2.7,2.4,1.9,1.5,0.3,0.8,3.3,2.5,2.2,1.6,0.7,1,2.5,2.3,1.8,1.4,0.2,0.7,2.4,2.3,1.7,1.5,0,0.6,3.6,3.6,3.5,2.9,-0.5,-0.4,3.7,3.6,3.6,2.9,-0.4,-0.4,3.5,3.4,3.4,2.7,-0.3,-0.3,3.6,3.7,3.7,3.2,-0.6,-0.6,2.9,2.2,1.8,2.4,0.8,1.2,4.4,2.4,2.1,2.4,2,2.3,2.6,2.3,1.9,2.5,0.4,0.8,1.8,1.7,1.5,2.2,0.3,0.5,3.8,4.2,3.7,0.2,-0.1,0.4,4.2,4.5,3.7,1.2,0.1,0.9,3.5,4,3.7,-0.2,-0.1,0.2,3.3,3.6,3.4,-1.4,0,0.2,2.2,0.6,0.2,-1.3,2.9,3.3,2.3,0.6,0.4,-0.5,2.7,2.9,2.2,0.6,-0.2,-1.9,3,3.8,2.1,1.6,0.5,-2.5,2.9,4,2.5,2.4,0.9,-0.5,-0.4,1.1,3.1,2.2,1.1,-1.3,0.6,1.7,3,2.4,0.9,-1.2,0.2,1.7,1.5,2.7,0.7,0.9,-1.8,0.2,-1.8,-2.1,-2.1,-2.9,0.3,0.3,-1.7,-2,-2.2,-3.4,0.2,0.4,-2.2,-2.5,-2.2,-2.9,0.6,0.3,-1.4,-1.8,-2.1,-2.5,0,0.3,1.6,1.4,1.3,0.6,0.1,0.2,2,1.9,1.7,1.3,0,0.2,1.3,1.2,1.1,0.2,0.2,0.3,1.5,1.1,1.1,0.5,0.3,0.3,1.3,2.2,0.5,0.8,-0.6,1.1,1.1,1.6,0.2,-0.1,0.3,1.7,1.1,2.2,0.4,0.7,-0.8,1,1.5,2.7,0.9,1.6,-1.1,0.7,2.9,1.8,1.1,-0.4,0.9,1.6,1.7,1,0.6,-1.1,0.8,1.2,2.8,1.7,0.8,-0.7,1.1,2,3.6,2.4,1.6,0.4,0.9,1.7,0.2,0.4,-0.1,0.3,0.7,0.3,-0.1,0.3,0,0.4,-0.1,0.3,-0.1,0.6,0,0.4,0.5,0.2,-0.1,0.6,0.5,0.2,-0.2,0.6,0.4,0.2,0,0.5,0.5,0.1,0,0.7,0.8,0.3,-0.6,0.2,2,0.3,-0.4,0.2,0.3,0.3,-0.7,0.2,0.1,0.2,-0.5,0.1,0.3,0.6,-0.3,0.7,0.3,0.7,-0.3,0.8,0.3,0.6,-0.2,0.6,0.3,0.6,-0.3,0.7,0.4,-0.5,-0.1,-0.8,0.1,-0.5,0,-0.7,0.6,-0.3,-0.3,-0.8,0.8,-1,-0.2,-1.6,3.1,-3.9,4.2,4.1,3.4,-3.8,3.7,4.2,3.2,-3.9,4,3.9,2.9,-3.8,4.8,4.2,-0.3,-0.3,0,-0.1,-0.5,-0.1,-0.1,-0.3,-0.3,-0.5,0,-0.2,-0.3,-0.2,0.1,0.3,0.5,-0.3,0.6,0,0.6,-0.1,0.6,0.1,0.4,-0.4,0.7,0,0.4,-0.4,0.6,0,0.3,0.9,-0.1,-1.1,0.1,0.4,-0.1,-1.2,0.3,1,-0.1,-1.1,0.4,1,0,-1,-2,2,-0.1,0.3,-2.5,1.2,-0.1,0,-2.1,1.9,-0.2,0.2,-1.8,2.5,-0.1,0.5,2.5,183.7,7.847,1.12495,81.03,13014,2133,24979.68945,2.2,2.9
2018/11/30,2.6,3,2.4,2.3,3,2.9,3,2.9,3,4.3,2.6,2.1,4,4.4,3.8,3.5,1.9,2.1,1.8,1.3,-0.2,-0.4,-0.4,0.2,-1.8,-1.6,-1.9,-1.7,1.4,1.7,1.1,1.3,1.6,0.9,1.6,2,3.1,2.2,3,3.6,0.2,0.1,0.2,0.4,-0.2,-0.3,-0.1,-0.1,0.2,0.2,0.2,0.2,-0.1,-0.1,-0.1,-0.1,-0.6,-0.3,-0.8,-0.9,3,2.1,2.2,4.4,0.1,0.3,0,0.2,-0.1,-0.1,-0.1,-0.1,0.2,-0.4,0.3,0.4,0.7,0.6,0.7,0.7,2.7,2.3,2.1,1.6,0.3,0.5,3.2,2.5,2.3,1.5,0.5,0.7,2.5,2.2,2,1.5,0.2,0.4,2.3,2,1.9,1.7,0.3,0.4,3.1,3.5,3.6,2.3,-0.5,-0.6,3.2,3.5,3.6,2.1,-0.6,-0.7,3.1,3.4,3.4,2.1,-0.4,-0.4,3.1,3.6,3.8,2.8,-0.7,-0.9,3,2.3,2,2.5,0.7,1,4.4,2.6,2.2,2.5,1.7,2.1,2.7,2.5,2.1,2.6,0.1,0.5,2,1.9,1.7,2.2,0.2,0.4,4.1,3.4,3.4,-0.1,0.6,0.6,4.6,3.8,3.6,0.9,0.6,0.8,3.9,3.1,3.3,-0.4,0.7,0.5,3.6,2.9,3,-1.6,0.6,0.5,3.5,2.3,0.2,-0.2,-0.4,1.7,3.3,2.5,0.3,0.2,-0.4,1.8,3.6,2.1,0,-0.7,-0.3,1.8,4.5,2.2,0.6,-0.1,-0.9,0.7,2,1.9,1.4,0.9,-2.1,-1.6,2.8,2.3,1.6,0.4,-2.7,-2,2.6,2.2,1.8,0.5,-2.6,-2.2,0.9,1.3,0.8,1.9,-1.1,-0.6,-1.8,-1.9,-2.3,-2.5,0.1,0.5,-1.8,-1.6,-2.3,-3,0,0.7,-1.9,-2.2,-2.4,-2.4,0.3,0.5,-1.8,-1.7,-2.2,-2.2,0,0.5,1.5,1.4,1.1,0.8,0,0.3,1.9,1.8,1.8,1.5,-0.1,-0.1,1.4,1.2,0.8,0.5,-0.1,0.3,1.4,1.3,0.8,0.6,0,0.5,1.6,1.4,1.2,1.7,0.2,0.4,1.9,1.2,1.1,0.8,-0.3,-0.2,1.4,1.3,1.1,1.5,0.3,0.5,1.6,1.6,1.5,2.4,0.4,0.5,2.7,1.5,1.4,0.1,1.6,1.7,1.8,1.2,0.9,-1.1,1,1.3,2.8,1.4,1.4,-0.2,1.6,1.6,3.3,1.8,1.6,1,1.8,2,0.2,0,0,0.3,0.2,0.1,0,0.3,0.2,0,0.1,0.3,0.3,-0.1,0,0.4,0.1,0,0.1,0,0.1,-0.1,0.1,0,0.1,0,0.1,0,0.2,0,0.2,0.1,0.2,0.4,0.3,0.2,0.2,0.4,0.3,0.3,0.3,0.4,0.4,0.3,0.3,0.3,0.3,0.2,1,-0.2,0.1,0,1.1,-0.2,0.3,0.1,1,-0.2,0,0,0.9,-0.2,0,0,0.5,1.6,-0.8,1,0.3,2,-0.6,0.9,0.6,1.4,-1,1,0.8,0.8,-1.5,2.3,3.6,-1.9,-1.4,5.3,3.9,-1.8,-1.3,5.4,3.5,-1.8,-1.5,5.3,3.6,-2.1,-1.4,5.2,-0.1,0.2,-0.5,0.1,-0.3,0.3,-0.5,0.1,0.1,0.2,-0.5,0,-0.1,0.1,-0.6,0.2,-0.1,0.2,-0.2,0.1,-0.1,0,0,0.1,0,0.2,-0.4,0.1,-0.1,0.2,-0.3,0,-0.7,-1.2,0.4,0.3,-0.4,-0.7,0.2,0.6,-0.8,-1.4,0.3,0.2,-0.8,-1.4,0.5,0.1,0.2,0.2,-0.4,0.3,0.1,0.3,-0.5,0.2,0.2,0.2,-0.3,0.4,0.2,0,-0.4,0.4,2.2,177.39,7.822,1.12675,64.75,11688,2443,26506.75,2.2,2.8
2018/12/31,2.5,3,2.4,2.2,2.9,3,3,2.8,2.9,4.2,2.5,2,3.8,4.2,3.5,3.2,2.8,2.9,2.5,3.4,-1.5,-1.9,-1.8,-1.1,-2.3,-2.2,-2.6,-2.1,1.2,1.4,1.1,1.1,1.8,1.8,1.8,1.8,3.4,2.4,3.4,4,0.4,0.3,0.4,0.4,0.4,0.4,0.4,0.4,0.1,0.1,0.1,0.1,-0.1,-0.1,-0.1,-0.1,0.3,0.3,0.2,0.7,-4.7,-4.6,-4.5,-5.1,-0.3,-0.4,-0.3,-0.2,-0.1,-0.1,-0.2,-0.2,0.8,1.1,0.9,0.6,1.9,1.1,2,2.2,2.6,2.7,2.4,1.7,-0.2,0.1,3,3.3,2.6,1.7,-0.3,0.4,2.4,2.5,2.3,1.6,-0.1,0.1,2.3,2.4,2.2,1.9,-0.2,0,3,3.6,3.7,2.4,-0.7,-0.8,2.9,3.7,3.8,2.2,-0.7,-0.8,3,3.5,3.6,2.3,-0.5,-0.6,2.9,3.6,3.9,3,-0.8,-1.1,3,2.9,2.1,2.5,0,0.8,4.3,4.4,2.3,2.5,-0.2,1.9,2.6,2.6,2.2,2.6,-0.1,0.3,2.1,1.8,1.7,2.3,0.2,0.3,4,3.8,3.8,0,0,0,4.4,4.2,4.2,1,0,0,3.8,3.5,3.7,-0.4,0,-0.2,3.5,3.3,3.3,-1.5,-0.1,-0.1,1.9,2.2,1.4,-0.3,0.6,1.4,2.1,2.3,1.3,-0.1,0.6,1.6,1.8,2.2,1.3,-0.4,0.3,1.2,1.3,2.1,3.2,-0.7,1.3,0.2,-0.2,2.5,3.6,1.4,-4,-5.1,-0.4,3.1,3.6,1.2,-5,-5.5,-0.4,3,3.7,1.4,-4.8,-5.5,0.2,1.5,3.3,1.7,-2.6,-4.4,-1.8,-1.8,-2.1,-1.4,-0.5,-0.2,-1.6,-1.7,-1.9,-2,-0.5,-0.3,-1.9,-2.2,-2.3,-1.3,-0.4,-0.3,-1.7,-1.4,-1.9,-1.2,-0.7,-0.2,1.4,1.6,1.4,1.3,-0.4,-0.2,1.7,2,1.9,1.9,-0.6,-0.5,1.1,1.3,1.2,1,-0.2,-0.1,1.3,1.5,1.3,1.1,-0.4,-0.2,1.6,1.3,2,1.7,0.5,-0.2,0.9,1.1,1.7,0.8,0.7,0.1,1.6,1.1,1.9,1.6,0.7,-0.1,2,1.5,2.3,2.4,0.3,-0.5,3.1,2.9,1.7,0.1,0.5,1.7,2.2,1.7,1.1,-1,0.7,1.3,3,2.8,1.7,-0.2,0.6,1.7,3.6,3.6,2.1,1,0.4,1.9,0.2,0.2,0.2,0.4,0.1,0.7,0.2,0.2,0.2,0,0.2,0.4,0.4,-0.1,0.2,0.5,-0.2,0.5,0.1,0.4,-0.3,0.5,0.1,0.3,-0.1,0.4,0,0.4,-0.1,0.5,0,0.6,0.2,0.8,0.3,0.2,0.2,2,0.3,0.2,0.2,0.3,0.3,0.2,0.2,0.1,0.2,0.2,-0.1,0.3,0.2,0.1,-0.1,0.3,0.4,0.1,-0.1,0.3,0.1,0.1,-0.1,0.3,0.1,0.1,-0.6,0.4,1.1,-0.6,-0.3,0.1,0.9,-0.5,-0.8,0.6,1.1,-0.6,-0.9,0.8,2.2,-1.3,3,3.1,0.5,-3.4,2.1,3.4,0.8,-3.2,2.2,3.2,0.7,-3.1,4.4,2.9,0,-3.9,0.1,-0.3,-0.4,0.2,0.3,-0.5,-0.1,0.1,0,-0.3,-0.5,0.3,0.2,-0.3,-0.3,0.2,-0.1,0.5,0.2,0,-0.1,0.6,0.1,0.3,-0.1,0.4,0.1,-0.1,-0.1,0.4,0.2,0,0.2,0.3,0.6,0.6,-0.4,0.1,0.3,0.2,0.3,0.3,0.6,0.7,0.4,0.4,0.7,0.8,0.7,-2,0.2,1.6,0.6,-2.5,0.3,1,0.7,-2.1,0.1,1.6,0.7,-1.8,0.2,1.8,1.9,174.49,7.834,1.1386,57.36,11082,2409,25845.69922,2.4,2.7
2019/1/31,2.4,2.8,2.3,2.3,3.3,3.3,3.3,3.2,3,4.2,2.6,2.1,-4.6,-5.7,-4.1,-2.5,3.1,3.2,2.8,4,0.3,0.1,0.3,0.3,-2.2,-2.3,-2.4,-1.8,1.3,1.6,1.2,1.2,2.3,2.1,2.4,2.4,2.9,1.8,3,3.4,-0.1,-0.1,-0.1,-0.3,0.7,0.8,0.7,0.6,0.3,0.3,0.3,0.3,-7.1,-8.6,-6.3,-4.5,0.2,0.1,0.3,0.1,-2,-1.5,-1.5,-2.9,-0.5,-0.6,-0.4,-0.5,0.5,0.4,0.5,0.4,0.8,1.2,0.9,0.6,-1.7,-1.3,-1.7,-1.9,2.5,2.7,2.4,1.7,-0.3,0,3,3.2,2.5,2,-0.4,0.3,2.4,2.5,2.3,1.6,-0.2,0,2.2,2.3,2.3,1.5,0,0,2.9,3.1,3.6,2.3,0.2,-0.3,3,3.2,3.6,2.1,0.1,-0.3,3,3.1,3.4,2.2,0.2,-0.1,2.8,3.1,3.7,2.8,0.1,-0.5,2.9,3,2.2,2.5,0,0.8,4.2,4.4,2.4,2.6,-0.2,1.8,2.5,2.7,2.3,2.6,-0.1,0.3,2,2,1.7,2.1,0.1,0.4,3.8,4.1,4.2,10.2,-8.7,-8.8,4.2,4.6,4.5,10.8,-10.3,-10.2,3.5,3.9,4,9.9,-8,-8.1,3.2,3.6,3.6,9.1,-6.1,-6.1,2.8,3.5,0.6,-0.2,-0.4,2.5,2.9,3.3,0.6,0.1,-0.1,2.6,2.5,3.6,0.6,-0.7,-0.8,2.2,3.4,4.5,1.6,-0.3,-0.5,2.4,-1.5,2,2.4,2.6,-1.7,-2.1,-1.9,2.8,2.2,2.3,-2.7,-2.1,-1.8,2.6,2.4,2.3,-2.3,-2.1,-1.1,0.9,2.7,3.3,-0.6,-2.4,-2.3,-1.8,-2.1,-1.6,-0.4,-0.1,-2.2,-1.8,-2,-1.9,-0.5,-0.3,-2.6,-1.9,-2.5,-1.6,-0.5,0.1,-2.1,-1.8,-1.8,-1.3,0,0,1.2,1.5,1.4,1.4,-0.2,-0.1,1.4,1.9,1.9,2,-0.3,-0.3,1.1,1.4,1.2,1.2,-0.2,0,1.1,1.4,1.1,1.2,-0.2,0.1,1.8,1.6,2.2,1.4,0.7,0.1,1.8,1.9,1.6,1.3,0.2,0.5,1.8,1.4,2.2,1.3,1,0.2,1.8,1.6,2.7,1.7,0.8,-0.3,3.4,2.7,1.8,-1.5,0.2,1.1,2.4,1.8,1,-1.9,0,0.8,3.4,2.8,1.7,-1.7,0.2,1.3,4,3.3,2.4,-1.2,0.1,1,0.4,0.2,0.4,-0.1,0.3,0.2,0.3,0.2,0.4,0.2,0.4,-0.1,0.4,0.3,0.6,-0.3,0.4,0.1,0.2,0.4,0.4,0.1,0.2,0.5,0.4,0.1,0.2,0.4,0.4,0.2,0.1,0.3,0.1,0.2,0.3,0.2,0.1,0.2,0.3,0.3,0.1,0.3,0.3,0.2,0.1,0.3,0.2,0.2,-0.1,1,0.6,1.1,-0.1,1.1,0.7,1.1,-0.1,1,0.6,1.1,-0.1,0.9,0.6,1.1,0.3,0.5,-0.5,-0.1,0.3,0.3,-0.5,-0.2,0.2,0.6,-0.3,0,0.7,0.8,-1,-0.4,-4.7,3.6,-3.9,-3.7,-4.6,3.9,-3.8,-3.4,-4.5,3.5,-3.9,-3.5,-5.1,3.6,-3.8,-4.2,-0.3,-0.1,-0.3,-0.6,-0.4,-0.3,-0.1,-0.5,-0.3,0.1,-0.5,-0.6,-0.2,-0.1,-0.2,-0.8,-0.1,-0.1,-0.3,0.3,-0.1,-0.1,-0.1,0.1,-0.2,0,-0.4,0.5,-0.2,-0.1,-0.4,0.4,0.8,-0.7,0.9,0.3,1.1,-0.4,0.4,1,0.9,-0.8,1,0.3,0.6,-0.8,1,-0.1,1.9,0.2,2,-1.2,1.1,0.1,1.2,-0.7,2,0.2,1.9,-1.3,2.2,0.2,2.5,-1.3,1.7,170.86,7.847,1.1685,59.41,11032,3144,27942.4707,2.4,2.6
2019/2/28,2.1,2.6,1.9,1.8,3,3.2,2.9,2.8,3,4.2,2.6,2.2,-4.7,-5.8,-4.2,-2.6,2.6,2.7,2.5,3.3,-1.5,-1.5,-1.3,-1.7,-1.7,-1.8,-2,-1.3,1.4,1.8,1.2,1.3,1.4,1.6,1.1,1.4,1.6,1.3,1.5,1.8,0.9,1.1,0.9,0.9,1.9,2.2,1.7,1.6,0.3,0.2,0.3,0.4,0.6,0.6,0.6,0.5,-0.2,-0.3,-0.2,-0.4,-3.6,-3.7,-3.4,-3.8,-0.5,-0.5,-0.5,-0.6,0.2,0.2,0.2,0.2,0,0.2,-0.1,0,2.5,2.4,2.6,2.6,2.4,2.6,2.3,3.1,-0.5,-0.2,2.8,3,2.5,3.1,-0.4,0.1,2.3,2.4,2.2,3,-0.5,-0.3,2.3,2.3,2,3.2,-0.5,-0.2,3.3,3,3.5,3.9,0,-0.5,3.3,2.9,3.5,4,0.3,-0.3,3.3,3,3.4,3.8,-0.1,-0.5,3.2,2.9,3.6,4.2,-0.1,-0.8,3,3,2.3,2.5,0,0.7,4.2,4.3,2.6,2.7,-0.1,1.6,2.6,2.6,2.5,2.7,0,0.1,2.1,2.1,1.9,2.3,0.1,0.3,-4.6,4,3.4,10.9,-8.7,-8.1,-5.7,4.4,3.8,11.5,-10.2,-9.6,-4.1,3.8,3.1,10.6,-8,-7.3,-2.5,3.5,2.9,9.7,-6.1,-5.5,3.1,1.9,2.3,0.1,0.7,0.3,3.2,2.1,2.5,0.4,0.6,0.2,2.8,1.8,2.1,-0.4,0.7,0.4,4,1.3,2.2,0.1,2,1.1,0.3,-0.2,1.9,3.5,-1.3,-3.4,0.1,-0.4,2.3,3.3,-1.1,-3.8,0.3,-0.4,2.2,3.1,-0.9,-3.5,0.3,0.2,1.3,4.1,-1.9,-3,-2.2,-1.8,-1.9,-2.8,0.1,0.2,-2.3,-1.6,-1.6,-3,-0.2,-0.2,-2.4,-1.9,-2.2,-2.9,-0.1,0.2,-1.8,-1.7,-1.7,-2.5,0.4,0.4,1.3,1.4,1.4,1.1,0,0,1.6,1.7,1.8,1.6,0.1,0,1.2,1.1,1.2,1,0.1,0,1.2,1.3,1.3,0.9,0,0,2.3,1.6,1.4,2.1,-0.2,0,2.1,0.9,1.2,1.6,0.7,0.4,2.4,1.6,1.3,2.2,-0.5,-0.2,2.4,2,1.6,2.5,-0.6,-0.2,2.9,3.1,1.5,4,-1.5,0.1,1.8,2.2,1.2,1.8,-0.9,0.1,3,3,1.4,4.1,-1.5,0.1,3.4,3.6,1.8,5.2,-1.8,0,-0.1,0.2,0,1.3,-0.1,0.1,0.1,1.2,-0.1,0.2,0,1.3,-0.3,0.4,-0.1,1.4,0.7,-0.2,0,2.1,0.8,-0.3,-0.1,2.3,0.7,-0.1,0,2,0.6,-0.1,0,1.9,0.3,0.2,0.4,0.3,0.3,0.2,0.4,0.2,0.3,0.2,0.4,0.3,0.3,0.2,0.3,0.3,-7.1,-0.1,-0.2,0.7,-8.6,-0.1,-0.2,0.7,-6.3,-0.1,-0.2,0.7,-4.5,-0.1,-0.2,0.6,0.2,-0.6,1.6,0.2,0.1,-0.3,2,0.2,0.3,-0.8,1.4,0.1,0.1,-0.9,0.8,0.3,-2,3,-1.9,-1.9,-1.5,2.1,-1.8,-2.2,-1.5,2.2,-1.8,-1.9,-2.9,4.4,-2.1,-1.8,-0.5,0.1,0.2,-1,-0.6,0.3,0.3,-1,-0.4,0,0.2,-1,-0.5,0.2,0.1,-1,0.5,-0.1,0.2,0.1,0.4,-0.1,0,0,0.5,-0.1,0.2,0.1,0.4,-0.1,0.2,0.1,0.8,0.2,-1.2,1,1.2,-0.4,-0.7,0.7,0.9,0.3,-1.4,1.1,0.6,0.4,-1.4,1,-1.7,0.7,0.2,3.9,-1.3,0.6,0.3,2.9,-1.7,0.7,0.2,4.1,-1.9,0.7,0,4.2,1.5,171.91,7.851,1.1743,63.96,9828,2925,28633.17969,2.4,2.6
2019/3/31,2.1,2.4,1.9,1.9,3.1,3.3,3.1,2.9,2.9,4,2.4,2.2,-5.4,-6.5,-4.9,-3.3,2.5,2.9,2,2.6,0.3,0.8,0.4,-0.1,-2.4,-2.7,-2.8,-1.8,2.1,2.8,2,1.7,2,2,1.9,2.2,1.1,-0.2,1.1,1.8,-0.3,-0.3,-0.3,-0.4,-0.6,-0.7,-0.6,-0.7,0.2,0.2,0.2,0.2,-0.5,-0.4,-0.5,-0.5,0.7,0.6,0.5,1.2,4.1,4.3,4.1,3.9,0.2,0,0,0.4,1,1.2,0.9,0.8,0,-0.1,0,0.1,-2.2,-1.8,-2.3,-2.2,2.1,2.5,2.7,2.6,-0.4,-0.6,2.6,3,3.3,2.8,-0.6,-0.9,1.9,2.4,2.5,2.5,-0.5,-0.6,1.8,2.2,2.4,2.5,-0.3,-0.5,3,2.9,3.6,3.7,0.2,-0.5,3.2,3,3.7,3.8,0.3,-0.4,2.9,3,3.5,3.4,0.1,-0.4,2.8,2.8,3.6,3.7,0.1,-0.7,3,2.9,2.9,2.6,0,0,4.2,4.2,4.4,2.8,-0.2,-0.4,2.6,2.5,2.6,2.9,-0.1,-0.2,2.2,2,1.8,2.1,0.2,0.4,-4.7,3.8,3.8,4.3,-9.2,-9.2,-5.8,4.2,4.2,4.5,-10.7,-10.7,-4.2,3.5,3.5,4.3,-8.4,-8.4,-2.6,3.2,3.3,4,-6.5,-6.6,2.6,2.8,2.2,1,-0.3,0.3,2.7,2.9,2.3,1,0,0.6,2.5,2.5,2.2,0.8,-0.5,-0.2,3.3,3.4,2.1,2.4,-0.8,0.5,-1.5,-1.5,2.5,0.9,1.8,-2.2,-1.5,-1.9,3.1,0.3,2.7,-2.3,-1.3,-1.8,3,0.4,2.2,-2.6,-1.7,-1.1,1.5,1.8,1,-1.6,-1.7,-2.3,-1.8,-2.1,-0.1,-0.6,-1.8,-2.2,-1.7,-2.1,-0.5,-1,-2,-2.6,-2.2,-2,-0.2,-0.6,-1.3,-2.1,-1.4,-2.1,0.3,-0.4,1.4,1.2,1.6,0.8,0.9,0.5,1.8,1.4,2,1.3,1.4,0.8,1.2,1.1,1.3,0.7,0.9,0.7,1.3,1.1,1.5,0.6,0.6,0.2,1.4,1.8,1.3,1.6,0.2,0.7,1.6,1.8,1.1,1.1,0.2,0.9,1.1,1.8,1.1,1.5,0.1,0.8,1.4,1.8,1.5,1.9,0.4,0.7,1.6,3.4,2.9,2.9,-2.3,-1.8,1.3,2.4,1.7,2,-2.6,-1.9,1.5,3.4,2.8,2.7,-2.3,-1.7,1.8,4,3.6,3.6,-2.2,-1.8,0.9,0.4,0.2,-0.3,1.1,0.3,0.7,-0.1,0.9,0.4,0,-0.3,0.9,0.4,-0.1,-0.5,1.9,0.4,0.5,-0.7,2.2,0.4,0.5,-0.7,1.7,0.4,0.4,-0.7,1.6,0.4,0.5,-0.8,0.3,0.1,0.8,0.3,0.2,0.1,2,0.4,0.3,0.1,0.3,0.4,0.4,0.1,0.1,0.2,0.6,-0.1,0.3,0.3,0.6,-0.1,0.3,0.3,0.6,-0.1,0.3,0.3,0.5,-0.1,0.3,0.3,-0.2,0.3,0.4,0.8,-0.3,0.3,0.1,0.5,-0.2,0.2,0.6,1,-0.4,0.7,0.8,1.9,-3.6,-4.7,3.1,2.2,-3.7,-4.6,3.4,1.9,-3.4,-4.5,3.2,2.4,-3.8,-5.1,2.9,2.3,-0.5,-0.3,-0.3,0.9,-0.5,-0.4,-0.5,0.8,-0.5,-0.3,-0.3,0.9,-0.6,-0.2,-0.3,0.9,0.2,-0.1,0.5,0.2,0.2,-0.1,0.6,0.2,0.2,-0.2,0.4,0.2,0.2,-0.2,0.4,0.3,0,0.8,0.3,-0.6,0.2,1.1,0.1,-0.5,-0.1,0.9,0.3,-0.8,0,0.6,0.4,-0.6,2.5,1.9,-2,-1.7,2.4,1.1,-2.5,-0.2,2.6,2,-2.1,-1.9,2.6,2.2,-1.8,-2.3,2.3,179.5,7.849,1.1672,66.14,11505,2451,29051.35938,2.43,2.8
2019/4/30,2.9,3,2.8,3,3,3.2,2.9,2.9,4.3,5.2,4.1,3.6,-4.3,-5.3,-4,-2.4,2.3,2.6,2,2.4,-1,-0.9,-1.2,-1,-2.1,-2.3,-2.6,-1.5,1.9,2.7,1.8,1.4,2.7,2.3,2.7,3,3.1,1,3.1,4.3,0.7,0.4,0.7,1,-0.1,-0.2,-0.1,0,0.8,0.7,0.9,0.9,0.8,1,0.8,0.7,-0.3,-0.3,-0.3,-0.4,2.8,2,2.4,3.9,0.3,0.3,0.2,0.4,0.4,0.4,0.5,0.3,0.6,0.3,0.6,0.8,1.9,1.1,1.8,2.3,2.1,2.4,2.7,1.9,0.5,0.2,2.4,2.8,3.2,2.2,0.2,-0.2,1.9,2.3,2.5,1.8,0.5,0.3,1.9,2.3,2.3,1.7,0.7,0.7,3.1,3.3,3.1,3.5,-0.3,-0.1,3.3,3.3,3.2,3.6,-0.1,0,3.1,3.3,3.1,3.4,-0.4,-0.2,2.9,3.2,3.1,3.7,-0.3,-0.2,2.9,3,3,1.8,1.3,1.3,4,4.2,4.4,2.1,1,0.8,2.4,2.6,2.7,1.9,1.5,1.4,2.2,2.1,2,1.5,1.5,1.6,-5.4,-4.6,4.1,3.7,0.3,-8.4,-6.5,-5.7,4.6,3.7,0.4,-9.9,-4.9,-4.1,3.9,3.7,0.1,-7.9,-3.3,-2.5,3.6,3.4,0.1,-6,2.5,3.1,3.5,0.2,-0.8,-1.2,2.9,3.2,3.3,0.4,-0.6,-0.7,2,2.8,3.6,-0.2,-0.8,-1.6,2.6,4,4.5,0.5,-1.6,-2.1,0.3,0.3,2,0.9,-1.3,-3,0.8,0.1,2.8,1.1,-1,-3.7,0.4,0.3,2.6,0.9,-1.5,-3.8,-0.1,0.3,0.9,0.7,-1.3,-1.9,-2.4,-2.2,-1.8,-2.1,0.1,-0.3,-2.7,-2.3,-1.8,-2.2,0,-0.5,-2.8,-2.4,-1.9,-2.2,-0.2,-0.7,-1.8,-1.8,-1.8,-2.1,0.3,0.3,2.1,1.3,1.5,1.3,0.6,0.4,2.8,1.6,1.9,1.7,1.1,0.8,2,1.2,1.4,1.1,0.6,0.4,1.7,1.2,1.4,1.1,0.2,0,2,2.3,1.6,0.5,0.4,1.1,2,2.1,1.9,0.2,0.2,0.4,1.9,2.4,1.4,0.4,0.3,1.3,2.2,2.4,1.6,0.9,0.6,1.4,1.1,2.9,2.7,1.1,0.2,0.4,-0.2,1.8,1.8,0.6,-0.8,-0.8,1.1,3,2.8,0.8,0.1,0.3,1.8,3.4,3.3,1.6,0.9,1,-0.3,-0.1,0.2,-0.1,-0.3,-0.1,0.2,-0.1,-0.3,-0.1,0.2,-0.1,-0.4,-0.3,0.3,0,-0.6,0.7,0.1,-0.1,-0.7,0.8,0.1,-0.2,-0.6,0.7,0.1,0,-0.7,0.6,0.2,0,0.2,0.3,0.2,-0.6,0.2,0.3,0.2,-0.4,0.2,0.3,0.3,-0.7,0.2,0.3,0.3,-0.5,-0.5,-7.1,1,-0.3,-0.4,-8.6,1.1,-0.3,-0.5,-6.3,1,-0.2,-0.5,-4.5,0.9,-0.3,0.7,0.2,0.5,-0.1,0.6,0.1,0.3,0,0.5,0.3,0.6,-0.3,1.2,0.1,0.8,-0.2,4.1,-2,3.6,4.2,4.3,-1.5,3.9,3.7,4.1,-1.5,3.5,4,3.9,-2.9,3.6,4.8,0.2,-0.5,-0.1,0,0,-0.6,-0.3,-0.1,0,-0.4,0.1,0,0.4,-0.5,-0.1,0.1,1,0.5,-0.1,0.6,1.2,0.4,-0.1,0.6,0.9,0.5,0,0.7,0.8,0.4,-0.1,0.6,0,0.8,-0.7,-0.1,-0.1,1.2,-0.4,-0.1,0,0.9,-0.8,-0.1,0.1,0.6,-0.8,0,-2.2,-1.7,0.2,-0.1,-1.8,-1.3,0.1,-0.1,-2.3,-1.7,0.2,-0.2,-2.2,-1.9,0.2,-0.1,2.5,183.92,7.847,1.16295,71.23,12560,2663,29699.10938,2.45,2.8
2019/5/31,2.8,3.1,2.6,2.7,3.6,4,3.5,3.3,4.2,5.1,3.9,3.6,-4.9,-5.9,-4.5,-2.9,3.2,3,3.2,3.8,-1.2,-0.6,-0.9,-1.8,-2,-2.1,-2.4,-1.4,2.1,2.6,2,1.7,1.5,0.9,1.4,2,2.1,0.4,2,3.1,-0.1,0.1,-0.1,-0.3,0.7,0.9,0.6,0.6,0.2,0.2,0.2,0.2,-0.4,-0.4,-0.5,-0.5,0,-0.1,0.2,-0.2,-1.6,-1.1,-1.2,-2.3,-0.4,-0.3,-0.4,-0.4,-0.1,0,-0.1,0,-0.8,-1.2,-0.9,-0.5,-1.4,-1.1,-1.3,-1.5,2.9,2.1,2.6,2.1,0.7,0.2,3,2.6,3,2.3,0.5,0.1,2.8,1.9,2.4,2,0.7,0.2,3,1.8,2.3,1.9,0.9,0.4,3,3,3,3.6,0.6,0.6,3.2,3.2,2.9,3.6,0.8,1.1,2.9,2.9,3,3.4,0.6,0.5,2.9,2.8,2.9,3.8,0.5,0.4,4.3,3,3,2,1.2,1.2,5.2,4.2,4.3,2.2,0.9,0.8,4.1,2.6,2.6,2.1,1.3,1.3,3.6,2.2,2.1,1.7,1.4,1.5,-4.3,-4.7,4,3.4,-0.2,-8.9,-5.3,-5.8,4.4,3.6,-0.1,-10.3,-4,-4.2,3.8,3.3,-0.3,-8.3,-2.4,-2.6,3.5,3,-0.3,-6.4,2.3,2.6,1.9,0.2,0.6,1.3,2.6,2.7,2.1,0.3,0.3,0.9,2,2.5,1.8,0,0.7,1.4,2.4,3.3,1.3,0.6,0.5,2.5,-1,-1.5,-0.2,1.4,0.3,-1,-0.9,-1.5,-0.4,1.6,0.9,-0.2,-1.2,-1.3,-0.4,1.8,0.4,-0.5,-1,-1.7,0.2,0.8,-0.1,-2,-2.1,-1.7,-1.8,-2.3,-0.3,-0.2,-2.3,-1.8,-1.6,-2.3,-0.3,-0.5,-2.6,-2,-1.9,-2.4,-0.4,-0.5,-1.5,-1.3,-1.7,-2.2,-0.1,0.3,1.9,1.4,1.4,1.1,0.7,0.7,2.7,1.8,1.7,1.8,0.8,0.9,1.8,1.2,1.1,0.8,0.8,0.9,1.4,1.3,1.3,0.8,0.4,0.4,2.7,1.4,1.6,1.2,0.1,-0.1,2.3,1.6,0.9,1.1,-0.7,0,2.7,1.1,1.6,1.1,0.3,-0.2,3,1.4,2,1.5,0.6,0,3.1,1.6,3.1,1.4,0.5,-1,1,1.3,2.2,0.9,-0.9,-1.8,3.1,1.5,3,1.4,0.5,-1,4.3,1.8,3.6,1.6,1.3,-0.5,0.7,0.9,0.2,0,0.4,1.1,0.1,0,0.7,0.9,0.2,0.1,1,0.9,0.4,0,-0.1,1.9,-0.2,0.1,-0.2,2.2,-0.3,0.1,-0.1,1.7,-0.1,0.1,0,1.6,-0.1,0.2,0.8,0.3,0.2,0.3,0.7,0.2,0.2,0.3,0.9,0.3,0.2,0.4,0.9,0.4,0.2,0.3,0.8,0.6,-0.1,0.1,1,0.6,-0.1,0.3,0.8,0.6,-0.1,0,0.7,0.5,-0.1,0,-0.3,-0.2,-0.6,-0.8,-0.3,-0.3,-0.3,-0.6,-0.3,-0.2,-0.8,-1,-0.4,-0.4,-0.9,-1.5,2.8,-3.6,3,-1.4,2,-3.7,2.1,-1.3,2.4,-3.4,2.2,-1.5,3.9,-3.8,4.4,-1.4,0.3,-0.5,0.1,-0.5,0.3,-0.5,0.3,-0.5,0.2,-0.5,0,-0.5,0.4,-0.6,0.2,-0.6,0.4,0.2,-0.1,-0.2,0.4,0.2,-0.1,0,0.5,0.2,-0.1,-0.4,0.3,0.2,-0.1,-0.3,0.6,0,0.2,0.4,0.3,0.2,-0.4,0.2,0.6,-0.1,0.3,0.3,0.8,0,0.4,0.5,1.9,2.5,0.7,-0.4,1.1,2.4,0.6,-0.5,1.8,2.6,0.7,-0.3,2.3,2.6,0.7,-0.4,2.7,189.42,7.847,1.13245,71.32,13946,2318,26901.08984,2.4,2.9
2019/6/30,3.3,3.9,3,2.9,5.6,6.5,5.2,4.5,4.1,4.9,3.8,3.5,-5.1,-6.2,-4.6,-3,1.8,2.2,1.5,1.3,-3.1,-2.9,-3,-3.2,-1.5,-1.6,-1.8,-1.1,2.1,2.7,2.1,1.7,1.7,1.9,1.6,1.7,2.1,0.2,2.1,3.3,0.7,1,0.6,0.4,1.9,2.6,1.7,1.2,0.2,0.1,0.2,0.2,0,0,0,0,-0.2,0.1,-0.6,-0.2,-1.5,-1.5,-1.5,-1.4,0.1,0.3,0.1,0,0.2,0.1,0.2,0.2,0.7,1.2,0.8,0.4,0.3,0.1,0.2,0.4,2.8,2.1,2.5,2.4,1.2,0.8,3.1,2.4,3,2.6,1.5,0.9,2.6,1.9,2.4,2.3,1.1,0.6,2.7,1.9,2.2,2.2,1,0.7,3.6,3.1,2.9,3.7,2.5,2.7,4,3.3,3,3.8,3.2,3.5,3.5,3.1,3,3.6,2.1,2.2,3.3,2.9,2.8,3.9,1.6,1.7,4.2,2.9,2.9,2.1,1.2,1.2,5.1,4,4.2,2.3,0.9,0.7,3.9,2.4,2.5,2.2,1.4,1.3,3.6,2.2,2,1.7,1.3,1.5,-4.9,-5.4,3.8,3.8,0.3,-8.9,-5.9,-6.5,4.2,4.2,0.3,-10.4,-4.5,-4.9,3.5,3.7,0.3,-8.1,-2.9,-3.3,3.2,3.3,0.3,-6.2,3.2,2.5,2.8,1.4,-0.7,-1,3,2.9,2.9,1.3,-0.7,-0.7,3.2,2,2.5,1.3,-0.5,-1,3.8,2.6,3.4,3.2,-1.3,-2.1,-1.2,0.3,-1.5,3.6,-3.4,-1.6,-0.6,0.8,-1.9,3.6,-3.7,-1,-0.9,0.4,-1.8,3.7,-3.4,-1.2,-1.8,-0.1,-1.1,3.3,-3.1,-2.1,-2,-2.4,-2.3,-2.1,0.9,0.8,-2.1,-2.7,-2.2,-1.9,1.1,0.6,-2.4,-2.8,-2.6,-2.3,1,0.8,-1.4,-1.8,-2.1,-1.9,0.7,1,2.1,2.1,1.2,1.4,0,0.9,2.6,2.8,1.4,1.9,-0.1,1.3,2,2,1.1,1.2,0.1,1,1.7,1.7,1.1,1.3,0,0.6,1.5,2,1.8,2,-0.3,-0.1,0.9,2,1.8,1.7,-0.1,0.1,1.4,1.9,1.8,1.9,-0.3,-0.2,2,2.2,1.8,2.3,-0.5,-0.1,2.1,1.1,3.4,1.7,1,-1.3,0.4,-0.2,2.4,1.1,0.4,-2.2,2,1.1,3.4,1.7,1,-1.3,3.1,1.8,4,2.1,1.5,-0.7,-0.1,-0.3,0.4,0.2,0.1,-0.3,0.3,0.2,-0.1,-0.3,0.4,0.2,-0.3,-0.4,0.4,0.2,0.7,-0.6,0.4,0.1,0.9,-0.7,0.4,0.1,0.6,-0.6,0.4,0,0.6,-0.7,0.4,0,0.2,0.2,0.1,0.3,0.2,0.2,0.1,0.3,0.2,0.2,0.1,0.3,0.2,0.2,0.1,0.2,-0.4,-0.5,-0.1,0.2,-0.4,-0.4,-0.1,0.4,-0.5,-0.5,-0.1,0.1,-0.5,-0.5,-0.1,0.1,0,0.7,0.3,1.1,-0.1,0.6,0.3,0.9,0.2,0.5,0.2,1.1,-0.2,1.2,0.7,2.2,-1.6,4.1,-4.7,0.5,-1.1,4.3,-4.6,0.8,-1.2,4.1,-4.5,0.7,-2.3,3.9,-5.1,0,-0.4,0.2,-0.3,-0.4,-0.3,0,-0.4,-0.1,-0.4,0,-0.3,-0.5,-0.4,0.4,-0.2,-0.3,-0.1,1,-0.1,0.2,0,1.2,-0.1,0.1,-0.1,0.9,-0.2,0.1,0,0.8,-0.2,0.2,-0.8,0,0.8,0.6,-1.2,-0.1,1.1,0.3,-0.9,0,0.9,0.6,-0.5,0.1,0.6,0.7,-1.4,-2.2,1.9,0.2,-1.1,-1.8,1.1,0.3,-1.3,-2.3,2,0.1,-1.5,-2.2,2.2,0.2,2.7,190.48,7.812,1.13665,64.22,16133,2275,28542.61914,2.4,2.9
2019/7/31,3.3,3.9,3.1,2.8,5.9,6.9,5.4,4.8,4,4.8,3.7,3.5,-5.9,-7.1,-5.4,-3.8,2.4,2.4,2.4,2.2,-2,-1.8,-1.6,-2.5,-1.2,-1.5,-1.2,-1.1,2.7,3,2.8,2.4,1.9,2,1.8,2,1.4,-0.6,1.5,2.5,0.4,0.3,0.4,0.6,0.5,0.6,0.4,0.4,0.2,0.2,0.2,0.3,-0.2,-0.2,-0.2,-0.2,0.1,-0.3,0.6,-0.1,-2.8,-2.8,-2.5,-3.1,0,0,0.1,-0.3,0.2,0.2,0.3,0.2,1.1,0.6,1.2,1.3,1.2,0.4,1.2,1.7,3.3,2.9,2.4,2.4,0.4,0.9,3.9,3,2.8,2.5,0.9,1.1,3,2.8,2.3,2.3,0.3,0.8,2.9,3,2.3,2.3,-0.2,0.5,5.6,3,3.3,3.6,2.9,2.6,6.5,3.2,3.3,3.6,3.7,3.6,5.2,2.9,3.3,3.4,2.5,2.1,4.5,2.9,3.2,3.7,1.9,1.6,4.1,4.3,3,2.2,-0.3,1,4.9,5.2,4.2,2.4,-0.4,0.6,3.8,4.1,2.6,2.3,-0.4,1.1,3.5,3.6,2.1,1.7,-0.1,1.4,-5.1,-4.3,-4.6,4.2,-1.6,-1.3,-6.2,-5.3,-5.7,4.5,-1.8,-1.4,-4.6,-4,-4.1,4,-1.4,-1.3,-3,-2.4,-2.5,3.6,-1.4,-1.3,1.8,2.3,3.1,0.6,0.1,-0.7,2.2,2.6,3.2,0.6,-0.2,-0.8,1.5,2,2.8,0.6,0.4,-0.4,1.3,2.4,4,1.6,-0.2,-1.8,-3.1,-1,0.3,2.4,-1,-2.3,-2.9,-0.9,0.1,2.2,-0.9,-1.9,-3,-1.2,0.3,2.4,-0.4,-1.9,-3.2,-1,0.3,2.7,-1.5,-2.8,-1.5,-2.1,-2.2,-2.1,0.9,1,-1.6,-2.3,-2.3,-2,0.8,0.8,-1.8,-2.6,-2.4,-2.5,1.4,1.2,-1.1,-1.5,-1.8,-1.8,0.4,0.7,2.1,1.9,1.3,1.4,0.8,1.4,2.7,2.7,1.6,1.9,0.3,1.4,2.1,1.8,1.2,1.2,1,1.6,1.7,1.4,1.2,1.1,1,1.2,1.7,2.7,2.3,2.2,-0.8,-0.4,1.9,2.3,2.1,1.6,-0.3,-0.1,1.6,2.7,2.4,2.2,-0.9,-0.6,1.7,3,2.4,2.7,-1,-0.4,2.1,3.1,2.9,1.8,-1.7,-1.5,0.2,1,1.8,1,-1.6,-2.4,2.1,3.1,3,1.7,-1.6,-1.5,3.3,4.3,3.4,2.4,-1.8,-0.9,0.7,0.7,-0.1,0.4,1,0.4,-0.1,0.3,0.6,0.7,-0.1,0.4,0.4,1,-0.3,0.6,1.9,-0.1,0.7,0.2,2.6,-0.2,0.8,0.2,1.7,-0.1,0.7,0.2,1.2,0,0.6,0.1,0.2,0.8,0.3,0.3,0.1,0.7,0.3,0.3,0.2,0.9,0.3,0.3,0.2,0.9,0.3,0.2,0,0.8,-7.1,0.6,0,1,-8.6,0.7,0,0.8,-6.3,0.6,0,0.7,-4.5,0.6,-0.2,-0.3,0.2,-0.5,0.1,-0.3,0.1,-0.5,-0.6,-0.3,0.3,-0.3,-0.2,-0.4,0.1,-1,-1.5,2.8,-2,-3.9,-1.5,2,-1.5,-3.8,-1.5,2.4,-1.5,-3.9,-1.4,3.9,-2.9,-3.8,0.1,0.3,-0.5,-0.3,0.3,0.3,-0.6,-0.1,0.1,0.2,-0.4,-0.5,0,0.4,-0.5,-0.2,0.2,0.4,0.5,-0.3,0.1,0.4,0.4,-0.1,0.2,0.5,0.5,-0.4,0.2,0.3,0.4,-0.4,0.7,0.6,0.8,0.9,1.2,0.3,1.2,0.4,0.8,0.6,0.9,1,0.4,0.8,0.6,1,0.3,1.9,-1.7,2,0.1,1.1,-1.3,1.2,0.2,1.8,-1.7,1.9,0.4,2.3,-1.9,2.5,2.8,188.76,7.827,1.13565,63.92,17337,2030,27777.75,2.4,3
2019/8/31,3.5,4.1,3.2,3,6.3,7.5,5.8,5.2,3.9,4.7,3.5,3.4,-5.2,-6.4,-4.6,-3.1,0,0.2,-0.3,-0.2,-0.6,-0.3,-0.1,-1.2,-1.5,-1.8,-1.4,-1.2,2.8,3.1,2.8,2.6,2.9,2.5,3,3.2,1.3,-0.8,1.4,2.4,0.2,0.2,0.2,0.1,0.4,0.4,0.3,0.4,0.2,0.2,0.2,0.2,0.5,0.5,0.6,0.5,-0.8,-0.3,-1.3,-1.5,-0.5,-0.3,-0.3,-0.8,-0.1,-0.1,-0.1,0,0.2,0.1,0.2,0.4,-0.2,-0.2,-0.2,-0.2,0.1,0.1,0.2,-0.1,3.3,2.8,2.1,2.3,0.7,1.4,3.9,3.1,2.6,2.5,1,1.5,3.1,2.6,1.9,2.2,0.6,1.3,2.8,2.7,1.8,2,0.3,1.2,5.9,3.6,3,3.5,2.7,3.3,6.9,4,3.2,3.5,3.5,4.3,5.4,3.5,2.9,3.4,2.3,2.9,4.8,3.3,2.8,3.6,1.9,2.4,4,4.2,3,2.3,-0.3,0.9,4.8,5.1,4.2,2.6,-0.4,0.5,3.7,3.9,2.6,2.5,-0.4,0.9,3.5,3.6,2.2,1.9,-0.2,1.2,-5.9,-4.9,-4.7,3.4,-0.3,-0.5,-7.1,-5.9,-5.8,3.8,-0.5,-0.6,-5.4,-4.5,-4.2,3.1,-0.1,-0.4,-3.8,-2.9,-2.6,2.9,-0.2,-0.5,2.4,3.2,2.6,2.3,-3.2,-2.6,2.4,3,2.7,2.5,-2.8,-2.5,2.4,3.2,2.5,2.1,-3.5,-2.8,2.2,3.8,3.3,2.2,-4,-3.5,-2,-1.2,-1.5,1.9,0.6,0.9,-1.8,-0.6,-1.5,2.3,0.3,1.2,-1.6,-0.9,-1.3,2.2,0.8,1.2,-2.5,-1.8,-1.7,1.3,0.6,0.5,-1.2,-2,-1.7,-1.9,0.5,0.2,-1.5,-2.1,-1.8,-1.6,0.3,0,-1.2,-2.4,-2,-2.2,1,0.6,-1.1,-1.4,-1.3,-1.7,0.2,0.1,2.7,2.1,1.4,1.4,0.7,1.4,3,2.6,1.8,1.8,0.5,1.3,2.8,2,1.2,1.2,0.8,1.6,2.4,1.7,1.3,1.3,0.9,1.3,1.9,1.5,1.4,1.4,1.4,1.5,2,0.9,1.6,1.2,1.6,0.9,1.8,1.4,1.1,1.3,1.6,1.9,2,2,1.4,1.6,1.2,1.8,1.4,2.1,1.6,1.5,-0.8,-0.3,-0.6,0.4,1.3,1.2,-1.2,-2.1,1.5,2,1.5,1.4,-0.6,-0.1,2.5,3.1,1.8,1.8,-0.7,0.6,0.4,-0.1,0.9,0,0.3,0.1,1.1,0.1,0.4,-0.1,0.9,0,0.6,-0.3,0.9,-0.1,0.5,0.7,1.9,0,0.6,0.9,2.2,-0.1,0.4,0.6,1.7,0,0.4,0.6,1.6,0,0.2,0.2,0.3,0.4,0.2,0.2,0.2,0.4,0.2,0.2,0.3,0.4,0.3,0.2,0.4,0.3,-0.2,-0.4,0.6,-0.2,-0.2,-0.4,0.6,-0.2,-0.2,-0.5,0.6,-0.2,-0.2,-0.5,0.5,-0.2,0.1,0,-0.2,1.6,-0.3,-0.1,-0.3,2,0.6,0.2,-0.2,1.4,-0.1,-0.2,-0.4,0.8,-2.8,-1.6,-3.6,-1.9,-2.8,-1.1,-3.7,-1.8,-2.5,-1.2,-3.4,-1.8,-3.1,-2.3,-3.8,-2.1,0,-0.4,-0.5,0.2,0,-0.3,-0.5,0.3,0.1,-0.4,-0.5,0.2,-0.3,-0.4,-0.6,0.1,0.2,-0.1,0.2,0.2,0.2,0,0.2,0,0.3,-0.1,0.2,0.2,0.2,0,0.2,0.2,1.1,-0.8,0,-1.2,0.6,-1.2,0.2,-0.7,1.2,-0.9,-0.1,-1.4,1.3,-0.5,0,-1.4,1.2,-1.4,2.5,0.2,0.4,-1.1,2.4,0.3,1.2,-1.3,2.6,0.2,1.7,-1.5,2.6,0,2.8,187.97,7.841,1.0947,59.04,17048,2067,25724.73047,2.13,3
2019/9/30,3.2,3.5,3.1,3,6,7,5.5,4.9,3.2,2.9,3.4,3.4,-5.6,-6.8,-5.1,-3.6,-0.9,-0.5,-1.3,-2,-1.8,-2.1,-1.9,-1.5,-1.7,-2,-1.7,-1.5,3.2,3.4,3.2,2.9,2.1,2,2,2.1,2.6,1.2,2.6,3.3,0,0.1,-0.1,-0.1,0.1,0.1,0.1,0.2,0.2,0.2,0.2,0.2,-0.2,-0.2,-0.2,-0.2,-0.5,-0.5,-0.4,-1.1,1.8,1.5,1.3,2.6,-0.6,-0.7,-0.5,-0.6,0.8,0.9,0.8,0.7,-0.5,-0.3,-0.7,-0.6,-0.8,-0.4,-0.9,-0.9,3.5,3.3,2.1,2.7,-0.1,1.1,4.1,3.9,2.4,3.3,-0.4,1.1,3.2,3,1.9,2.5,0.1,1.2,3,2.9,1.9,2.4,0.1,1.1,6.3,5.6,3.1,3.6,0.4,2.9,7.5,6.5,3.3,3.7,0.5,3.7,5.8,5.2,3.1,3.5,0.3,2.4,5.2,4.5,2.9,3.6,0.4,2,3.9,4.1,2.9,2.9,-0.9,0.3,4.7,4.9,4,4.4,-2,-1.1,3.5,3.8,2.4,2.6,-0.4,1,3.4,3.5,2.2,1.8,-0.1,1.2,-5.2,-5.1,-5.4,3.8,-0.5,-0.2,-6.4,-6.2,-6.5,4.2,-0.6,-0.3,-4.6,-4.6,-4.9,3.5,-0.5,-0.2,-3.1,-3,-3.3,3.3,-0.6,-0.3,0,1.8,2.5,2.2,-2.7,-3.4,0.2,2.2,2.9,2.3,-2.7,-3.4,-0.3,1.5,2,2.2,-2.8,-3.3,-0.2,1.3,2.6,2.1,-3.3,-4.6,-0.6,-3.1,0.3,2.5,1.3,-2.1,-0.3,-2.9,0.8,3.1,0.8,-2.9,-0.1,-3,0.4,3,1.1,-2.3,-1.2,-3.2,-0.1,1.5,1.7,-1.4,-1.5,-1.5,-2.4,-1.8,-0.2,0.7,-1.8,-1.6,-2.7,-1.7,-0.4,0.7,-1.4,-1.8,-2.8,-2.2,0.1,1.1,-1.2,-1.1,-1.8,-1.4,-0.4,0.3,2.8,2.1,2.1,1.6,1.1,1.1,3.1,2.7,2.8,2,0.7,0.6,2.8,2.1,2,1.3,1.1,1.2,2.6,1.7,1.7,1.5,1.2,1.2,2.9,1.7,2,1.3,0.4,0.1,2.5,1.9,2,1.1,0.1,0,3,1.6,1.9,1.1,0.4,0.1,3.2,1.7,2.2,1.5,0.4,-0.1,1.3,2.1,1.1,2.9,0.5,1.5,-0.8,0.2,-0.2,1.7,1,1.4,1.4,2.1,1.1,2.8,0.5,1.5,2.4,3.3,1.8,3.6,0,1.5,0.2,0.7,-0.3,0.2,0.2,1,-0.3,0.7,0.2,0.6,-0.3,0,0.1,0.4,-0.4,-0.1,0.4,1.9,-0.6,0.5,0.4,2.6,-0.7,0.5,0.3,1.7,-0.6,0.4,0.4,1.2,-0.7,0.5,0.2,0.2,0.2,0.8,0.2,0.1,0.2,2,0.2,0.2,0.2,0.3,0.2,0.2,0.2,0.1,0.5,0,-0.5,0.3,0.5,0,-0.4,0.3,0.6,0,-0.5,0.3,0.5,0,-0.5,0.3,-0.8,-0.2,0.7,0.4,-0.3,0.1,0.6,0.1,-1.3,-0.6,0.5,0.6,-1.5,-0.2,1.2,0.8,-0.5,-1.5,4.1,3.1,-0.3,-1.5,4.3,3.4,-0.3,-1.5,4.1,3.2,-0.8,-1.4,3.9,2.9,-0.1,0.1,0.2,-0.3,-0.1,0.3,0,-0.5,-0.1,0.1,0,-0.3,0,0,0.4,-0.3,0.2,0.2,1,0.5,0.1,0.1,1.2,0.6,0.2,0.2,0.9,0.4,0.4,0.2,0.8,0.4,-0.2,0.7,0,0.3,-0.2,1.2,-0.1,0.1,-0.2,0.8,0,0.3,-0.2,0.4,0.1,0.4,0.1,0.3,-2.2,-2,0.1,0.1,-1.8,-2.5,0.2,0.2,-2.3,-2.1,-0.1,0.4,-2.2,-1.8,3,182.24,7.842,1.09925,62.83,15656,2085,26092.26953,1.9,3
2019/10/31,3.1,3.5,3.1,2.9,6.1,7.2,5.6,4.9,3.1,2.8,3.2,3.2,-5.8,-7,-5.2,-3.7,-0.6,-0.2,-1,-1.1,-3.5,-4,-3.4,-3.1,-1.7,-1.7,-1.9,-1.4,3.4,3.5,3.5,3.2,2.1,1.9,2,2.3,2.6,1.5,2.7,3,0.2,0.2,0.2,0.1,0.3,0.3,0.3,0.2,0.1,0.1,0.1,0.1,0.9,1,0.9,0.8,0.8,0.5,1,1.7,1.9,1.9,1.9,1.9,0,0,-0.1,0,0.1,0,0.2,0.1,-0.7,-0.5,-0.8,-0.7,0.1,0.4,0.2,-0.1,3.2,3.3,2.9,2.7,-0.2,0.2,3.5,3.9,3,3.2,-0.4,0.5,3.1,3.1,2.8,2.5,0,0.3,3,2.8,3,2.3,0.1,-0.1,6,5.9,3,3.1,0.2,3.1,7,6.9,3.2,3.2,0.3,4,5.5,5.4,2.9,3.1,0.2,2.7,4.9,4.8,2.9,3.1,0.1,2,3.2,4,4.3,3,-0.9,-1.2,2.9,4.8,5.2,4.4,-2,-2.4,3.4,3.7,4.1,2.7,-0.5,-0.9,3.4,3.5,3.6,2,-0.3,-0.4,-5.6,-5.9,-4.3,4.1,0.1,-1.5,-6.8,-7.1,-5.3,4.6,0.1,-1.7,-5.1,-5.4,-4,3.9,0.2,-1.2,-3.6,-3.8,-2.4,3.6,0.1,-1.3,-0.9,2.4,2.3,3.5,-3,-2.9,-0.5,2.4,2.6,3.3,-2.6,-2.8,-1.3,2.4,2,3.6,-3.4,-3,-2,2.2,2.4,4.5,-3.3,-3.5,-1.8,-2,-1,2,-1.5,-2.5,-2.1,-1.8,-0.9,2.8,-2.2,-3.1,-1.9,-1.6,-1.2,2.6,-1.8,-2.2,-1.5,-2.5,-1,0.9,-0.6,-2.1,-1.7,-1.2,-2.1,-1.8,-0.5,0.4,-2,-1.5,-2.3,-1.8,-0.2,0.6,-1.7,-1.2,-2.6,-1.9,-0.7,0.7,-1.5,-1.1,-1.5,-1.8,-0.3,0.1,3.2,2.7,1.9,1.5,0.7,1.5,3.4,3,2.7,1.9,0.5,0.8,3.2,2.8,1.8,1.4,0.7,1.7,2.9,2.4,1.4,1.4,0.8,1.8,2.1,1.9,2.7,1.6,0.2,-0.6,2,2,2.3,1.9,-0.1,-0.4,2,1.8,2.7,1.4,0.2,-0.7,2.1,2,3,1.6,0.3,-0.7,2.6,1.4,3.1,2.7,1.2,-0.5,1.2,-0.6,1,1.8,2.1,0.5,2.6,1.5,3.1,2.8,1.2,-0.4,3.3,2.5,4.3,3.3,0.5,-1.3,0,0.4,0.7,0.2,0.1,0.3,0.4,0.2,-0.1,0.4,0.7,0.2,-0.1,0.6,1,0.3,0.1,0.5,-0.1,0.1,0.1,0.6,-0.2,0.1,0.1,0.4,-0.1,0.1,0.2,0.4,0,0.2,0.2,0.2,0.8,0.2,0.2,0.2,0.7,0.2,0.2,0.2,0.9,0.3,0.2,0.3,0.9,0.3,-0.2,-0.2,0.8,1,-0.2,-0.2,1,1.1,-0.2,-0.2,0.8,1,-0.2,-0.2,0.7,0.9,-0.5,0.1,-0.3,0.5,-0.5,-0.3,-0.3,0.3,-0.4,0.6,-0.3,0.6,-1.1,-0.1,-0.4,0.8,1.8,-2.8,2.8,3.6,1.5,-2.8,2,3.9,1.3,-2.5,2.4,3.5,2.6,-3.1,3.9,3.6,-0.6,0,0.3,-0.1,-0.7,0,0.3,-0.3,-0.5,0.1,0.2,0.1,-0.6,-0.3,0.4,-0.1,0.8,0.2,0.4,-0.1,0.9,0.2,0.4,-0.1,0.8,0.3,0.5,0,0.7,0.2,0.3,-0.1,-0.5,1.1,0.6,-0.7,-0.3,0.6,0.3,-0.4,-0.7,1.2,0.6,-0.8,-0.6,1.3,0.8,-0.8,-0.8,1.2,1.9,0.2,-0.4,0.4,1.1,0.1,-0.9,1.2,1.8,0.2,-0.9,1.7,2.3,0.2,3.8,179.01,7.838,1.1144,59.71,14209,2028,26906.7207,1.58,3.1
2019/11/30,3,3.5,2.9,2.5,6.3,7.6,5.8,4.9,3,2.7,3.2,3.2,-6.4,-7.6,-5.8,-4.3,-0.1,0.2,-0.4,-0.4,-3.5,-3.4,-3.1,-3.9,-2.3,-2.4,-2.3,-2.1,3.3,3.5,3.4,3,2.1,2.5,1.9,2,1.5,0.6,1.6,1.9,0.1,0,0,0.1,0,0.1,0,0,0.1,0.1,0.1,0.2,-0.6,-0.6,-0.6,-0.7,0.2,0.1,0.3,0.2,2.1,1.4,1.9,2.8,-0.3,-0.3,-0.2,-0.5,-0.4,-0.3,-0.5,-0.3,0.1,0.1,0.1,0.1,-0.2,-0.2,-0.1,-0.2,3.1,3.5,2.8,2.6,-0.5,0.2,3.5,4.1,3.1,3,-0.6,0.4,3.1,3.2,2.6,2.4,-0.3,0.3,2.9,3,2.7,2.3,-0.5,-0.2,6.1,6.3,3.6,3,0,2.7,7.2,7.5,4,2.9,0.1,3.6,5.6,5.8,3.5,3,0,2.3,4.9,5.2,3.3,2.9,-0.3,1.6,3.1,3.9,4.2,3,-0.9,-1.2,2.8,4.7,5.1,4.3,-2,-2.4,3.2,3.5,3.9,2.6,-0.3,-0.7,3.2,3.4,3.6,2.1,-0.2,-0.4,-5.8,-5.2,-4.9,4,-1.2,-1.5,-7,-6.4,-5.9,4.4,-1.2,-1.7,-5.2,-4.6,-4.5,3.8,-1.2,-1.3,-3.7,-3.1,-2.9,3.5,-1.2,-1.4,-0.6,0,3.2,1.9,-0.1,-3.3,-0.2,0.2,3,2.1,0,-2.8,-1,-0.3,3.2,1.8,-0.1,-3.6,-1.1,-0.2,3.8,1.3,-0.2,-4.2,-3.5,-0.6,-1.2,-0.2,-2.9,-2.3,-4,-0.3,-0.6,-0.4,-3.1,-2.8,-3.4,-0.1,-0.9,-0.4,-3,-2.2,-3.1,-1.2,-1.8,0.2,-2.7,-2.1,-1.7,-1.5,-2,-1.8,-0.8,-0.3,-1.7,-1.8,-2.1,-1.6,-0.6,-0.3,-1.9,-1.4,-2.4,-1.9,-0.9,0.1,-1.4,-1.2,-1.4,-1.7,-0.9,-0.7,3.4,2.8,2.1,1.4,0.5,1.2,3.5,3.1,2.6,1.7,0.4,0.9,3.5,2.8,2,1.1,0.6,1.4,3.2,2.6,1.7,1.3,0.4,1.3,2.1,2.9,1.5,1.6,-0.8,0.6,1.9,2.5,0.9,0.9,0,1.6,2,3,1.4,1.6,-1.1,0.5,2.3,3.2,2,2,-1.2,0,2.6,1.3,2.1,3.1,0.2,-0.6,1.5,-0.8,0.4,2.2,1.4,0.2,2.7,1.4,2,3,0.2,-0.4,3,2.4,3.1,3.6,-0.5,-1.2,0.2,0.2,-0.1,0.2,0.2,0.2,0.1,0.1,0.2,0.2,-0.1,0.2,0.1,0.1,-0.3,0.4,0.3,0.4,0.7,-0.2,0.3,0.4,0.9,-0.3,0.3,0.3,0.6,-0.1,0.2,0.4,0.6,-0.1,0.1,0.2,0.2,0.2,0.1,0.2,0.2,0.2,0.1,0.2,0.2,0.2,0.1,0.2,0.2,0.2,0.9,0.5,-0.4,-0.1,1,0.5,-0.4,-0.1,0.9,0.6,-0.5,-0.1,0.8,0.5,-0.5,-0.1,0.8,-0.8,0,-0.6,0.5,-0.3,-0.1,-0.3,1,-1.3,0.2,-0.8,1.7,-1.5,-0.2,-0.9,1.9,-0.5,-1.6,3,1.9,-0.3,-1.1,2.1,1.9,-0.3,-1.2,2.2,1.9,-0.8,-2.3,4.4,0,-0.1,-0.4,0.1,0,-0.1,-0.3,0.3,-0.1,-0.1,-0.4,0,0,0,-0.4,0.2,0.1,0.2,-0.1,-0.1,0,0.1,0,-0.1,0.2,0.2,-0.1,-0.1,0.1,0.4,0,-0.1,-0.7,-0.2,-0.8,0.2,-0.5,-0.2,-1.2,-0.4,-0.8,-0.2,-0.9,0.3,-0.7,-0.2,-0.5,0.4,0.1,0.1,-1.4,0.7,0.4,0.1,-1.1,0.6,0.2,0.2,-1.3,0.7,-0.1,-0.1,-1.5,0.7,4.5,181.36,7.828,1.11275,63.21,11276,2338,26346.49023,1.56,3.1
2019/12/31,2.9,3.4,2.9,2.5,6.1,7.4,5.6,4.7,3,2.6,3.2,3.2,-6.6,-7.8,-6,-4.6,-1.3,-0.8,-1.6,-2.8,-3.1,-3.2,-2.8,-3.3,-2.2,-2.2,-2,-2.3,3.4,3.6,3.6,3,1.6,1.6,1.3,1.8,1.6,0.6,1.7,2.1,0.1,0.1,0.1,0.1,0.3,0.3,0.3,0.3,0.1,0.1,0.1,0.1,-0.3,-0.3,-0.3,-0.3,-1,-0.4,-1.5,-2.3,-4.3,-3.7,-4.6,-4.4,-0.3,-0.5,-0.2,-0.2,-0.3,-0.2,-0.4,-0.4,0.3,0.2,0.3,0.4,0.6,0.4,0.5,0.7,3,3.2,3.3,2.5,-0.3,-0.4,3.5,3.5,3.9,3,-0.1,-0.5,2.9,3.1,3,2.4,-0.2,-0.1,2.5,3,2.9,2.2,-0.5,-0.4,6.3,6,5.6,2.9,0.1,0.5,7.6,7,6.5,3,0.4,0.9,5.8,5.5,5.2,3,0.1,0.4,4.9,4.9,4.5,2.8,-0.2,0.2,3,3.2,4.1,2.9,-0.2,-1.1,2.7,2.9,4.9,4.2,-0.3,-2.3,3.2,3.4,3.8,2.5,-0.2,-0.6,3.2,3.4,3.5,2,-0.2,-0.3,-6.4,-5.6,-5.1,3.8,-1,-1.5,-7.6,-6.8,-6.2,4.2,-1,-1.6,-5.8,-5.1,-4.6,3.5,-0.9,-1.4,-4.3,-3.6,-3,3.2,-1,-1.6,-0.1,-0.9,1.8,2.8,-0.4,-3.1,0.2,-0.5,2.2,2.9,-0.3,-3,-0.4,-1.3,1.5,2.5,-0.3,-3.1,-0.4,-2,1.3,3.4,-0.8,-4.1,-3.5,-1.8,-3.1,-1.5,-1.3,0,-3.4,-2.1,-2.9,-1.9,-1.1,-0.3,-3.1,-1.9,-3,-1.8,-0.9,0.2,-3.9,-1.5,-3.2,-1.1,-1.8,-0.1,-2.3,-1.7,-1.5,-2.3,-0.5,-0.7,-2.4,-2,-1.6,-2.2,-0.2,-0.6,-2.3,-1.7,-1.8,-2.6,-0.3,-0.2,-2.1,-1.5,-1.1,-2.1,-0.8,-1.2,3.3,3.2,2.1,1.2,0.2,1.3,3.5,3.4,2.7,1.4,0.2,0.9,3.4,3.2,2.1,1.1,0.4,1.5,3,2.9,1.7,1.1,0.1,1.3,2.1,2.1,1.7,1.8,-0.5,-0.1,2.5,2,1.9,1.8,-0.4,-0.3,1.9,2,1.6,1.8,-0.7,-0.3,2,2.1,1.7,1.8,-0.3,0.1,1.5,2.6,2.1,3.4,-1,-0.5,0.6,1.2,0.2,2.4,-0.6,0.4,1.6,2.6,2.1,3.4,-0.9,-0.4,1.9,3.3,3.3,4,-1.2,-1.2,0.1,0,0.7,0.4,0,0.1,1,0.3,0,-0.1,0.6,0.4,0.1,-0.1,0.4,0.4,0,0.1,1.9,0.4,0.1,0.1,2.6,0.4,0,0.1,1.7,0.4,0,0.2,1.2,0.4,0.1,0.2,0.2,0.1,0.1,0.2,0.1,0.1,0.1,0.2,0.2,0.1,0.2,0.2,0.2,0.1,-0.6,-0.2,0,-0.1,-0.6,-0.2,0,-0.1,-0.6,-0.2,0,-0.1,-0.7,-0.2,0,-0.1,0.2,-0.5,-0.2,0.3,0.1,-0.5,0.1,0.3,0.3,-0.4,-0.6,0.2,0.2,-1.1,-0.2,0.7,2.1,1.8,-1.5,-4.7,1.4,1.5,-1.5,-4.6,1.9,1.3,-1.5,-4.5,2.8,2.6,-1.4,-5.1,-0.3,-0.6,0.1,-0.3,-0.3,-0.7,0.3,-0.4,-0.2,-0.5,0.1,-0.3,-0.5,-0.6,0,-0.2,-0.4,0.8,0.2,-0.1,-0.3,0.9,0.1,-0.1,-0.5,0.8,0.2,-0.2,-0.3,0.7,0.2,-0.2,0.1,-0.5,0.7,0.8,0.1,-0.3,1.2,1.1,0.1,-0.7,0.8,0.9,0.1,-0.6,0.4,0.6,-0.2,-0.8,0.3,1.9,-0.2,-0.4,0.1,1.1,-0.1,-0.9,0.2,2,-0.2,-0.9,0.4,2.2,4.5,178.13,7.787,1.1175,67.31,10760,2388,28189.75,1.55,3.1
2020/1/31,1.4,-2,2.8,3.4,7.4,9,6.8,5.7,-3,-13.7,1.6,3.1,-16,-19,-14.9,-10.4,-1.5,-0.9,-1.9,-2.9,-5.5,-5.7,-5.5,-5.3,-2.7,-2.6,-2.7,-2.7,3.6,3.8,3.9,3.1,1.8,1.1,1.6,2.4,4.8,3,4.8,5.9,-2.2,-6.2,-0.5,0.3,1.5,1.7,1.4,1.2,-5.4,-14.1,-1.5,0.1,-19.3,-24.4,-16.4,-11.4,0,0,0,0,-3.5,-2.9,-3.4,-4,-0.4,-0.6,-0.4,-0.3,6.5,8,5.7,5.8,0.5,0.2,0.4,0.7,0.6,0.4,0.6,0.7,2.9,3.1,3.3,2.4,-1.7,-1.9,3.4,3.5,3.9,2.8,-5.5,-5.9,2.9,3.1,3.1,2.3,-0.3,-0.3,2.5,2.9,2.8,2.3,0.5,0.6,6.1,6.1,5.9,3.3,1.3,1.5,7.4,7.2,6.9,3.3,1.8,2.1,5.6,5.6,5.4,3.3,1.2,1.4,4.7,4.9,4.8,3.2,0.8,0.9,3,3.1,4,3,-6.1,-7,2.6,2.8,4.8,4.2,-16.5,-18.5,3.2,3.2,3.7,2.6,-1.6,-2.1,3.2,3.2,3.5,2.1,-0.1,-0.4,-6.6,-5.8,-5.9,-4.6,-10.2,-10.1,-7.8,-7,-7.1,-5.7,-12,-11.9,-6,-5.2,-5.4,-4.1,-9.7,-9.5,-4.6,-3.7,-3.8,-2.5,-6.7,-6.6,-1.3,-0.6,2.4,3.1,-0.9,-3.9,-0.8,-0.2,2.4,3.2,-0.7,-3.3,-1.6,-1,2.4,2.8,-0.9,-4.3,-2.8,-1.1,2.2,4,-1.8,-5.1,-3.1,-3.5,-2,0.3,-2,-3.5,-3.2,-4,-1.8,0.1,-1.7,-3.9,-2.8,-3.4,-1.6,0.3,-2.1,-3.9,-3.3,-3.1,-2.5,0.3,-2.2,-2.8,-2.2,-1.7,-1.2,-2.2,-1,-1.5,-2.2,-1.7,-1.5,-2.3,-0.9,-1.1,-2,-1.9,-1.2,-2.4,-0.8,-1.5,-2.3,-1.4,-1.1,-1.8,-1.3,-1.6,3.4,3.4,2.7,1.3,0.2,0.9,3.6,3.5,3,1.6,0.3,0.8,3.6,3.5,2.8,1.2,0.4,1.1,3,3.2,2.4,1.2,-0.1,0.7,1.6,2.1,1.9,2.3,-0.3,-0.1,1.6,1.9,2,2.1,-0.8,-0.9,1.3,2,1.8,2.4,-0.4,-0.2,1.8,2.3,2,2.4,0.1,0.4,1.6,2.6,1.4,2.9,2.2,3.4,0.6,1.5,-0.6,1.8,1.5,3.6,1.7,2.7,1.5,3,2.1,3.3,2.1,3,2.5,3.4,2.9,3.4,0.1,0.2,0.4,-0.1,0.1,0.2,0.3,-0.1,0.1,0.2,0.4,-0.1,0.1,0.1,0.6,-0.3,0.3,0.3,0.5,0.7,0.3,0.3,0.6,0.8,0.3,0.3,0.4,0.7,0.3,0.2,0.4,0.6,0.1,0.1,0.2,0.3,0.1,0.1,0.2,0.3,0.1,0.1,0.2,0.3,0.1,0.1,0.3,0.3,-0.3,0.9,-0.2,-7.1,-0.3,1,-0.2,-8.6,-0.3,0.9,-0.2,-6.3,-0.3,0.8,-0.2,-4.5,-1,0.8,0.1,0.2,-0.4,0.5,-0.3,0.1,-1.5,1,0.6,0.3,-2.3,1.7,-0.1,0.1,-4.3,1.9,-2.8,-2,-3.7,1.9,-2.8,-1.5,-4.6,1.9,-2.5,-1.5,-4.4,1.9,-3.1,-2.9,-0.3,0,0,-0.5,-0.5,0,0,-0.6,-0.2,-0.1,0.1,-0.4,-0.2,0,-0.3,-0.5,-0.3,0.1,0.2,0.5,-0.2,0,0.2,0.4,-0.4,0.2,0.3,0.5,-0.4,0.1,0.2,0.4,0.3,-0.7,1.1,0.8,0.2,-0.5,0.6,1.2,0.3,-0.8,1.2,0.9,0.4,-0.7,1.3,0.6,0.6,0.1,1.2,-1.7,0.4,0.4,0.4,-1.3,0.5,0.2,1.2,-1.7,0.7,-0.1,1.7,-1.9,5.4,177.58,7.77,1.1134,63.65,10765,2982,26312.63086,1.59,3.1
2020/2/29,2.2,2.7,2.1,1.8,6.2,7.6,5.7,4.6,2.7,2.3,2.9,2.8,-15.9,-18.8,-14.7,-10.3,0.9,0.8,1,1.7,-3.1,-3.1,-3.1,-2.9,-2.4,-2.5,-2.3,-2.4,4.3,4.7,4.6,3.8,1,0.4,0.9,1.6,-1.3,-2.6,-1.4,-0.5,2.5,6.6,0.8,0,0.9,1.1,0.9,0.8,6,16.7,1.8,0.2,0.6,0.6,0.6,0.6,2,0.7,2.9,4.7,-0.5,-0.2,-0.4,-0.9,-0.1,-0.1,-0.3,0.1,1.7,2,1.7,1.3,-0.6,-0.3,-0.5,-0.9,-1.1,-1.2,-1.1,-1.1,1.4,3,3.5,2.1,-0.8,-1.3,-2,3.5,4.1,2.6,-0.8,-1.4,2.8,2.9,3.2,1.9,-0.8,-1.1,3.4,2.5,3,1.8,-0.7,-1.2,7.4,6.3,6.3,3,-0.1,-0.1,9,7.6,7.5,3.2,0,0.1,6.8,5.8,5.8,2.9,-0.1,-0.1,5.7,4.9,5.2,2.8,-0.3,-0.6,-3,3,3.9,3,-0.3,-1.2,-13.7,2.7,4.7,4.2,-0.4,-2.4,1.6,3.2,3.5,2.6,-0.3,-0.6,3.1,3.2,3.4,2.2,-0.4,-0.6,-16,-6.4,-5.2,-4.7,-9.5,-10.7,-19,-7.6,-6.4,-5.8,-11.2,-12.4,-14.9,-5.8,-4.6,-4.2,-8.9,-10.1,-10.4,-4.3,-3.1,-2.6,-6,-7.2,-1.5,-0.1,0,2.6,1,0.9,-0.9,0.2,0.2,2.7,0.6,0.6,-1.9,-0.4,-0.3,2.5,1.4,1.3,-2.9,-0.4,-0.2,3.3,2.1,1.9,-5.5,-3.5,-0.6,-1.5,0.4,-2.5,-5.7,-3.4,-0.3,-1.5,0.3,-2.8,-5.5,-3.1,-0.1,-1.3,0,-3,-5.3,-3.9,-1.2,-1.7,1,-1.7,-2.7,-2.3,-1.5,-1.7,-0.1,-0.9,-2.6,-2.4,-1.8,-1.8,-0.1,-0.7,-2.7,-2.3,-1.4,-2,0,-0.9,-2.7,-2.1,-1.2,-1.3,-0.3,-1.2,3.6,3.3,2.8,1.4,1,1.5,3.8,3.5,3.1,1.8,1.2,1.6,3.9,3.4,2.8,1.2,1.2,1.8,3.1,3,2.6,1.3,0.8,1.2,1.8,2.1,2.9,1.4,-1.1,-1.9,1.1,2.5,2.5,1.6,-2.1,-2.1,1.6,1.9,3,1.1,-1,-2.1,2.4,2,3.2,1.4,-0.4,-1.6,4.8,1.5,1.3,1.6,-2.8,-2.6,3,0.6,-0.8,1.3,-3.2,-1.8,4.8,1.6,1.4,1.5,-3,-2.8,5.9,1.9,2.4,1.8,-2.4,-2.9,-2.2,0.1,0.2,0.9,-6.2,0,0.2,1.1,-0.5,0,0.2,0.9,0.3,0.1,0.1,0.9,1.5,0,0.4,1.9,1.7,0.1,0.4,2.2,1.4,0,0.3,1.7,1.2,0,0.4,1.6,-5.4,0.1,0.2,0.3,-14.1,0.1,0.2,0.2,-1.5,0.1,0.2,0.3,0.1,0.2,0.2,0.4,-19.3,-0.6,0.5,0.6,-24.4,-0.6,0.5,0.6,-16.4,-0.6,0.6,0.6,-11.4,-0.7,0.5,0.5,0,0.2,-0.8,-0.2,0,0.1,-0.3,-0.3,0,0.3,-1.3,-0.2,0,0.2,-1.5,-0.4,-3.5,2.1,-0.5,-3.6,-2.9,1.4,-0.3,-3.7,-3.4,1.9,-0.3,-3.4,-4,2.8,-0.8,-3.8,-0.4,-0.3,-0.1,-0.5,-0.6,-0.3,-0.1,-0.5,-0.4,-0.2,-0.1,-0.5,-0.3,-0.5,0,-0.6,6.5,-0.4,0.2,0.2,8,-0.3,0.1,0.2,5.7,-0.5,0.2,0.2,5.8,-0.3,0.4,0.2,0.5,0.1,-0.2,0,0.2,0.1,-0.2,0.2,0.4,0.1,-0.2,-0.1,0.7,0.1,-0.2,0,0.6,-0.2,0.1,2.5,0.4,-0.2,0.1,2.4,0.6,-0.1,0.2,2.6,0.7,-0.2,-0.1,2.6,5.2,178.11,7.793,1.1162,55.66,9889,2890,26129.92969,1.58,3.5
2020/3/31,2.3,2.5,2.3,2.1,5.7,6.8,5.2,4.4,2.6,2.2,2.8,2.7,-16.1,-19,-14.9,-10.6,-0.6,-0.4,-0.8,-1.3,-4,-3.7,-3.5,-4.9,-2.4,-2.4,-2.1,-2.7,3.5,3.3,3.9,3.1,1.1,0.6,1,1.5,1.1,-0.1,1,1.8,0,-0.2,0,0,-0.8,-1,-0.7,-0.6,0.1,0.1,0.2,0.1,-0.8,-0.8,-0.8,-0.8,-0.2,0,-0.4,-0.6,2.7,3.6,3.1,1.5,0.5,0.4,0.6,0.6,0.3,0.3,0.4,0.3,0,0.1,0,-0.1,0.4,0.8,0.4,0.1,2.2,2.9,3.2,2.1,-0.6,-0.9,2.7,3.4,3.5,2.4,-0.9,-1,2.1,2.9,3.1,1.9,-0.6,-0.8,1.8,2.5,3,1.9,-0.4,-0.9,6.2,6.1,6,3.1,-0.4,-0.3,7.6,7.4,7,3.3,-0.6,-0.2,5.7,5.6,5.5,3.1,-0.4,-0.3,4.6,4.7,4.9,2.9,-0.3,-0.5,2.7,3,3.2,2.9,-0.4,-0.6,2.3,2.6,2.9,4,-0.4,-0.7,2.9,3.2,3.4,2.4,-0.4,-0.6,2.8,3.2,3.4,2.2,-0.5,-0.7,-15.9,-6.6,-5.6,-5.4,-9.5,-10.5,-18.8,-7.8,-6.8,-6.5,-11.2,-12.2,-14.7,-6,-5.1,-4.9,-8.9,-9.8,-10.3,-4.6,-3.6,-3.3,-6,-7,0.9,-1.3,-0.9,2.5,0.7,0.3,0.8,-0.8,-0.5,2.9,0.4,0.1,1,-1.6,-1.3,2,0.8,0.5,1.7,-2.8,-2,2.6,1.5,0.7,-3.1,-3.1,-1.8,0.3,-0.9,-2.2,-3.1,-3.2,-2.1,0.8,-0.5,-1.6,-3.1,-2.8,-1.9,0.4,-0.7,-1.6,-2.9,-3.3,-1.5,-0.1,-1.6,-3.4,-2.4,-2.2,-1.7,-2.4,-0.2,-0.7,-2.5,-2.2,-2,-2.7,-0.2,-0.4,-2.3,-2,-1.7,-2.8,-0.1,-0.4,-2.4,-2.3,-1.5,-1.8,-0.4,-1.2,4.3,3.4,3.2,2.1,0.1,0.3,4.7,3.6,3.4,2.8,-0.3,-0.1,4.6,3.6,3.2,2,0.3,0.7,3.8,3,2.9,1.7,0.1,0.2,1,1.6,2.1,2,-0.5,-1,0.4,1.6,2,2,-1,-1.4,0.9,1.3,2,1.9,-0.3,-1,1.6,1.8,2.1,2.2,-0.3,-0.6,-1.3,1.6,2.6,1.1,-0.5,-1.5,-2.6,0.6,1.2,-0.2,-0.7,-1.3,-1.4,1.7,2.6,1.1,-0.7,-1.6,-0.5,2.1,3.3,1.8,-0.3,-1.5,2.5,0.1,0,-0.3,6.6,0.1,0.1,-0.3,0.8,0.1,-0.1,-0.3,0,0.1,-0.1,-0.4,0.9,0.3,0.1,-0.6,1.1,0.3,0.1,-0.7,0.9,0.3,0.1,-0.6,0.8,0.3,0.2,-0.7,6,0.1,0.2,0.2,16.7,0.1,0.2,0.2,1.8,0.1,0.2,0.2,0.2,0.1,0.2,0.2,0.6,-0.3,-0.2,-0.5,0.6,-0.3,-0.2,-0.4,0.6,-0.3,-0.2,-0.5,0.6,-0.3,-0.2,-0.5,2,-1,-0.5,0.7,0.7,-0.4,-0.5,0.6,2.9,-1.5,-0.4,0.5,4.7,-2.3,-1.1,1.2,-0.5,-4.3,1.8,4.1,-0.2,-3.7,1.5,4.3,-0.4,-4.6,1.3,4.1,-0.9,-4.4,2.6,3.9,-0.1,-0.3,-0.6,0.2,-0.1,-0.5,-0.7,0,-0.3,-0.2,-0.5,0,0.1,-0.2,-0.6,0.4,1.7,-0.3,0.8,1,2,-0.2,0.9,1.2,1.7,-0.4,0.8,0.9,1.3,-0.4,0.7,0.8,-0.6,0.3,-0.5,0,-0.3,0.2,-0.3,-0.1,-0.5,0.3,-0.7,0,-0.9,0.4,-0.6,0.1,-1.1,0.6,-0.8,-2.2,-1.2,0.4,-0.4,-1.8,-1.1,0.5,-0.9,-2.3,-1.1,0.7,-0.9,-2.2,4.3,175.51,7.755,1.09165,32.01,10993,2425,23603.48047,0.08,4.2
2020/4/30,1.9,2.3,1.9,1.5,6,7.2,5.5,4.6,1.8,1.6,2,1.9,-18.8,-21.9,-17.6,-13,0.7,0.6,0.9,0.1,-4.4,-3.2,-3.2,-6.3,-3.1,-2.9,-2.8,-3.4,2.9,2.7,3.2,2.7,0.1,0.2,0,0.1,0.9,-0.2,0.9,1.5,0.1,0.1,0.1,0.1,0.2,0.2,0.2,0.2,0.1,0.1,0.1,0.1,-2.1,-2.2,-2,-1.9,0.7,0.8,0.7,0.4,1.8,2.2,1.9,1.5,-0.4,-0.5,-0.4,-0.4,-0.6,-0.7,-0.6,-0.5,-0.5,-0.2,-0.5,-0.8,0.3,0.3,0.4,0.4,2.3,1.4,3.1,2.9,0.5,-1.2,2.5,-2,3.5,3,4.3,-1.2,2.3,2.8,3.1,2.8,-0.9,-1.2,2.1,3.4,2.9,3,-1.9,-1.4,5.7,7.4,6.1,3,-1.4,-0.1,6.8,9,7.2,3.2,-1.8,0,5.2,6.8,5.6,2.9,-1.3,-0.1,4.4,5.7,4.9,2.9,-1.1,-0.3,2.6,-3,3.1,4.3,4.8,-1.3,2.2,-13.7,2.8,5.2,15.3,-1.2,2.8,1.6,3.2,4.1,0.4,-1.2,2.7,3.1,3.2,3.6,-1.2,-1.3,-16.1,-16,-5.8,-4.3,-2.8,-13,-19,-19,-7,-5.3,-2.9,-14.9,-14.9,-14.9,-5.2,-4,-2.7,-12.4,-10.6,-10.4,-3.7,-2.4,-2.6,-9.3,-0.6,-1.5,-0.6,2.3,2.2,1.3,-0.4,-0.9,-0.2,2.6,1.5,0.8,-0.8,-1.9,-1,2,2.8,1.9,-1.3,-2.9,-1.1,2.4,3,1.2,-4,-5.5,-3.5,-1,1.1,-0.9,-3.7,-5.7,-4,-0.9,2.5,0.8,-3.5,-5.5,-3.4,-1.2,2.3,0.2,-4.9,-5.3,-3.1,-1,-1,-3.2,-2.4,-2.7,-1.7,-2.1,-0.4,-1.4,-2.4,-2.6,-1.7,-2.3,-0.3,-1.2,-2.1,-2.7,-1.9,-2.6,-0.1,-0.9,-2.7,-2.7,-1.4,-1.5,-0.7,-2,3.5,3.6,3.4,1.9,-0.7,-0.5,3.3,3.8,3.5,2.7,-1.1,-0.8,3.9,3.9,3.5,1.8,-0.7,-0.3,3.1,3.1,3.2,1.4,-0.4,-0.5,1.1,1.8,2.1,2.7,-1.7,-2,0.6,1.1,1.9,2.3,-0.9,-1.7,1,1.6,2,2.7,-1.6,-2,1.5,2.4,2.3,3,-2.3,-2.2,1.1,4.8,2.6,3.1,-3.9,-1.7,-0.1,3,1.5,1,-3.2,-1.7,1,4.8,2.7,3.1,-3.9,-1.8,1.8,5.9,3,4.3,-4.4,-1.5,0,-2.2,0.2,0.7,-0.2,-6.2,0.2,0.4,0,-0.5,0.2,0.7,0,0.3,0.1,1,-0.8,1.5,0.3,-0.1,-1,1.7,0.3,-0.2,-0.7,1.4,0.3,-0.1,-0.6,1.2,0.2,0,0.1,-5.4,0.1,0.8,0.1,-14.1,0.1,0.7,0.2,-1.5,0.1,0.9,0.1,0.1,0.1,0.9,-0.8,-19.3,0.9,0.8,-0.8,-24.4,1,1,-0.8,-16.4,0.9,0.8,-0.8,-11.4,0.8,0.7,-0.2,0,0.8,-0.3,0,0,0.5,-0.3,-0.4,0,1,-0.3,-0.6,0,1.7,-0.4,2.7,-3.5,1.9,2.8,3.6,-2.9,1.9,2,3.1,-3.4,1.9,2.4,1.5,-4,1.9,3.9,0.5,-0.4,0,0.3,0.4,-0.6,0,0.3,0.6,-0.4,-0.1,0.2,0.6,-0.3,0,0.4,0.3,6.5,0.1,0.4,0.3,8,0,0.4,0.4,5.7,0.2,0.5,0.3,5.8,0.1,0.3,0,0.5,-0.7,0.6,0.1,0.2,-0.5,0.3,0,0.4,-0.8,0.6,-0.1,0.7,-0.7,0.8,0.4,0.6,0.1,1.9,0.8,0.4,0.4,1.1,0.4,0.6,0.2,1.8,0.1,0.7,-0.1,2.3,3.3,175.9,7.751,1.09465,18.38,10535,2504,24643.58984,0.05,5.2
2020/5/31,1.5,1.7,1.5,1.2,4.8,5.8,4.5,3.6,1.6,1.4,1.7,1.7,-19.4,-22.7,-18.1,-13.3,0,0.7,-0.6,-0.7,-5.4,-5.5,-5.4,-5.4,-2.8,-2.7,-2.8,-2.9,2.9,2.6,3.3,2.6,0.6,1.2,0.5,0.2,0.7,-0.2,0.7,1.3,-0.3,-0.3,-0.3,-0.2,-0.4,-0.4,-0.3,-0.4,0,0,0,0,-1,-1.2,-1,-0.7,-0.5,-0.3,-0.6,-0.9,-2.3,-2.8,-3,-1.1,0.4,0.3,0.3,0.6,-0.4,-0.6,-0.3,-0.1,-0.1,-0.1,-0.1,-0.2,-0.5,-0.4,-0.5,-0.6,1.9,2.2,3,2.8,-0.7,-1.5,2.3,2.7,3.5,3.1,-1,-1.8,1.9,2.1,2.9,2.6,-0.6,-1.4,1.5,1.8,2.5,2.7,-0.6,-1.3,6,6.2,6.3,3.6,-1.4,-1.5,7.2,7.6,7.6,4,-1.8,-1.8,5.5,5.7,5.8,3.5,-1.2,-1.3,4.6,4.6,4.9,3.3,-1,-1.3,1.8,2.7,3,4.2,-1.1,-1.4,1.6,2.3,2.7,5.1,-0.9,-1.3,2,2.9,3.2,3.9,-1.2,-1.5,1.9,2.8,3.2,3.6,-1.1,-1.5,-18.8,-15.9,-6.4,-4.9,-3.5,-13,-21.9,-18.8,-7.6,-5.9,-3.9,-15.1,-17.6,-14.7,-5.8,-4.5,-3.4,-12.3,-13,-10.3,-4.3,-2.9,-3,-9,0.7,0.9,-0.1,3.2,-0.9,0.1,0.6,0.8,0.2,3,-0.1,0.5,0.9,1,-0.4,3.2,-1.6,-0.2,0.1,1.7,-0.4,3.8,-2.4,-0.3,-4.4,-3.1,-3.5,-1.2,-2.3,-1.9,-3.2,-3.1,-3.4,-0.6,-2.4,-2.1,-3.2,-3.1,-3.1,-0.9,-2.3,-2.3,-6.3,-2.9,-3.9,-1.8,-2.5,-1.5,-3.1,-2.4,-2.3,-2,-0.4,-0.5,-2.9,-2.5,-2.4,-2.1,-0.2,-0.3,-2.8,-2.3,-2.3,-2.4,-0.5,-0.5,-3.4,-2.4,-2.1,-1.4,-0.5,-0.8,2.9,4.3,3.3,2.1,-1.4,-0.4,2.7,4.7,3.5,2.6,-2.1,-0.9,3.2,4.6,3.4,2,-1.3,-0.1,2.7,3.8,3,1.7,-1.2,-0.4,0.1,1,2.1,1.5,-0.4,-1.5,0.2,0.4,2.5,0.9,0.8,-1.3,0,0.9,1.9,1.4,-0.4,-1.4,0.1,1.6,2,2,-1.4,-1.8,0.9,-1.3,1.5,2.1,2,-0.8,-0.2,-2.6,0.6,0.4,2.4,-0.8,0.9,-1.4,1.6,2,2.1,-0.9,1.5,-0.5,1.9,3.1,1.8,-0.6,0.1,2.5,0.1,-0.1,0.1,6.6,0,0.1,0.1,0.8,0,-0.1,0.1,0,0.1,-0.3,0.2,0.9,0,0.7,0.2,1.1,0.1,0.9,0.2,0.9,0,0.6,0.2,0.8,0,0.6,0.1,6,0.1,0.2,0.1,16.7,0.1,0.2,0.1,1.8,0.1,0.2,0.1,0.2,0.2,0.2,-2.1,0.6,-0.6,-0.4,-2.2,0.6,-0.6,-0.4,-2,0.6,-0.6,-0.5,-1.9,0.6,-0.7,-0.5,0.7,2,0.2,0,0.8,0.7,0.1,-0.1,0.7,2.9,0.3,0.2,0.4,4.7,0.2,-0.2,1.8,-0.5,2.1,-1.6,2.2,-0.2,1.4,-1.1,1.9,-0.4,1.9,-1.2,1.5,-0.9,2.8,-2.3,-0.4,-0.1,-0.3,-0.4,-0.5,-0.1,-0.3,-0.3,-0.4,-0.3,-0.2,-0.4,-0.4,0.1,-0.5,-0.4,-0.6,1.7,-0.4,-0.1,-0.7,2,-0.3,0,-0.6,1.7,-0.5,-0.1,-0.5,1.3,-0.3,0,-0.5,-0.6,0.1,-0.8,-0.2,-0.3,0.1,-1.2,-0.5,-0.5,0.1,-0.9,-0.8,-0.9,0.1,-0.5,0.3,-1.1,-0.2,-1.4,0.3,-1.2,-0.2,-1.1,0.4,-1.1,-0.1,-1.3,0.4,-1.1,-0.2,-1.5,2.4,180.26,7.753,1.0862,29.38,14903,2173,22961.4707,0.05,6
2020/6/30,0.7,0.6,0.8,0.7,2.7,3,2.6,2.2,1.4,1.2,1.5,1.4,-18.6,-21.9,-17.3,-12.6,0.1,0.3,0.2,-1.1,-5.3,-4.8,-4.8,-6.1,-3.5,-3.6,-3.3,-3.6,2.7,2.5,3.2,2.3,0,0,-0.2,0.1,0.8,-0.1,0.8,1.3,-0.1,-0.1,-0.1,-0.1,-0.1,-0.1,-0.1,-0.1,-0.1,-0.1,-0.1,-0.1,0.9,1,0.9,0.9,-0.5,0,-0.8,-1.5,-1.3,-1.2,-1.1,-1.7,-0.7,-0.6,-0.6,-0.8,-1.3,-1.5,-1,-1.3,0.3,0.1,0.3,0.4,0.2,0.1,0.1,0.2,1.5,2.3,2.9,3.3,-1.6,-2.2,1.7,2.5,3.4,3.9,-1.9,-2.8,1.5,2.3,2.9,3,-1.5,-2.1,1.2,2.1,2.5,2.9,-1.4,-1.8,4.8,5.7,6.1,5.6,-3,-3.4,5.8,6.8,7.4,6.5,-3.8,-4.4,4.5,5.2,5.6,5.2,-2.6,-3,3.6,4.4,4.7,4.5,-2.2,-2.5,1.6,2.6,3,4.1,-1.2,-1.6,1.4,2.2,2.6,4.9,-1,-1.4,1.7,2.8,3.2,3.8,-1.3,-1.7,1.7,2.7,3.2,3.5,-1.3,-1.8,-19.4,-16.1,-6.6,-5.1,-2.5,-12,-22.7,-19,-7.8,-6.2,-2.9,-14.1,-18.1,-14.9,-6,-4.6,-2.4,-11.3,-13.3,-10.6,-4.6,-3,-2,-8,0,-0.6,-1.3,1.8,0.7,1.4,0.7,-0.4,-0.8,2.2,0.7,1.1,-0.6,-0.8,-1.6,1.5,1,1.8,-0.7,-1.3,-2.8,1.3,0.2,1.7,-5.4,-4,-3.1,-3.1,-1.3,-2.2,-5.5,-3.7,-3.2,-2.9,-1.1,-1.6,-5.4,-3.5,-2.8,-3,-1.3,-2,-5.4,-4.9,-3.3,-3.2,-1.2,-2.8,-2.8,-2.4,-2.2,-1.5,-1.1,-1.3,-2.7,-2.4,-2.2,-1.6,-1.2,-1.4,-2.8,-2.1,-2,-1.8,-1.2,-1.3,-2.9,-2.7,-2.3,-1.1,-0.9,-1.3,2.9,3.5,3.4,2.1,-0.8,-0.7,2.6,3.3,3.6,2.7,-0.8,-1.1,3.3,3.9,3.6,2.1,-0.7,-0.4,2.6,3.1,3,1.7,-0.8,-0.7,0.6,1.1,1.6,1.7,-1.1,-1.6,1.2,0.6,1.6,1.9,-0.6,-1.6,0.5,1,1.3,1.6,-1.2,-1.5,0.2,1.5,1.8,1.7,-1.4,-1.7,0.7,1.1,1.6,2.1,-0.3,-0.8,-0.2,-0.1,0.6,0.2,0,-0.7,0.7,1,1.7,2.1,-0.2,-0.9,1.3,1.8,2.1,3.3,-0.5,-0.8,-0.3,0,0.1,0.7,-0.3,-0.2,0.1,1,-0.3,0,0.1,0.6,-0.2,0,0.1,0.4,-0.4,-0.8,0.3,1.9,-0.4,-1,0.3,2.6,-0.3,-0.7,0.3,1.7,-0.4,-0.6,0.3,1.2,0,0.1,0.1,0.2,0,0.1,0.1,0.1,0,0.2,0.1,0.2,0,0.1,0.1,0.2,-1,-0.8,-0.3,0,-1.2,-0.8,-0.3,0,-1,-0.8,-0.3,0,-0.7,-0.8,-0.3,0,-0.5,-0.2,-1,-0.2,-0.3,0,-0.4,0.1,-0.6,-0.4,-1.5,-0.6,-0.9,-0.6,-2.3,-0.2,-2.3,2.7,-4.3,-1.5,-2.8,3.6,-3.7,-1.5,-3,3.1,-4.6,-1.5,-1.1,1.5,-4.4,-1.4,0.4,0.5,-0.3,0.1,0.3,0.4,-0.5,0.3,0.3,0.6,-0.2,0.1,0.6,0.6,-0.2,0,-0.4,0.3,-0.3,0.2,-0.6,0.3,-0.2,0.1,-0.3,0.4,-0.4,0.2,-0.1,0.3,-0.4,0.2,-0.1,0,0.3,0.7,-0.1,0.1,0.2,1.2,-0.1,0,0.3,0.8,-0.2,-0.1,0.4,0.4,-0.5,0.4,0.6,0.3,-0.4,0.8,0.4,0.1,-0.5,0.4,0.5,0.2,-0.6,0.1,0.7,0.4,2.5,178.48,7.7515,1.09615,40.27,16531,2191,24427.18945,0.08,6.2
2020/7/31,-2.3,-6,-0.7,-0.1,0.8,1.3,0.6,0,-4.8,-15.2,-0.4,1,-18.6,-21.8,-17.4,-12.6,0.3,0.6,0.2,-0.3,-4.7,-4,-4.7,-5.2,-3.2,-3.6,-3.3,-2.9,2.3,2.1,2.7,1.9,-3.7,-5.2,-4,-2.3,0.6,0.1,0.6,0.9,-2.8,-6.5,-1.3,-0.5,-1.3,-1,-1.4,-1.7,-5.7,-14.4,-1.8,-0.1,-0.2,-0.1,-0.2,-0.4,0.3,0,0.4,0.8,-1.7,-1.9,-1.7,-1.7,0,0.2,0,-0.1,-0.4,-0.4,-0.5,-0.2,-2.8,-4.8,-2.9,-1.4,0.4,0.2,0.4,0.6,0.7,1.9,1.4,3.3,-4.2,-3.7,0.6,2.3,-2,3.9,-8.3,-4,0.8,1.9,2.8,3.1,-2.6,-3.5,0.7,1.5,3.4,2.8,-1.6,-3.5,2.7,6,7.4,5.9,-5.2,-6.6,3,7.2,9,6.9,-5.9,-7.7,2.6,5.5,6.8,5.4,-4.9,-6.2,2.2,4.6,5.7,4.8,-4.6,-5.7,1.4,1.8,-3,4,-6.6,-1.8,1.2,1.6,-13.7,4.8,-16.8,-1.5,1.5,2,1.6,3.7,-2.4,-2,1.4,1.9,3.1,3.5,-0.9,-2.1,-18.6,-18.8,-16,-5.9,0.2,-2.6,-21.9,-21.9,-19,-7.1,0.1,-2.8,-17.3,-17.6,-14.9,-5.4,0.2,-2.5,-12.6,-13,-10.4,-3.8,0.4,-2.2,0.1,0.7,-1.5,2.4,-0.4,1.8,0.3,0.6,-0.9,2.4,0,1.5,0.2,0.9,-1.9,2.4,-0.7,2.1,-1.1,0.1,-2.9,2.2,-0.4,2.6,-5.3,-4.4,-5.5,-2,-0.3,0.8,-4.8,-3.2,-5.7,-1.8,-0.8,1.7,-4.8,-3.2,-5.5,-1.6,-1.5,0.8,-6.1,-6.3,-5.3,-2.5,1.1,0.1,-3.5,-3.1,-2.7,-1.2,-0.1,-0.5,-3.6,-2.9,-2.6,-1.5,-0.7,-1,-3.3,-2.8,-2.7,-1.2,-0.5,-0.6,-3.6,-3.4,-2.7,-1.1,0.5,-0.2,2.7,2.9,3.6,2.7,-0.6,-1.3,2.5,2.7,3.8,3,-0.6,-1.7,3.2,3.2,3.9,2.8,-0.5,-1.2,2.3,2.7,3.1,2.4,-0.8,-1.2,0,0.1,1.8,1.9,-3.8,-5.5,0,0.2,1.1,2,-5.4,-6.3,-0.2,0,1.6,1.8,-4,-5.6,0.1,0.1,2.4,2,-2.4,-4.7,0.8,0.9,4.8,1.4,-0.3,-4.2,-0.1,-0.2,3,-0.6,0.3,-2.9,0.8,0.9,4.8,1.5,-0.3,-4.2,1.3,1.5,5.9,2.5,-0.6,-5,-0.1,0.1,-2.2,0.4,-0.1,0.1,-6.2,0.3,-0.1,0.1,-0.5,0.4,-0.1,0.1,0.3,0.6,-0.1,0.2,1.5,0.5,-0.1,0.2,1.7,0.6,-0.1,0.2,1.4,0.4,-0.1,0.2,1.2,0.4,-0.1,0.1,-5.4,0.2,-0.1,0.1,-14.1,0.2,-0.1,0.1,-1.5,0.2,-0.1,0.1,0.1,0.3,0.9,-2.1,-19.3,-0.2,1,-2.2,-24.4,-0.2,0.9,-2,-16.4,-0.2,0.9,-1.9,-11.4,-0.2,-0.5,0.7,0,0.1,0,0.8,0,-0.3,-0.8,0.7,0,0.6,-1.5,0.4,0,-0.1,-1.3,1.8,-3.5,-2.8,-1.2,2.2,-2.9,-2.8,-1.1,1.9,-3.4,-2.5,-1.7,1.5,-4,-3.1,-0.7,-0.4,-0.4,0,-0.6,-0.5,-0.6,0,-0.6,-0.4,-0.4,0.1,-0.8,-0.4,-0.3,-0.3,-1.3,-0.6,6.5,0.2,-1.5,-0.7,8,0.2,-1,-0.6,5.7,0.3,-1.3,-0.5,5.8,0.2,0.3,-0.5,0.5,1.1,0.1,-0.2,0.2,0.6,0.3,-0.5,0.4,1.2,0.4,-0.8,0.7,1.3,0.2,0.3,0.6,1.2,0.1,0.3,0.4,0.4,0.1,0.4,0.6,1.2,0.2,0.4,0.7,1.7,2.7,181.69,7.7515,1.10825,43.24,17801,1930,24595.34961,0.1,6.2
2020/8/31,-0.4,-0.6,-0.4,-0.1,0.5,1.1,0.3,-0.1,0.6,0.5,0.7,0.7,-19.3,-22.3,-18.2,-13.6,1.4,1.1,1.8,2.1,-7.6,-7.2,-7.8,-7.5,-4.2,-4.5,-4.3,-3.9,2.9,2.7,3.5,2.4,-2.4,-4.6,-2.8,-0.5,0.7,0.1,0.6,1.2,2.2,6.2,0.5,-0.1,0.2,0.2,0.2,0.2,5.8,16.6,1.5,-0.1,-0.5,-0.4,-0.5,-0.7,0.2,-0.3,0.6,1.2,-3,-3.2,-3.3,-2.6,-1.8,-1.6,-1.8,-2.1,-0.2,-0.5,-0.1,-0.1,0.5,0.3,0.4,0.8,0,0,0,0.1,-2.3,1.5,2.2,3.5,-1.9,-2.6,-6,1.7,2.7,4.1,-2.3,-3.3,-0.7,1.5,2.1,3.2,-1.9,-2.5,-0.1,1.2,1.8,3,-1.3,-1.9,0.8,4.8,6.2,6.3,-4.3,-5.7,1.3,5.8,7.6,7.5,-4.7,-6.5,0.6,4.5,5.7,5.8,-4.2,-5.4,0,3.6,4.6,5.2,-3.7,-4.7,-4.8,1.6,2.7,3.9,-1,-2.1,-15.2,1.4,2.3,4.7,-0.9,-1.8,-0.4,1.7,2.9,3.5,-1,-2.2,1,1.7,2.8,3.4,-1,-2.1,-18.6,-19.4,-15.9,-5.2,0.1,-3.4,-21.8,-22.7,-18.8,-6.4,0.4,-3.5,-17.4,-18.1,-14.7,-4.6,-0.1,-3.5,-12.6,-13.3,-10.3,-3.1,-0.3,-3.3,0.3,0,0.9,0,1.4,0.5,0.6,0.7,0.8,0.2,0.4,0.3,0.2,-0.6,1,-0.3,2.4,0.8,-0.3,-0.7,1.7,-0.2,2.8,0.4,-4.7,-5.4,-3.1,-0.6,-2.2,-4.5,-4,-5.5,-3.1,-0.3,-1.7,-4.1,-4.7,-5.4,-3.1,-0.1,-2.4,-4.7,-5.2,-5.4,-2.9,-1.2,-2.1,-4.6,-3.2,-2.8,-2.4,-1.5,-1.4,-1.8,-3.6,-2.7,-2.5,-1.8,-1.8,-2,-3.3,-2.8,-2.3,-1.4,-1.5,-2,-2.9,-2.9,-2.4,-1.2,-1,-1.5,2.3,2.9,4.3,2.8,0,-1.4,2.1,2.6,4.7,3.1,0.1,-2,2.7,3.3,4.6,2.8,0.2,-1.1,1.9,2.6,3.8,2.6,-0.2,-1.4,-3.7,0.6,1,2.9,-3,-3.4,-5.2,1.2,0.4,2.5,-5.8,-5,-4,0.5,0.9,3,-3.3,-3.7,-2.3,0.2,1.6,3.2,-0.7,-2.1,0.6,0.7,-1.3,1.3,0,2,0.1,-0.2,-2.6,-0.8,0.3,2.7,0.6,0.7,-1.4,1.4,-0.1,2,0.9,1.3,-0.5,2.4,-0.1,1.7,-2.8,-0.3,2.5,0.2,-6.5,-0.3,6.6,0.2,-1.3,-0.3,0.8,0.2,-0.5,-0.2,0,0.1,-1.3,-0.4,0.9,0.4,-1,-0.4,1.1,0.4,-1.4,-0.3,0.9,0.3,-1.7,-0.4,0.8,0.4,-5.7,0,6,0.2,-14.4,0,16.7,0.2,-1.8,0,1.8,0.2,-0.1,0,0.2,0.2,-0.2,-1,0.6,0.5,-0.1,-1.2,0.6,0.5,-0.2,-1,0.6,0.6,-0.4,-0.7,0.6,0.5,0.3,-0.5,2,-0.8,0,-0.3,0.7,-0.3,0.4,-0.6,2.9,-1.3,0.8,-0.9,4.7,-1.5,-1.7,-2.3,-0.5,-0.5,-1.9,-2.8,-0.2,-0.3,-1.7,-3,-0.4,-0.3,-1.7,-1.1,-0.9,-0.8,0,0.4,-0.1,-0.1,0.2,0.3,-0.1,-0.1,0,0.3,-0.3,-0.1,-0.1,0.6,0.1,0,-0.4,-0.4,1.7,0.2,-0.4,-0.6,2,0.1,-0.5,-0.3,1.7,0.2,-0.2,-0.1,1.3,0.4,-2.8,-0.1,-0.6,-0.2,-4.8,-0.1,-0.3,-0.2,-2.9,-0.1,-0.5,-0.2,-1.4,-0.2,-0.9,-0.2,0.4,-0.5,-1.1,0.1,0.2,-0.4,-1.2,0.1,0.4,-0.5,-1.1,0.2,0.6,-0.6,-1.1,-0.1,2.4,177.43,7.7515,1.13075,44.74,16297,1814,25177.05078,0.09,6.4
2020/9/30,-2.2,-5.9,-0.7,0,1.6,1.9,1.5,1,-5.3,-15.6,-1.1,0.5,-19.8,-22.7,-18.7,-14.3,1.8,1.6,1.9,2.6,-7,-6.4,-6.8,-7.5,-3,-3.5,-3.1,-2.6,1.9,1.6,2.4,1.5,-2.1,-4.4,-2.4,-0.2,0.6,0.3,0.6,0.7,-2,-5.8,-0.4,0.3,0.9,0.7,0.9,1.1,-5.6,-14.4,-1.7,-0.1,-1.1,-1.1,-1.1,-1.1,0.2,0.4,0,0.1,2.1,1.7,2.2,2.2,0.7,0.5,0.6,0.9,-0.8,-0.7,-1,-0.7,0.1,0.2,0.2,0,0,0.2,0,-0.2,-0.4,0.7,2.3,3.2,-2.9,-4.5,-0.6,0.6,2.5,3.5,-6.5,-8.4,-0.4,0.8,2.3,3.1,-1.5,-3,-0.1,0.7,2.1,3,-0.7,-2.1,0.5,2.7,5.7,6,-1.1,-4.1,1.1,3,6.8,7,-1.1,-4.9,0.3,2.6,5.2,5.5,-1.1,-3.7,-0.1,2.2,4.4,4.9,-1.2,-3.4,0.6,1.4,2.6,3.2,-6.7,-7.9,0.5,1.2,2.2,2.9,-16.8,-17.8,0.7,1.5,2.8,3.4,-2.6,-3.9,0.7,1.4,2.7,3.4,-0.9,-2.2,-19.3,-18.6,-16.1,-5.6,-1.2,-3.7,-22.3,-21.9,-19,-6.8,-0.8,-3.7,-18.2,-17.3,-14.9,-5.1,-1.4,-3.8,-13.6,-12.6,-10.6,-3.6,-1.7,-3.7,1.4,0.1,-0.6,-0.9,1.7,2.4,1.1,0.3,-0.4,-0.5,1.3,2,1.8,0.2,-0.8,-1.3,1.7,2.7,2.1,-1.1,-1.3,-2,3.7,3.9,-7.6,-5.3,-4,-1.8,-1.7,-3,-7.2,-4.8,-3.7,-2.1,-1.6,-2.7,-7.8,-4.8,-3.5,-1.9,-2,-3.3,-7.5,-6.1,-4.9,-1.5,-1.4,-2.6,-4.2,-3.5,-2.4,-1.7,0.5,-0.6,-4.5,-3.6,-2.4,-2,0.1,-1.1,-4.3,-3.3,-2.1,-1.7,0.2,-1,-3.9,-3.6,-2.7,-1.5,1,0.1,2.9,2.7,3.5,3.2,-0.8,-1.6,2.7,2.5,3.3,3.4,-0.9,-1.7,3.5,3.2,3.9,3.2,-0.8,-1.5,2.4,2.3,3.1,2.9,-0.8,-1.6,-2.4,0,1.1,2.1,-2.1,-3.2,-4.6,0,0.6,2,-4.4,-5,-2.8,-0.2,1,2,-2.2,-3.4,-0.5,0.1,1.5,2.1,-0.3,-1.7,0.7,0.8,1.1,2.6,-0.2,-0.5,0.1,-0.1,-0.1,1.2,0.4,0.4,0.6,0.8,1,2.6,-0.2,-0.4,1.2,1.3,1.8,3.3,-0.6,-1.1,2.2,-0.1,0,0,6.2,-0.1,-0.2,0.1,0.5,-0.1,0,-0.1,-0.1,-0.1,0,-0.1,0.2,-0.1,-0.8,0.1,0.2,-0.1,-1,0.1,0.2,-0.1,-0.7,0.1,0.2,-0.1,-0.6,0.2,5.8,-0.1,0.1,0.2,16.6,-0.1,0.1,0.2,1.5,-0.1,0.2,0.2,-0.1,-0.1,0.1,0.2,-0.5,0.9,-0.8,-0.2,-0.4,1,-0.8,-0.2,-0.5,0.9,-0.8,-0.2,-0.7,0.9,-0.8,-0.2,0.2,-0.5,-0.2,-0.5,-0.3,0,0,-0.5,0.6,-0.8,-0.4,-0.4,1.2,-1.5,-0.6,-1.1,-3,-1.3,2.7,1.8,-3.2,-1.2,3.6,1.5,-3.3,-1.1,3.1,1.3,-2.6,-1.7,1.5,2.6,-1.8,-0.7,0.5,-0.6,-1.6,-0.6,0.4,-0.7,-1.8,-0.6,0.6,-0.5,-2.1,-0.8,0.6,-0.6,-0.2,-1.3,0.3,0.8,-0.5,-1.5,0.3,0.9,-0.1,-1,0.4,0.8,-0.1,-1.3,0.3,0.7,0.5,0.3,0,-0.5,0.3,0.1,0.1,-0.3,0.4,0.3,0,-0.7,0.8,0.4,-0.1,-0.6,0,0.2,0.4,-0.8,0,0.1,0.8,-0.4,0,0.1,0.4,-0.9,0.1,0.2,0.1,-0.9,1.7,176.74,7.7515,1.1372,40.91,15782,1892,23459.05078,0.09,6.5
2020/10/31,-0.4,-0.5,-0.4,-0.1,1.8,2.1,1.7,1.4,0.4,0.9,0.1,0.3,-24.5,-29.2,-21.6,-17.1,0.1,0.7,-0.2,-1.1,-5.2,-4.4,-5.5,-5.6,-2.3,-2.7,-2.2,-2,3.3,4.6,2.5,2.7,-2.5,-4.3,-2.5,-1.1,0.6,0.4,0.6,0.7,2.5,6.7,0.7,0.1,0.4,0.3,0.4,0.4,6.1,17.6,1.5,-0.1,-1.5,-1.5,-1.4,-1.5,-1.2,-0.4,-1.7,-3,3.1,2.9,3.3,3,0.2,0.1,0.2,0.2,-0.7,-0.6,-0.7,-0.8,-0.1,-0.1,-0.1,-0.2,-0.1,-0.1,-0.1,-0.1,-2.2,-2.3,1.9,3.1,1.9,-2.3,-5.9,-6,2.3,3.5,5.5,-2.8,-0.7,-0.7,1.9,3.1,0.3,-2.3,0,-0.1,1.5,2.9,0,-1.6,1.6,0.8,6,6.1,1,-4.2,1.9,1.3,7.2,7.2,0.8,-5.1,1.5,0.6,5.5,5.6,1.1,-3.8,1,0,4.6,4.9,1.4,-3.2,-5.3,-4.8,1.8,3.1,5.2,-1.4,-15.6,-15.2,1.6,2.8,16.1,-0.7,-1.1,-0.4,2,3.2,0.5,-1.9,0.5,1,1.9,3.2,-0.7,-1.6,-19.8,-18.6,-18.8,-5.8,-5.9,-5.7,-22.7,-21.8,-21.9,-7,-7.4,-7.3,-18.7,-17.4,-17.6,-5.2,-4.2,-4,-14.3,-12.6,-13,-3.7,-4.5,-4.1,1.8,0.3,0.7,-0.6,-0.2,-0.6,1.6,0.6,0.6,-0.2,0.1,0.1,1.9,0.2,0.9,-1,-0.4,-1.1,2.6,-0.3,0.1,-1.1,-0.8,-1.2,-7,-4.7,-4.4,-3.5,-0.5,-0.8,-6.4,-4,-3.2,-4,-0.4,-1.2,-6.8,-4.7,-3.2,-3.4,-0.8,-2.3,-7.5,-5.2,-6.3,-3.1,-0.4,0.7,-3,-3.2,-3.1,-1.7,0.9,0.8,-3.5,-3.6,-2.9,-1.7,0.9,0.2,-3.1,-3.3,-2.8,-1.9,1.1,0.6,-2.6,-2.9,-3.4,-1.4,0.9,1.4,1.9,2.3,2.9,3.4,1,0.4,1.6,2.1,2.7,3.5,2.5,1.9,2.4,2.7,3.2,3.5,-0.2,-0.7,1.5,1.9,2.7,3.2,0.8,0,-2.1,-3.7,0.1,2.1,1.2,-2.6,-4.4,-5.2,0.2,1.9,0.9,-4.5,-2.4,-4,0,2,1.5,-2.5,-0.2,-2.3,0.1,2.3,1.2,-1.2,0.6,0.6,0.9,2.6,0,-0.3,0.3,0.1,-0.2,1.5,0.3,0.6,0.6,0.6,0.9,2.7,0,-0.3,0.7,0.9,1.5,3,-0.2,-0.8,-2,-2.8,0.1,0.2,-5.8,-6.5,0.1,0.2,-0.4,-1.3,0.1,0.2,0.3,-0.5,0.1,0.1,0.9,-1.3,0.2,0.3,0.7,-1,0.2,0.3,0.9,-1.4,0.2,0.3,1.1,-1.7,0.2,0.2,-5.6,-5.7,0.1,0.1,-14.4,-14.4,0.1,0.1,-1.7,-1.8,0.1,0.1,-0.1,-0.1,0.1,0.1,-1.1,-0.2,-2.1,0.9,-1.1,-0.1,-2.2,1,-1.1,-0.2,-2,0.9,-1.1,-0.4,-1.9,0.8,0.2,0.3,0.7,0.8,0.4,0,0.8,0.5,0,0.4,0.7,1,0.1,0.8,0.4,1.7,2.1,-1.7,1.8,1.9,1.7,-1.9,2.2,1.9,2.2,-1.7,1.9,1.9,2.2,-1.7,1.5,1.9,0.7,0,-0.4,0,0.5,0.2,-0.5,0,0.6,0,-0.4,-0.1,0.9,-0.1,-0.4,0,-0.8,-0.4,-0.6,0.1,-0.7,-0.4,-0.7,0,-1,-0.5,-0.6,0.2,-0.7,-0.2,-0.5,0.1,0.1,-2.8,-0.5,-0.7,0.2,-4.8,-0.2,-0.5,0.2,-2.9,-0.5,-0.8,0,-1.4,-0.8,-0.7,0,0.4,0.3,0.1,0.2,0.2,0.3,0.4,0,0.4,0.4,0.2,-0.2,0.6,0.4,-0.1,0.5,176.84,7.752,1.1574,40.19,13076,2159,24107.41992,0.09,6.5
2020/11/30,-0.3,-0.4,-0.4,-0.1,1.8,2,1.7,1.5,0.5,1.4,0,0.1,-25,-29.9,-22.2,-17.6,1.4,0.9,1.7,2.2,-5.4,-4.6,-6.1,-5.2,-1.4,-1.9,-1.5,-0.8,3.4,4.5,2.6,3.3,-2.6,-4.4,-2.7,-1.3,0.4,0.1,0.4,0.6,0.1,0.2,0,0.1,0,0,0,0.1,0.2,0.6,0,-0.1,-1.4,-1.5,-1.3,-1.3,1.4,0.3,2.2,3.6,1.9,1.2,1.2,3.2,0.7,0.6,0.6,0.8,-0.3,-0.4,-0.4,0.2,0,0,0,-0.1,-0.3,-0.5,-0.3,-0.2,-0.4,-0.4,1.5,3,0.1,-1.8,-0.5,-0.6,1.7,3.5,0.2,-2.1,-0.4,-0.4,1.5,2.9,0,-1.9,-0.1,-0.1,1.2,2.5,0,-1.3,1.8,0.5,4.8,6.3,1.3,-3,2.1,1.1,5.8,7.6,0.9,-3.8,1.7,0.3,4.5,5.8,1.4,-2.8,1.4,-0.1,3.6,4.9,1.6,-2.1,0.4,0.6,1.6,3,-0.1,-1.1,0.9,0.5,1.4,2.7,0.9,0,0.1,0.7,1.7,3.2,-0.7,-1.7,0.3,0.7,1.7,3.2,-0.6,-1.6,-24.5,-19.3,-19.4,-6.4,-5.7,-5.6,-29.2,-22.3,-22.7,-7.6,-7.6,-7.2,-21.6,-18.2,-18.1,-5.8,-4,-4.1,-17.1,-13.6,-13.3,-4.3,-4,-4.3,0.1,1.4,0,-0.1,0,1.4,0.7,1.1,0.7,0.2,-0.2,0.2,-0.2,1.8,-0.6,-0.4,-0.1,2.3,-1.1,2.1,-0.7,-0.4,0.1,2.9,-5.2,-7.6,-5.4,-3.5,2.2,0,-4.4,-7.2,-5.5,-3.4,2.6,0.9,-5.5,-7.8,-5.4,-3.1,1.7,-0.7,-5.6,-7.5,-5.4,-3.9,2.3,0.2,-2.3,-4.2,-2.8,-2.3,2.8,1.4,-2.7,-4.5,-2.7,-2.4,2.6,0.8,-2.2,-4.3,-2.8,-2.3,2.8,1.3,-2,-3.9,-2.9,-2.1,3.1,2.1,3.3,2.9,2.9,3.3,0.5,0.5,4.6,2.7,2.6,3.5,1.8,1.9,2.5,3.5,3.3,3.4,-0.9,-0.7,2.7,2.4,2.6,3,0.9,0.7,-2.5,-2.4,0.6,2.1,-0.2,-3.2,-4.3,-4.6,1.2,2.5,0.2,-5.6,-2.5,-2.8,0.5,1.9,0.1,-3.2,-1.1,-0.5,0.2,2,-0.8,-1.5,0.6,0.7,0.7,1.5,-0.3,-0.3,0.4,0.1,-0.2,0.6,0,0.3,0.6,0.6,0.7,1.6,-0.2,-0.3,0.7,1.2,1.3,1.9,-0.6,-0.7,2.5,2.2,-0.3,0.1,6.7,6.2,-0.3,0,0.7,0.5,-0.3,0,0.1,-0.1,-0.2,0.1,0.4,0.2,-0.4,0,0.3,0.2,-0.4,0.1,0.4,0.2,-0.3,0,0.4,0.2,-0.4,0,6.1,5.8,0,0.1,17.6,16.6,0,0.1,1.5,1.5,0,0.1,-0.1,-0.1,0,0.2,-1.5,-0.5,-1,-0.6,-1.5,-0.4,-1.2,-0.6,-1.4,-0.5,-1,-0.6,-1.5,-0.7,-0.7,-0.7,-1.2,0.2,-0.5,0.2,-0.4,-0.3,-0.3,0.1,-1.7,0.6,-0.6,0.3,-3,1.2,-0.9,0.2,3.1,-3,-2.3,2.1,2.9,-3.2,-2.8,1.4,3.3,-3.3,-3,1.9,3,-2.6,-1.1,2.8,0.2,-1.8,0.4,-0.3,0.1,-1.6,0.3,-0.3,0.2,-1.8,0.3,-0.2,0.2,-2.1,0.6,-0.5,-0.7,-0.2,-0.4,-0.4,-0.6,-0.5,-0.6,-0.3,-0.7,-0.1,-0.3,-0.5,-0.8,-0.1,-0.1,-0.3,-0.1,0.5,-0.1,0.1,-0.1,0.3,-0.1,0.1,-0.1,0.4,-0.1,0.1,-0.2,0.8,-0.2,0.1,-0.1,0,-0.5,-0.2,-0.1,0,-0.4,-0.2,-0.1,0,-0.5,-0.1,-0.1,0.1,-0.6,-0.2,-0.5,175.54,7.752,1.177,42.69,11557,2450,26341.49023,0.09,6.2
2020/12/31,-1,-1.3,-1,-0.6,1,1.2,0.9,0.6,0.3,1.2,-0.2,-0.2,-35.2,-41.4,-31.6,-25.1,1.5,1,1.7,2.3,-4.9,-4.4,-5.2,-4.9,-1.4,-1.8,-1.5,-1,3.8,4.8,3,3.8,-2.9,-4.7,-3,-1.6,0.3,-0.1,0.4,0.5,-0.6,-0.8,-0.5,-0.3,-0.5,-0.5,-0.5,-0.5,-0.1,-0.1,-0.1,-0.1,-13.8,-16.7,-12.5,-9.5,-1,-0.3,-1.4,-2.2,-3.8,-3.5,-3.7,-4.2,-0.4,-0.3,-0.3,-0.4,0.1,0.1,0,0.1,0,-0.1,0,0.1,0.5,0.2,0.5,0.7,-0.3,-2.2,0.7,2.9,1.2,-1.7,-0.4,-5.9,0.6,3.4,4.6,-1.9,-0.4,-0.7,0.8,2.9,-0.3,-1.8,-0.1,0,0.7,2.5,-0.6,-1.3,1.8,1.6,2.7,6.1,-0.6,-1.7,2,1.9,3,7.4,-0.7,-1.8,1.7,1.5,2.6,5.6,-0.6,-1.7,1.5,1,2.2,4.7,-0.4,-1.6,0.5,-5.3,1.4,3,5.6,-1.1,1.4,-15.6,1.2,2.6,16.8,0,0,-1.1,1.5,3.2,0.9,-1.7,0.1,0.5,1.4,3.2,-0.7,-1.6,-25,-19.8,-18.6,-6.6,-15.4,-16.6,-29.9,-22.7,-21.9,-7.8,-18.7,-19.5,-22.2,-18.7,-17.3,-6,-12.9,-14.3,-17.6,-14.3,-12.6,-4.6,-10.8,-12.5,1.4,1.8,0.1,-1.3,-0.3,1.4,0.9,1.6,0.3,-0.8,-0.6,0.7,1.7,1.9,0.2,-1.6,-0.2,1.5,2.2,2.6,-1.1,-2.8,-0.3,3.4,-5.4,-7,-5.3,-3.1,2.1,0.4,-4.6,-6.4,-4.8,-3.2,2,0.4,-6.1,-6.8,-4.8,-2.8,1.6,-0.4,-5.2,-7.5,-6.1,-3.3,2.6,1.2,-1.4,-3,-3.5,-2.2,1.6,2.1,-1.9,-3.5,-3.6,-2.2,1.7,1.8,-1.5,-3.1,-3.3,-2,1.6,1.8,-0.8,-2.6,-3.6,-2.3,1.6,2.6,3.4,1.9,2.7,3.4,1.9,1.1,4.5,1.6,2.5,3.6,3.2,2.3,2.6,2.4,3.2,3.6,0.6,-0.2,3.3,1.5,2.3,3,2.3,1.5,-2.6,-2.1,0,1.6,-0.8,-2.9,-4.4,-4.4,0,1.6,-0.3,-4.7,-2.7,-2.4,-0.2,1.3,-0.6,-2.8,-1.3,-0.2,0.1,1.8,-1.4,-1.7,0.4,0.6,0.8,1.6,-0.3,-0.5,0.1,0.3,-0.1,0.6,-0.4,0,0.4,0.6,0.8,1.7,-0.2,-0.4,0.6,0.7,1.3,2.1,-0.2,-0.8,0.1,-2,-0.1,0.1,0.2,-5.8,-0.1,0.1,0,-0.4,-0.1,0.1,0.1,0.3,-0.1,0.1,0,0.9,-0.1,0.3,0,0.7,-0.1,0.3,0,0.9,-0.1,0.3,0.1,1.1,-0.1,0.3,0.2,-5.6,-0.1,0.1,0.6,-14.4,-0.1,0.1,0,-1.7,-0.1,0.1,-0.1,-0.1,-0.1,0.1,-1.4,-1.1,0.9,-0.3,-1.5,-1.1,1,-0.3,-1.3,-1.1,0.9,-0.3,-1.3,-1.1,0.9,-0.3,1.4,0.2,-0.5,-1,0.3,0.4,0,-0.4,2.2,0,-0.8,-1.5,3.6,0.1,-1.5,-2.3,1.9,2.1,-1.3,-4.3,1.2,1.7,-1.2,-3.7,1.2,2.2,-1.1,-4.6,3.2,2.2,-1.7,-4.4,0.7,0.7,-0.7,-0.3,0.6,0.5,-0.6,-0.5,0.6,0.6,-0.6,-0.2,0.8,0.9,-0.8,-0.2,-0.3,-0.8,-1.3,-0.3,-0.4,-0.7,-1.5,-0.2,-0.4,-1,-1,-0.4,0.2,-0.7,-1.3,-0.4,0,0.1,0.3,0.3,0,0.2,0.1,0.2,0,0.2,0.3,0.3,-0.1,0,0.4,0.4,-0.3,0,0.2,0.6,-0.5,0.2,0.1,0.4,-0.3,0,0.1,0.5,-0.2,-0.2,0.2,0.7,0.2,176.22,7.753,1.1919,49.99,10621,2537,27231.13086,0.09,6.3
2021/1/31,2.6,7.5,0.6,-0.2,0,0.2,-0.1,-0.2,5.9,17.7,1.2,-0.4,24.9,31.2,21.7,15.9,2.5,1.3,3.3,4.9,-1.7,-0.9,-2,-2,-0.8,-1.1,-1.1,-0.3,-2.8,-3.4,-2.8,-2.1,-3.3,-4.8,-3.3,-2.2,0.1,-0.2,0.1,0.3,1.3,2.1,1.1,0.7,0.5,0.6,0.4,0.4,-0.1,-0.1,-0.1,-0.1,55.4,69.3,48.9,37.3,1.1,0.3,1.5,2.5,-0.2,0.6,-0.1,-0.9,0.2,0.1,0.1,0.4,-0.3,-0.4,-0.3,-0.2,0.1,0.1,0.1,0.1,0.4,0.3,0.4,0.5,-1,-0.4,-2.3,1.4,3,4.9,-1.3,-0.5,-6,-2,8,13.5,-1,-0.4,-0.7,2.8,1,1.3,-0.6,-0.1,-0.1,3.4,-0.1,-0.1,1,1.8,0.8,7.4,-1.8,-0.8,1.2,2.1,1.3,9,-1.9,-1.1,0.9,1.7,0.6,6.8,-1.8,-0.7,0.6,1.4,0,5.7,-1.6,-0.2,0.3,0.4,-4.8,-3,5.5,10.7,1.2,0.9,-15.2,-13.7,16.8,32.9,-0.2,0.1,-0.4,1.6,1.1,1.6,-0.2,0.3,1,3.1,-0.7,-1.4,-35.2,-24.5,-18.6,-16,49.4,43.5,-41.4,-29.2,-21.8,-19,60.4,53,-31.6,-21.6,-17.4,-14.9,43.3,39.1,-25.1,-17.1,-12.6,-10.4,33,28.5,1.5,0.1,0.3,-1.5,2.4,2.2,1,0.7,0.6,-0.9,0.6,0.7,1.7,-0.2,0.2,-1.9,3.5,3.1,2.3,-1.1,-0.3,-2.9,6,5.2,-4.9,-5.2,-4.7,-5.5,3.5,3,-4.4,-4.4,-4,-5.7,3.5,3.1,-5.2,-5.5,-4.7,-5.5,3.5,2.7,-4.9,-5.6,-5.2,-5.3,3.6,3.2,-1.4,-2.3,-3.2,-2.7,1.5,2.4,-1.8,-2.7,-3.6,-2.6,1.6,2.5,-1.5,-2.2,-3.3,-2.7,1.1,2.2,-1,-2,-2.9,-2.7,1.7,2.6,3.8,3.3,2.3,3.6,-6.1,-5.1,4.8,4.6,2.1,3.8,-8,-5.5,3,2.5,2.7,3.9,-5.3,-5.5,3.8,2.7,1.9,3.1,-4.8,-4,-2.9,-2.5,-3.7,1.8,-0.8,0.4,-4.7,-4.3,-5.2,1.1,-0.5,0.4,-3,-2.5,-4,1.6,-0.8,0.7,-1.6,-1.1,-2.3,2.4,-1.1,0.1,0.3,0.6,0.6,4.8,-0.5,-0.5,-0.1,0.4,0.1,3,-0.6,-0.3,0.4,0.6,0.6,4.8,-0.5,-0.5,0.5,0.7,0.9,5.9,-0.4,-0.6,-0.6,2.5,-2.8,-2.2,-0.8,6.7,-6.5,-6.2,-0.5,0.7,-1.3,-0.5,-0.3,0.1,-0.5,0.3,-0.5,0.4,-1.3,1.5,-0.5,0.3,-1,1.7,-0.5,0.4,-1.4,1.4,-0.5,0.4,-1.7,1.2,-0.1,6.1,-5.7,-5.4,-0.1,17.6,-14.4,-14.1,-0.1,1.5,-1.8,-1.5,-0.1,-0.1,-0.1,0.1,-13.8,-1.5,-0.2,-19.3,-16.7,-1.5,-0.1,-24.4,-12.5,-1.4,-0.2,-16.4,-9.5,-1.5,-0.4,-11.4,-1,-1.2,0.3,0,-0.3,-0.4,0,0,-1.4,-1.7,0.4,0,-2.2,-3,0.8,0,-3.8,3.1,-1.7,-3.5,-3.5,2.9,-1.9,-2.9,-3.7,3.3,-1.7,-3.4,-4.2,3,-1.7,-4,-0.4,0.2,0,-0.4,-0.3,0.1,0.2,-0.6,-0.3,0.2,0,-0.4,-0.4,0.2,-0.1,-0.3,0.1,-0.7,-0.4,6.5,0.1,-0.6,-0.4,8,0,-0.7,-0.5,5.7,0.1,-0.8,-0.2,5.8,0,-0.1,-2.8,0.5,-0.1,-0.1,-4.8,0.2,0,-0.1,-2.9,0.4,0.1,-0.2,-1.4,0.7,0.5,-0.1,0.4,0.6,0.2,-0.1,0.2,0.4,0.5,-0.1,0.4,0.6,0.7,-0.1,0.6,0.7,-0.3,176.21,7.753,1.20225,54.77,10814,2981,28283.71094,0.07,6.5
2021/2/28,0.5,1.3,0.1,0,0.8,0.9,0.7,0.6,-0.2,0.8,-0.7,-0.7,24.8,31.1,21.7,16,-1,0.2,-1.6,-3.4,-3.1,-2.7,-3.4,-3.1,-0.8,-1,-0.9,-0.6,-4.5,-5.4,-4.5,-3.4,-2.7,-4.6,-2.7,-1.4,0.9,0.7,1,1,0.3,0.5,0.3,0.2,1.7,1.8,1.7,1.7,-0.1,-0.1,-0.2,-0.1,0.6,0.6,0.6,0.7,-1.5,-0.5,-2.1,-3.5,-1.9,-2,-1.8,-2,-0.1,-0.1,-0.1,-0.2,-0.1,-0.1,-0.1,-0.1,0,-0.1,0.1,-0.1,-0.4,-0.3,-0.3,-0.4,2.6,-0.3,-0.4,2.2,0.8,0.9,7.5,-0.4,-0.6,2.7,1.7,1.9,0.6,-0.4,-0.4,2.1,0.5,0.5,-0.2,-0.1,-0.1,1.8,0.1,0.1,0,1.8,0.5,6.2,-1,0.3,0.2,2,1.1,7.6,-1.1,-0.2,-0.1,1.7,0.3,5.7,-1,0.4,-0.2,1.5,-0.1,4.6,-0.9,0.7,5.9,0.5,0.6,2.7,-0.7,-0.8,17.7,1.4,0.5,2.3,-0.6,0.3,1.2,0,0.7,2.9,-0.7,-1.4,-0.4,0.1,0.7,2.8,-0.8,-1.4,24.9,-25,-19.3,-15.9,49.8,44.1,31.2,-29.9,-22.3,-18.8,61,53.4,21.7,-22.2,-18.2,-14.7,43.9,39.9,15.9,-17.6,-13.6,-10.3,33.6,29.6,2.5,1.4,1.4,0.9,-2.4,-2.4,1.3,0.9,1.1,0.8,-0.7,-0.9,3.3,1.7,1.8,1,-3.3,-3.4,4.9,2.2,2.1,1.7,-5.6,-5.5,-1.7,-5.4,-7.6,-3.1,2.3,4.5,-0.9,-4.6,-7.2,-3.1,1.9,4.5,-2,-6.1,-7.8,-3.1,2.7,4.4,-2,-5.2,-7.5,-2.9,2.1,4.4,-0.8,-1.4,-4.2,-2.4,0.6,3.4,-1.1,-1.9,-4.5,-2.5,0.9,3.5,-1.1,-1.5,-4.3,-2.3,0.6,3.4,-0.3,-0.8,-3.9,-2.4,0.2,3.3,-2.8,3.4,2.9,4.3,-7.9,-7.4,-3.4,4.5,2.7,4.7,-9.9,-8.1,-2.8,2.6,3.5,4.6,-7.1,-8,-2.1,3.3,2.4,3.8,-6.7,-5.8,-3.3,-2.6,-2.4,1,-0.1,-0.3,-4.8,-4.4,-4.6,0.4,-0.2,0,-3.3,-2.7,-2.8,0.9,0,0.1,-2.2,-1.3,-0.5,1.6,-0.1,-0.9,0.1,0.4,0.7,-1.3,0.5,0.2,-0.2,0.1,0.1,-2.6,0.6,0.6,0.1,0.4,0.6,-1.4,0.6,0.4,0.3,0.6,1.2,-0.5,0.4,-0.2,1.3,0.1,2.2,2.5,2.1,0.2,6.2,6.6,1.1,0,0.5,0.8,0.7,0.1,-0.1,0,0.5,0,0.2,0.9,0.6,0,0.2,1.1,0.4,0,0.2,0.9,0.4,0.1,0.2,0.8,-0.1,0.2,5.8,6,-0.1,0.6,16.6,16.7,-0.1,0,1.5,1.8,-0.1,-0.1,-0.1,0.2,55.4,-1.4,-0.5,0.6,69.3,-1.5,-0.4,0.6,48.9,-1.3,-0.5,0.6,37.3,-1.3,-0.7,0.6,1.1,1.4,0.2,2,0.3,0.3,-0.3,0.7,1.5,2.2,0.6,2.9,2.5,3.6,1.2,4.7,-0.2,1.9,-3,-0.5,0.6,1.2,-3.2,-0.2,-0.1,1.2,-3.3,-0.4,-0.9,3.2,-2.6,-0.9,0.2,0.7,-1.8,-0.1,0.1,0.6,-1.6,-0.1,0.1,0.6,-1.8,-0.3,0.4,0.8,-2.1,0.1,-0.3,-0.3,-0.2,1.7,-0.4,-0.4,-0.5,2,-0.3,-0.4,-0.1,1.7,-0.2,0.2,-0.1,1.3,0.1,0,0.5,-0.6,0.1,0,0.3,-0.3,0.1,0,0.4,-0.5,0.1,-0.1,0.8,-0.9,0.4,-0.3,0,-1.1,0.3,-0.5,0,-1.2,0.4,-0.3,0,-1.1,0.5,-0.2,0.1,-1.1,-0.2,177.17,7.757,1.1963,62.28,9445,2844,28980.21094,0.07,6.7
2021/3/31,0.6,1.5,0.2,0.1,1.3,1.4,1.2,1.1,-0.5,0.5,-1,-0.9,26.3,33,22.6,17.2,0.3,0.6,0.2,-0.4,0.4,0.6,0.3,0.5,0.1,-0.2,0,0.4,-5.3,-6.1,-5.4,-4.2,-2.4,-4.4,-2.4,-1.1,0.4,0,0.4,0.7,0.1,0,0.1,0.2,-0.3,-0.5,-0.2,-0.1,-0.1,-0.1,-0.2,-0.1,0.4,0.6,0,0.3,1.1,0.5,1.4,2.4,6.4,7.1,7.1,5.2,1.4,1.2,1.5,1.6,-0.6,-0.5,-0.6,-0.5,0.3,0.3,0.3,0.2,-0.1,0.1,-0.2,-0.2,0.5,-1,-2.2,2.3,1.6,2.8,1.3,-1.3,-5.9,2.5,2.8,7.4,0.1,-1,-0.7,2.3,1.2,0.9,0,-0.6,0,2.1,0.7,0.1,0.8,1,1.6,5.7,0.3,-0.3,0.9,1.2,1.9,6.8,0.2,-0.5,0.7,0.9,1.5,5.2,0.3,-0.3,0.6,0.6,1,4.4,0.5,0.1,-0.2,0.3,-5.3,2.6,-0.8,4.8,0.8,1.2,-15.6,2.2,-0.7,16.1,-0.7,-0.2,-1.1,2.8,-0.8,0.1,-0.7,-0.2,0.5,2.7,-0.7,-1.4,24.8,-35.2,-19.8,-16.1,61.5,46.1,31.1,-41.4,-22.7,-19,74.4,55.7,21.7,-31.6,-18.7,-14.9,54.2,41.3,16,-25.1,-14.3,-10.6,42.3,31.5,-1,1.5,1.8,-0.6,-1.2,-1.5,0.2,1,1.6,-0.4,-0.4,-1,-1.6,1.7,1.9,-0.8,-1.5,-1.7,-3.4,2.3,2.6,-1.3,-2.7,-3,-3.1,-4.9,-7,-4,5.3,7.4,-2.7,-4.4,-6.4,-3.7,5,7,-3.4,-5.2,-6.8,-3.5,5.5,7.1,-3.1,-4.9,-7.5,-4.9,5.4,8,-0.8,-1.4,-3,-2.4,1.5,3.1,-1,-1.8,-3.5,-2.4,1.6,3.3,-0.9,-1.5,-3.1,-2.1,1.5,3.1,-0.6,-1,-2.6,-2.7,1.4,3,-4.5,3.8,1.9,3.5,-9.1,-7.2,-5.4,4.8,1.6,3.3,-10.9,-7.7,-4.5,3,2.4,3.9,-8.4,-7.8,-3.4,3.8,1.5,3.1,-8,-5.7,-2.7,-2.9,-2.1,1.1,0.5,-0.3,-4.6,-4.7,-4.4,0.6,0.3,0,-2.7,-3,-2.4,1,0.6,0,-1.4,-1.6,-0.2,1.5,0.5,-0.9,0.9,0.3,0.6,1.1,0.1,-0.2,0.7,-0.1,0.3,-0.1,0.1,-0.3,1,0.4,0.6,1,0,-0.2,1,0.5,0.7,1.8,0.2,0,0.3,-0.6,-2,0,0.5,-0.8,-5.8,-0.2,0.3,-0.5,-0.4,0,0.2,-0.3,0.3,0,1.7,-0.5,0.9,-0.8,1.8,-0.5,0.7,-1,1.7,-0.5,0.9,-0.7,1.7,-0.5,1.1,-0.6,-0.1,-0.1,-5.6,0.1,-0.1,-0.1,-14.4,0.1,-0.2,-0.1,-1.7,0.2,-0.1,-0.1,-0.1,0.1,0.6,-13.8,-1.1,-0.8,0.6,-16.7,-1.1,-0.8,0.6,-12.5,-1.1,-0.8,0.7,-9.5,-1.1,-0.8,-1.5,-1,0.2,-0.2,-0.5,-0.3,0.4,0,-2.1,-1.4,0,-0.4,-3.5,-2.2,0.1,-0.6,-1.9,-3.8,2.1,2.7,-2,-3.5,1.7,3.6,-1.8,-3.7,2.2,3.1,-2,-4.2,2.2,1.5,-0.1,-0.4,0.7,0.5,-0.1,-0.3,0.5,0.4,-0.1,-0.3,0.6,0.6,-0.2,-0.4,0.9,0.6,-0.1,0.1,-0.8,0.3,-0.1,0.1,-0.7,0.3,-0.1,0,-1,0.4,-0.1,0.1,-0.7,0.3,0,0,0.1,0,-0.1,-0.1,0.2,0.1,0.1,0,0.2,0,-0.1,0.1,0,-0.1,-0.4,0.5,0,0.4,-0.3,0.2,0.2,0.8,-0.3,0.5,0,0.4,-0.4,0.7,-0.2,0.1,0.4,180.33,7.775,1.18425,65.41,11508,2326,28378.34961,0.06,6.7
2021/4/30,0.8,1.6,0.3,0.4,0.8,0.8,0.7,0.6,-0.7,0.5,-1.3,-1.1,28.7,35.6,25.2,18.9,-0.6,-0.1,-0.8,-1.6,1.5,0.6,0.9,2.7,0.9,0.6,0.8,1.2,-4.8,-5.4,-4.9,-3.7,2,1.4,2,2.3,0.5,0,0.5,0.9,0.2,0.2,0.2,0.3,-0.3,-0.3,-0.3,-0.3,-0.1,0,-0.2,-0.2,-0.2,-0.3,0,-0.4,-0.1,0.2,-0.3,-0.8,2.9,2.2,2.5,3.7,0.4,0.4,0.4,0.4,0,0.1,0,0,4,5.8,4,2.7,0.4,0.2,0.4,0.6,0.6,2.6,-0.4,1.9,-1.8,1.2,1.5,7.5,-0.5,2.3,-5.9,2.1,0.2,0.6,-0.4,1.9,-0.3,0.7,0.1,-0.2,-0.1,1.5,0.6,0.5,1.3,0,1.8,6,0.8,-1,1.4,0.2,2.1,7.2,0.6,-1.3,1.2,-0.1,1.7,5.5,0.8,-1,1.1,-0.2,1.4,4.6,0.8,-0.8,-0.5,5.9,0.4,1.8,-6.6,-1.1,0.5,17.7,0.9,1.6,-17.2,-0.4,-1,1.2,0.1,2,-2.5,-1.4,-0.9,-0.4,0.3,1.9,-0.7,-1.4,26.3,24.9,-24.5,-18.8,3.8,53.2,33,31.2,-29.2,-21.9,4.4,64.8,22.6,21.7,-21.6,-17.6,3.5,46.8,17.2,15.9,-17.1,-13,3,36,0.3,2.5,0.1,0.7,-3.1,-0.7,0.6,1.3,0.7,0.6,-1.4,-0.8,0.2,3.3,-0.2,0.9,-4.1,-0.6,-0.4,4.9,-1.1,0.1,-6.5,-0.5,0.4,-1.7,-5.2,-4.4,3.2,6.7,0.6,-0.9,-4.4,-3.2,1.5,5,0.3,-2,-5.5,-3.2,2.9,6.4,0.5,-2,-5.6,-6.3,4.7,8.3,0.1,-0.8,-2.3,-3.1,1.7,3.2,-0.2,-1.1,-2.7,-2.9,1.7,3.3,0,-1.1,-2.2,-2.8,1.9,3,0.4,-0.3,-2,-3.4,1.5,3.2,-5.3,-2.8,3.3,2.9,-2,-8.1,-6.1,-3.4,4.6,2.7,-2,-10,-5.4,-2.8,2.5,3.2,-2.1,-7.4,-4.2,-2.1,2.7,2.7,-1.6,-6.4,-2.4,-3.3,-2.5,0.1,5.3,4.5,-4.4,-4.8,-4.3,0.2,6.2,5.7,-2.4,-3.3,-2.5,0,5.3,4.5,-1.1,-2.2,-1.1,0.1,4.5,3.4,0.4,0.1,0.6,0.9,0.4,-0.1,0,-0.2,0.4,-0.2,0.2,-0.4,0.4,0.1,0.6,0.9,0.4,-0.1,0.7,0.3,0.7,1.5,0.6,0.2,0.1,1.3,2.5,0.1,0,2.1,6.7,0.1,0.1,1.1,0.7,0.1,0.2,0.7,0.1,0.1,-0.3,0.5,0.4,0.2,-0.5,0.6,0.3,0.2,-0.2,0.4,0.4,0.2,-0.1,0.4,0.4,0.2,-0.1,-0.1,6.1,0.1,-0.1,-0.1,17.6,0.1,-0.2,-0.1,1.5,0.1,-0.1,-0.1,-0.1,0.1,0.4,55.4,-1.5,-2.1,0.6,69.3,-1.5,-2.2,0,48.9,-1.4,-2,0.3,37.3,-1.5,-1.9,1.1,1.1,-1.2,0.7,0.5,0.3,-0.4,0.8,1.4,1.5,-1.7,0.7,2.4,2.5,-3,0.4,6.4,-0.2,3.1,1.8,7.1,0.6,2.9,2.2,7.1,-0.1,3.3,1.9,5.2,-0.9,3,1.5,1.4,0.2,0.2,-0.4,1.2,0.1,0.1,-0.5,1.5,0.1,0.2,-0.4,1.6,0.4,0.2,-0.4,-0.6,-0.3,-0.7,-0.6,-0.5,-0.4,-0.6,-0.7,-0.6,-0.3,-0.7,-0.6,-0.5,-0.2,-0.8,-0.5,0.3,0.1,-0.1,-0.5,0.3,0.1,-0.1,-0.2,0.3,0.1,-0.1,-0.5,0.2,0.1,-0.2,-0.8,-0.1,0.4,-0.1,0.3,0.1,0.3,-0.1,0.3,-0.2,0.4,-0.1,0.4,-0.2,0.5,-0.1,0.4,0.9,183.16,7.766,1.2011,64.81,11949,2505,28724.88086,0.05,6.4
2021/5/31,1,1.9,0.5,0.5,1,0.9,0.9,1.1,-0.7,0.5,-1.4,-1.2,32.6,41.4,27.9,20.5,-0.3,0.1,-0.5,-1.3,1.6,1.3,1.7,1.8,0.4,0.2,0.4,0.6,-4.4,-4.9,-4.5,-3.4,2.5,1.7,2.5,3,0.6,0.1,0.6,0.8,-0.1,-0.1,-0.1,-0.1,-0.2,-0.4,-0.1,0,-0.1,-0.1,-0.1,-0.1,1.9,3,1.2,0.6,-0.2,-0.1,-0.2,-0.5,-2.2,-2.2,-2.3,-2.1,-0.1,-0.2,-0.1,0,0.1,-0.1,0.1,0.2,0.4,0.3,0.4,0.5,-0.4,-0.3,-0.4,-0.6,0.8,0.5,-0.3,1.5,0.5,1.3,1.6,1.3,-0.4,1.7,0.6,2.3,0.3,0.1,-0.4,1.5,0.4,0.9,0.4,0,-0.1,1.2,0.5,0.6,0.8,0.8,1.8,4.8,0.2,-0.8,0.8,0.9,2,5.8,0,-1.1,0.7,0.7,1.7,4.5,0.2,-0.8,0.6,0.6,1.5,3.6,0.5,-0.4,-0.7,-0.2,0.5,1.6,-0.5,-1.2,0.5,0.8,1.4,1.4,-0.3,-0.9,-1.3,-0.7,0,1.7,-0.7,-1.4,-1.1,-0.7,0.1,1.7,-0.5,-1.3,28.7,24.8,-25,-19.4,7.8,57.6,35.6,31.1,-29.9,-22.7,10.3,71.3,25.2,21.7,-22.2,-18.1,6.2,50.1,18.9,16,-17.6,-13.3,4.5,38.1,-0.6,-1,1.4,0,0.7,-1.7,-0.1,0.2,0.9,0.7,-0.1,-0.8,-0.8,-1.6,1.7,-0.6,1.1,-2.2,-1.6,-3.4,2.2,-0.7,2.1,-3.5,1.5,-3.1,-5.4,-5.4,4.7,7,0.6,-2.7,-4.6,-5.5,4,5.9,0.9,-3.4,-6.1,-5.4,5.1,7.8,2.7,-3.1,-5.2,-5.4,4.9,7,0.9,-0.8,-1.4,-2.8,1.2,1.8,0.6,-1,-1.9,-2.7,1.2,2.1,0.8,-0.9,-1.5,-2.8,1.3,1.9,1.2,-0.6,-0.8,-2.9,1.2,1.4,-4.8,-4.5,3.4,2.9,0.1,-7.8,-5.4,-5.4,4.5,2.6,0.5,-9.4,-4.9,-4.5,2.6,3.3,0,-7.1,-3.7,-3.4,3.3,2.6,0,-6.7,2,-2.7,-2.6,0.6,5.2,5.1,1.4,-4.6,-4.4,1.2,6.3,6.1,2,-2.7,-2.7,0.5,5.2,5.2,2.3,-1.4,-1.3,0.2,4.4,4.3,0.5,0.9,0.4,0.7,-0.3,0.2,0,0.7,0.1,-0.2,-0.6,0,0.5,1,0.4,0.7,-0.4,0.2,0.9,1,0.6,1.3,-0.2,0.2,0.2,0.3,0.1,-0.3,0.2,0.5,0.2,-0.3,0.2,0.3,0,-0.3,0.3,0.2,0.1,-0.2,-0.3,1.7,0,-0.4,-0.3,1.8,0,-0.4,-0.3,1.7,0,-0.3,-0.3,1.7,0.1,-0.4,-0.1,-0.1,0.2,0,0,-0.1,0.6,0,-0.2,-0.2,0,0,-0.2,-0.1,-0.1,0,-0.2,0.6,-1.4,-1,-0.3,0.6,-1.5,-1.2,0,0.6,-1.3,-1,-0.4,0.7,-1.3,-0.7,-0.1,-1.5,1.4,-0.5,0.2,-0.5,0.3,-0.3,-0.3,-2.1,2.2,-0.6,-0.8,-3.5,3.6,-0.9,2.9,-1.9,1.9,-2.3,2.2,-2,1.2,-2.8,2.5,-1.8,1.2,-3,3.7,-2,3.2,-1.1,0.4,-0.1,0.7,0.4,0.4,-0.1,0.6,0.3,0.4,-0.1,0.6,0.3,0.4,-0.2,0.8,0.6,0,-0.1,-0.3,-0.4,0.1,-0.1,-0.4,-0.6,0,-0.1,-0.4,-0.3,0,-0.1,0.2,-0.1,4,0,0,-0.1,5.8,-0.1,0,-0.1,4,0.1,0,-0.1,2.7,-0.1,-0.1,-0.2,0.4,-0.4,-0.3,-0.5,0.2,-0.3,-0.5,-0.4,0.4,-0.3,-0.3,-0.5,0.6,-0.4,-0.2,-0.6,1.3,185.16,7.762,1.21985,68.53,16415,2124,29151.80078,0.05,6
2021/6/30,0.7,1.3,0.3,0.5,1.2,1.1,1.1,1.3,-0.7,0.5,-1.4,-1.2,17,21.3,14.8,10.9,0.3,0.2,0.5,0.3,3.2,2.8,3.2,3.5,0.8,0.5,0.9,0.8,-2.9,-3.4,-3.2,-1.7,2.5,1.8,2.5,2.9,0.6,0.2,0.7,0.9,-0.3,-0.6,-0.2,-0.1,0.1,0.1,0.1,0.1,-0.1,-0.1,-0.1,-0.1,-10.9,-13.4,-9.5,-7.2,0,0,0.1,0,0.2,0.3,0.3,0,-0.3,-0.3,-0.2,-0.6,0.2,0.1,0.3,0.4,0.2,0.1,0.3,0.3,0.2,0.2,0.2,0.2,1,0.6,-1,0.7,0.1,1.7,1.9,1.5,-1.3,0.6,-0.2,2.6,0.5,0.2,-1,0.8,0.1,1.3,0.5,0.1,-0.6,0.7,0.4,1.1,1,1.3,1,2.7,-0.1,0.2,0.9,1.4,1.2,3,-0.3,-0.1,0.9,1.2,0.9,2.6,-0.1,0.2,1.1,1.1,0.6,2.2,0.2,0.7,-0.7,-0.5,0.3,1.4,-0.2,-1,0.5,0.5,1.2,1.2,0,-0.7,-1.4,-1,-0.2,1.5,-0.4,-1.2,-1.2,-0.9,-0.2,1.4,-0.3,-1,32.6,26.3,-35.2,-18.6,-9.3,52.2,41.4,33,-41.4,-21.9,-11.7,62.7,27.9,22.6,-31.6,-17.3,-7.8,46.4,20.5,17.2,-25.1,-12.6,-6.3,36,-0.3,0.3,1.5,0.1,0,-1.2,0.1,0.6,1,0.3,-0.4,-0.8,-0.5,0.2,1.7,0.2,0.3,-1.2,-1.3,-0.4,2.3,-1.1,0.7,-2,1.6,0.4,-4.9,-5.3,2.8,8.1,1.3,0.6,-4.4,-4.8,2.2,7.2,1.7,0.3,-5.2,-4.8,2.9,8.4,1.8,0.5,-4.9,-6.1,3,8.4,0.4,0.1,-1.4,-3.5,0.7,2.2,0.2,-0.2,-1.8,-3.6,0.7,2.3,0.4,0,-1.5,-3.3,0.9,2.4,0.6,0.4,-1,-3.6,0.4,1.8,-4.4,-5.3,3.8,2.7,2.4,-6.7,-4.9,-6.1,4.8,2.5,2.7,-8.2,-4.5,-5.4,3,3.2,2.2,-6.2,-3.4,-4.2,3.8,2.3,2.5,-5.5,2.5,-2.4,-2.9,0,4.9,5.4,1.7,-4.4,-4.7,0,6.2,6.5,2.5,-2.4,-3,-0.2,4.9,5.5,3,-1.1,-1.6,0.1,4,4.5,0.6,0.4,0.3,0.8,0.2,0.3,0.1,0,-0.1,-0.1,0.2,0.3,0.6,0.4,0.4,0.8,0.3,0.3,0.8,0.7,0.5,1.3,0.2,0.4,-0.1,0.1,-0.6,-0.1,-0.1,0,-0.8,-0.1,-0.1,0.1,-0.5,-0.1,-0.1,0.2,-0.3,-0.1,-0.2,-0.3,-0.5,-0.1,-0.4,-0.5,-0.5,-0.1,-0.1,-0.2,-0.5,-0.1,0,-0.1,-0.5,-0.1,-0.1,-0.1,-0.1,-0.1,-0.1,-0.1,-0.1,-0.1,-0.1,-0.2,-0.1,-0.1,-0.1,-0.1,-0.1,-0.1,1.9,0.4,-13.8,0.9,3,0.6,-16.7,1,1.2,0,-12.5,0.9,0.6,0.3,-9.5,0.9,-0.2,1.1,-1,-0.5,-0.1,0.5,-0.3,0,-0.2,1.4,-1.4,-0.8,-0.5,2.4,-2.2,-1.5,-2.2,6.4,-3.8,-1.3,-2.2,7.1,-3.5,-1.2,-2.3,7.1,-3.7,-1.1,-2.1,5.2,-4.2,-1.7,-0.1,1.4,-0.4,-0.7,-0.2,1.2,-0.3,-0.6,-0.1,1.5,-0.3,-0.6,0,1.6,-0.4,-0.8,0.1,-0.6,0.1,-1.3,-0.1,-0.5,0.1,-1.5,0.1,-0.6,0,-1,0.2,-0.5,0.1,-1.3,0.4,0.3,0,0.3,0.3,0.3,-0.1,0.1,0.4,0.3,0,0.3,0.5,0.2,0.1,0.4,-0.4,-0.1,0.5,0.2,-0.3,0.1,0.2,0.1,-0.4,-0.2,0.5,0.1,-0.6,-0.2,0.7,0.2,1.1,188.38,7.767,1.203,73.16,16305,1955,28827.94922,0.08,5.5
2021/7/31,3.7,8.4,1.7,1.1,2.7,2.3,2.8,3.3,5.1,17.2,0.3,-1.2,17.8,22.1,15.6,11.9,-0.4,0.2,-0.6,-1.6,2.1,1.9,1.9,2.4,1.1,0.4,1.1,1.5,-3,-3.5,-3.2,-2,6.3,7.4,6.4,5.4,0.7,0.2,0.8,1,0.1,0,0.1,0.2,0.2,0.2,0.2,0.3,-0.1,-0.1,-0.1,-0.1,0.5,0.5,0.5,0.4,-0.4,0,-0.7,-1.1,-2.8,-2.7,-2.8,-2.8,0.3,0.1,0.2,0.6,-0.5,-0.4,-0.5,-0.4,0.8,0.4,0.8,1.1,0.5,0.2,0.5,0.7,0.7,0.8,2.6,-2.3,2.9,1.1,1.3,1.6,7.5,-6,6.8,0.9,0.3,0.3,0.6,-0.7,1.4,1.1,0.5,0.4,-0.2,-0.1,0.7,1.3,1.2,0.8,0,0.8,1.9,2.7,1.1,0.8,0.2,1.3,1.5,2.1,1.1,0.7,-0.1,0.6,2.1,2.9,1.3,0.6,-0.2,0,2.7,3.5,-0.7,-0.7,5.9,-4.8,5.8,-0.8,0.5,0.5,17.7,-15.2,16.7,-0.5,-1.4,-1.3,1.2,-0.4,1.6,-0.9,-1.2,-1.1,-0.4,1,-0.1,-0.8,17,28.7,24.9,-18.6,-10.9,-7.1,21.3,35.6,31.2,-21.8,-13.5,-9.1,14.8,25.2,21.7,-17.4,-9.6,-6.1,10.9,18.9,15.9,-12.6,-7,-4,0.3,-0.6,2.5,0.3,0.2,-2.9,0.2,-0.1,1.3,0.6,0.3,-1.1,0.5,-0.8,3.3,0.2,0.2,-3.9,0.3,-1.6,4.9,-0.3,0,-6.5,3.2,1.5,-1.7,-4.7,0.6,3.8,2.8,0.6,-0.9,-4,1.3,2.8,3.2,0.9,-2,-4.7,1,3.9,3.5,2.7,-2,-5.2,-0.3,4.4,0.8,0.9,-0.8,-3.2,0.2,1.9,0.5,0.6,-1.1,-3.6,-0.2,1.5,0.9,0.8,-1.1,-3.3,0.3,2.2,0.8,1.2,-0.3,-2.9,0.3,1.8,-2.9,-4.8,-2.8,2.3,1.8,-0.2,-3.4,-5.4,-3.4,2.1,1.9,-0.1,-3.2,-4.9,-2.8,2.7,1.7,-0.4,-1.7,-3.7,-2.1,1.9,1.7,0.1,2.5,2,-3.3,-3.7,4.3,9.6,1.8,1.4,-4.8,-5.2,6,12.2,2.5,2,-3.3,-4,4.4,9.7,2.9,2.3,-2.2,-2.3,3.1,7.6,0.6,0.5,0.1,0.6,0.2,0.6,0.2,0,-0.2,0.1,0.2,0.4,0.7,0.5,0.1,0.6,0.3,0.7,0.9,0.9,0.3,0.9,0.1,0.7,-0.3,0.2,1.3,-2.8,-0.6,0.2,2.1,-6.5,-0.2,0.2,1.1,-1.3,-0.1,0.3,0.7,-0.5,0.1,-0.3,0.5,-1.3,0.1,-0.3,0.6,-1,0.1,-0.3,0.4,-1.4,0.1,-0.3,0.4,-1.7,-0.1,-0.1,-0.1,-5.7,-0.1,0,-0.1,-14.4,-0.1,-0.2,-0.1,-1.8,-0.1,-0.2,-0.1,-0.1,-10.9,-0.2,55.4,-0.2,-13.4,-0.3,69.3,-0.1,-9.5,0,48.9,-0.2,-7.2,-0.4,37.3,-0.4,0,-0.1,1.1,0.3,0,0.2,0.3,0,0.1,-0.3,1.5,0.4,0,-0.8,2.5,0.8,0.2,2.9,-0.2,-1.7,0.3,2.2,0.6,-1.9,0.3,2.5,-0.1,-1.7,0,3.7,-0.9,-1.7,-0.3,0.4,0.2,0,-0.3,0.4,0.1,0.2,-0.2,0.4,0.1,0,-0.6,0.4,0.4,-0.1,0.2,0,-0.3,-0.4,0.1,0.1,-0.4,-0.4,0.3,0,-0.3,-0.5,0.4,0,-0.2,-0.2,0.2,4,0.1,-2.8,0.1,5.8,0.1,-4.8,0.3,4,0.1,-2.9,0.3,2.7,0.1,-1.4,0.2,0.4,0.4,0.4,0.2,0.2,0.3,0.2,0.2,0.4,0.4,0.4,0.2,0.6,0.5,0.6,1,188.77,7.773,1.20285,75.17,17578,1934,25961.0293,0.07,5.1
2021/8/31,1.6,2.2,1.3,1.4,2.8,2.3,2.8,3.4,-0.7,0.4,-1.4,-1.2,20.1,24.4,17.8,14.2,-0.1,0.5,-0.5,-1.5,5.3,5.3,5.5,4.9,2.8,1.9,2.8,3.5,-3.2,-3.4,-3.6,-2.3,6,7.2,6.2,5,1,0.5,1,1.2,0.1,0.1,0.1,0.1,0.2,0.2,0.2,0.3,-0.1,-0.1,-0.1,-0.1,1.4,1.5,1.4,1.4,0.4,0,0.8,1.3,0,0.1,0.1,-0.2,-0.2,-0.2,-0.1,-0.2,-0.4,-0.4,-0.4,-0.4,0.3,0.1,0.2,0.4,0.3,0.3,0.3,0.3,3.7,1,0.5,-0.4,0.6,1.1,8.4,1.9,1.3,-0.6,0.3,0.9,1.7,0.5,0.1,-0.4,0.8,1.2,1.1,0.5,0,-0.1,0.9,1.4,2.7,1,0.8,0.5,1.8,2,2.3,0.9,0.9,1.1,1.4,1.4,2.8,0.9,0.7,0.3,1.9,2.1,3.3,1.1,0.6,-0.1,2.3,2.8,5.1,-0.7,-0.2,0.6,0,-0.5,17.2,0.5,0.8,0.5,-0.1,-0.4,0.3,-1.4,-0.7,0.7,0,-0.7,-1.2,-1.2,-0.7,0.7,0,-0.5,17.8,32.6,24.8,-19.3,-12.5,-4.7,22.1,41.4,31.1,-22.3,-17,-6.7,15.6,27.9,21.7,-18.2,-10.1,-3.9,11.9,20.5,16,-13.6,-6.3,-1.8,-0.4,-0.3,-1,1.4,0.2,0.9,0.2,0.1,0.2,1.1,0.4,0.3,-0.6,-0.5,-1.6,1.8,0,1.1,-1.6,-1.3,-3.4,2.1,-0.2,1.9,2.1,1.6,-3.1,-7.6,3.7,8.4,1.9,1.3,-2.7,-7.2,4,8,1.9,1.7,-3.4,-7.8,3.8,8.9,2.4,1.8,-3.1,-7.5,3.1,8,1.1,0.4,-0.8,-4.2,2.4,3.6,0.4,0.2,-1,-4.5,1.7,2.9,1.1,0.4,-0.9,-4.3,2.4,3.7,1.5,0.6,-0.6,-3.9,2.9,4.1,-3,-4.4,-4.5,2.9,1.2,1.3,-3.5,-4.9,-5.4,2.7,1.5,2,-3.2,-4.5,-4.5,3.5,0.9,0.9,-2,-3.4,-3.4,2.4,1.1,1.1,6.3,2.5,-2.7,-2.4,3.5,8.7,7.4,1.7,-4.6,-4.6,5.5,11.8,6.4,2.5,-2.7,-2.8,3.7,8.9,5.4,3,-1.4,-0.5,2,6.4,0.7,0.6,0.9,0.7,0.4,0.1,0.2,0.1,0.7,0.1,0.4,-0.2,0.8,0.6,1,0.6,0.4,0,1,0.8,1,1.2,0.4,0.2,0.1,-0.1,0.3,2.2,0,-0.1,0.5,6.2,0.1,-0.1,0.3,0.5,0.2,-0.1,0.2,-0.1,0.2,-0.2,1.7,0.2,0.2,-0.4,1.8,0.2,0.2,-0.1,1.7,0.2,0.3,0,1.7,0.2,-0.1,-0.1,-0.1,5.8,-0.1,-0.1,-0.1,16.6,-0.1,-0.1,-0.2,1.5,-0.1,-0.1,-0.1,-0.1,0.5,1.9,0.6,-0.5,0.5,3,0.6,-0.4,0.5,1.2,0.6,-0.5,0.4,0.6,0.7,-0.7,-0.4,-0.2,-1.5,0.2,0,-0.1,-0.5,-0.3,-0.7,-0.2,-2.1,0.6,-1.1,-0.5,-3.5,1.2,-2.8,-2.2,-1.9,-3,-2.7,-2.2,-2,-3.2,-2.8,-2.3,-1.8,-3.3,-2.8,-2.1,-2,-2.6,0.3,-0.1,-0.1,-1.8,0.1,-0.2,-0.1,-1.6,0.2,-0.1,-0.1,-1.8,0.6,0,-0.2,-2.1,-0.5,0.1,-0.1,-0.2,-0.4,-0.1,-0.1,-0.5,-0.5,0.1,-0.1,-0.1,-0.4,0.2,-0.1,-0.1,0.8,0.4,0,0.5,0.4,0.3,-0.1,0.3,0.8,0.4,0.1,0.4,1.1,0.5,-0.1,0.8,0.5,-0.4,-0.4,0,0.2,-0.3,-0.3,0,0.5,-0.4,-0.3,0,0.7,-0.6,-0.4,0.1,0.8,189.75,7.783,1.20515,70.75,16971,2041,25878.99023,0.06,4.9
2021/9/30,1.4,1.6,1.2,1.3,2.2,1.9,2.3,2.6,-1.4,-1.5,-1.5,-1.2,23.6,28,21.1,17.5,-0.6,0.1,-0.9,-2.4,8.7,8.6,9.1,8.4,2.2,1.7,2.2,2.7,-2.1,-2.5,-2.3,-1.3,5.4,6.7,5.6,4.4,0.9,0.4,0.9,1.2,-2.3,-6.3,-0.5,0.2,0.3,0.3,0.3,0.3,-6.3,-16,-1.8,-0.1,1.8,1.9,1.7,1.7,-0.3,0,-0.5,-0.8,5.5,4.8,5.7,5.6,0.1,0.2,0.1,0.1,0.3,0.2,0.3,0.4,-0.4,-0.3,-0.4,-0.6,-0.1,0.1,-0.1,-0.2,1.6,0.7,0.6,-2.2,0.7,0.8,2.2,1.3,1.5,-5.9,0.3,0.1,1.3,0.3,0.2,-0.7,0.9,1,1.4,0.5,0.1,0,0.8,1.2,2.8,1.2,1.3,1.6,1,0.9,2.3,1.1,1.4,1.9,0.8,0.5,2.8,1.1,1.2,1.5,1.2,1.1,3.4,1.3,1.1,1,1.3,1.5,-0.7,-0.7,-0.5,-5.3,-0.7,-0.9,0.4,0.5,0.5,-15.6,-2,-2,-1.4,-1.4,-1,-1.1,-0.1,-0.5,-1.2,-1.2,-0.9,0.5,0,-0.3,20.1,17,26.3,-19.8,6.6,-2.7,24.4,21.3,33,-22.7,6.7,-5,17.8,14.8,22.6,-18.7,6.3,-1.5,14.2,10.9,17.2,-14.3,6.6,0.3,-0.1,0.3,0.3,1.8,-0.9,-0.9,0.5,0.2,0.6,1.6,-0.1,-0.5,-0.5,0.5,0.2,1.9,-1.4,-1.1,-1.5,0.3,-0.4,2.6,-2.7,-2,5.3,3.2,0.4,-7,5.5,8.3,5.3,2.8,0.6,-6.4,5.8,8,5.5,3.2,0.3,-6.8,5.9,8.8,4.9,3.5,0.5,-7.5,4.9,7.9,2.8,0.8,0.1,-3,1.4,2.1,1.9,0.5,-0.2,-3.5,1.2,1.9,2.8,0.9,0,-3.1,1.3,2.2,3.5,0.8,0.4,-2.6,1.9,2.3,-3.2,-2.9,-5.3,1.9,0.8,3.2,-3.4,-3.4,-6.1,1.6,0.9,3.6,-3.6,-3.2,-5.4,2.4,0.9,3.1,-2.3,-1.7,-4.2,1.5,0.4,2.9,6,2.5,-2.4,-2.1,2.9,7.8,7.2,1.8,-4.4,-4.4,4.9,11.1,6.2,2.5,-2.4,-2.4,3.1,8,5,2.9,-1.1,-0.2,1.5,5.5,1,0.6,0.4,0.6,0.3,0.5,0.5,0.2,0,0.3,0.2,0.4,1,0.7,0.4,0.6,0.2,0.5,1.2,0.9,0.7,0.7,0.3,0.5,0.1,-0.3,0.1,-2,0.1,-0.6,0,-5.8,0.1,-0.2,0.1,-0.4,0.1,-0.1,0.2,0.3,0.2,0.1,-0.3,0.9,0.2,0.1,-0.5,0.7,0.2,0.1,-0.2,0.9,0.3,0.1,-0.1,1.1,-0.1,-0.1,-0.1,-5.6,-0.1,-0.1,-0.1,-14.4,-0.1,-0.1,-0.2,-1.7,-0.1,-0.1,-0.1,-0.1,1.4,-10.9,0.4,-1.1,1.5,-13.4,0.6,-1.1,1.4,-9.5,0,-1.1,1.4,-7.2,0.3,-1.1,0.4,0,1.1,0.2,0,0,0.5,0.4,0.8,0.1,1.4,0,1.3,0,2.4,0.1,0,0.2,6.4,2.1,0.1,0.3,7.1,1.7,0.1,0.3,7.1,2.2,-0.2,0,5.2,2.2,-0.2,-0.3,1.4,0.7,-0.2,-0.3,1.2,0.5,-0.1,-0.2,1.5,0.6,-0.2,-0.6,1.6,0.9,-0.4,0.2,-0.6,-0.8,-0.4,0.1,-0.5,-0.7,-0.4,0.3,-0.6,-1,-0.4,0.4,-0.5,-0.7,0.3,0.2,0.3,0.1,0.1,0.1,0.3,0.2,0.2,0.3,0.3,0.2,0.4,0.3,0.2,0,0.3,0.2,-0.1,0,0.3,0.2,0.1,0.2,0.3,0.2,-0.2,0,0.3,0.2,-0.2,-0.2,0.7,189.61,7.789,1.204,74.49,16993,2000,24575.64063,0.06,4.7
2021/10/31,1.7,2.1,1.6,1.5,2.2,2.1,2.2,2.5,-0.6,-0.3,-0.7,-0.7,28.1,32.9,25.4,21.4,0.7,0.4,1.1,1.1,6.1,5.9,5.9,6.4,2,1.4,1.8,2.7,-1.6,-2,-1.7,-0.7,5.7,6.9,5.8,4.8,0.9,0.5,0.9,1.2,2.9,7.2,1.1,0.3,0.4,0.5,0.4,0.3,7,19,2.3,0.4,2.1,2.2,2.1,1.9,0.2,0,0.3,0.5,0.5,0.4,0.2,1.1,-0.1,-0.1,-0.2,0.1,-0.1,0,-0.1,-0.3,0.1,0.1,0.1,0.2,-0.1,0,-0.1,-0.1,1.4,3.7,0.8,-0.4,-2,0.9,1.6,8.4,1.6,-0.5,-6.3,0.5,1.2,1.7,0.3,-0.4,-0.1,1.3,1.3,1.1,0.4,-0.1,0.4,1.1,2.2,2.7,0.8,1.8,-0.5,1.4,1.9,2.3,0.8,2.1,-0.2,1.3,2.3,2.8,0.7,1.7,-0.6,1.5,2.6,3.3,0.6,1.4,-0.8,1.9,-1.4,5.1,-0.7,0.4,-5.7,0.1,-1.5,17.2,0.5,0.9,-17.5,-0.8,-1.5,0.3,-1.3,0.1,-1,0.6,-1.2,-1.2,-1.1,0.3,0.5,0.4,23.6,17.8,28.7,-24.5,10.3,-0.6,28,22.1,35.6,-29.2,10.8,-2.7,21.1,15.6,25.2,-21.6,9.8,0.2,17.5,11.9,18.9,-17.1,9.5,2.5,-0.6,-0.4,-0.6,0.1,1.1,1.3,0.1,0.2,-0.1,0.7,0.2,0.5,-0.9,-0.6,-0.8,-0.2,1.7,1.9,-2.4,-1.6,-1.6,-1.1,2.7,2.7,8.7,2.1,1.5,-5.2,4,4.6,8.6,1.9,0.6,-4.4,4,5.3,9.1,1.9,0.9,-5.5,4,5,8.4,2.4,2.7,-5.6,4,3.7,2.2,1.1,0.9,-2.3,0.9,1.1,1.7,0.4,0.6,-2.7,1,0.8,2.2,1.1,0.8,-2.2,0.7,1,2.7,1.5,1.2,-2,1.2,1.5,-2.1,-3,-4.8,3.3,1.4,3.2,-2.5,-3.5,-5.4,4.6,1.5,3.4,-2.3,-3.2,-4.9,2.5,1.5,3.2,-1.3,-2,-3.7,2.7,1.3,3,5.4,6.3,2,-2.5,-0.6,3.7,6.7,7.4,1.4,-4.3,-0.5,5.5,5.6,6.4,2,-2.5,-0.6,3.8,4.4,5.4,2.3,-1.1,-0.6,2.5,0.9,0.7,0.5,0.6,0.2,0.4,0.4,0.2,0,0.4,0.3,0.5,0.9,0.8,0.5,0.6,0.1,0.4,1.2,1,0.9,0.7,0.2,0.3,-2.3,0.1,0.2,2.5,-6.3,0,0.2,6.7,-0.5,0.1,0.2,0.7,0.2,0.2,0.3,0.1,0.3,0.2,-0.3,0.4,0.3,0.2,-0.3,0.3,0.3,0.2,-0.3,0.4,0.3,0.3,-0.3,0.4,-6.3,-0.1,-0.1,6.1,-16,-0.1,0,17.6,-1.8,-0.1,-0.2,1.5,-0.1,-0.1,-0.2,-0.1,1.8,0.5,-0.2,-1.5,1.9,0.5,-0.3,-1.5,1.7,0.5,0,-1.4,1.7,0.4,-0.4,-1.5,-0.3,-0.4,-0.1,-1.2,0,0,0.2,-0.4,-0.5,-0.7,-0.3,-1.7,-0.8,-1.1,-0.8,-3,5.5,-2.8,2.9,3.1,4.8,-2.7,2.2,2.9,5.7,-2.8,2.5,3.3,5.6,-2.8,3.7,3,0.1,0.3,0.4,0.2,0.2,0.1,0.4,0.1,0.1,0.2,0.4,0.2,0.1,0.6,0.4,0.2,0.3,-0.5,0,-0.7,0.2,-0.4,0.1,-0.6,0.3,-0.5,0,-0.7,0.4,-0.4,0,-0.8,-0.4,0.8,4,-0.1,-0.3,0.4,5.8,-0.1,-0.4,0.8,4,-0.1,-0.6,1.1,2.7,-0.2,-0.1,0.5,0.4,-0.1,0.1,0.2,0.2,-0.1,-0.1,0.5,0.4,-0.1,-0.2,0.7,0.6,-0.1,1.5,186.27,7.779,1.2149,83.54,14016,1848,25377.24023,0.07,4.5
2021/11/30,1.8,2.2,1.7,1.5,2.2,2,2.3,2.5,-0.6,-0.3,-0.7,-0.7,31.1,36.2,28.3,24.2,-0.6,0.3,-1.2,-2.6,6.7,6.5,7,6.5,1.8,1.3,1.7,2.4,-1,-1.3,-0.9,-0.6,5.3,6.7,5.4,4.1,1.1,0.9,1.1,1.3,0.2,0.3,0.1,0.1,0,0,0.1,0.1,0.2,0.6,0,-0.1,1,1,1,1,0,0.1,-0.1,-0.2,2.5,1.7,2.2,3.3,0.5,0.4,0.5,0.5,0.3,0.2,0.5,0.3,-0.5,-0.2,-0.4,-0.8,-0.1,0,-0.1,-0.1,1.7,1.6,1,-0.3,0.2,0.8,2.1,2.2,1.9,-0.4,0,0.3,1.6,1.3,0.5,-0.4,0.4,1.2,1.5,1.4,0.5,-0.1,0.1,1,2.2,2.8,1,1.8,-0.6,1.2,2.1,2.3,0.9,2,-0.3,1.1,2.2,2.8,0.9,1.7,-0.5,1.4,2.5,3.4,1.1,1.5,-0.9,1.4,-0.6,-0.7,-0.7,0.5,0.1,0.1,-0.3,0.4,0.5,1.4,-0.7,-0.8,-0.7,-1.4,-1.4,0,0.7,0.7,-0.7,-1.2,-1.2,0.1,0.5,0.5,28.1,20.1,32.6,-25,11,-1.5,32.9,24.4,41.4,-29.9,11.8,-5.2,25.4,17.8,27.9,-22.2,10.5,0.4,21.4,14.2,20.5,-17.6,10,3.7,0.7,-0.1,-0.3,1.4,-0.5,-0.3,0.4,0.5,0.1,0.9,-0.2,0.2,1.1,-0.5,-0.5,1.7,-0.7,-0.7,1.1,-1.5,-1.3,2.2,-1.1,-1.3,6.1,5.3,1.6,-5.4,1.4,5.1,5.9,5.3,1.3,-4.6,1.2,5.2,5.9,5.5,1.7,-6.1,1.5,5.3,6.4,4.9,1.8,-5.2,1.6,4.7,2,2.8,0.4,-1.4,-1,1.4,1.4,1.9,0.2,-1.9,-0.6,1.1,1.8,2.8,0.4,-1.5,-1.1,1.3,2.7,3.5,0.6,-0.8,-1.1,1.8,-1.6,-3.2,-4.4,3.4,2.2,3.4,-2,-3.4,-4.9,4.5,2.1,3.6,-1.7,-3.6,-4.5,2.6,2.7,3.6,-0.7,-2.3,-3.4,3.3,1.7,2.8,5.7,6,2.5,-2.6,-0.7,2.8,6.9,7.2,1.7,-4.4,-0.5,5,5.8,6.2,2.5,-2.7,-0.8,2.9,4.8,5,3,-1.3,-0.9,1.1,0.9,1,0.6,0.4,0.1,0.5,0.5,0.5,0.1,0.1,0.4,0.8,0.9,1,0.6,0.4,0.1,0.5,1.2,1.2,0.8,0.6,0.1,0.5,2.9,0.1,-0.1,0.1,7.2,0.1,-0.1,0.2,1.1,0.1,-0.1,0,0.3,0.1,-0.1,0.1,0.4,0.2,-0.2,0,0.5,0.2,-0.4,0,0.4,0.2,-0.1,0,0.3,0.3,0,0.1,7,-0.1,-0.1,0.2,19,-0.1,-0.1,0.6,2.3,-0.1,-0.1,0,0.4,-0.1,-0.1,-0.1,2.1,1.4,1.9,-1.4,2.2,1.5,3,-1.5,2.1,1.4,1.2,-1.3,1.9,1.4,0.6,-1.3,0.2,0.4,-0.2,1.4,0,0,-0.1,0.3,0.3,0.8,-0.2,2.2,0.5,1.3,-0.5,3.6,0.5,0,-2.2,1.9,0.4,0.1,-2.2,1.2,0.2,0.1,-2.3,1.2,1.1,-0.2,-2.1,3.2,-0.1,-0.2,-0.1,0.7,-0.1,-0.2,-0.2,0.6,-0.2,-0.1,-0.1,0.6,0.1,-0.2,0,0.8,-0.1,-0.4,0.1,-0.3,0,-0.4,-0.1,-0.4,-0.1,-0.4,0.1,-0.4,-0.3,-0.4,0.2,0.2,0.1,0.3,0.4,0,0.1,0.1,0.3,0,0.1,0.2,0.4,0,0.2,0.4,0.5,-0.1,-0.1,0.3,-0.4,-0.3,0,0.3,-0.3,-0.5,-0.1,0.3,-0.4,-0.3,-0.1,0.3,-0.6,-0.2,2.3,188.34,7.802,1.2237,81.05,11501,2505,23475.25977,0.07,4.1
2021/12/31,2.4,3,2.2,2,3,2.6,3.1,3.5,-0.5,-0.2,-0.7,-0.7,54.2,65.7,48.5,39.2,0.6,0.8,0.4,0.1,8.7,8.9,9.1,8.3,2.1,1.6,1.9,2.6,-1.1,-1.4,-1.1,-0.8,4.1,4.8,4.3,3.5,1,0.6,1,1.2,0,0,0,0.1,0.2,0.1,0.3,0.4,-0.1,0,-0.1,-0.1,1.3,1.3,1.3,1.4,0.2,0.2,0.1,0.4,-2,-1.4,-1.9,-2.5,-0.1,0,-0.1,-0.2,-0.1,0,-0.1,-0.1,-1.1,-1.9,-1.1,-0.5,0.3,-0.1,0.3,0.6,1.8,1.4,0.7,-1,1,1.7,2.2,1.6,1.3,-1.3,1.4,1.7,1.7,1.2,0.3,-1,1,1.9,1.5,1.3,0.5,-0.6,0.7,1.5,2.2,2.2,1.2,1,0.8,1.8,2,1.9,1.1,1.2,0.7,1.5,2.3,2.3,1.1,0.9,0.8,2,2.5,2.6,1.3,0.6,0.9,2.2,-0.6,-1.4,-0.7,0.3,0.9,0.2,-0.3,-1.5,0.5,1.2,1.3,-0.7,-0.7,-1.5,-1.4,-0.2,0.8,0.7,-0.7,-1.2,-1.2,-0.2,0.5,0.5,31.1,23.6,17,-35.2,30.6,37.2,36.2,28,21.3,-41.4,37.7,44.4,28.3,21.1,14.8,-31.6,27.4,33.7,24.2,17.5,10.9,-25.1,21.7,28.3,-0.6,-0.6,0.3,1.5,1.2,0.3,0.3,0.1,0.2,1,0.7,0.6,-1.2,-0.9,0.5,1.7,1.3,-0.1,-2.6,-2.4,0.3,2.3,2.5,-0.2,6.7,8.7,3.2,-4.9,0,5.5,6.5,8.6,2.8,-4.4,0.3,6.1,7,9.1,3.2,-5.2,0,5.9,6.5,8.4,3.5,-4.9,-0.1,4.8,1.8,2.2,0.8,-1.4,-0.1,1.3,1.3,1.7,0.5,-1.8,-0.1,1.1,1.7,2.2,0.9,-1.5,-0.3,1,2.4,2.7,0.8,-1,-0.1,1.8,-1,-2.1,-2.9,3.8,1,1.8,-1.3,-2.5,-3.4,4.8,1.1,2,-0.9,-2.3,-3.2,3,1.2,2.1,-0.6,-1.3,-1.7,3.8,0.5,0.9,5.3,5.4,2.5,-2.9,-1.3,1.6,6.7,6.7,1.8,-4.7,-1.9,3,5.4,5.6,2.5,-3,-1.3,1.8,4.1,4.4,2.9,-1.6,-0.9,0.6,1.1,0.9,0.6,0.3,0.1,0.4,0.9,0.4,0.2,-0.1,0.2,0.4,1.1,0.9,0.7,0.4,0.1,0.3,1.3,1.2,0.9,0.5,0,0.3,0.2,-2.3,-0.3,-0.6,0.3,-6.3,-0.6,-0.8,0.1,-0.5,-0.2,-0.5,0.1,0.2,-0.1,-0.3,0,0.3,0.1,-0.5,0,0.3,0.1,-0.5,0.1,0.3,0.1,-0.5,0.1,0.3,0.1,-0.5,0.2,-6.3,-0.1,-0.1,0.6,-16,-0.1,-0.1,0,-1.8,-0.1,-0.1,-0.1,-0.1,-0.1,-0.1,1,1.8,-10.9,-13.8,1,1.9,-13.4,-16.7,1,1.7,-9.5,-12.5,1,1.7,-7.2,-9.5,0,-0.3,0,-1,0.1,0,0,-0.3,-0.1,-0.5,0.1,-1.4,-0.2,-0.8,0,-2.2,2.5,5.5,0.2,-3.8,1.7,4.8,0.3,-3.5,2.2,5.7,0.3,-3.7,3.3,5.6,0,-4.2,0.5,0.1,-0.3,-0.4,0.4,0.2,-0.3,-0.3,0.5,0.1,-0.2,-0.3,0.5,0.1,-0.6,-0.4,0.3,0.3,0.2,0.1,0.2,0.2,0.1,0.1,0.5,0.3,0.3,0,0.3,0.4,0.4,0.1,-0.5,-0.4,0.2,0,-0.2,-0.3,0.1,-0.1,-0.4,-0.4,0.3,0,-0.8,-0.6,0.3,0.1,-0.1,-0.1,0.2,0.5,0,0.1,0.2,0.2,-0.1,-0.1,0.2,0.5,-0.1,-0.2,0.2,0.7,1.5,184.55,7.798,1.2245,74.17,11082,2614,23397.66992,0.07,3.8
2022/1/31,1.2,1.1,1.2,1.4,2.8,2.4,3,3.4,-0.4,-0.1,-0.6,-0.5,-2.4,-3.6,-1.8,-0.2,-0.2,0.7,-1,-2.2,6.1,6.1,6.6,5.5,2,1.4,1.9,2.4,-1.1,-1.3,-1.2,-0.6,6.4,7.8,6.6,5.3,1,0.8,1.1,1.2,0.2,0.2,0.2,0.2,0.3,0.4,0.3,0.2,0,0,0,0.1,-1.6,-1.5,-1.6,-1.6,0.2,0.3,0.2,0.2,-2.7,-1.9,-2.4,-3.5,0.1,0,0.2,0.2,-0.3,-0.4,-0.5,0,2.3,3,2.3,1.8,0.5,0.4,0.5,0.5,2.4,1.7,3.7,2.6,-0.5,-2.5,3,2.1,8.4,7.5,-1,-7.3,2.2,1.6,1.7,0.6,-0.4,-0.5,2,1.5,1.1,-0.2,-0.1,0.3,3,2.2,2.7,0,0.6,0.1,2.6,2.1,2.3,0.2,0.3,0.1,3.1,2.2,2.8,-0.1,0.8,0.2,3.5,2.5,3.3,-0.2,0.9,0.1,-0.5,-0.6,5.1,5.9,0.2,-5.5,-0.2,-0.3,17.2,17.7,0.2,-17.3,-0.7,-0.7,0.3,1.2,0.1,-0.9,-0.7,-0.7,-1.2,-0.4,0.2,0.7,54.2,28.1,17.8,24.9,-30.5,-20.2,65.7,32.9,22.1,31.2,-36.5,-25.7,48.5,25.4,15.6,21.7,-27.2,-17.4,39.2,21.4,11.9,15.9,-21.6,-12.1,0.6,0.7,-0.4,2.5,-0.9,0.2,0.8,0.4,0.2,1.3,0.3,0.5,0.4,1.1,-0.6,3.3,-2.1,-0.4,0.1,1.1,-1.6,4.9,-3.3,-0.6,8.7,6.1,2.1,-1.7,0,4,8.9,5.9,1.9,-0.9,0.2,4.2,9.1,5.9,1.9,-2,0.7,4.7,8.3,6.4,2.4,-2,-0.9,3.1,2.1,2,1.1,-0.8,0,0.9,1.6,1.4,0.4,-1.1,0,1,1.9,1.8,1.1,-1.1,0.1,0.8,2.6,2.7,1.5,-0.3,-0.3,0.9,-1.1,-1.6,-3,-2.8,0.5,1.9,-1.4,-2,-3.5,-3.4,0.7,2.2,-1.1,-1.7,-3.2,-2.8,0.5,2,-0.8,-0.7,-2,-2.1,0.1,1.4,4.1,5.7,6.3,-3.3,0.7,0.1,4.8,6.9,7.4,-4.8,0.9,0.4,4.3,5.8,6.4,-3.3,0.8,0.2,3.5,4.8,5.4,-2.2,0.5,-0.1,1,0.9,0.7,0.1,0.1,0.3,0.6,0.5,0.2,-0.2,0.3,0.6,1,0.9,0.8,0.1,0.2,0.3,1.2,1.2,1,0.3,0,0.2,0,2.9,0.1,1.3,0,7.2,0,2.1,0,1.1,0.1,1.1,0.1,0.3,0.2,0.7,0.2,0.4,0.2,0.5,0.1,0.5,0.2,0.6,0.3,0.4,0.2,0.4,0.4,0.3,0.3,0.4,-0.1,7,-0.1,-0.1,0,19,-0.1,-0.1,-0.1,2.3,-0.1,-0.1,-0.1,0.4,-0.1,-0.1,1.3,2.1,0.5,55.4,1.3,2.2,0.5,69.3,1.3,2.1,0.5,48.9,1.4,1.9,0.4,37.3,0.2,0.2,-0.4,1.1,0.2,0,0,0.3,0.1,0.3,-0.7,1.5,0.4,0.5,-1.1,2.5,-2,0.5,-2.8,-0.2,-1.4,0.4,-2.7,0.6,-1.9,0.2,-2.8,-0.1,-2.5,1.1,-2.8,-0.9,-0.1,-0.1,0.3,0.2,0,-0.1,0.1,0.1,-0.1,-0.2,0.2,0.1,-0.2,0.1,0.6,0.4,-0.1,-0.1,-0.5,-0.3,0,0,-0.4,-0.4,-0.1,-0.1,-0.5,-0.3,-0.1,-0.3,-0.4,-0.2,-1.1,0.1,0.8,0.1,-1.9,0.1,0.4,0.1,-1.1,0.1,0.8,0.1,-0.5,0.2,1.1,0.1,0.3,-0.1,0.5,0.4,-0.1,0,0.2,0.3,0.3,-0.1,0.5,0.4,0.6,-0.1,0.7,0.5,0.9,185.93,7.798,1.2239,86.51,10873,3055,23802.25977,0.08,3.6
2022/2/28,1.6,1.6,1.6,1.7,3.6,3.7,3.5,3.5,-0.3,0,-0.4,-0.4,-2.7,-3.9,-2.1,-0.6,1.1,1,1.1,1.5,8,8.2,8.8,6.9,2,1.2,1.9,2.9,0.1,-0.4,0.1,0.6,7,8.2,7.1,6.2,1.2,0.9,1.1,1.3,0.7,1,0.7,0.4,2.5,3.1,2.2,1.8,0,0,0,0,0.2,0.2,0.2,0.3,-0.1,-0.2,0,0.1,-0.2,-0.1,0.3,-0.8,0,-0.3,-0.1,0.3,1.1,0.9,1.3,1.1,0.6,0.3,0.5,0.8,-0.3,-0.1,-0.2,-0.3,1.2,1.8,1.6,0.5,-0.2,0,1.1,2.2,2.2,1.3,-0.6,-0.6,1.2,1.7,1.3,0.1,-0.1,0.3,1.4,1.5,1.4,0,0.2,0.3,2.8,2.2,2.8,0.8,1.4,0.8,2.4,2,2.3,0.9,1.7,1.4,3,2.3,2.8,0.7,1.2,0.7,3.4,2.5,3.4,0.6,1,0.1,-0.4,-0.6,-0.7,-0.2,0.3,0.4,-0.1,-0.3,0.4,0.8,0.3,-0.4,-0.6,-0.7,-1.4,-0.7,0.3,1,-0.5,-0.7,-1.2,-0.7,0.3,0.8,-2.4,31.1,20.1,24.8,-33.8,-22.8,-3.6,36.2,24.4,31.1,-40.1,-28.3,-1.8,28.3,17.8,21.7,-30.4,-19.9,-0.2,24.2,14.2,16,-24.8,-14.8,-0.2,-0.6,-0.1,-1,1.7,1.2,0.7,0.3,0.5,0.2,0.7,0.5,-1,-1.2,-0.5,-1.6,2.3,1.6,-2.2,-2.6,-1.5,-3.4,4.1,3,6.1,6.7,5.3,-3.1,1.3,2.7,6.1,6.5,5.3,-2.7,1.7,2.9,6.6,7,5.5,-3.4,1.8,3.3,5.5,6.5,4.9,-3.1,0.4,2,2,1.8,2.8,-0.8,0.2,-0.8,1.4,1.3,1.9,-1,-0.1,-0.7,1.9,1.7,2.8,-0.9,0.2,-0.9,2.4,2.4,3.5,-0.6,0.5,-0.6,-1.1,-1,-3.2,-4.5,1.1,3.3,-1.3,-1.3,-3.4,-5.4,0.9,3,-1.2,-0.9,-3.6,-4.5,1,3.7,-0.6,-0.6,-2.3,-3.4,1.2,2.9,6.4,5.3,6,-2.7,1.7,1,7.8,6.7,7.2,-4.6,1.5,1,6.6,5.4,6.2,-2.7,1.7,0.9,5.3,4.1,5,-1.4,2.1,1.2,1,1.1,1,0.9,0.1,0.2,0.8,0.9,0.5,0.7,0,0.4,1.1,1.1,1,1,0,0.1,1.2,1.3,1.2,1,0,0.1,0.2,0.2,0.1,0.3,0.2,0.3,0.1,0.5,0.2,0.1,0.1,0.3,0.2,0.1,0.1,0.2,0.3,0,0.2,1.7,0.4,0,0.2,1.8,0.3,0.1,0.2,1.7,0.2,0.1,0.3,1.7,0,0.2,-0.1,-0.1,0,0.6,-0.1,-0.1,0,0,-0.1,-0.2,0.1,-0.1,-0.1,-0.1,-1.6,1,1.4,0.6,-1.5,1,1.5,0.6,-1.6,1,1.4,0.6,-1.6,1,1.4,0.7,0.2,0,0.4,-1.5,0.3,0.1,0,-0.5,0.2,-0.1,0.8,-2.1,0.2,-0.2,1.3,-3.5,-2.7,2.5,0,-1.9,-1.9,1.7,0.1,-2,-2.4,2.2,0.1,-1.8,-3.5,3.3,-0.2,-2,0.1,0.5,-0.2,-0.1,0,0.4,-0.2,-0.1,0.2,0.5,-0.1,-0.1,0.2,0.5,-0.2,-0.2,-0.3,0.3,-0.4,-0.1,-0.4,0.2,-0.4,-0.1,-0.5,0.5,-0.4,-0.1,0,0.3,-0.4,-0.1,2.3,-0.5,0.3,0,3,-0.2,0.1,-0.1,2.3,-0.4,0.2,0.1,1.8,-0.8,0.4,-0.1,0.5,-0.1,0.3,-0.4,0.4,0,0.3,-0.3,0.5,-0.1,0.3,-0.3,0.5,-0.1,0.3,-0.4,0.9,179.1,7.814,1.23795,97.13,9841,2849,22713.01953,0.08,4.2
2022/3/31,1.7,1.8,1.7,1.8,4.6,5,4.4,4.3,-0.1,0.2,-0.3,-0.3,-2,-3.6,-1.1,0.4,0,0.4,-0.1,-1,4.3,4,5,3.6,1.1,0.3,1.1,1.7,0.6,0.1,0.8,1.1,4.9,3.1,5,6,0.9,0.3,1,1.2,0.2,0.1,0.2,0.2,0.7,0.8,0.7,0.7,0,0,0,0,1.1,1,1.1,1.3,-0.1,-0.1,0.1,-0.1,2.8,3,3.3,2,0.5,0.4,0.6,0.4,0,0,0,0,-1.7,-4.5,-1.7,0,-0.3,-0.6,-0.3,-0.2,1.6,2.4,1.4,0.6,-0.7,0.3,1.6,3,1.6,1.5,-1.2,0.2,1.6,2.2,1.2,0.2,-0.5,0.5,1.7,2,1.3,0.1,-0.2,0.5,3.6,3,2.2,1.3,1.6,2.4,3.7,2.6,1.9,1.4,2.4,3.1,3.5,3.1,2.3,1.2,1.3,2.1,3.5,3.5,2.6,1.1,0.8,1.7,-0.3,-0.5,-1.4,-0.5,0.4,1.3,0,-0.2,-1.5,0.5,0.4,1.7,-0.4,-0.7,-1.5,-1,0.4,1.2,-0.4,-0.7,-1.2,-0.9,0.4,0.9,-2.7,54.2,23.6,26.3,-56.2,-25.6,-3.9,65.7,28,33,-69.3,-31.6,-2.1,48.5,21.1,22.6,-49.6,-22.2,-0.6,39.2,17.5,17.2,-38.8,-17.1,1.1,0.6,-0.6,0.3,-0.6,0.6,1,0.8,0.1,0.6,-0.4,0.3,1.1,0.4,-0.9,0.2,-0.5,0.8,1.5,0.1,-2.4,-0.4,-1.1,1.4,8,8.7,8.7,0.4,-4.4,-4.4,8.2,8.9,8.6,0.6,-4.9,-4.6,8.8,9.1,9.1,0.3,-4.1,-4.1,6.9,8.3,8.4,0.5,-4.7,-4.8,2,2.1,2.2,0.1,-1,-1.1,1.2,1.6,1.7,-0.2,-1.3,-1.4,1.9,1.9,2.2,0,-0.8,-1.1,2.9,2.6,2.7,0.4,-0.9,-1,0.1,-1.1,-2.1,-5.3,1.7,2.7,-0.4,-1.4,-2.5,-6.1,1.5,2.6,0.1,-1.1,-2.3,-5.4,1.9,3.1,0.6,-0.8,-1.3,-4.2,1.9,2.4,7,4.1,5.4,-2.4,0.8,-0.5,8.2,4.8,6.7,-4.4,-1.7,-3.6,7.1,4.3,5.6,-2.4,0.7,-0.6,6.2,3.5,4.4,-1.1,2.5,1.6,1.2,1,0.9,0.4,-0.1,0,0.9,0.6,0.4,0,-0.3,-0.1,1.1,1,0.9,0.4,0,0.1,1.3,1.2,1.2,0.7,0,0,0.7,0,-2.3,0.1,1,0,-6.3,0,0.7,0,-0.5,0.1,0.4,0.1,0.2,0.2,2.5,0.2,0.3,-0.3,3.1,0.1,0.3,-0.5,2.2,0.3,0.3,-0.2,1.8,0.4,0.3,-0.1,0,-0.1,-6.3,-0.1,0,0,-16,-0.1,0,-0.1,-1.8,-0.2,0,-0.1,-0.1,-0.1,0.2,1.3,1.8,0.4,0.2,1.3,1.9,0.6,0.2,1.3,1.7,0,0.3,1.4,1.7,0.3,-0.1,0.2,-0.3,1.1,-0.2,0.2,0,0.5,0,0.1,-0.5,1.4,0.1,0.4,-0.8,2.4,-0.2,-2,5.5,6.4,-0.1,-1.4,4.8,7.1,0.3,-1.9,5.7,7.1,-0.8,-2.5,5.6,5.2,0,-0.1,0.1,1.4,-0.3,0,0.2,1.2,-0.1,-0.1,0.1,1.5,0.3,-0.2,0.1,1.6,1.1,-0.1,0.3,-0.6,0.9,0,0.2,-0.5,1.3,-0.1,0.3,-0.6,1.1,-0.1,0.4,-0.5,0.6,-1.1,-0.4,0.3,0.3,-1.9,-0.3,0.3,0.5,-1.1,-0.4,0.3,0.8,-0.5,-0.6,0.2,-0.3,0.3,-0.1,-0.1,-0.1,-0.1,0.1,0.1,-0.2,0.3,-0.1,-0.2,-0.3,0.6,-0.2,-0.2,1.5,177.34,7.831,1.23325,117.25,10904,2422,21996.84961,0.33,5
2022/4/30,1.3,1.1,1.3,1.6,4,4,3.9,4,-0.6,-0.5,-0.7,-0.6,0.2,-1.4,0.9,2.9,1.7,2,1.5,0.9,3.6,3.8,4.4,2.7,1.2,0.4,1.1,1.9,0.9,0.3,1.1,1.3,1.8,-2.1,1.8,4.6,1.3,0.9,1.3,1.5,-0.2,-0.4,-0.2,0.1,-0.9,-1.2,-0.7,-0.5,-0.6,-0.6,-0.7,-0.5,2,2,2,2.1,1.5,1.8,1.3,1.1,2.3,2,1.9,2.8,0.4,0.4,0.4,0.6,0.3,0.2,0.3,0.2,0.9,0.5,0.8,1.4,0.8,0.8,0.8,0.8,1.7,1.2,1.7,0.8,0.1,-0.4,1.8,1.1,2.1,1.6,0,-1,1.7,1.2,1.6,0.3,0.1,-0.3,1.8,1.4,1.5,0.4,0.2,0.1,4.6,2.8,2.2,0.8,1.2,1.8,5,2.4,2.1,0.8,1.6,1.9,4.4,3,2.2,0.7,0.9,1.7,4.3,3.4,2.5,0.6,0.6,1.5,-0.1,-0.4,-0.6,-0.7,-0.2,0,0.2,-0.1,-0.3,0.5,-0.4,-0.2,-0.3,-0.6,-0.7,-1.3,-0.1,0,-0.3,-0.5,-0.7,-1.1,-0.1,0.1,-2,-2.4,28.1,28.7,2.6,-27.9,-3.6,-3.6,32.9,35.6,2.2,-34.3,-1.1,-1.8,25.4,25.2,2.7,-24.5,0.4,-0.2,21.4,18.9,3.1,-18.5,0,-0.2,0.7,-0.6,1.9,1,0.4,0.7,0.4,-0.1,1.3,1.6,-0.1,-1,1.1,-0.8,2.5,0.4,-1,-2.2,1.1,-1.6,3.1,-0.2,4.3,6.1,6.1,1.5,-2.5,-2.5,4,6.1,5.9,0.6,-2.3,-2.1,5,6.6,5.9,0.9,-2.2,-1.5,3.6,5.5,6.4,2.7,-2.8,-3.7,1.1,2,2,0.9,-0.8,-0.8,0.3,1.4,1.4,0.6,-1,-1,1.1,1.9,1.8,0.8,-0.8,-0.7,1.7,2.4,2.7,1.2,-0.5,-0.8,0.6,-1.1,-1.6,-4.8,2,2.5,0.1,-1.3,-2,-5.4,1.6,2.3,0.8,-1.2,-1.7,-4.9,2.3,2.8,1.1,-0.6,-0.7,-3.7,1.9,2,4.9,6.4,5.7,2,-4.6,-3.9,3.1,7.8,6.9,1.4,-9.9,-9,5,6.6,5.8,2,-4.8,-4,6,5.3,4.8,2.3,-0.7,-0.2,0.9,1,0.9,0.5,0.3,0.4,0.3,0.8,0.5,0,0.1,0.4,1,1.1,0.9,0.5,0.2,0.4,1.2,1.2,1.2,0.9,0.3,0.3,0.2,0.2,2.9,0.2,0.1,0.2,7.2,0.2,0.2,0.2,1.1,0.2,0.2,0.2,0.3,0.3,0.7,0.3,0.4,-0.3,0.8,0.4,0.5,-0.3,0.7,0.3,0.4,-0.3,0.7,0.2,0.3,-0.3,0,0,7,-0.1,0,0,19,0,0,0,2.3,-0.2,0,0.1,0.4,-0.2,1.1,-1.6,2.1,-0.2,1,-1.5,2.2,-0.3,1.1,-1.6,2.1,0,1.3,-1.6,1.9,-0.4,-0.1,0.2,0.2,-0.1,-0.1,0.3,0,0.2,0.1,0.2,0.3,-0.3,-0.1,0.2,0.5,-0.8,2.8,-2.7,0.5,2.9,3,-1.9,0.4,2.2,3.3,-2.4,0.2,2.5,2,-3.5,1.1,3.7,0.5,0.1,-0.1,0.4,0.4,0,-0.1,0.4,0.6,0.2,-0.2,0.4,0.4,0.2,0.1,0.4,0,-0.3,-0.1,0,0,-0.4,0,0.1,0,-0.5,-0.1,0,0,0,-0.3,0,-1.7,2.3,0.1,4,-4.5,3,0.1,5.8,-1.7,2.3,0.1,4,0,1.8,0.2,2.7,-0.3,0.5,-0.1,0.4,-0.6,0.4,0,0.2,-0.3,0.5,-0.1,0.4,-0.2,0.5,-0.1,0.6,2.1,181.06,7.847,1.18155,104.58,11748,2467,21089.39063,0.33,5.5
2022/5/31,1.2,0.8,1.3,1.6,4,4,4,4.1,-0.5,-0.5,-0.6,-0.5,-4.9,-8.7,-2.8,1,1.1,1.8,0.7,-0.4,5.6,6.2,6.6,4.1,1.7,0.7,1.5,2.6,0.6,0.2,0.7,0.8,1.5,-2.4,1.4,4.2,1.3,1,1.4,1.6,-0.2,-0.3,-0.2,-0.1,-0.2,-0.3,-0.1,0,0,0,0,0,-3.3,-4.6,-2.5,-1.2,-0.8,-0.4,-1,-1.8,-0.3,0.1,-0.2,-0.7,0.4,0.2,0.3,0.7,-0.3,-0.2,-0.3,-0.2,0,0,0,0,-0.4,-0.2,-0.3,-0.5,1.3,1.6,1.8,1,-0.4,-0.6,1.1,1.6,2.2,1.9,-0.8,-1.4,1.3,1.6,1.7,0.5,-0.3,-0.4,1.6,1.7,1.5,0.5,-0.1,0.1,4,3.6,2.2,1,0.4,1.8,4,3.7,2,0.9,0.3,2,3.9,3.5,2.3,0.9,0.5,1.7,4,3.5,2.5,1.1,0.6,1.6,-0.6,-0.3,-0.6,-0.7,-0.2,0.1,-0.5,0,-0.3,0.5,-0.5,-0.2,-0.7,-0.4,-0.7,-1.4,-0.2,0.1,-0.6,-0.4,-0.7,-1.2,-0.1,0.2,0.2,-2.7,31.1,32.6,-2.2,-36,-1.4,-3.9,36.2,41.4,-4.8,-44.9,0.9,-2.1,28.3,27.9,-0.7,-31.1,2.9,-0.6,24.2,20.5,1.6,-23.2,1.7,1.1,-0.6,-0.3,0,1.7,2,1,0.3,0.1,0.8,1.5,1.5,1.1,-1.2,-0.5,-0.4,1.9,0.9,1.5,-2.6,-1.3,-1.9,2.2,3.6,8,6.7,1.6,-2.4,-1.1,3.8,8.2,6.5,1.3,-2,-0.3,4.4,8.8,7,1.7,-2.2,-0.4,2.7,6.9,6.5,1.8,-2.8,-2.4,1.2,2,1.8,0.4,-0.3,-0.1,0.4,1.2,1.3,0.2,-0.5,-0.6,1.1,1.9,1.7,0.4,-0.4,-0.2,1.9,2.9,2.4,0.6,-0.3,0.2,0.9,0.1,-1,-4.4,0.5,1.6,0.3,-0.4,-1.3,-4.9,0.6,1.5,1.1,0.1,-0.9,-4.5,0.6,1.6,1.3,0.6,-0.6,-3.4,0.2,1.4,1.8,7,5.3,2.5,-5.5,-3.8,-2.1,8.2,6.7,1.7,-10.6,-9.1,1.8,7.1,5.4,2.5,-5.7,-4,4.6,6.2,4.1,3,-2,0.1,1.3,1.2,1.1,0.6,0.1,0.2,0.9,0.9,0.9,0.1,0.1,0.1,1.3,1.1,1.1,0.6,0.3,0.3,1.5,1.3,1.3,0.8,0.3,0.3,-0.2,0.7,0.2,-0.1,-0.4,1,0.3,-0.1,-0.2,0.7,0.1,-0.1,0.1,0.4,0.1,-0.1,-0.9,2.5,0,-0.2,-1.2,3.1,0,-0.4,-0.7,2.2,0.1,-0.1,-0.5,1.8,0.1,0,-0.6,0,0.2,-0.1,-0.6,0,0.6,-0.1,-0.7,0,0,-0.1,-0.5,0,-0.1,-0.1,2,0.2,1,1.9,2,0.2,1,3,2,0.2,1,1.2,2.1,0.3,1,0.6,1.5,-0.1,0,-0.2,1.8,-0.2,0.1,-0.1,1.3,0,-0.1,-0.2,1.1,0.1,-0.2,-0.5,2.3,-0.2,2.5,-2.2,2,-0.1,1.7,-2.2,1.9,0.3,2.2,-2.3,2.8,-0.8,3.3,-2.1,0.4,0,0.5,-0.1,0.4,-0.3,0.4,-0.2,0.4,-0.1,0.5,-0.1,0.6,0.3,0.5,0,0.3,1.1,0.3,0.1,0.2,0.9,0.2,-0.1,0.3,1.3,0.5,0.1,0.2,1.1,0.3,0.2,0.9,0.6,-0.5,0.4,0.5,0.3,-0.2,0.3,0.8,0.5,-0.4,0.4,1.4,0.8,-0.8,0.5,0.8,-0.3,-0.1,-0.4,0.8,-0.1,0,-0.3,0.8,-0.2,-0.1,-0.4,0.8,-0.3,-0.1,-0.6,2.1,180.97,7.849,1.17665,113.34,13414,2181,21415.19922,0.83,5.2
2022/6/30,1.8,1.8,1.7,2,4,3.9,4,4.1,-0.5,-0.4,-0.6,-0.5,14.1,14.4,13.8,13.7,1.6,2.3,1.1,0.5,5.5,5.7,6.2,4.7,1.9,1.1,1.4,3.2,-0.1,-0.3,-0.1,0,2.1,-2.2,2,5.3,1.2,0.7,1.3,1.5,0.3,0.4,0.2,0.2,0,0,0.1,0.1,0,0,0,-0.1,6.9,8.6,6,4.4,0.6,0.5,0.5,0.9,0.1,-0.2,-0.1,0.6,-0.1,0,-0.3,0,-0.4,-0.4,-0.5,-0.5,0.9,0.4,0.8,1.3,0.1,-0.1,0.1,0.2,1.2,1.7,2.4,0.7,0.1,-0.6,0.8,1.8,3,1.3,0,-1.2,1.3,1.7,2.2,0.3,0,-0.5,1.6,1.8,2,0.5,0.2,0,4,4.6,3,1.2,-0.6,1,4,5,2.6,1.1,-1.1,1.3,4,4.4,3.1,1.1,-0.4,0.9,4.1,4.3,3.5,1.3,-0.2,0.6,-0.5,-0.1,-0.5,-0.7,-0.4,0,-0.5,0.2,-0.2,0.5,-0.6,-0.2,-0.6,-0.3,-0.7,-1.4,-0.3,0.1,-0.5,-0.3,-0.7,-1.2,-0.2,0.2,-4.9,-2,54.2,17,16.1,-40.1,-8.7,-3.6,65.7,21.3,18,-51.3,-2.8,-1.1,48.5,14.8,14.9,-34.7,1,0.4,39.2,10.9,13.3,-25.5,1.1,0,0.6,0.3,1.6,1,1.8,0.4,0.8,0.2,1.9,1.5,0.7,-0.1,0.4,0.5,1.2,0.7,-0.4,-1,0.1,0.3,1.5,0.4,5.6,4.3,8.7,3.2,1.2,-3.2,6.2,4,8.9,2.8,1.7,-3.2,6.6,5,9.1,3.2,1.2,-2.9,4.1,3.6,8.3,3.5,1.1,-3.6,1.7,1.1,2.1,0.8,0.8,-0.2,0.7,0.3,1.6,0.5,0.8,-0.5,1.5,1.1,1.9,0.9,0.3,-0.5,2.6,1.7,2.6,0.8,1.5,0.6,0.6,0.6,-1.1,-2.9,-0.7,1,0.2,0.1,-1.4,-3.4,-0.4,1.1,0.7,0.8,-1.1,-3.2,-0.9,1,0.8,1.1,-0.8,-1.7,-1.1,0.8,1.5,4.9,4.1,2.5,-2.8,-2,-2.4,3.1,4.8,1.8,-5.3,-7,1.4,5,4.3,2.5,-3,-2.3,4.2,6,3.5,2.9,-0.7,1.8,1.3,0.9,1,0.6,0.3,0.2,1,0.3,0.6,0.2,0.4,0.1,1.4,1,1,0.7,0.3,0.3,1.6,1.2,1.2,0.9,0.3,0.3,-0.2,0.2,0,-0.3,-0.3,0.1,0,-0.6,-0.2,0.2,0,-0.2,-0.1,0.2,0.1,-0.1,-0.2,0.7,0.2,0.1,-0.3,0.8,0.1,0.1,-0.1,0.7,0.3,0.1,0,0.7,0.4,0.1,0,0,-0.1,-0.1,0,0,0,-0.1,0,0,-0.1,-0.1,0,0,-0.1,-0.1,-3.3,1.1,1.3,-10.9,-4.6,1,1.3,-13.4,-2.5,1.1,1.3,-9.5,-1.2,1.3,1.4,-7.2,-0.8,-0.1,0.2,0,-0.4,-0.1,0.2,0,-1,0.1,0.1,0.1,-1.8,-0.1,0.4,0,-0.3,2.8,-2,0.2,0.1,3,-1.4,0.3,-0.2,3.3,-1.9,0.3,-0.7,2,-2.5,0,0.4,0.5,-0.1,-0.3,0.2,0.4,0,-0.3,0.3,0.6,-0.1,-0.2,0.7,0.4,-0.2,-0.6,-0.3,0,-0.1,0.2,-0.2,0,0,0.1,-0.3,0,-0.1,0.3,-0.2,0,-0.1,0.4,0,-1.7,-1.1,0.2,0,-4.5,-1.9,0.1,0,-1.7,-1.1,0.3,0,0,-0.5,0.3,-0.4,-0.3,0.3,0.2,-0.2,-0.6,-0.1,0.2,-0.3,-0.3,0.3,0.2,-0.5,-0.2,0.6,0.2,2.5,181.35,7.847,1.1714,122.71,16042,1908,21859.78906,1.58,4.8
2022/7/31,1.9,1.9,1.8,2,4.1,4,4,4.1,-0.4,-0.4,-0.5,-0.4,15.1,15.4,14.7,14.9,2,2.3,1.8,1.7,6.5,6.6,7.2,5.7,1.2,0.7,0.9,2,0.5,0.3,0.8,0.4,1.5,-2.4,1.3,4.2,1.4,1,1.5,1.7,0.2,0.2,0.1,0.2,0.3,0.3,0.3,0.3,0,0,-0.1,0,1.4,1.4,1.4,1.5,0,0,0,0.1,-1.9,-1.9,-1.9,-1.8,-0.4,-0.2,-0.3,-0.6,0.2,0.2,0.4,-0.1,0.1,0.2,0.1,0.1,0.7,0.5,0.7,0.8,1.8,1.3,1.2,3.7,0.6,0.7,1.8,1.1,1.1,8.4,0.8,0.8,1.7,1.3,1.2,1.7,0.5,0.6,2,1.6,1.4,1.1,0.4,0.6,4,4,2.8,2.7,0.1,1.3,3.9,4,2.4,2.3,0,1.6,4,3.9,3,2.8,0.1,1,4.1,4,3.4,3.3,0.1,0.7,-0.5,-0.6,-0.4,5.1,0.2,0,-0.4,-0.5,-0.1,17.2,0.1,-0.3,-0.6,-0.7,-0.6,0.3,0.2,0.1,-0.5,-0.6,-0.5,-1.2,0.2,0.1,14.1,0.2,-2.4,17.8,14.9,17.5,14.4,-1.4,-3.6,22.1,16.8,19,13.8,0.9,-1.8,15.6,13.8,16.5,13.7,2.9,-0.2,11.9,12,15.1,1.6,1.7,-0.2,-0.4,0.3,2.2,2.3,2,0.7,0.2,0.3,1.6,1.1,1.5,-1,-0.6,0.3,2.8,0.5,0.9,-2.2,-1.6,0.8,3.9,5.5,3.6,6.1,2.1,2.9,0.4,5.7,3.8,6.1,1.9,2.8,0.5,6.2,4.4,6.6,1.9,2.8,0.6,4.7,2.7,5.5,2.4,3,0.2,1.9,1.2,2,1.1,0,-0.8,1.1,0.4,1.4,0.4,0.3,-0.7,1.4,1.1,1.9,1.1,-0.2,-1,3.2,1.9,2.4,1.5,0.1,-0.4,-0.1,0.9,-1.1,-3,-0.4,1.6,-0.3,0.3,-1.3,-3.5,0,1.6,-0.1,1.1,-1.2,-3.2,-0.3,2,0,1.3,-0.6,-2,-0.9,1,2.1,1.8,6.4,6.3,-0.3,-4.9,-2.2,-2.1,7.8,7.4,-0.3,-10.2,2,1.8,6.6,6.4,-0.5,-5.3,5.3,4.6,5.3,5.4,-0.4,-1.1,1.2,1.3,1,0.7,0.1,0.4,0.7,0.9,0.8,0.2,0.1,0.2,1.3,1.3,1.1,0.8,0.2,0.4,1.5,1.5,1.2,1,0.2,0.5,0.3,-0.2,0.2,0.1,0.4,-0.4,0.2,0,0.2,-0.2,0.2,0.1,0.2,0.1,0.2,0.2,0,-0.9,0.3,0.2,0,-1.2,0.4,0.2,0.1,-0.7,0.3,0.2,0.1,-0.5,0.2,0.3,0,-0.6,0,-0.1,0,-0.6,0,-0.1,0,-0.7,0,-0.1,-0.1,-0.5,0.1,-0.1,6.9,2,-1.6,0.5,8.6,2,-1.5,0.5,6,2,-1.6,0.5,4.4,2.1,-1.6,0.4,0.6,1.5,0.2,-0.4,0.5,1.8,0.3,0,0.5,1.3,0.2,-0.7,0.9,1.1,0.2,-1.1,0.1,2.3,-2.7,-2.8,-0.2,2,-1.9,-2.7,-0.1,1.9,-2.4,-2.8,0.6,2.8,-3.5,-2.8,-0.1,0.4,0.1,0.3,0,0.4,0,0.1,-0.3,0.4,0.2,0.2,0,0.6,0.2,0.6,-0.4,0.3,-0.3,-0.5,-0.4,0.2,-0.4,-0.4,-0.5,0.3,-0.5,-0.5,-0.5,0.2,0,-0.4,0.9,0.9,2.3,0.8,0.4,0.5,3,0.4,0.8,0.8,2.3,0.8,1.3,1.4,1.8,1.1,0.1,0.8,0.5,0.5,-0.1,0.8,0.4,0.2,0.1,0.8,0.5,0.5,0.2,0.8,0.5,0.7,2.7,177.43,7.851,1.16305,111.93,17948,2071,20156.50977,2.32,4.5
2022/8/31,1.9,1.9,1.8,1.9,3.8,3.8,3.8,3.9,-0.3,-0.2,-0.4,-0.3,15.2,15.5,14.9,15.2,1.7,2.2,1.2,0.6,5.9,5.7,6.5,5.5,0.6,0.2,0.3,1.3,0.9,0.7,1.1,0.6,1.9,-2,1.8,4.8,1.1,0.7,1.1,1.4,0,0,0,0.1,0,-0.1,0,0,0,0,0,0,1.5,1.5,1.5,1.6,0.1,0,0.2,0.3,-0.5,-0.7,-0.5,-0.3,-0.8,-0.7,-0.7,-0.9,-0.1,0,-0.1,-0.2,0.7,0.5,0.7,0.9,0,0,0,0,1.9,1.2,1.6,1.6,0.7,0.3,1.9,0.8,1.6,2.2,1.1,0.3,1.8,1.3,1.6,1.3,0.5,0.2,2,1.6,1.7,1.4,0.3,0.2,4.1,4,3.6,2.8,-0.2,0.2,4,4,3.7,2.3,-0.2,0.1,4,4,3.5,2.8,-0.2,0.3,4.1,4.1,3.5,3.4,-0.2,0.4,-0.4,-0.5,-0.3,-0.7,0.2,0,-0.4,-0.5,0,0.4,0.3,-0.2,-0.5,-0.6,-0.4,-1.4,0.2,0,-0.4,-0.5,-0.4,-1.2,0.2,0.1,15.1,-4.9,-2.7,20.1,20.1,17.9,15.4,-8.7,-3.9,24.4,24.2,19.4,14.7,-2.8,-2.1,17.8,17.7,17,14.9,1,-0.6,14.2,14.2,15.8,2,1.1,1.1,-0.1,0.6,0.6,2.3,1.8,1,0.5,0.4,1.2,1.8,0.7,1.1,-0.5,0.5,0.1,1.7,-0.4,1.5,-1.5,1,-0.9,6.5,5.6,8,5.3,0.3,-2.1,6.6,6.2,8.2,5.3,-0.5,-2.5,7.2,6.6,8.8,5.5,-0.1,-2.3,5.7,4.1,6.9,4.9,1.4,-1.4,1.2,1.7,2,2.8,-1.1,-1.4,0.7,0.7,1.2,1.9,-0.5,-1,0.9,1.5,1.9,2.8,-1.2,-1.6,2,2.6,2.9,3.5,-1.3,-1.6,0.5,0.6,0.1,-3.2,0.3,0.8,0.3,0.2,-0.4,-3.4,0.5,1.1,0.8,0.7,0.1,-3.6,0.4,1,0.4,0.8,0.6,-2.3,-0.2,0,1.5,1.5,7,6,0.4,-5.1,-2.4,-2.4,8.2,7.2,0.4,-10.2,1.3,1.4,7.1,6.2,0.4,-5.3,4.2,4.2,6.2,5,0.6,-1.4,1.4,1.3,1.2,1,-0.2,-0.1,1,1,0.9,0.5,-0.3,-0.2,1.5,1.4,1.1,1,-0.3,0,1.7,1.6,1.3,1.2,-0.2,0.1,0.2,-0.2,0.7,0.1,0.2,-0.3,1,0.1,0.1,-0.2,0.7,0.1,0.2,-0.1,0.4,0.1,0.3,-0.2,2.5,0.2,0.3,-0.3,3.1,0.2,0.3,-0.1,2.2,0.2,0.3,0,1.8,0.3,0,0,0,-0.1,0,0,0,-0.1,-0.1,0,0,-0.1,0,0,0,-0.1,1.4,-3.3,0.2,1.4,1.4,-4.6,0.2,1.5,1.4,-2.5,0.2,1.4,1.5,-1.2,0.3,1.4,0,-0.8,-0.1,0.4,0,-0.4,-0.2,0,0,-1,0,0.8,0.1,-1.8,0.1,1.3,-1.9,-0.3,-0.2,0,-1.9,0.1,-0.1,0.1,-1.9,-0.2,0.3,0.1,-1.8,-0.7,-0.8,-0.2,-0.4,0.4,0,-0.2,-0.2,0.2,-0.3,-0.2,-0.3,0.3,-0.1,-0.1,-0.6,0.7,0.3,-0.2,0.2,-0.3,1.1,-0.4,0.2,-0.2,0.9,-0.4,0.4,-0.3,1.3,-0.4,-0.1,-0.2,1.1,-0.4,0.1,0,0.6,0.3,0.2,0,0.3,0.1,0.1,0,0.5,0.2,0.1,0,0.8,0.4,0.7,-0.4,-0.3,0.3,0.5,-0.2,-0.1,0.3,0.7,-0.3,-0.2,0.3,0.8,-0.5,-0.3,0.3,2.5,173.22,7.848,1.1368,100.45,17076,1968,19954.39063,2.33,4.3
2022/9/30,4.4,8.9,2.4,1.9,3.8,3.7,3.8,3.8,6.4,18.8,1.5,-0.2,14.5,14.6,14.2,14.7,1.9,2.5,1.4,0.9,3,3.3,3.9,1.8,-0.5,-0.9,-0.8,0.3,0.4,0.5,0.6,0.1,2.1,-2,2,5,1.4,0.8,1.4,1.8,0.1,0.2,0.2,0.1,0.3,0.3,0.3,0.3,0,0,0,0,1.1,1,1.1,1.3,0,0.3,-0.4,-0.6,2.5,2.5,3.1,1.9,-1,-1,-1,-0.9,-0.1,0,-0.2,-0.1,-0.3,-0.2,-0.2,-0.4,0.2,0.2,0.2,0.2,1.9,1.8,1.7,1.4,2.6,2.7,1.9,1.8,1.8,1.6,7.1,7.1,1.8,1.7,1.7,1.2,0.7,0.7,1.9,2,1.8,1.3,-0.1,0.1,3.8,4,4.6,2.2,-0.2,-0.8,3.8,3.9,5,1.9,-0.2,-1.3,3.8,4,4.4,2.3,-0.2,-0.6,3.9,4.1,4.3,2.6,-0.3,-0.5,-0.3,-0.5,-0.1,-1.4,6.9,6.5,-0.2,-0.4,0.2,-1.5,19.2,18.6,-0.4,-0.6,-0.3,-1.5,2.1,1.8,-0.3,-0.5,-0.3,-1.2,0.3,0.1,15.2,14.1,-2,23.6,0.4,16.5,15.5,14.4,-3.6,28,0.2,18.2,14.9,13.8,-1.1,21.1,0.4,15.3,15.2,13.7,0.4,17.5,1,14.3,1.7,1.6,0,-0.6,0.3,1.9,2.2,2.3,0.4,0.1,0.2,2.1,1.2,1.1,-0.1,-0.9,0.3,1.5,0.6,0.5,-1,-2.4,0.4,1.9,5.9,5.5,4.3,8.7,-2.5,-1.3,5.7,5.7,4,8.6,-2.4,-0.7,6.5,6.2,5,9.1,-2.3,-1.1,5.5,4.7,3.6,8.4,-2.9,-1.8,0.6,1.9,1.1,2.2,-2.4,-1.6,0.2,1.1,0.3,1.7,-2,-1.2,0.3,1.4,1.1,2.2,-2.2,-1.9,1.3,3.2,1.7,2.7,-2.9,-1.4,0.9,-0.1,0.6,-2.1,0.5,-0.2,0.7,-0.3,0.1,-2.5,0.8,0.4,1.1,-0.1,0.8,-2.3,0.7,-0.2,0.6,0,1.1,-1.3,0.1,-1,1.9,2.1,4.9,5.4,0,-2.8,-2,-2.2,3.1,6.7,0.2,-5.1,1.8,2,5,5.6,0,-3,4.8,5.3,6,4.4,-0.3,-1,1.1,1.2,0.9,0.9,0.2,0.5,0.7,0.7,0.3,0.4,0.1,0.5,1.1,1.3,1,0.9,0.1,0.4,1.4,1.5,1.2,1.2,0.3,0.6,0,0.3,0.2,-2.3,0,0.4,0.1,-6.3,0,0.2,0.2,-0.5,0.1,0.2,0.2,0.2,0,0,0.7,0.3,-0.1,0,0.8,0.3,0,0.1,0.7,0.3,0,0.1,0.7,0.3,0,0,0,-6.3,0,0,0,-16,0,0,0,-1.8,0,-0.1,0,-0.1,1.5,6.9,1.1,1.8,1.5,8.6,1,1.9,1.5,6,1.1,1.7,1.6,4.4,1.3,1.7,0.1,0.6,-0.1,-0.3,0,0.5,-0.1,0,0.2,0.5,0.1,-0.5,0.3,0.9,-0.1,-0.8,-0.5,0.1,2.8,5.5,-0.7,-0.2,3,4.8,-0.5,-0.1,3.3,5.7,-0.3,0.6,2,5.6,-0.8,-0.1,0.5,0.1,-0.7,0,0.4,0.2,-0.7,-0.3,0.6,0.1,-0.9,0,0.4,0.1,-0.1,-0.4,0,0.3,0,-0.4,0,0.2,-0.1,-0.5,0,0.3,-0.2,-0.5,0,0.4,0.7,0.9,-1.7,-0.4,0.5,0.4,-4.5,-0.3,0.7,0.8,-1.7,-0.4,0.9,1.3,0,-0.6,0,0.1,-0.3,-0.1,0,-0.1,-0.6,0.1,0,0.1,-0.3,-0.1,0,0.2,-0.2,-0.2,2.8,169.35,7.851,1.10665,89.76,16456,1877,17222.83008,3.08,4.2
2022/10/31,1.8,2,1.7,1.8,3.4,3.3,3.4,3.5,0.1,0.6,-0.1,-0.2,13.4,13.4,13.1,14.1,1.9,2.5,1.3,0.9,4.5,4.6,5.9,2.8,-0.6,-1,-0.9,0,1,0.9,1.2,0.7,1.5,-2.2,1.5,4.2,1.5,0.4,1.5,2.1,0.3,0.4,0.4,0.2,0,0.1,0,0,0.7,0.8,0.7,0.5,1.2,1.2,1.2,1.3,0.1,0,0.2,0.5,2,1.6,2.2,2.1,-0.2,-0.2,-0.2,-0.2,0.4,0.4,0.5,0.3,-0.4,-0.2,-0.4,-0.6,0,-0.4,0,0.1,4.4,1.9,1.3,1.7,-0.1,0.5,8.9,1.9,1.1,2.1,0.1,0.9,2.4,1.8,1.3,1.6,-0.1,0.4,1.9,2,1.6,1.5,-0.2,0.2,3.8,4.1,4,2.2,-0.7,-0.6,3.7,4,4,2.1,-0.7,-0.7,3.8,4,3.9,2.2,-0.6,-0.5,3.8,4.1,4,2.5,-0.6,-0.5,6.4,-0.4,-0.6,-0.6,0.5,0.7,18.8,-0.4,-0.5,-0.3,1,1.1,1.5,-0.5,-0.7,-0.7,0.4,0.6,-0.2,-0.4,-0.6,-0.7,0.2,0.4,14.5,15.1,0.2,28.1,-1.7,13.2,14.6,15.4,-1.4,32.9,-2,14.8,14.2,14.7,0.9,25.4,-1.6,12.2,14.7,14.9,2.9,21.4,-0.8,11.2,1.9,2,1.7,0.7,-0.1,0.2,2.5,2.3,2,0.4,0.2,0.5,1.4,1.8,1.5,1.1,-0.5,-0.2,0.9,1.7,0.9,1.1,-0.8,0,3,6.5,3.6,6.1,-2,0.9,3.3,6.6,3.8,5.9,-2,0.8,3.9,7.2,4.4,5.9,-1.3,1.5,1.8,5.7,2.7,6.4,-2.9,0.1,-0.5,1.2,1.2,2,-1.8,-1.8,-0.9,0.7,0.4,1.4,-1.7,-1.4,-0.8,0.9,1.1,1.8,-1.8,-2,0.3,2,1.9,2.7,-2,-1.9,0.4,0.5,0.9,-1.6,0.5,0.1,0.5,0.3,0.3,-2,0.6,0.6,0.6,0.8,1.1,-1.7,0.4,0.1,0.1,0.4,1.3,-0.7,0.3,-0.6,2.1,1.5,1.8,5.7,0,-0.3,-2,-2.4,-2.1,6.9,0.2,-0.1,2,1.3,1.8,5.8,0.2,-0.3,5,4.2,4.6,4.8,0,-0.4,1.4,1.4,1.3,0.9,0.1,0.2,0.8,1,0.9,0.5,-0.6,-0.5,1.4,1.5,1.3,0.9,0,0.2,1.8,1.7,1.5,1.2,0.4,0.6,0.1,0.2,-0.2,2.9,0.2,0.2,-0.4,7.2,0.2,0.1,-0.2,1.1,0.1,0.2,0.1,0.3,0.3,0.3,-0.9,0.4,0.3,0.3,-1.2,0.5,0.3,0.3,-0.7,0.4,0.3,0.3,-0.5,0.3,0,0,-0.6,7,0,0,-0.6,19,0,-0.1,-0.7,2.3,0,0,-0.5,0.4,1.1,1.4,2,2.1,1,1.4,2,2.2,1.1,1.4,2,2.1,1.3,1.5,2.1,1.9,0,0,1.5,0.2,0.3,0,1.8,0,-0.4,0,1.3,0.3,-0.6,0.1,1.1,0.5,2.5,-1.9,2.3,0.5,2.5,-1.9,2,0.4,3.1,-1.9,1.9,0.2,1.9,-1.8,2.8,1.1,-1,-0.4,0.4,-0.1,-1,-0.2,0.4,-0.1,-1,-0.3,0.4,-0.2,-0.9,-0.6,0.6,0.1,-0.1,0.2,0.3,-0.1,0,0.2,0.2,0,-0.2,0.4,0.3,-0.1,-0.1,-0.1,0.2,-0.3,-0.3,0.1,0.9,0.1,-0.2,0.2,0.5,0.1,-0.2,0.1,0.8,0.1,-0.4,0.1,1.4,0.2,0.2,0.7,0.8,-0.1,0.2,0.5,0.8,0,0.2,0.7,0.8,-0.1,0.2,0.8,0.8,-0.1,2.1,164.91,7.85,1.07595,93.33,13713,1887,14687.01953,3.08,3.9
2022/11/30,1.8,1.8,1.7,1.8,3.5,3.4,3.5,3.5,-0.1,0,-0.2,-0.2,14.3,14.3,14,15,1.7,2.2,1.4,0.9,5.2,5,6.3,3.9,-1.6,-1.8,-1.7,-1.3,0.4,0.6,0.4,0.1,1.6,-2.2,1.5,4.3,1.6,0.8,1.6,2.1,0.1,0.1,0.1,0.1,0.1,0,0.1,0.1,0,0,0,0,1.8,1.8,1.8,1.8,-0.1,-0.2,0,-0.2,3.1,2.2,2.6,4.4,-0.5,-0.3,-0.4,-0.7,-0.3,-0.1,-0.4,-0.3,-0.5,-0.3,-0.4,-0.6,0,0.3,0,-0.1,1.8,1.9,1.2,1.8,-0.1,0.6,2,1.9,0.8,2.2,-0.1,1,1.7,1.8,1.3,1.7,-0.1,0.4,1.8,1.9,1.6,1.5,-0.1,0.2,3.4,3.8,4,2.2,-0.3,-0.5,3.3,3.8,4,2,-0.4,-0.6,3.4,3.8,4,2.3,-0.3,-0.5,3.5,3.9,4.1,2.5,-0.4,-0.6,0.1,-0.3,-0.5,-0.6,0.2,0.4,0.6,-0.2,-0.5,-0.3,0.2,0.5,-0.1,-0.4,-0.6,-0.7,0.2,0.4,-0.2,-0.3,-0.5,-0.7,0.1,0.3,13.4,15.2,-4.9,31.1,-0.9,19.2,13.4,15.5,-8.7,36.2,-1.2,23,13.1,14.9,-2.8,28.3,-0.9,16.8,14.1,15.2,1,24.2,-0.2,14,1.9,1.7,1.1,-0.6,0,0.6,2.5,2.2,1.8,0.3,0,0.4,1.3,1.2,0.7,-1.2,0.2,0.7,0.9,0.6,-0.4,-2.6,0.3,1.3,4.5,5.9,5.6,6.7,-0.7,-0.4,4.6,5.7,6.2,6.5,-0.7,-1.2,5.9,6.5,6.6,7,-0.2,-0.3,2.8,5.5,4.1,6.5,-1.6,-0.2,-0.6,0.6,1.7,1.8,-2.2,-3.3,-1,0.2,0.7,1.3,-2,-2.5,-0.9,0.3,1.5,1.7,-2,-3.2,0,1.3,2.6,2.4,-2.6,-3.9,1,0.9,0.6,-1,-0.5,-0.2,0.9,0.7,0.2,-1.3,-0.1,0.4,1.2,1.1,0.7,-0.9,-0.7,-0.3,0.7,0.6,0.8,-0.6,-0.5,-0.7,1.5,1.9,1.5,5.3,-0.3,0.1,-2.2,-2,-2.4,6.7,-0.2,0.2,1.5,1.8,1.4,5.4,-0.3,0.1,4.2,4.8,4.2,4.1,-0.5,0.1,1.5,1.1,1.3,1.1,0.5,0.3,0.4,0.7,1,0.9,0.1,-0.2,1.5,1.1,1.4,1.1,0.5,0.2,2.1,1.4,1.6,1.3,0.7,0.5,0.3,0,-0.2,0.2,0.4,0,-0.3,0.3,0.4,0,-0.2,0.1,0.2,0.1,-0.1,0.1,0,0,-0.2,0,0.1,-0.1,-0.3,0,0,0,-0.1,0.1,0,0,0,0.1,0.7,0,0,0.2,0.8,0,0,0.6,0.7,0,0,0,0.5,0,0,-0.1,1.2,1.5,-3.3,1,1.2,1.5,-4.6,1,1.2,1.5,-2.5,1,1.3,1.6,-1.2,1,0.1,0.1,-0.8,0,0,0,-0.4,0.1,0.2,0.2,-1,-0.1,0.5,0.3,-1.8,-0.2,2,-0.5,-0.3,2.5,1.6,-0.7,0.1,1.7,2.2,-0.5,-0.2,2.2,2.1,-0.3,-0.7,3.3,-0.2,-0.8,0.4,0.5,-0.2,-0.7,0.2,0.4,-0.2,-0.7,0.3,0.5,-0.2,-0.9,0.7,0.5,0.4,-0.1,-0.3,0.3,0.4,0,-0.2,0.2,0.5,-0.1,-0.3,0.5,0.3,-0.2,-0.2,0.3,-0.4,0.7,0,-0.5,-0.2,0.5,0,-0.2,-0.4,0.7,0,-0.4,-0.6,0.9,0,-0.8,0,0,-0.4,-0.1,-0.4,0,-0.2,0,0,0,-0.3,-0.1,0.1,0,-0.5,-0.1,1.6,159.16,7.804,1.0925,91.42,12017,2229,18597.23047,3.83,3.7
2022/12/31,2,2.1,1.9,2,3.8,3.9,3.7,3.6,-0.1,0,-0.1,-0.1,14.7,14.8,14.3,15.1,1.6,2,1.4,0.7,5.1,4.3,5.5,5.3,-1.5,-2,-1.7,-1,0.5,0.5,0.6,0.4,2.7,-0.3,2.7,4.9,1.9,1.4,1.9,2.2,0.3,0.3,0.2,0.3,0.6,0.6,0.5,0.5,0,0,0,0,1.7,1.8,1.6,1.5,0.1,0.1,0.1,0.2,-2,-2,-2.7,-1.3,-0.1,-0.3,-0.2,0.1,0,-0.1,0,0.1,0.1,0,0,0.1,0.6,0.6,0.6,0.7,1.8,4.4,1.8,2.4,-2.4,0.2,1.8,8.9,1.8,3,-6.8,0.3,1.7,2.4,1.7,2.2,-0.5,0.2,1.8,1.9,2,2,0.1,0,3.5,3.8,4,3,0,-0.2,3.4,3.7,3.9,2.6,0.2,0,3.5,3.8,4,3.1,-0.1,-0.3,3.5,3.8,4.1,3.5,-0.2,-0.5,-0.1,6.4,-0.5,-0.5,-6.5,0.4,0,18.8,-0.4,-0.2,-18.8,0.4,-0.2,1.5,-0.6,-0.7,-1.6,0.5,-0.2,-0.2,-0.5,-0.7,0.1,0.4,14.3,14.5,14.1,54.2,0.2,0.6,14.3,14.6,14.4,65.7,0.2,0.4,14,14.2,13.8,48.5,0.1,0.5,15,14.7,13.7,39.2,0.4,1.4,1.7,1.9,1.6,0.6,-0.3,0,2.2,2.5,2.3,0.8,-0.5,-0.3,1.4,1.4,1.1,0.4,0,0.3,0.9,0.9,0.5,0.1,-0.2,0.2,5.2,3,5.5,8.7,2.1,-0.4,5,3.3,5.7,8.9,1,-1.4,6.3,3.9,6.2,9.1,1.6,-0.7,3.9,1.8,4.7,8.3,3.5,0.6,-1.6,-0.5,1.9,2.1,-1,-3.4,-1.8,-0.9,1.1,1.6,-1.1,-3.1,-1.7,-0.8,1.4,1.9,-0.9,-3.1,-1.3,0.3,3.2,2.6,-1.3,-4.2,0.4,0.4,-0.1,-1.1,0.1,0.6,0.6,0.5,-0.3,-1.4,0,0.8,0.4,0.6,-0.1,-1.1,0,0.7,0.1,0.1,0,-0.8,0.3,0.4,1.6,2.1,2.1,4.1,0.6,0.6,-2.2,-2,-2.2,4.8,1.7,1.9,1.5,2,2,4.3,0.7,0.7,4.3,5,5.3,3.5,-0.1,-0.4,1.6,1.4,1.2,1,0.5,0.7,0.8,0.8,0.7,0.6,0.6,0.7,1.6,1.4,1.3,1,0.5,0.6,2.1,1.8,1.5,1.2,0.4,0.7,0.1,0.1,0.3,0,0.1,0.2,0.4,0,0.1,0.2,0.2,0,0.1,0.1,0.2,0.1,0.1,0.3,0,0.2,0,0.3,0,0.1,0.1,0.3,0.1,0.3,0.1,0.3,0.1,0.4,0,0,0,-0.1,0,0,0,0,0,0,0,-0.1,0,0,-0.1,-0.1,1.8,1.1,6.9,1.3,1.8,1,8.6,1.3,1.8,1.1,6,1.3,1.8,1.3,4.4,1.4,-0.1,0,0.6,0.2,-0.2,0.3,0.5,0.2,0,-0.4,0.5,0.1,-0.2,-0.6,0.9,0.4,3.1,2.5,0.1,-2,2.2,2.5,-0.2,-1.4,2.6,3.1,-0.1,-1.9,4.4,1.9,0.6,-2.5,-0.5,-1,-0.1,-0.1,-0.3,-1,0,0,-0.4,-1,-0.3,-0.1,-0.7,-0.9,0,-0.2,-0.3,-0.1,-0.4,-0.1,-0.1,0,-0.4,0,-0.4,-0.2,-0.5,-0.1,-0.3,-0.1,-0.5,-0.1,-0.5,-0.3,0.9,-1.1,-0.3,-0.2,0.4,-1.9,-0.4,-0.2,0.8,-1.1,-0.6,-0.4,1.3,-0.5,0,0.2,0.1,0.3,0.3,0.2,-0.1,-0.1,0,0.2,0.1,0.3,-0.1,0.2,0.2,0.6,1.8,156.77,7.808,1.1281,80.92,11120.526,2483,19781.41016,4.33,3.3
2023/1/31,2.4,2.6,2.3,2.4,5,5.2,4.9,4.8,-0.1,0,-0.2,-0.1,20.6,20.7,20.2,20.9,0.8,1.6,0.3,-0.8,5.8,4.4,5.7,7,-2.2,-2.4,-2.5,-1.6,1,0.9,1.2,0.7,0.9,-3,0.8,3.7,2,1.4,2,2.5,0.6,0.7,0.5,0.5,1.5,1.7,1.5,1.4,0,0,0,0,3.5,3.5,3.5,3.3,-0.5,-0.2,-0.8,-1.3,-2,-1.9,-2.2,-1.9,-0.5,-0.4,-0.6,-0.5,0.2,0.1,0.2,0.3,0.5,0.3,0.5,0.7,0.6,0.4,0.6,0.8,2,1.8,1.9,1.2,0.6,0.5,2.1,2,1.9,1.1,0.6,0.7,1.9,1.7,1.8,1.2,0.6,0.5,2,1.8,2,1.4,0.6,0.4,3.8,3.4,4.1,2.8,1.6,0.9,3.9,3.3,4,2.4,1.9,1.2,3.7,3.4,4,3,1.5,0.9,3.6,3.5,4.1,3.4,1.3,0.7,-0.1,0.1,-0.4,-0.4,-0.2,0.3,0,0.6,-0.4,-0.1,-0.6,0.4,-0.1,-0.1,-0.5,-0.6,-0.1,0.3,-0.1,-0.2,-0.4,-0.5,0.1,0.3,14.7,13.4,15.1,-2.4,7.2,5.5,14.8,13.4,15.4,-3.6,7.3,5.3,14.3,13.1,14.7,-1.8,7.1,5.5,15.1,14.1,14.9,-0.2,6.8,6,1.6,1.9,2,-0.2,-1.1,-1.2,2,2.5,2.3,0.7,-0.9,-0.7,1.4,1.3,1.8,-1,-1,-1.5,0.7,0.9,1.7,-2.2,-1.7,-2.5,5.1,4.5,6.5,6.1,1.3,-0.7,4.3,4.6,6.6,6.1,-0.2,-2.2,5.5,5.9,7.2,6.6,-0.2,-1.5,5.3,2.8,5.7,5.5,4.2,1.3,-1.5,-0.6,1.2,2,-1.6,-3.4,-2,-1,0.7,1.4,-1.4,-3.1,-1.7,-0.9,0.9,1.9,-1.6,-3.4,-1,0,2,2.4,-1.6,-3.6,0.5,1,0.5,-1.1,0,0.5,0.5,0.9,0.3,-1.3,0,0.6,0.6,1.2,0.8,-1.2,0,0.4,0.4,0.7,0.4,-0.6,0,0.3,2.7,1.5,1.5,6.4,-0.6,-0.6,-0.3,-2.2,-2.4,7.8,-0.8,-0.6,2.7,1.5,1.3,6.6,-0.7,-0.5,4.9,4.2,4.2,5.3,-0.5,-0.5,1.9,1.5,1.4,1,0.5,0.6,1.4,0.4,1,0.8,1,0.4,1.9,1.5,1.5,1.1,0.5,0.5,2.2,2.1,1.7,1.2,0.4,0.8,0.3,0.3,0.2,0.2,0.3,0.4,0.2,0.2,0.2,0.4,0.1,0.2,0.3,0.2,0.2,0.2,0.6,0,0.3,0.3,0.6,0.1,0.3,0.4,0.5,0,0.3,0.3,0.5,0,0.3,0.2,0,0.7,0,0,0,0.8,0,0,0,0.7,-0.1,0,0,0.5,0,0.1,1.7,1.2,1.4,-1.6,1.8,1.2,1.4,-1.5,1.6,1.2,1.4,-1.6,1.5,1.3,1.5,-1.6,0.1,0.1,0,0.2,0.1,0,0,0.3,0.1,0.2,0,0.2,0.2,0.5,0.1,0.2,-2,2,-1.9,-2.7,-2,1.6,-1.9,-1.9,-2.7,2.2,-1.9,-2.4,-1.3,2.1,-1.8,-3.5,-0.1,-0.2,-0.4,0.1,-0.3,-0.2,-0.2,0,-0.2,-0.2,-0.3,0.2,0.1,-0.2,-0.6,0.2,0,0.4,0.2,-0.3,-0.1,0.4,0.2,-0.4,0,0.5,0.4,-0.5,0.1,0.3,-0.1,0,0.1,-0.4,0.1,2.3,0,-0.2,0.2,3,0,-0.4,0.1,2.3,0.1,-0.6,0.1,1.8,0.6,0,0.7,0.5,0.6,-0.4,0.5,0.4,0.6,0,0.7,0.5,0.7,0.1,0.8,0.5,2.1,158.75,7.839,1.1599,82.5,10986.3936,2942,21842.33008,4.33,3.1
2023/2/28,1.7,1.7,1.6,1.8,2.4,1.9,2.6,3,-0.1,0,-0.2,-0.1,20.7,20.9,20.4,21,14,16.4,12.7,8.8,5.5,4.4,5,7,-2.1,-2,-2.3,-1.9,0.7,0.9,0.8,0.3,0.4,-2.6,0.4,2.5,1.8,1.2,1.8,2.2,0,0.1,0,-0.1,-0.1,-0.1,-0.1,0,0,0,0,0,0.4,0.4,0.4,0.4,13,14.4,12.3,9.9,-0.5,-0.1,-0.4,-0.8,0.1,0.1,0.1,0.1,0.9,0.9,0.9,0.8,0.1,0.7,0.1,-0.5,-0.5,-0.3,-0.4,-0.7,2.4,1.8,1.9,1.6,-0.1,-0.2,2.6,1.8,1.9,1.6,-0.1,-0.2,2.3,1.7,1.8,1.6,-0.1,-0.2,2.4,1.8,1.9,1.7,0,-0.1,5,3.5,3.8,3.6,-1.1,-1.4,5.2,3.4,3.8,3.7,-1.5,-1.9,4.9,3.5,3.8,3.5,-0.9,-1.2,4.8,3.5,3.9,3.5,-0.5,-0.9,-0.1,-0.1,-0.3,-0.3,0,0.2,0,0,-0.2,0,0,0.2,-0.2,-0.2,-0.4,-0.4,0,0.2,-0.1,-0.2,-0.3,-0.4,0.1,0.2,20.6,14.3,15.2,-2.7,6.4,5.5,20.7,14.3,15.5,-3.9,6.6,5.4,20.2,14,14.9,-2.1,6.4,5.5,20.9,15,15.2,-0.6,6,5.8,0.8,1.7,1.7,1.1,12.3,12.3,1.6,2.2,2.2,1,14.2,14.2,0.3,1.4,1.2,1.1,11.3,11.5,-0.8,0.9,0.6,1.5,7.9,8.2,5.8,5.2,5.9,8,0.3,-0.4,4.4,5,5.7,8.2,-0.6,-1.3,5.7,6.3,6.5,8.8,-1.3,-1.5,7,3.9,5.5,6.9,3.1,1.5,-2.2,-1.6,0.6,2,-0.5,-2.7,-2.4,-1.8,0.2,1.2,-0.2,-2.2,-2.5,-1.7,0.3,1.9,-0.6,-2.6,-1.6,-1.3,1.3,2.9,-0.6,-3.2,1,0.4,0.9,0.1,0.3,-0.2,0.9,0.6,0.7,-0.4,0.3,0.2,1.2,0.4,1.1,0.1,0.4,-0.3,0.7,0.1,0.6,0.6,0.2,-0.3,0.9,1.6,1.9,7,-1.2,-1.5,-3,-2.2,-2,8.2,-0.4,-0.6,0.8,1.5,1.8,7.1,-1.1,-1.4,3.7,4.3,4.8,6.2,-1.8,-2.3,2,1.6,1.1,1.2,0.2,0.7,1.4,0.8,0.7,0.9,0.4,0.5,2,1.6,1.1,1.1,0.2,0.7,2.5,2.1,1.4,1.3,0.1,0.8,0.6,0.1,0,0.7,0.7,0.1,0,1,0.5,0.1,0,0.7,0.5,0.1,0.1,0.4,1.5,0.1,0,2.5,1.7,0,-0.1,3.1,1.5,0.1,0,2.2,1.4,0.1,0,1.8,0,0,0,0,0,0,0,0,0,0,0,0,0,0,0,0,3.5,1.8,1.5,0.2,3.5,1.8,1.5,0.2,3.5,1.8,1.5,0.2,3.3,1.8,1.6,0.3,-0.5,-0.1,0.1,-0.1,-0.2,-0.2,0,-0.2,-0.8,0,0.2,0,-1.3,-0.2,0.3,0.1,-2,3.1,-0.5,-0.2,-1.9,2.2,-0.7,-0.1,-2.2,2.6,-0.5,0.3,-1.9,4.4,-0.3,-0.8,-0.5,-0.5,-0.8,0,-0.4,-0.3,-0.7,-0.3,-0.6,-0.4,-0.7,-0.1,-0.5,-0.7,-0.9,0.3,0.2,-0.3,-0.1,1.1,0.1,-0.1,0,0.9,0.2,-0.4,-0.1,1.3,0.3,-0.3,-0.2,1.1,0.5,-0.5,0.7,0.6,0.3,-0.3,0.5,0.3,0.5,-0.4,0.7,0.5,0.7,-0.6,0.9,0.8,0.6,0,0,-0.3,0.4,0.3,0,-0.1,0.6,0,0,-0.2,0.8,-0.1,0,-0.3,1,164.23,7.849,1.12775,82.59,10005.4368,2860.57,19785.93945,4.57,3.1
2023/3/31,1.7,1.7,1.6,1.9,1.6,0.9,1.9,2.3,-0.2,-0.1,-0.3,-0.1,19.9,20.1,19.6,20,18.7,22.5,16.5,11.4,6.3,4.8,5.3,8.5,-2.8,-2.7,-3.2,-2.4,1,1.2,1.1,0.7,2.8,2.4,2.7,3.2,2.7,2.1,2.6,3,0.2,0.1,0.2,0.3,-0.1,-0.2,-0.1,0,-0.1,-0.1,-0.1,0,0.4,0.3,0.4,0.4,4.1,5.1,3.5,2.2,3.5,3.4,3.6,3.5,-0.2,-0.3,-0.3,-0.1,0.3,0.3,0.3,0.3,0.6,0.5,0.6,0.7,0.5,0.4,0.5,0.6,1.7,2,4.4,1.7,-0.3,-2.7,1.7,2.1,8.9,1.8,-0.4,-7.2,1.6,1.9,2.4,1.7,-0.3,-0.8,1.8,2,1.9,1.8,-0.1,0,2.4,3.8,3.8,4.6,-2.2,-2.2,1.9,3.9,3.7,5,-3,-2.8,2.6,3.7,3.8,4.4,-1.8,-1.9,3,3.6,3.8,4.3,-1.3,-1.5,-0.1,-0.1,6.4,-0.1,-0.1,-6.6,0,0,18.8,0.2,-0.1,-18.9,-0.2,-0.1,1.5,-0.3,-0.2,-1.8,-0.1,-0.1,-0.2,-0.3,0,0.1,20.7,14.7,14.5,-2,5.2,5.4,20.9,14.8,14.6,-3.6,5.3,5.5,20.4,14.3,14.2,-1.1,5.3,5.4,21,15.1,14.7,0.4,4.9,5.3,14,1.6,1.9,0,17.1,16.8,16.4,2,2.5,0.4,20.5,20,12.7,1.4,1.4,-0.1,15.1,15.1,8.8,0.7,0.9,-1,10.7,10.5,5.5,5.1,3,4.3,1.2,3.3,4.4,4.3,3.3,4,0.5,1.5,5,5.5,3.9,5,-0.2,1.4,7,5.3,1.8,3.6,3.2,6.7,-2.1,-1.5,-0.5,1.1,-1.3,-2.3,-2,-2,-0.9,0.3,-0.7,-1.8,-2.3,-1.7,-0.8,1.1,-1.5,-2.4,-1.9,-1,0.3,1.7,-1.4,-2.7,0.7,0.5,0.4,0.6,0.5,0.6,0.9,0.5,0.5,0.1,0.7,0.7,0.8,0.6,0.6,0.8,0.5,0.5,0.3,0.4,0.1,1.1,0.3,0.6,0.4,2.7,2.1,4.9,0.1,0.7,-2.6,-0.3,-2,3.1,2.7,4.4,0.4,2.7,2,5,0,0.7,2.5,4.9,5,6,-1.7,-1.8,1.8,1.9,1.4,0.9,0.8,1.3,1.2,1.4,0.8,0.3,0.7,1.3,1.8,1.9,1.4,1,0.7,1.2,2.2,2.2,1.8,1.2,0.8,1.2,0,0.3,0.1,0.2,0.1,0.3,0.2,0.1,0,0.2,0.2,0.2,-0.1,0.3,0.1,0.2,-0.1,0.6,0.3,0.7,-0.1,0.6,0.3,0.8,-0.1,0.5,0.3,0.7,0,0.5,0.3,0.7,0,0,0,0,0,0,0,0,0,0,0,0,0,0,0,0,0.4,1.7,1.1,1.1,0.4,1.8,1,1,0.4,1.6,1.1,1.1,0.4,1.5,1.3,1.3,13,0.1,0,-0.1,14.4,0.1,0.3,-0.1,12.3,0.1,-0.4,0.1,9.9,0.2,-0.6,-0.1,-0.5,-2,2.5,2.8,-0.1,-2,2.5,3,-0.4,-2.7,3.1,3.3,-0.8,-1.3,1.9,2,0.1,-0.1,-1,0.5,0.1,-0.3,-1,0.4,0.1,-0.2,-1,0.6,0.1,0.1,-0.9,0.4,0.9,0,-0.1,0,0.9,-0.1,0,0,0.9,0,-0.2,0,0.8,0.1,-0.1,0,0.1,0.1,-0.3,-1.7,0.7,0,-0.2,-4.5,0.1,0,-0.2,-1.7,-0.5,0.1,-0.4,0,-0.5,0.6,0.2,-0.3,-0.3,0.6,0.2,-0.6,-0.4,0.6,0.2,-0.3,-0.7,0.7,0.2,-0.2,0.7,168.35,7.8515,1.14295,78.43,11446.5024,2386.21,20400.10938,4.83,3
2023/4/30,2.1,2.2,2,2.1,2.6,2.2,2.7,2.9,0.5,0.7,0.4,0.4,17.8,18,17.5,18,18.2,21.5,16.2,11.6,6.4,4.8,5.5,8.5,-3.3,-3,-3.8,-3.1,0.8,1,0.9,0.4,2.2,1.6,2.2,2.4,2.3,1.7,2.3,2.8,0.2,0.1,0.2,0.3,0.1,0.1,0.1,0.1,0.1,0.1,0,0,0.3,0.2,0.3,0.4,1,0.9,1.1,1.3,2.3,2,2.2,2.8,-0.2,0,-0.2,-0.2,0,0,0.2,-0.1,0.3,-0.3,0.3,0.6,0.5,0.4,0.5,0.6,1.7,2.4,1.8,1.3,-0.3,0.3,1.7,2.6,2,1.1,-0.4,0.2,1.6,2.3,1.7,1.3,-0.3,0.3,1.9,2.4,1.8,1.6,-0.3,0.3,1.6,5,3.4,4,-2.4,-0.8,0.9,5.2,3.3,4,-3,-1.1,1.9,4.9,3.4,3.9,-2.2,-0.7,2.3,4.8,3.5,4,-1.9,-0.6,-0.2,-0.1,0.1,-0.6,0.6,0.4,-0.1,0,0.6,-0.5,0.7,0.1,-0.3,-0.2,-0.1,-0.7,0.6,0.5,-0.1,-0.1,-0.2,-0.6,0.5,0.6,19.9,20.6,13.4,0.2,-2.8,4.4,20.1,20.7,13.4,-1.4,-2.7,4.6,19.6,20.2,13.1,0.9,-2.7,4.4,20,20.9,14.1,2.9,-2.9,3.9,18.7,0.8,1.9,1.7,17.4,16.3,22.5,1.6,2.5,2,19.9,19,16.5,0.3,1.3,1.5,15.9,14.9,11.4,-0.8,0.9,0.9,12.4,10.7,6.3,5.8,4.5,3.6,0.6,1.9,4.8,4.4,4.6,3.8,0.4,0.2,5.3,5.7,5.9,4.4,-0.2,-0.4,8.5,7,2.8,2.7,1.5,5.7,-2.8,-2.2,-0.6,1.2,-1.1,-2.7,-2.7,-2.4,-1,0.4,-0.6,-2,-3.2,-2.5,-0.9,1.1,-1.3,-2.9,-2.4,-1.6,0,1.9,-1.5,-3.1,1,1,1,0.9,-0.2,-0.2,1.2,0.9,0.9,0.3,0.1,0.1,1.1,1.2,1.2,1.1,-0.3,-0.3,0.7,0.7,0.7,1.3,-0.3,-0.3,2.8,0.9,1.5,1.8,1.3,0.7,2.4,-3,-2.2,-2.1,4.6,3.8,2.7,0.8,1.5,1.8,1.4,0.7,3.2,3.7,4.2,4.6,-1.3,-1.8,2.7,2,1.5,1.3,0.3,0.8,2.1,1.4,0.4,0.9,0.3,1.3,2.6,2,1.5,1.3,0.3,0.8,3,2.5,2.1,1.5,0.3,0.7,0.2,0.6,0.3,-0.2,0.1,0.7,0.4,-0.4,0.2,0.5,0.4,-0.2,0.3,0.5,0.2,0.1,-0.1,1.5,0,-0.9,-0.2,1.7,0.1,-1.2,-0.1,1.5,0,-0.7,0,1.4,0,-0.5,-0.1,0,0.7,-0.6,-0.1,0,0.8,-0.6,-0.1,0,0.7,-0.7,0,0,0.5,-0.5,0.4,3.5,1.2,2,0.3,3.5,1.2,2,0.4,3.5,1.2,2,0.4,3.3,1.3,2.1,4.1,-0.5,0.1,1.5,5.1,-0.2,0,1.8,3.5,-0.8,0.2,1.3,2.2,-1.3,0.5,1.1,3.5,-2,2,2.3,3.4,-1.9,1.6,2,3.6,-2.2,2.2,1.9,3.5,-1.9,2.1,2.8,-0.2,-0.5,-0.2,0.4,-0.3,-0.4,-0.2,0.4,-0.3,-0.6,-0.2,0.4,-0.1,-0.5,-0.2,0.6,0.3,0.2,0.4,0.3,0.3,0.1,0.4,0.2,0.3,0.2,0.5,0.3,0.3,0.3,0.3,0.2,0.6,0.5,-0.4,0.9,0.5,0.3,-0.2,0.5,0.6,0.5,-0.4,0.8,0.7,0.7,-0.6,1.4,0.5,0.6,0,0.8,0.4,0.4,-0.4,0.8,0.5,0.6,0,0.8,0.6,0.8,0.1,0.8,0.1,165.08,7.85,1.1334,84.64,11902.3956,2539.82,19894.57031,4.83,3
2023/5/31,2,2.2,1.9,2,2.6,2.4,2.7,2.8,0.5,0.7,0.5,0.4,16.6,17,16.1,16.2,19.6,22.2,18,14.8,5.8,3.9,4.8,8.3,-3.7,-3.5,-4.1,-3.5,1.2,1.3,1.4,0.8,1.5,1.3,1.7,1.5,2.7,2,2.7,3.1,-0.3,-0.4,-0.2,-0.2,-0.1,-0.2,-0.1,0,0,0,0,0,-4.3,-5.4,-3.7,-2.7,0.4,0.2,0.5,1,-0.9,-0.8,-0.9,-0.9,0.1,-0.2,0,0.4,0.1,0.1,0.1,0.2,-0.6,-0.3,-0.5,-0.8,-0.1,0.1,0,-0.2,2.1,1.7,1.8,1.2,0.3,0.2,2.2,1.7,1.8,0.8,0.5,0.4,2,1.6,1.7,1.3,0.3,0.2,2.1,1.8,1.8,1.6,0.2,0.2,2.6,2.4,3.5,4,0.2,-0.9,2.2,1.9,3.4,4,0.5,-1,2.7,2.6,3.5,4,0.1,-0.8,2.9,3,3.5,4.1,-0.2,-0.7,0.5,-0.1,-0.1,-0.5,0.6,0.6,0.7,0,0,-0.5,0.7,0.7,0.4,-0.2,-0.2,-0.6,0.7,0.7,0.4,-0.1,-0.2,-0.5,0.5,0.6,17.8,20.7,14.3,-4.9,-4.1,2.3,18,20.9,14.3,-8.7,-3.9,2.7,17.5,20.4,14,-2.8,-4.3,2.1,18,21,15,1,-4.8,1.2,18.2,14,1.7,1.1,5.6,17.9,21.5,16.4,2.2,1.8,5.8,20,16.2,12.7,1.4,0.7,5.3,16.6,11.6,8.8,0.9,-0.4,6,13.9,6.4,5.5,5.2,5.6,0.3,0.6,4.8,4.4,5,6.2,-0.5,-1.1,5.5,5,6.3,6.6,-0.2,-1.5,8.5,7,3.9,4.1,1.3,4.4,-3.3,-2.1,-1.6,1.7,-1.6,-2.1,-3,-2,-1.8,0.7,-1.5,-1.7,-3.8,-2.3,-1.7,1.5,-1.8,-2.4,-3.1,-1.9,-1.3,2.6,-1.6,-2.2,0.8,0.7,0.4,0.6,0.5,0.8,1,0.9,0.6,0.2,0.4,0.7,0.9,0.8,0.4,0.7,0.6,1,0.4,0.3,0.1,0.8,0.5,0.7,2.2,0.4,1.6,1.5,1.1,-0.1,1.6,-2.6,-2.2,-2.4,3.9,3.5,2.2,0.4,1.5,1.4,1.3,0.2,2.4,2.5,4.3,4.2,-1,-2.8,2.3,1.8,1.6,1.3,0.9,1.1,1.7,1.2,0.8,1,0.8,1.2,2.3,1.8,1.6,1.4,0.9,1.1,2.8,2.2,2.1,1.6,0.9,1,0.2,0,0.1,-0.2,0.1,0.1,0.1,-0.3,0.2,0,0.1,-0.2,0.3,-0.1,0.1,-0.1,0.1,-0.1,0.1,-0.2,0.1,-0.1,0,-0.3,0.1,-0.1,0.1,-0.1,0.1,0,0.1,0,0.1,0,0,0,0.1,0,0,0,0,0,0,0,0,0,0,0,0.3,0.4,1.8,-3.3,0.2,0.4,1.8,-4.6,0.3,0.4,1.8,-2.5,0.4,0.4,1.8,-1.2,1,13,-0.1,-0.8,0.9,14.4,-0.2,-0.4,1.1,12.3,0,-1,1.3,9.9,-0.2,-1.8,2.3,-0.5,3.1,-0.3,2,-0.1,2.2,0.1,2.2,-0.4,2.6,-0.2,2.8,-0.8,4.4,-0.7,-0.2,0.1,-0.5,0.4,0,0.1,-0.3,0.2,-0.2,0.1,-0.4,0.3,-0.2,0.1,-0.7,0.7,0,0.9,-0.3,-0.3,0,0.9,-0.1,-0.2,0.2,0.9,-0.4,-0.3,-0.1,0.8,-0.3,-0.2,0.3,0.1,-0.5,0,-0.3,0.7,-0.3,0,0.3,0.1,-0.4,0,0.6,-0.5,-0.6,0,0.5,-0.5,0,-0.4,0.4,-0.3,0.3,-0.2,0.5,-0.4,0,-0.3,0.6,-0.7,-0.1,-0.5,0.2,166.88,7.834,1.09965,75.47,14514.9588,2162.73,18234.26953,5.08,3
2023/6/30,1.9,2.1,1.9,1.8,2.4,2.2,2.5,2.7,0.6,0.8,0.5,0.6,13.3,13.5,13.1,13.4,18.7,21.4,17,13.2,5.7,4.1,5,7.6,-3.7,-3.7,-3.9,-3.5,2.3,2.4,2.6,1.9,1.3,2.2,1.5,0.6,2.5,1.9,2.5,2.9,0.2,0.3,0.2,0.1,-0.1,-0.2,-0.1,-0.1,0.1,0,0.1,0.1,3.9,5.3,3.2,1.9,-0.2,-0.1,-0.3,-0.5,0,0,0.1,-0.1,-0.1,-0.2,-0.1,-0.1,0.7,0.7,0.7,0.5,0.7,1.2,0.6,0.4,-0.1,-0.2,-0.1,0,2,1.7,2,1.8,0.2,-0.1,2.2,1.7,2.1,1.8,0.4,0,1.9,1.6,1.9,1.7,0.3,0,2,1.9,2,2,-0.1,-0.2,2.6,1.6,3.8,4,0.8,-1.4,2.4,0.9,3.9,3.9,1.3,-1.7,2.7,1.9,3.7,4,0.6,-1.2,2.8,2.3,3.6,4.1,0.4,-0.9,0.5,-0.2,-0.1,-0.5,0.8,0.7,0.7,-0.1,0,-0.4,0.9,0.8,0.5,-0.3,-0.1,-0.6,0.8,0.6,0.4,-0.1,-0.1,-0.5,0.7,0.7,16.6,19.9,14.7,14.1,-6.6,-1.4,17,20.1,14.8,14.4,-6.6,-1.3,16.1,19.6,14.3,13.8,-6.5,-1.2,16.2,20,15.1,13.7,-6.6,-1.7,19.6,18.7,1.6,1.6,0,17.1,22.2,22.5,2,2.3,-1.1,19.4,18,16.5,1.4,1.1,0.5,15.6,14.8,11.4,0.7,0.5,1.8,12.5,5.8,6.3,5.1,5.5,-0.6,0.6,3.9,4.8,4.3,5.7,-0.7,-0.2,4.8,5.3,5.5,6.2,-0.3,-0.5,8.3,8.5,5.3,4.7,-0.9,2.3,-3.7,-2.8,-1.5,1.9,-0.9,-2.2,-3.5,-2.7,-2,1.1,-1,-1.7,-4.1,-3.2,-1.7,1.4,-0.7,-2.2,-3.5,-2.4,-1,3.2,-1.1,-2.5,1.2,1,0.5,-0.1,1.3,1.8,1.3,1.2,0.5,-0.3,1.2,1.9,1.4,1.1,0.6,-0.1,1.5,2,0.8,0.7,0.4,0,1.2,1.5,1.5,2.8,2.7,2.1,-1.5,-1.4,1.3,2.4,-0.3,-2.2,-0.2,2.5,1.7,2.7,2.7,2,-1.2,-1.2,1.5,3.2,4.9,5.3,-2.6,-4.3,2.7,2.7,1.9,1.2,-0.2,0.6,2,2.1,1.4,0.7,-0.2,0.5,2.7,2.6,1.9,1.3,-0.1,0.6,3.1,3,2.2,1.5,-0.1,0.7,-0.3,0.2,0.3,0.3,-0.4,0.1,0.3,0.4,-0.2,0.2,0.2,0.2,-0.2,0.3,0.3,0.2,-0.1,-0.1,0.6,0,-0.2,-0.2,0.6,0,-0.1,-0.1,0.5,0.1,0,0,0.5,0.1,0,-0.1,0,0,0,-0.1,0,0,0,-0.1,0,0,0,0,0,-0.1,-4.3,0.4,1.7,6.9,-5.4,0.3,1.8,8.6,-3.7,0.4,1.6,6,-2.7,0.4,1.5,4.4,0.4,4.1,0.1,0.6,0.2,5.1,0.1,0.5,0.5,3.5,0.1,0.5,1,2.2,0.2,0.9,-0.9,3.5,-2,0.1,-0.8,3.4,-2,-0.2,-0.9,3.6,-2.7,-0.1,-0.9,3.5,-1.3,0.6,0.1,-0.2,-0.1,-0.1,-0.2,-0.3,-0.3,0,0,-0.3,-0.2,-0.3,0.4,-0.1,0.1,0,0.1,0.3,0,-0.4,0.1,0.3,-0.1,-0.4,0.1,0.3,0,-0.5,0.2,0.3,0.1,-0.5,-0.6,0.6,0.1,0.9,-0.3,0.5,0,0.4,-0.5,0.6,0,0.8,-0.8,0.7,0.1,1.3,-0.1,0.5,0.6,0.1,0.1,0.4,0.6,-0.1,0,0.5,0.6,0.1,-0.2,0.6,0.7,0.2,0,167.29,7.836,1.0784,74.84,16574.7636,2074.98,18916.42969,5.08,3
2023/7/31,1.8,1.9,1.8,1.8,2.1,1.8,2.2,2.4,0.7,0.9,0.7,0.6,9.9,10,9.7,9.9,18.4,21.3,16.8,12.5,6.6,5.2,6,8.3,-3.3,-3.5,-3.6,-2.8,2,2.1,2,1.7,2.1,3.1,2.2,1.3,2.4,1.8,2.3,2.8,0,0,0,0.1,-0.1,-0.1,-0.1,0,0.1,0,0.1,0.1,-1.7,-1.7,-1.7,-1.7,-0.2,-0.1,-0.2,-0.5,-1.1,-0.9,-1,-1.1,0.1,0,0,0.2,-0.2,-0.1,-0.1,-0.3,0.9,1.1,0.9,0.8,0.6,0.4,0.5,0.7,1.9,2.1,2.4,1.9,-0.3,-0.6,2.1,2.2,2.6,1.9,-0.3,-0.7,1.9,2,2.3,1.8,-0.2,-0.5,1.8,2.1,2.4,2,-0.3,-0.6,2.4,2.6,5,4.1,-0.5,-2.9,2.2,2.2,5.2,4,-0.4,-3.4,2.5,2.7,4.9,4,-0.5,-2.7,2.7,2.9,4.8,4.1,-0.5,-2.4,0.6,0.5,-0.1,-0.4,0.2,0.8,0.8,0.7,0,-0.4,0.2,0.9,0.5,0.4,-0.2,-0.5,0.3,0.9,0.6,0.4,-0.1,-0.4,0.2,0.7,13.3,17.8,20.6,15.1,-7.9,-10.7,13.5,18,20.7,15.4,-8,-10.7,13.1,17.5,20.2,14.7,-7.8,-10.5,13.4,18,20.9,14.9,-8.1,-11,18.7,18.2,0.8,2,0.2,17.6,21.4,21.5,1.6,2.3,-0.2,19.7,17,16.2,0.3,1.8,0.6,16.5,13.2,11.6,-0.8,1.7,0.9,13.3,5.7,6.4,5.8,6.5,0.2,0.8,4.1,4.8,4.4,6.6,0.4,0.8,5,5.5,5.7,7.2,0.5,0.3,7.6,8.5,7,5.7,-0.2,1.3,-3.7,-3.3,-2.2,1.2,0,-1.1,-3.7,-3,-2.4,0.7,-0.5,-1.1,-3.9,-3.8,-2.5,0.9,0.2,-1.1,-3.5,-3.1,-1.6,2,0.3,-1.2,2.3,0.8,1,0.5,1.2,1,2.4,1,0.9,0.3,1.1,1.2,2.6,0.9,1.2,0.8,1.1,0.8,1.9,0.4,0.7,0.4,1.3,1,1.3,2.2,0.9,1.5,-0.1,1.2,2.2,1.6,-3,-2.4,1.5,6.1,1.5,2.2,0.8,1.3,0,1.4,0.6,2.4,3.7,4.2,-1.1,-2.4,2.5,2.3,2,1.4,0.1,0.4,1.9,1.7,1.4,1,0.1,0.4,2.5,2.3,2,1.5,0,0.3,2.9,2.8,2.5,1.7,0,0.3,0.2,0.2,0.6,0.2,0.3,0.1,0.7,0.2,0.2,0.2,0.5,0.1,0.1,0.3,0.5,0.2,-0.1,0.1,1.5,0.3,-0.2,0.1,1.7,0.3,-0.1,0.1,1.5,0.3,-0.1,0.1,1.4,0.3,0.1,0.1,0,0,0,0.1,0,0,0.1,0,0,-0.1,0.1,0,0,0,3.9,0.3,3.5,1.4,5.3,0.2,3.5,1.4,3.2,0.3,3.5,1.4,1.9,0.4,3.3,1.5,-0.2,1,-0.5,0,-0.1,0.9,-0.2,0,-0.3,1.1,-0.8,0,-0.5,1.3,-1.3,0.1,0,2.3,-2,-1.9,0,2,-1.9,-1.9,0.1,2.2,-2.2,-1.9,-0.1,2.8,-1.9,-1.8,-0.1,-0.2,-0.5,-0.4,-0.2,0,-0.4,-0.2,-0.1,-0.2,-0.6,-0.3,-0.1,-0.2,-0.5,-0.6,0.7,0,0.2,0.2,0.7,0,0.1,0.2,0.7,0.2,0.2,0.4,0.5,-0.1,0.3,-0.1,0.7,0.3,0.5,0.1,1.2,-0.3,0.3,0.2,0.6,0.3,0.5,0.1,0.4,0.6,0.7,0.1,-0.1,0.5,0.6,0.7,-0.2,0.4,0.4,0.5,-0.1,0.5,0.6,0.7,0,0.6,0.8,0.8,-0.3,164.72,7.802,1.0915,80.11,17595.7308,1870.69,20078.93945,5.33,2.9
2023/8/31,1.8,1.8,1.7,1.8,2.2,2,2.3,2.5,0.8,0.9,0.7,0.7,5.7,5.8,5.6,5.6,19.6,22,18.3,14.9,6.6,5.3,6,8.1,-2.5,-2.8,-2.8,-1.9,2.2,2.2,2.2,2,1.5,2.5,1.7,0.8,2.4,1.8,2.4,2.8,0,-0.1,0,0.1,0.1,0.1,0.1,0.2,0.1,0,0,0.1,-2.3,-2.3,-2.3,-2.3,1.1,0.5,1.5,2.5,-0.5,-0.6,-0.5,-0.5,0.1,0.1,0.1,0,0.1,0.1,0.1,0.1,0.2,-0.1,0.2,0.4,0.1,0.1,0.1,0.1,1.8,2,1.7,1.9,-0.2,0.1,1.9,2.2,1.7,1.9,-0.4,0.1,1.8,1.9,1.6,1.8,-0.2,0.1,1.8,2,1.8,1.9,-0.2,0,2.1,2.6,2.4,3.8,-0.4,-0.2,1.8,2.4,1.9,3.8,-0.4,0.1,2.2,2.7,2.6,3.8,-0.4,-0.3,2.4,2.8,3,3.9,-0.3,-0.5,0.7,0.5,-0.1,-0.3,0.3,0.9,0.9,0.7,0,-0.2,0.2,0.9,0.7,0.5,-0.2,-0.4,0.2,0.9,0.6,0.4,-0.1,-0.3,0.3,0.8,9.9,16.6,20.7,15.2,-10.9,-15,10,17,20.9,15.5,-11.2,-15.1,9.7,16.1,20.4,14.9,-10.5,-14.8,9.9,16.2,21,15.2,-10.6,-15.4,18.4,19.6,14,1.7,0,5.6,21.3,22.2,16.4,2.2,-0.2,5.6,16.8,18,12.7,1.2,0.3,5.6,12.5,14.8,8.8,0.6,0.1,6.1,6.6,5.8,5.5,5.9,0.8,1.1,5.2,3.9,4.4,5.7,1.4,0.9,6,4.8,5,6.5,1.2,1,8.3,8.3,7,5.5,-0.2,1.1,-3.3,-3.7,-2.1,0.6,1.2,-0.4,-3.5,-3.5,-2,0.2,0.7,-0.8,-3.6,-4.1,-2.3,0.3,1.3,-0.5,-2.8,-3.5,-1.9,1.3,1.6,0,2,1.2,0.7,0.9,1,1.5,2.1,1.3,0.9,0.7,0.9,1.3,2,1.4,0.8,1.1,0.8,1.4,1.7,0.8,0.3,0.6,1.2,1.7,2.1,1.5,0.4,1.9,0,1.1,3.1,1.3,-2.6,-2,1.2,5.1,2.2,1.7,0.4,1.8,0,1.3,1.3,1.5,2.5,4.8,-0.7,-1.7,2.4,2.7,1.8,1.1,-0.3,0.6,1.8,2,1.2,0.7,-0.2,0.6,2.3,2.7,1.8,1.1,-0.3,0.6,2.8,3.1,2.2,1.4,-0.3,0.6,0,-0.3,0,0,0,-0.4,0.1,0,0,-0.2,0,0,0.1,-0.2,-0.1,0.1,-0.1,-0.1,-0.1,0,-0.1,-0.2,-0.1,-0.1,-0.1,-0.1,-0.1,0,0,0,0,0,0.1,0,0,0,0,0,0,0,0.1,0,0,0,0.1,0,0,0,-1.7,-4.3,0.4,1.5,-1.7,-5.4,0.4,1.5,-1.7,-3.7,0.4,1.5,-1.7,-2.7,0.4,1.6,-0.2,0.4,13,0.1,-0.1,0.2,14.4,0,-0.2,0.5,12.3,0.2,-0.5,1,9.9,0.3,-1.1,-0.9,-0.5,-0.5,-0.9,-0.8,-0.1,-0.7,-1,-0.9,-0.4,-0.5,-1.1,-0.9,-0.8,-0.3,0.1,0.1,0.1,-0.8,0,-0.2,0.1,-0.7,0,0,0.1,-0.7,0.2,0.4,0.1,-0.9,-0.2,0.1,0.9,-0.1,-0.1,0.1,0.9,0,-0.1,0.1,0.9,-0.1,-0.3,0.2,0.8,-0.2,0.9,-0.6,0.1,0.7,1.1,-0.3,0.7,0.5,0.9,-0.5,0.1,0.7,0.8,-0.8,-0.5,0.9,0.6,-0.1,-0.5,0,0.4,0.1,-0.3,0,0.5,0,-0.4,0,0.7,-0.2,-0.7,0,0.1,162.4,7.847,1.07495,86.15,17401.9428,1877.49,18382.06055,5.33,2.9
2023/9/30,2,2.1,2,2.1,3,2.9,3,3,0.9,1,0.8,0.8,2.9,3.1,2.9,2.6,18.9,21.4,17.6,13.8,6.5,5.2,5.6,8.4,-1.8,-2.2,-2,-1.2,2.5,2.4,2.6,2.4,2.4,3.3,2.5,1.7,2.7,2,2.7,3.2,0.4,0.4,0.4,0.4,1,1.2,0.9,0.8,0.1,0.1,0.1,0.1,-1.5,-1.6,-1.5,-1.6,-0.7,-0.2,-1,-1.6,2.4,2.4,2.7,2.1,-0.3,-0.4,-0.2,-0.2,0.2,0.3,0.1,0.3,0.6,0.6,0.6,0.5,0.5,0.3,0.4,0.6,1.8,1.9,1.7,4.4,0.1,0.3,1.8,2.1,1.7,8.9,0,0.4,1.7,1.9,1.6,2.4,0.1,0.4,1.8,1.8,1.9,1.9,0.3,0.2,2.2,2.4,1.6,3.8,0.6,1.4,2,2.2,0.9,3.7,0.7,2,2.3,2.5,1.9,3.8,0.5,1.1,2.5,2.7,2.3,3.8,0.3,0.7,0.8,0.6,-0.2,6.4,0.3,1.1,0.9,0.8,-0.1,18.8,0.2,1.1,0.7,0.5,-0.3,1.5,0.3,1.1,0.7,0.6,-0.1,-0.2,0.2,0.9,5.7,13.3,19.9,14.5,-10.4,-17,5.8,13.5,20.1,14.6,-10.4,-17,5.6,13.1,19.6,14.2,-10.2,-16.7,5.6,13.4,20,14.7,-10.8,-17.4,19.6,18.7,18.7,1.9,0.2,0.2,22,21.4,22.5,2.5,0,-1.1,18.3,17,16.5,1.4,0.6,1.1,14.9,13.2,11.4,0.9,0.6,2.4,6.6,5.7,6.3,3,0.8,0.2,5.3,4.1,4.8,3.3,1.1,0.4,6,5,5.3,3.9,0.6,0.3,8.1,7.6,8.5,1.8,0.8,-0.1,-2.5,-3.7,-2.8,-0.5,1.9,1,-2.8,-3.7,-2.7,-0.9,1.5,0.5,-2.8,-3.9,-3.2,-0.8,1.9,1.2,-1.9,-3.5,-2.4,0.3,2.3,1.2,2.2,2.3,1,0.4,0.2,1.5,2.2,2.4,1.2,0.5,0,1.2,2.2,2.6,1.1,0.6,0,1.5,2,1.9,0.7,0.1,0.5,1.7,1.5,1.3,2.8,2.1,1.1,-0.4,2.5,2.2,2.4,-2,1.1,0.9,1.7,1.5,2.7,2,1,-0.2,0.8,0.6,3.2,5,1.1,-1.5,2.4,2.5,2.7,1.4,0.2,0,1.8,1.9,2.1,0.8,0.1,-0.1,2.4,2.5,2.6,1.4,0.2,0.1,2.8,2.9,3,1.8,0.3,0.2,0,0.2,0.2,0.1,-0.1,0.3,0.1,0.2,0,0.2,0.2,0.2,0.1,0.1,0.3,0.1,0.1,-0.1,-0.1,0.3,0.1,-0.2,-0.2,0.3,0.1,-0.1,-0.1,0.3,0.2,-0.1,0,0.3,0.1,0.1,-0.1,0,0,0,-0.1,0,0,0.1,-0.1,0,0.1,0.1,0,0,-2.3,3.9,0.4,1.1,-2.3,5.3,0.3,1,-2.3,3.2,0.4,1.1,-2.3,1.9,0.4,1.3,1.1,-0.2,4.1,0,0.5,-0.1,5.1,0.3,1.5,-0.3,3.5,-0.4,2.5,-0.5,2.2,-0.6,-0.5,0,3.5,2.5,-0.6,0,3.4,2.5,-0.5,0.1,3.6,3.1,-0.5,-0.1,3.5,1.9,0.1,-0.1,-0.2,-1,0.1,-0.2,-0.3,-1,0.1,-0.1,-0.3,-1,0,-0.1,-0.1,-0.9,0.1,0.7,0.3,-0.1,0.1,0.7,0.3,0,0.1,0.7,0.3,-0.2,0.1,0.5,0.3,-0.1,0.2,0.7,0.6,-0.3,-0.1,1.2,0.5,-0.2,0.2,0.6,0.6,-0.2,0.4,0.4,0.7,-0.4,0.1,-0.1,0.5,0.2,0.1,-0.2,0.4,0.2,0.1,-0.1,0.5,0.2,0.1,0,0.6,0.2,0,158.12,7.83,1.0739,93.72,15663.3408,1901.63,17809.66016,5.33,3
2023/10/31,2.7,3.2,2.5,2.4,3,2.9,3,3.1,2.7,4,2.1,1.7,0.2,0.4,0.2,-0.5,18.3,21.3,16.6,12.2,6.3,5.3,5.1,8.5,-1.2,-1.6,-1.4,-0.6,1.9,2,1.9,1.8,2.3,3.1,2.4,1.5,3.3,2.8,3.2,3.6,1,1.5,0.9,0.6,0,0,0,0,2.5,3.8,2.1,1.3,-1.5,-1.4,-1.4,-1.7,-0.4,-0.1,-0.6,-0.9,1.9,1.7,1.7,2.2,0.4,0.3,0.5,0.5,-0.2,-0.1,-0.2,-0.3,-0.5,-0.3,-0.5,-0.8,0.5,0.4,0.5,0.5,2,1.8,2.1,1.8,0.9,0.6,2.1,1.9,2.2,2,1.3,1,2,1.8,2,1.7,0.7,0.5,2.1,1.8,2.1,1.8,0.6,0.3,3,2.1,2.6,3.4,0.9,0.4,2.9,1.8,2.2,3.3,1.1,0.7,3,2.2,2.7,3.4,0.8,0.3,3,2.4,2.9,3.5,0.7,0.2,0.9,0.7,0.5,0.1,2,2.2,1,0.9,0.7,0.6,3.1,3.3,0.8,0.7,0.4,-0.1,1.4,1.7,0.8,0.6,0.4,-0.2,1.1,1.3,2.9,9.9,17.8,13.4,-9.7,-17.6,3.1,10,18,13.4,-9.6,-17.6,2.9,9.7,17.5,13.1,-9.5,-17.3,2.6,9.9,18,14.1,-10.4,-18.5,18.9,18.4,18.2,1.9,-0.1,0.1,21.4,21.3,21.5,2.5,0,-0.2,17.6,16.8,16.2,1.3,-0.2,0.4,13.8,12.5,11.6,0.9,-0.3,0.6,6.5,6.6,6.4,4.5,-0.3,-0.1,5.2,5.2,4.8,4.6,0.1,0.5,5.6,6,5.5,5.9,-0.9,-0.4,8.4,8.3,8.5,2.8,0.2,0,-1.8,-3.3,-3.3,-0.6,2.1,2.1,-2.2,-3.5,-3,-1,1.9,1.4,-2,-3.6,-3.8,-0.9,2.2,2.4,-1.2,-2.8,-3.1,0,2.2,2.5,2.5,2,0.8,1,-0.1,1.1,2.4,2.1,1,0.9,-0.1,1,2.6,2,0.9,1.2,-0.1,1,2.4,1.7,0.4,0.7,0.1,1.4,2.4,2.1,2.2,1.5,0.2,0.1,3.3,3.1,1.6,-2.2,0,1.5,2.5,2.2,2.2,1.5,0.2,0.2,1.7,1.3,2.4,4.2,0.2,-0.9,2.7,2.4,2.3,1.5,0.9,1,2,1.8,1.7,0.4,1,1.1,2.7,2.3,2.3,1.5,0.9,0.9,3.2,2.8,2.8,2.1,0.8,0.8,0.4,0,0.2,0.3,0.4,0,0.1,0.4,0.4,0,0.2,0.4,0.4,0.1,0.3,0.2,1,-0.1,0.1,0,1.2,-0.1,0.1,0.1,0.9,-0.1,0.1,0,0.8,0,0.1,0,0.1,0.1,0.1,0.7,0.1,0,0.1,0.8,0.1,0.1,0,0.7,0.1,0.1,0,0.5,-1.5,-1.7,0.3,1.2,-1.6,-1.7,0.2,1.2,-1.5,-1.7,0.3,1.2,-1.6,-1.7,0.4,1.3,-0.7,-0.2,1,0.1,-0.2,-0.1,0.9,0,-1,-0.2,1.1,0.2,-1.6,-0.5,1.3,0.5,2.4,-1.1,2.3,2,2.4,-0.9,2,1.6,2.7,-1,2.2,2.2,2.1,-1.1,2.8,2.1,-0.3,0.1,-0.2,-0.2,-0.4,0,0,-0.2,-0.2,0,-0.2,-0.2,-0.2,0.2,-0.2,-0.2,0.2,-0.2,0,0.4,0.3,-0.1,0,0.4,0.1,-0.1,0.2,0.5,0.3,-0.3,-0.1,0.3,0.6,0.9,0.3,-0.4,0.6,1.1,-0.3,-0.2,0.6,0.9,0.3,-0.4,0.5,0.8,0.6,-0.6,0.5,0.6,0.5,0,0.3,0.4,0.4,-0.4,0.4,0.5,0.5,0,0.6,0.7,0.6,0.1,-0.2,153.67,7.825,1.06685,90.6,14075.964,1895.26,17112.48047,5.33,3
2023/11/30,2.6,3,2.4,2.4,2.7,2.6,2.8,2.9,2.8,4.1,2.3,1.8,-2.4,-2.2,-2.4,-3.1,18.9,21.7,17.3,13.4,4.7,4,3.8,6.3,-1.3,-1.7,-1.7,-0.7,2.6,2.4,2.7,2.6,2.4,3.3,2.5,1.6,3.2,2.4,3.1,3.7,0,-0.1,0,0,-0.1,-0.2,-0.1,-0.1,0.1,0.1,0.1,0.2,-0.9,-0.9,-0.9,-0.9,0.4,0.2,0.6,0.9,1.6,0.9,1.4,2.3,-0.6,-0.3,-0.7,-0.8,0.4,0.3,0.4,0.5,-0.3,-0.1,-0.3,-0.5,-0.1,-0.1,-0.1,-0.1,2.7,1.8,2,1.8,0.8,0.6,3.2,1.8,2.2,1.8,1.2,0.8,2.5,1.7,1.9,1.7,0.7,0.5,2.4,1.8,2,1.8,0.6,0.4,3,2.2,2.6,3.5,0.5,0.1,2.9,2,2.4,3.4,0.6,0.2,3,2.3,2.7,3.5,0.5,0.1,3.1,2.5,2.8,3.5,0.4,0.1,2.7,0.8,0.5,-0.1,2,2.3,4,0.9,0.7,0,3.2,3.4,2.1,0.7,0.5,-0.2,1.6,1.8,1.7,0.7,0.4,-0.2,1.1,1.4,0.2,5.7,16.6,14.3,-8.1,-19,0.4,5.8,17,14.3,-8,-19.2,0.2,5.6,16.1,14,-8,-18.5,-0.5,5.6,16.2,15,-8.7,-19.3,18.3,19.6,19.6,1.7,-0.7,-0.7,21.3,22,22.2,2.2,-0.3,-0.5,16.6,18.3,18,1.4,-1,-0.7,12.2,14.9,14.8,0.9,-1.5,-1.4,6.3,6.6,5.8,5.2,-1.9,-1.1,5.3,5.3,3.9,5,-1.3,0.1,5.1,6,4.8,6.3,-2.2,-1,8.5,8.1,8.3,3.9,-1.8,-2,-1.2,-2.5,-3.7,-1.6,1.2,2.4,-1.6,-2.8,-3.5,-1.8,1.1,1.8,-1.4,-2.8,-4.1,-1.7,1.1,2.4,-0.6,-1.9,-3.5,-1.3,1.2,2.8,1.9,2.2,1.2,0.4,0.4,1.4,2,2.2,1.3,0.6,0.2,1.1,1.9,2.2,1.4,0.4,0.5,1.3,1.8,2,0.8,0.1,0.6,1.8,2.3,1.5,1.5,1.6,0.9,0.9,3.1,2.5,1.3,-2.2,0.8,2,2.4,1.7,1.7,1.5,0.8,0.8,1.5,0.8,1.5,4.3,0.8,0.1,3.3,2.4,2.7,1.6,0.8,0.5,2.8,1.8,2,0.8,0.6,0.4,3.2,2.4,2.7,1.6,0.7,0.4,3.6,2.8,3.1,2.1,0.9,0.6,1,0,-0.3,0.1,1.5,-0.1,-0.4,0.1,0.9,0,-0.2,0.1,0.6,0.1,-0.2,0.1,0,0.1,-0.1,0.1,0,0.1,-0.2,0,0,0.1,-0.1,0.1,0,0.2,0,0.1,2.5,0.1,0,0,3.8,0,0,0,2.1,0,0,0,1.3,0.1,0,0,-1.5,-2.3,-4.3,1.8,-1.4,-2.3,-5.4,1.8,-1.4,-2.3,-3.7,1.8,-1.7,-2.3,-2.7,1.8,-0.4,1.1,0.4,-0.1,-0.1,0.5,0.2,-0.2,-0.6,1.5,0.5,0,-0.9,2.5,1,-0.2,1.9,-0.5,-0.9,3.1,1.7,-0.6,-0.8,2.2,1.7,-0.5,-0.9,2.6,2.2,-0.5,-0.9,4.4,0.4,0.1,0.1,-0.5,0.3,0.1,-0.2,-0.3,0.5,0.1,0,-0.4,0.5,0,0.4,-0.7,-0.2,0.1,0.1,-0.3,-0.1,0.1,0.1,-0.1,-0.2,0.1,0.1,-0.4,-0.3,0.1,0.2,-0.3,-0.5,0.2,-0.6,-0.5,-0.3,-0.1,-0.3,-0.3,-0.5,0.2,-0.5,-0.4,-0.8,0.4,-0.8,-0.6,0.5,0.1,-0.1,0,0.4,0.1,0.1,0.3,0.5,0.1,0,0,0.5,0.1,-0.2,-0.1,-0.5,151.06,7.808,1.09475,82.94,11964.8484,2219.49,17042.88086,5.33,2.9
2023/12/31,2.4,2.7,2.2,2.3,2.3,2,2.4,2.5,2.8,4.2,2.3,1.9,-4.8,-4.7,-4.7,-5.3,19.2,21.6,17.9,14.2,4,3.5,3.7,4.7,-1,-1.2,-1.3,-0.4,2.2,2.2,2.2,2,2.9,3.6,3,2.5,3.2,2.2,3.2,3.8,0.1,0,0,0.2,0.1,0,0.1,0.2,0,0,0,0,-0.8,-0.9,-0.8,-0.8,0.3,0,0.6,1,-2.7,-2.4,-2.8,-2.8,0.3,0.2,0.2,0.4,-0.4,-0.3,-0.5,-0.4,0.6,0.3,0.5,0.9,0.7,0.4,0.7,0.9,2.6,2,1.9,2,0.4,0.5,3,2.1,2.1,2.1,0.6,0.6,2.4,2,1.9,1.9,0.2,0.3,2.4,2.1,1.8,2,0.2,0.5,2.7,3,2.4,3.8,-0.7,-0.1,2.6,2.9,2.2,3.9,-0.9,-0.2,2.8,3,2.5,3.7,-0.6,-0.1,2.9,3,2.7,3.6,-0.5,-0.2,2.8,0.9,0.6,-0.1,1.9,2.2,4.1,1,0.8,0,3.2,3.4,2.3,0.8,0.5,-0.1,1.5,1.8,1.8,0.8,0.6,-0.1,1.1,1.3,-2.4,2.9,13.3,14.7,-7.7,-18.1,-2.2,3.1,13.5,14.8,-7.8,-18.2,-2.4,2.9,13.1,14.3,-7.6,-17.8,-3.1,2.6,13.4,15.1,-7.9,-18.7,18.9,18.9,18.7,1.6,0.3,0.5,21.7,21.4,21.4,2,0.2,0.2,17.3,17.6,17,1.4,0.3,0.9,13.4,13.8,13.2,0.7,0.4,1,4.7,6.5,5.7,5.1,-2.5,-1.7,4,5.2,4.1,4.3,-1.7,-0.6,3.8,5.6,5,5.5,-1.9,-1.3,6.3,8.4,7.6,5.3,-3.7,-2.9,-1.3,-1.8,-3.7,-1.5,0.8,2.7,-1.7,-2.2,-3.7,-2,1,2.5,-1.7,-2,-3.9,-1.7,0.7,2.6,-0.7,-1.2,-3.5,-1,0.8,3.1,2.6,2.5,2.3,0.5,-0.3,-0.1,2.4,2.4,2.4,0.5,-0.2,-0.2,2.7,2.6,2.6,0.6,-0.4,-0.4,2.6,2.4,1.9,0.4,-0.4,0.1,2.4,2.4,1.3,2.7,0.5,1.6,3.3,3.3,2.2,-0.3,0.3,1.4,2.5,2.5,1.5,2.7,0.5,1.5,1.6,1.7,0.6,4.9,0.8,1.9,3.2,2.7,2.5,1.9,0.5,0.7,2.4,2,1.9,1.4,0.2,0.3,3.1,2.7,2.5,1.9,0.5,0.7,3.7,3.2,2.9,2.2,0.6,0.9,0,0.4,0.2,0.3,-0.1,0.4,0.3,0.3,0,0.4,0.2,0.2,0,0.4,0.1,0.3,-0.1,1,-0.1,0.6,-0.2,1.2,-0.2,0.6,-0.1,0.9,-0.1,0.5,-0.1,0.8,-0.1,0.5,0.1,0.1,0.1,0,0.1,0.1,0,0,0.1,0.1,0.1,0,0.2,0.1,0.1,0,-0.9,-1.5,3.9,1.7,-0.9,-1.6,5.3,1.8,-0.9,-1.5,3.2,1.6,-0.9,-1.6,1.9,1.5,0.4,-0.7,-0.2,0.1,0.2,-0.2,-0.1,0.1,0.6,-1,-0.3,0.1,0.9,-1.6,-0.5,0.2,1.6,2.4,0,-2,0.9,2.4,0,-2,1.4,2.7,0.1,-2.7,2.3,2.1,-0.1,-1.3,-0.6,-0.3,-0.1,-0.1,-0.3,-0.4,-0.2,-0.3,-0.7,-0.2,-0.1,-0.2,-0.8,-0.2,-0.1,0.1,0.4,0.2,0.7,0,0.3,0.3,0.7,-0.1,0.4,0.1,0.7,0,0.5,0.3,0.5,0.1,-0.3,0.6,0.7,0.1,-0.1,0.6,1.2,0,-0.3,0.6,0.6,0,-0.5,0.5,0.4,0.1,-0.1,0.5,-0.1,0.6,-0.1,0.3,-0.2,0.6,-0.1,0.4,-0.1,0.6,-0.1,0.6,0,0.7,-0.3,147.21,7.811,1.0962,77.63,11425.5432,2394.1,17047.39063,5.33,2.8
2024/1/31,1.7,2,1.6,1.5,1,0.7,1.2,1.4,2.9,4.2,2.4,1.9,-7.6,-7.4,-7.6,-8.1,19.5,21.8,18.4,14.6,3.5,2.9,3.5,3.8,-1.4,-1.5,-1.7,-1.1,1.9,1.9,1.9,1.7,1.8,3,2,0.9,2.2,1.6,2.3,2.5,-0.1,0.1,-0.1,-0.2,0.3,0.4,0.3,0.2,0.1,0,0.1,0.1,0.4,0.5,0.3,0.4,-0.3,0,-0.4,-1,-2.5,-2.4,-2.3,-2.8,-1,-0.8,-0.9,-1.2,-0.1,-0.3,0,0,-0.6,-0.2,-0.5,-0.9,-0.4,-0.2,-0.3,-0.5,2.4,2.7,1.8,2.4,-1,-0.1,2.7,3.2,1.9,2.6,-1.2,0.1,2.2,2.5,1.8,2.3,-0.9,-0.2,2.3,2.4,1.8,2.4,-0.9,-0.3,2.3,3,2.1,5,-2,-1.1,2,2.9,1.8,5.2,-2.2,-1.1,2.4,3,2.2,4.9,-1.8,-1,2.5,3.1,2.4,4.8,-1.7,-1,2.8,2.7,0.7,-0.1,0.2,2.2,4.2,4,0.9,0,0.2,3.3,2.3,2.1,0.7,-0.2,0.3,1.7,1.9,1.7,0.6,-0.1,0.2,1.3,-4.8,0.2,9.9,20.6,-7.8,-17.5,-4.7,0.4,10,20.7,-7.8,-17.4,-4.7,0.2,9.7,20.2,-7.8,-17.3,-5.3,-0.5,9.9,20.9,-7.6,-18,19.2,18.3,18.4,0.8,1.2,1.1,21.6,21.3,21.3,1.6,0.5,0.5,17.9,16.6,16.8,0.3,1.8,1.6,14.2,12.2,12.5,-0.8,2.4,2.1,4,6.3,6.6,5.8,-2.8,-3.1,3.5,5.3,5.2,4.4,-2.4,-2.3,3.7,5.1,6,5.7,-1.6,-2.5,4.7,8.5,8.3,7,-4.7,-4.5,-1,-1.2,-3.3,-2.2,-0.2,1.9,-1.2,-1.6,-3.5,-2.4,0.1,2,-1.3,-1.4,-3.6,-2.5,-0.3,1.9,-0.4,-0.6,-2.8,-1.6,-0.5,1.7,2.2,1.9,2,1,0,-0.1,2.2,2,2.1,0.9,-0.1,-0.2,2.2,1.9,2,1.2,0,-0.1,2,1.8,1.7,0.7,-0.1,0,2.9,2.3,2.1,0.9,-0.5,-0.3,3.6,3.1,3.1,-3,-0.1,-0.1,3,2.4,2.2,0.8,-0.4,-0.2,2.5,1.5,1.3,3.7,-0.6,-0.4,3.2,3.3,2.4,2,-1.1,-0.2,2.2,2.8,1.8,1.4,-1.2,-0.2,3.2,3.2,2.3,2,-0.9,0,3.8,3.6,2.8,2.5,-1.1,-0.3,0.1,1,0,0.6,0,1.5,0,0.7,0,0.9,0,0.5,0.2,0.6,0.1,0.5,0.1,0,-0.1,1.5,0,0,-0.1,1.7,0.1,0,-0.1,1.5,0.2,0,0,1.4,0,2.5,0.1,0,0,3.8,0,0,0,2.1,0.1,0,0,1.3,0.1,0,-0.8,-1.5,-1.7,3.5,-0.9,-1.4,-1.7,3.5,-0.8,-1.4,-1.7,3.5,-0.8,-1.7,-1.7,3.3,0.3,-0.4,-0.2,-0.5,0,-0.1,-0.1,-0.2,0.6,-0.6,-0.2,-0.8,1,-0.9,-0.5,-1.3,-2.7,1.9,-1.1,-2,-2.4,1.7,-0.9,-1.9,-2.8,1.7,-1,-2.2,-2.8,2.2,-1.1,-1.9,0.3,0.4,0.1,-0.5,0.2,0.3,0,-0.4,0.2,0.5,0,-0.6,0.4,0.5,0.2,-0.5,-0.4,-0.2,-0.2,0.2,-0.3,-0.1,-0.1,0.1,-0.5,-0.2,-0.1,0.2,-0.4,-0.3,-0.3,0.3,0.6,-0.5,0.9,0.5,0.3,-0.3,1.1,0.3,0.5,-0.5,0.9,0.5,0.9,-0.8,0.8,0.7,0.7,0.5,0.6,0.6,0.4,0.4,0.4,0.4,0.7,0.5,0.5,0.6,0.9,0.5,0.7,0.8,-0.8,146.81,7.819,1.08755,80.12,11276.0496,2861.18,15485.07031,5.33,2.7
2024/2/29,2.1,2.3,2,2,2.2,2,2.3,2.3,3,4.3,2.5,2,-7.8,-7.6,-7.8,-8.2,6.1,6.8,5.6,4.7,1.3,0.4,1.1,2,-1.4,-1.5,-1.6,-1.1,1,1,1.1,1,2.3,2.3,2.3,2.3,3.6,2.7,3.6,4.2,0.4,0.4,0.4,0.4,1.1,1.2,1.1,1,0.1,0.1,0.1,0.1,0.2,0.2,0.2,0.2,0.3,0.3,0.2,0.4,-2.6,-2.6,-2.8,-2.5,0.1,0.1,0.2,0.1,0,0,0,0.1,0.5,0,0.4,0.9,0.9,0.7,0.8,0.9,1.7,2.6,1.8,1.7,-0.5,0.3,2,3,1.8,1.7,-0.7,0.5,1.6,2.4,1.7,1.6,-0.4,0.3,1.5,2.4,1.8,1.8,-0.4,0.2,1,2.7,2.2,2.4,-0.5,0,0.7,2.6,2,1.9,-0.6,0,1.2,2.8,2.3,2.6,-0.5,0,1.4,2.9,2.5,3,-0.6,-0.2,2.9,2.8,0.8,-0.1,0.2,2.2,4.2,4.1,0.9,0,0.2,3.4,2.4,2.3,0.7,-0.2,0.2,1.8,1.9,1.8,0.7,-0.1,0.2,1.3,-7.6,-2.4,5.7,20.7,-5.4,-13.5,-7.4,-2.2,5.8,20.9,-5.4,-13.4,-7.6,-2.4,5.6,20.4,-5.4,-13.4,-8.1,-3.1,5.6,21,-5.1,-13.8,19.5,18.9,19.6,14,-12.8,-13.5,21.8,21.7,22,16.4,-14.9,-15.2,18.4,17.3,18.3,12.7,-11.7,-12.7,14.6,13.4,14.9,8.8,-8.7,-10.2,3.5,4.7,6.6,5.5,-3.4,-5.3,2.9,4,5.3,4.4,-3.6,-4.9,3.5,3.8,6,5,-2.7,-4.9,3.8,6.3,8.1,7,-4.3,-6.1,-1.4,-1.3,-2.5,-2.1,-0.1,1.1,-1.5,-1.7,-2.8,-2,0.2,1.3,-1.7,-1.7,-2.8,-2.3,0.1,1.2,-1.1,-0.7,-1.9,-1.9,-0.4,0.8,1.9,2.6,2.2,0.7,-1.6,-1.2,1.9,2.4,2.2,0.9,-1.4,-1.2,1.9,2.7,2.2,0.8,-1.6,-1.1,1.7,2.6,2,0.3,-1.6,-1,1.8,2.4,1.5,0.4,-0.1,0.8,3,3.3,2.5,-2.6,-1,-0.2,2,2.5,1.7,0.4,-0.2,0.6,0.9,1.6,0.8,2.5,0.7,1.5,2.2,3.2,2.4,1.8,0.4,1.2,1.6,2.4,1.8,1.2,0.3,0.9,2.3,3.1,2.4,1.8,0.5,1.2,2.5,3.7,2.8,2.2,0.5,1.4,-0.1,0,0,0,0.1,-0.1,-0.1,0.1,-0.1,0,0,0,-0.2,0,0.1,-0.1,0.3,-0.1,0.1,-0.1,0.4,-0.2,0.1,-0.1,0.3,-0.1,0.1,-0.1,0.2,-0.1,0.2,0,0.1,0.1,0.1,0,0,0.1,0,0,0.1,0.1,0,0,0.1,0.2,0.1,0,0.4,-0.9,-2.3,0.4,0.5,-0.9,-2.3,0.4,0.3,-0.9,-2.3,0.4,0.4,-0.9,-2.3,0.4,-0.3,0.4,1.1,13,0,0.2,0.5,14.4,-0.4,0.6,1.5,12.3,-1,0.9,2.5,9.9,-2.5,1.6,-0.5,-0.5,-2.4,0.9,-0.6,-0.1,-2.3,1.4,-0.5,-0.4,-2.8,2.3,-0.5,-0.8,-1,-0.6,0.1,0.1,-0.8,-0.3,0.1,0.1,-0.9,-0.7,0.1,0.1,-1.2,-0.8,0,0.1,-0.1,0.4,0.1,0.9,-0.3,0.3,0.1,0.9,0,0.4,0.1,0.9,0,0.5,0.1,0.8,-0.6,-0.3,0.2,0.1,-0.2,-0.1,-0.1,0.7,-0.5,-0.3,0.2,0.1,-0.9,-0.5,0.4,-0.5,-0.4,-0.1,0.1,-0.5,-0.2,-0.1,0.1,-0.3,-0.3,-0.1,0.1,-0.4,-0.5,-0.1,0.1,-0.7,0.7,145.37,7.828,1.0858,83.48,10479.4776,2881.95,16511.43945,5.33,2.7
2024/3/31,2,2.3,1.9,1.7,1.9,1.7,2,2,3.1,4.4,2.6,2,-8.7,-8.5,-8.6,-9.1,17.7,19.2,16.9,14.7,0.3,0.2,0.3,0.5,-1.5,-1.7,-1.6,-1.3,1.2,1.1,1.3,1.2,2.2,2.6,2.2,1.8,2.9,2.2,2.9,3.3,0,0.1,0.1,0,-0.4,-0.4,-0.3,-0.3,0,0,0,0,-0.6,-0.7,-0.6,-0.5,15.6,17.3,14.6,12,2.6,3.2,2.7,1.9,-0.3,-0.5,-0.3,-0.3,0.5,0.5,0.5,0.5,0.5,0.8,0.6,0.2,-0.2,-0.1,-0.2,-0.2,2.1,2.4,2,1.7,-0.4,0,2.3,2.7,2.1,1.7,-0.4,0.2,2,2.2,2,1.6,-0.3,-0.1,2,2.3,2.1,1.9,-0.6,-0.4,2.2,2.3,3,1.6,-0.4,-1.1,2,2,2.9,0.9,-0.3,-1.2,2.3,2.4,3,1.9,-0.4,-1,2.3,2.5,3,2.3,-0.5,-1,3,2.8,0.9,-0.2,0.3,2.2,4.3,4.2,1,-0.1,0.2,3.4,2.5,2.3,0.8,-0.3,0.3,1.8,2,1.9,0.8,-0.1,0.1,1.2,-7.8,-4.8,2.9,19.9,-3.9,-11.6,-7.6,-4.7,3.1,20.1,-3.8,-11.6,-7.8,-4.7,2.9,19.6,-3.9,-11.5,-8.2,-5.3,2.6,20,-3.8,-11.7,6.1,19.2,18.9,18.7,-1.5,-1.2,6.8,21.6,21.4,22.5,-2.4,-2.2,5.6,17.9,17.6,16.5,-1,-0.7,4.7,14.2,13.8,11.4,0.5,0.9,1.3,4,6.5,6.3,-3.7,-6.2,0.4,3.5,5.2,4.8,-3.3,-5,1.1,3.7,5.6,5.3,-3.4,-5.3,2,4.7,8.4,8.5,-4.2,-7.9,-1.4,-1,-1.8,-2.8,-0.5,0.3,-1.5,-1.2,-2.2,-2.7,-0.5,0.5,-1.6,-1.3,-2,-3.2,-0.3,0.4,-1.1,-0.4,-1.2,-2.4,-0.9,-0.1,1,2.2,2.5,1,-1,-1.3,1,2.2,2.4,1.2,-1.1,-1.3,1.1,2.2,2.6,1.1,-0.9,-1.3,1,2,2.4,0.7,-0.8,-1.2,2.3,2.9,2.4,2.8,-0.7,-0.2,2.3,3.6,3.3,2.4,-1,-0.7,2.3,3,2.5,2.7,-0.8,-0.3,2.3,2.5,1.7,3.2,-0.7,0.1,3.6,3.2,2.7,2.7,-0.3,0.2,2.7,2.2,2,2.1,0,0.2,3.6,3.2,2.7,2.6,-0.3,0.2,4.2,3.8,3.2,3,-0.5,0.1,0.4,0.1,0.4,0.2,0.4,0,0.4,0.1,0.4,0,0.4,0.2,0.4,0.2,0.4,0.3,1.1,0.1,1,-0.1,1.2,0,1.2,-0.2,1.1,0.1,0.9,-0.1,1,0.2,0.8,0,0.1,0,0.1,-0.1,0.1,0,0.1,-0.1,0.1,0,0.1,-0.1,0.1,0,0.1,0,0.2,-0.8,-1.5,0.4,0.2,-0.9,-1.6,0.3,0.2,-0.8,-1.5,0.4,0.2,-0.8,-1.6,0.4,0.3,0.3,-0.7,4.1,0.3,0,-0.2,5.1,0.2,0.6,-1,3.5,0.4,1,-1.6,2.2,-2.6,-2.7,2.4,3.5,-2.6,-2.4,2.4,3.4,-2.8,-2.8,2.7,3.6,-2.5,-2.8,2.1,3.5,0.1,0.3,-0.3,-0.2,0.1,0.2,-0.4,-0.3,0.2,0.2,-0.2,-0.3,0.1,0.4,-0.2,-0.1,0,-0.4,0.2,0.3,0,-0.3,0.3,0.3,0,-0.5,0.1,0.3,0.1,-0.4,0.3,0.3,0.5,0.6,0.6,0.6,0,0.3,0.6,0.5,0.4,0.5,0.6,0.6,0.9,0.9,0.5,0.7,0.9,0.7,0.5,0.5,0.7,0.4,0.3,0.4,0.8,0.7,0.4,0.5,0.9,0.9,0.6,0.6,0.1,147.08,7.825,1.0786,85.41,11810.1492,2493.15,16541.41992,5.33,2.9
2024/4/30,1.1,1.1,1,1.1,1.8,1.7,1.9,1.8,1,1.3,0.7,0.8,-9.3,-9.1,-9.2,-9.8,20.8,23.4,19.2,15.6,0.6,0.1,0.4,1.1,-0.8,-1.4,-0.9,-0.3,1.1,1,1,1.3,1.8,2.9,1.9,0.9,2.2,1.7,2.2,2.4,-0.7,-1.1,-0.6,-0.4,0,0,0,-0.1,-2,-2.8,-1.8,-1.1,-0.4,-0.4,-0.4,-0.4,3.7,4.5,3.1,2.1,2.6,1.9,2.3,3.5,0.5,0.3,0.5,0.8,-0.1,-0.1,-0.1,0,-0.1,-0.1,-0.1,-0.2,-0.2,-0.1,-0.1,-0.3,2,1.7,2.7,2.1,-0.6,-1.6,2.3,2,3.2,2.2,-0.9,-2.1,1.9,1.6,2.5,2,-0.6,-1.5,1.7,1.5,2.4,2.1,-0.4,-1.3,1.9,1,3,2.6,0.8,-1.2,1.7,0.7,2.9,2.2,1,-1.2,2,1.2,3,2.7,0.7,-1.1,2,1.4,3.1,2.9,0.4,-1.3,3.1,2.9,2.7,0.5,-1.9,-1.7,4.4,4.2,4,0.7,-2.9,-2.7,2.6,2.4,2.1,0.4,-1.7,-1.4,2,1.9,1.7,0.4,-1.1,-0.9,-8.7,-7.6,0.2,17.8,-1.7,-9.5,-8.5,-7.4,0.4,18,-1.7,-9.5,-8.6,-7.6,0.2,17.5,-1.6,-9.4,-9.1,-8.1,-0.5,18,-1.7,-9.3,17.7,19.5,18.3,18.2,1.3,2.5,19.2,21.8,21.3,21.5,1.6,2.1,16.9,18.4,16.6,16.2,0.8,2.6,14.7,14.6,12.2,11.6,1,3.4,0.3,3.5,6.3,6.4,-2.9,-5.7,0.2,2.9,5.3,4.8,-2.8,-5.2,0.3,3.5,5.1,5.5,-3.1,-4.7,0.5,3.8,8.5,8.5,-2.7,-7.4,-1.5,-1.4,-1.2,-3.3,0.6,0.4,-1.7,-1.5,-1.6,-3,0.1,0.2,-1.6,-1.7,-1.4,-3.8,0.8,0.5,-1.3,-1.1,-0.6,-3.1,0.8,0.3,1.2,1.9,1.9,0.8,-0.8,-0.8,1.1,1.9,2,1,-0.9,-1,1.3,1.9,1.9,0.9,-0.9,-0.9,1.2,1.7,1.8,0.4,-0.4,-0.5,2.2,1.8,2.3,2.2,0,-0.5,2.6,3,3.1,1.6,-0.1,-0.2,2.2,2,2.4,2.2,-0.1,-0.5,1.8,0.9,1.5,2.4,0,-0.6,2.9,2.2,3.3,2.3,0,-1.1,2.2,1.6,2.8,1.7,0.1,-1.1,2.9,2.3,3.2,2.3,-0.1,-1,3.3,2.5,3.6,2.8,-0.1,-1.2,0,-0.1,1,0.2,0.1,0.1,1.5,0.1,0.1,-0.1,0.9,0.2,0,-0.2,0.6,0.3,-0.4,0.3,0,0.1,-0.4,0.4,0,0.1,-0.3,0.3,0,0.1,-0.3,0.2,0,0.1,0,0.1,2.5,0.1,0,0,3.8,0.1,0,0.1,2.1,0,0,0.1,1.3,0,-0.6,0.4,-1.5,0.3,-0.7,0.5,-1.4,0.2,-0.6,0.3,-1.4,0.3,-0.5,0.4,-1.7,0.4,15.6,-0.3,-0.4,1,17.3,0,-0.1,0.9,14.6,-0.4,-0.6,1.1,12,-1,-0.9,1.3,2.6,-2.5,1.9,2.3,3.2,-2.4,1.7,2,2.7,-2.3,1.7,2.2,1.9,-2.8,2.2,2.8,-0.3,-1,0.4,-0.2,-0.5,-0.8,0.3,0,-0.3,-0.9,0.5,-0.2,-0.3,-1.2,0.5,-0.2,0.5,-0.1,-0.2,0,0.5,-0.3,-0.1,0,0.5,0,-0.2,0.2,0.5,0,-0.3,-0.1,0.5,-0.6,-0.5,0.3,0.8,-0.2,-0.3,-0.3,0.6,-0.5,-0.5,0.3,0.2,-0.9,-0.8,0.6,-0.2,-0.4,0.5,0.5,-0.1,-0.2,0.4,0.4,-0.2,-0.3,0.5,0.5,-0.2,-0.5,0.5,0.6,0.3,146.48,7.824,1.07795,89.94,13695.3036,2466.4,17763.0293,5.33,3
2024/5/31,1.2,1.2,1.1,1.2,1.9,1.9,2,1.8,1.1,1.4,0.9,0.9,-10.9,-10.9,-10.8,-11.2,20.1,23,18.4,14,1.1,0.6,1.1,1.7,-0.9,-1.3,-0.8,-0.6,1.2,1.2,1.2,1.2,2.3,3.1,2.4,1.7,2.2,1.6,2.1,2.5,-0.2,-0.3,-0.1,-0.1,0,0,0,0,0.1,0.1,0.1,0.1,-6,-7.3,-5.3,-4.2,-0.2,-0.1,-0.2,-0.5,-0.3,-0.3,-0.3,-0.3,0,-0.1,0.1,0.1,0.3,0.3,0.3,0.1,0,0,0,-0.1,-0.1,0,-0.1,-0.1,1.1,2.1,2.6,2,-0.9,-1.4,1.1,2.3,3,2.2,-1.1,-1.8,1,2,2.4,1.9,-0.9,-1.3,1.1,2,2.4,2,-0.8,-1.2,1.8,2.2,2.7,2.6,-0.3,-0.8,1.7,2,2.6,2.4,-0.1,-0.7,1.9,2.3,2.8,2.7,-0.3,-0.8,1.8,2.3,2.9,2.8,-0.5,-1.1,1,3,2.8,0.5,-1.9,-1.7,1.3,4.3,4.1,0.7,-2.9,-2.7,0.7,2.5,2.3,0.5,-1.6,-1.4,0.8,2,1.8,0.4,-1.1,-0.9,-9.3,-7.8,-2.4,16.6,-3.1,-8.5,-9.1,-7.6,-2.2,17,-3.3,-8.7,-9.2,-7.8,-2.4,16.1,-3,-8.4,-9.8,-8.2,-3.1,16.2,-3,-8.1,20.8,6.1,18.9,19.6,14,1.2,23.4,6.8,21.7,22.2,16.2,1.3,19.2,5.6,17.3,18,12.8,1.1,15.6,4.7,13.4,14.8,9.3,0.6,0.6,1.3,4.7,5.8,-0.2,-3.6,0.1,0.4,4,3.9,0.2,-3.4,0.4,1.1,3.8,4.8,0,-2.7,1.1,2,6.3,8.3,-0.3,-4.6,-0.8,-1.4,-1.3,-3.7,0.5,0.4,-1.4,-1.5,-1.7,-3.5,0.2,0.4,-0.9,-1.6,-1.7,-4.1,0.8,0.9,-0.3,-1.1,-0.7,-3.5,0.5,0.1,1.1,1,2.6,1.2,0.2,-1.4,1,1,2.4,1.3,0.2,-1.2,1,1.1,2.7,1.4,0.1,-1.5,1.3,1,2.6,0.8,0.2,-1.4,1.8,2.3,2.4,1.5,0,-0.1,2.9,2.3,3.3,1.3,0.8,-0.2,1.9,2.3,2.5,1.7,0.1,-0.1,0.9,2.3,1.6,1.5,-0.6,0.1,2.2,3.6,3.2,2.7,-1.4,-1,1.7,2.7,2.4,2,-1.1,-0.8,2.2,3.6,3.1,2.7,-1.5,-1,2.4,4.2,3.7,3.1,-1.7,-1.2,-0.7,0.4,0,-0.3,-1.1,0.4,-0.1,-0.4,-0.6,0.4,0,-0.2,-0.4,0.4,0,-0.2,0,1.1,-0.1,-0.1,0,1.2,-0.2,-0.2,0,1.1,-0.1,-0.1,-0.1,1,-0.1,0,-2,0.1,0.1,0,-2.8,0.1,0.1,0,-1.8,0.1,0.1,0,-1.1,0.1,0.2,0,-0.4,0.2,-0.9,-4.3,-0.4,0.2,-0.9,-5.4,-0.4,0.2,-0.9,-3.7,-0.4,0.2,-0.9,-2.7,3.7,0.3,0.4,0.4,4.5,0.3,0.2,0.2,3.1,0.2,0.6,0.5,2.1,0.4,0.9,1,2.6,-2.6,1.6,-0.9,1.9,-2.6,0.9,-0.8,2.3,-2.8,1.4,-0.9,3.5,-2.5,2.3,-0.9,0.5,0.1,-0.6,0.1,0.3,0.1,-0.3,-0.2,0.5,0.2,-0.7,0,0.8,0.1,-0.8,0.4,-0.1,0,0.4,0.1,-0.1,0,0.3,0.1,-0.1,0,0.4,0.1,0,0.1,0.5,0.2,-0.1,0.5,-0.3,-0.6,-0.1,0,-0.1,-0.3,-0.1,0.4,-0.3,-0.5,-0.2,0.9,-0.5,-0.8,-0.2,0.9,-0.1,-0.1,-0.1,0.7,-0.1,0.1,-0.1,0.8,-0.1,0,-0.3,0.9,-0.1,-0.2,0.3,143.78,7.819,1.077,81.75,14091.9516,2107.18,18079.60938,5.33,3.1
2024/6/30,1.5,1.7,1.3,1.3,1.9,1.9,1.9,1.8,1.1,1.5,0.9,0.9,0.1,2.6,-1.1,-3.7,22,24.8,20.3,16.1,-0.6,-1.2,-0.8,0.1,-0.6,-1.1,-0.6,-0.3,0.5,0.4,0.4,0.8,1.7,1.9,1.8,1.6,2.5,1.9,2.4,2.8,0.5,0.8,0.4,0.2,-0.1,-0.2,-0.1,-0.1,0.1,0.1,0.1,0.1,16.6,21.2,14.3,10.5,1.3,1.3,1.3,1.4,-1.7,-1.8,-1.7,-1.7,0.1,0,0.1,0.2,-0.1,-0.1,-0.1,0.1,0.1,0,0.1,0.3,0.2,0.1,0.2,0.3,1.2,2,2.4,1.9,-0.5,-0.9,1.2,2.3,2.7,2.1,-0.6,-1,1.1,1.9,2.2,1.9,-0.6,-0.9,1.2,1.7,2.3,1.8,-0.4,-1,1.9,1.9,2.3,2.4,0,-0.4,1.9,1.7,2,2.2,0.2,-0.1,2,2,2.4,2.5,-0.1,-0.5,1.8,2,2.5,2.7,-0.2,-0.7,1.1,3.1,2.8,0.6,-2,-1.7,1.4,4.4,4.2,0.8,-2.9,-2.7,0.9,2.6,2.3,0.5,-1.7,-1.4,0.9,2,1.9,0.6,-1.1,-1,-10.9,-8.7,-4.8,13.3,8.8,4.9,-10.9,-8.5,-4.7,13.5,11.1,7.3,-10.8,-8.6,-4.7,13.1,7.5,3.6,-11.2,-9.1,-5.3,13.4,5.4,1.6,20.1,17.7,19.2,18.7,4.3,2.8,23,19.2,21.6,21.4,5.6,3.2,18.4,16.9,17.9,17,3.4,2.4,14,14.7,14.2,13.2,1.4,1.9,1.1,0.3,4,5.7,-0.9,-4.6,0.6,0.2,3.5,4.1,-1.4,-4.7,1.1,0.3,3.7,5,-1.1,-4.5,1.7,0.5,4.7,7.6,-0.4,-4.6,-0.9,-1.5,-1,-3.7,0.9,0.4,-1.3,-1.7,-1.2,-3.7,0.6,0.1,-0.8,-1.6,-1.3,-3.9,1,0.7,-0.6,-1.3,-0.4,-3.5,1,0.1,1.2,1.2,2.2,2.3,-0.7,-1.7,1.2,1.1,2.2,2.4,-0.7,-1.8,1.2,1.3,2.2,2.6,-0.9,-1.8,1.2,1.2,2,1.9,-0.4,-1.2,2.3,2.2,2.9,1.3,-0.5,-1.2,3.1,2.6,3.6,2.2,-0.7,-1.7,2.4,2.2,3,1.5,-0.4,-1.2,1.7,1.8,2.5,0.6,-0.2,-0.9,2.2,2.9,3.2,2.5,-0.4,-0.7,1.6,2.2,2.2,1.9,-0.3,-0.3,2.1,2.9,3.2,2.5,-0.5,-0.8,2.5,3.3,3.8,2.9,-0.5,-1,-0.2,0,0.1,0.2,-0.3,0.1,0,0.3,-0.1,0.1,0,0.2,-0.1,0,0.2,0.1,0,-0.4,0.1,-0.1,0,-0.4,0,-0.2,0,-0.3,0.1,-0.1,0,-0.3,0.2,-0.1,0.1,0,0,0.1,0.1,0,0,0,0.1,0,0,0.1,0.1,0,0,0.1,-6,-0.6,-0.8,3.9,-7.3,-0.7,-0.9,5.3,-5.3,-0.6,-0.8,3.2,-4.2,-0.5,-0.8,1.9,-0.2,15.6,0.3,-0.2,-0.1,17.3,0,-0.1,-0.2,14.6,0.6,-0.3,-0.5,12,1,-0.5,-0.3,2.6,-2.7,0,-0.3,3.2,-2.4,0,-0.3,2.7,-2.8,0.1,-0.3,1.9,-2.8,-0.1,0,-0.3,0.3,-0.1,-0.1,-0.5,0.2,-0.2,0.1,-0.3,0.2,-0.1,0.1,-0.3,0.4,-0.1,0.3,0.5,-0.4,0.7,0.3,0.5,-0.3,0.7,0.3,0.5,-0.5,0.7,0.1,0.5,-0.4,0.5,0,0.5,0.6,0.7,0,0.8,0.3,1.2,0,0.6,0.5,0.6,-0.1,0.2,0.9,0.4,-0.1,-0.2,0.7,-0.1,0,-0.1,0.4,-0.2,-0.1,-0.2,0.7,-0.1,-0.1,-0.2,0.9,0,0.2,141.81,7.81,1.06995,82.25,15901.8336,2121.92,17718.60938,5.33,3
2024/7/31,2.5,3.1,2.3,2,1.9,1.9,2,1.8,3.3,4.6,2.9,2.1,2.3,4.8,1,-1.5,22.1,24.9,20.2,16.6,-1.2,-1.7,-1.4,-0.6,-0.9,-1.2,-0.8,-0.8,0.9,0.7,0.8,1.3,2.7,2,2.6,3.2,2.7,2,2.7,3.1,1,1.3,0.9,0.8,-0.1,-0.1,0,0,2.2,3.2,2,1.3,0.5,0.5,0.5,0.6,-0.1,0,-0.2,-0.2,-1.7,-1.4,-1.7,-1.8,-0.2,-0.1,-0.2,-0.3,0.2,0.1,0.2,0.3,1.9,1.2,1.7,2.5,0.8,0.4,0.7,1,1.5,1.1,1.7,1.8,1.4,0.8,1.7,1.1,2,1.9,2,1.1,1.3,1,1.6,1.8,1.3,0.7,1.3,1.1,1.5,1.8,0.9,0.5,1.9,1.8,1,2.1,0.1,0.9,1.9,1.7,0.7,1.8,0.2,1.2,1.9,1.9,1.2,2.2,0.1,0.8,1.8,1.8,1.4,2.4,0,0.4,1.1,1,2.9,0.7,2.3,0.4,1.5,1.3,4.2,0.9,3.3,0.4,0.9,0.7,2.4,0.7,2.2,0.5,0.9,0.8,1.9,0.6,1.3,0.2,0.1,-9.3,-7.6,9.9,11.6,9.9,2.6,-9.1,-7.4,10,13.9,12.2,-1.1,-9.2,-7.6,9.7,10.2,8.6,-3.7,-9.8,-8.1,9.9,8.3,6.6,22,20.8,19.5,18.4,1.3,2.6,24.8,23.4,21.8,21.3,1.5,3.1,20.3,19.2,18.4,16.8,1,1.8,16.1,15.6,14.6,12.5,1,2,-0.6,0.6,3.5,6.6,-1.8,-4.7,-1.2,0.1,2.9,5.2,-1.8,-4.6,-0.8,0.4,3.5,6,-1.8,-4.9,0.1,1.1,3.8,8.3,-1.7,-4.4,-0.6,-0.8,-1.4,-3.3,-0.1,0.5,-1.1,-1.4,-1.5,-3.5,0.2,0.3,-0.6,-0.9,-1.7,-3.6,0.1,0.9,-0.3,-0.3,-1.1,-2.8,-0.5,0.3,0.5,1.1,1.9,2,-0.2,-1,0.4,1,1.9,2.1,-0.3,-1.2,0.4,1,1.9,2,-0.2,-1.1,0.8,1.3,1.7,1.7,0,-0.4,1.7,1.8,1.8,2.1,0.9,0.9,1.9,2.9,3,3.1,-0.9,-1,1.8,1.9,2,2.2,0.7,0.6,1.6,0.9,0.9,1.3,2.3,2.3,2.5,2.2,2.2,2.4,0.5,0.5,1.9,1.7,1.6,1.8,0.3,0.4,2.4,2.2,2.3,2.3,0.5,0.4,2.8,2.4,2.5,2.8,0.7,0.6,0.5,-0.7,-0.1,0,0.8,-1.1,0.1,0,0.4,-0.6,-0.1,0,0.2,-0.4,-0.2,0.1,-0.1,0,0.3,-0.1,-0.2,0,0.4,-0.1,-0.1,0,0.3,-0.1,-0.1,-0.1,0.2,0,0.1,-2,0.1,0.1,0.1,-2.8,0,0,0.1,-1.8,0.1,0.1,0.1,-1.1,0.1,0.1,16.6,-0.4,0.4,-1.7,21.2,-0.4,0.5,-1.7,14.3,-0.4,0.3,-1.7,10.5,-0.4,0.4,-1.7,1.3,3.7,-0.3,-0.2,1.3,4.5,0,-0.1,1.3,3.1,-0.4,-0.2,1.4,2.1,-1,-0.5,-1.7,2.6,-2.5,-1.1,-1.8,1.9,-2.4,-0.9,-1.7,2.3,-2.3,-1,-1.7,3.5,-2.8,-1.1,0.1,0.5,-1,0.1,0,0.3,-0.8,0,0.1,0.5,-0.9,0,0.2,0.8,-1.2,0.2,-0.1,-0.1,-0.1,-0.2,-0.1,-0.1,-0.3,-0.1,-0.1,-0.1,0,-0.1,0.1,0,0,-0.3,0.1,-0.1,-0.6,0.9,0,-0.1,-0.2,1.1,0.1,-0.1,-0.5,0.9,0.3,-0.2,-0.9,0.8,0.2,-0.2,-0.4,0.6,0.1,-0.1,-0.2,0.4,0.2,-0.1,-0.3,0.5,0.3,-0.3,-0.5,0.7,0.5,141.11,7.813,1.08085,85.15,17781.5412,1885.91,17344.59961,5.33,3.1
2024/8/31,2.5,3.2,2.2,1.9,1.8,2,1.8,1.6,3.3,4.7,2.9,2.1,4.8,7.4,3.5,1,20.8,24.2,18.7,13.9,-1.8,-2.4,-2.1,-1,-0.9,-1.2,-0.9,-0.6,0.9,0.7,0.9,0.9,2.8,2.5,2.8,3.1,2.2,1.7,2.2,2.6,0,0.1,0,-0.1,0.1,0.1,0,0,0.1,0.1,0.1,0.1,0.1,0,0.1,0.1,0.1,0,0.3,0.1,-1.1,-1.3,-1.2,-0.9,0.1,0.1,0,0.2,0.1,0.1,0.2,-0.3,0.3,0.4,0.3,0.3,-0.3,-0.2,-0.3,-0.4,2.5,1.2,2.1,1.8,1.3,0.4,3.1,1.2,2.3,1.8,2,0.9,2.3,1.1,2,1.7,1.1,0.2,2,1.2,2,1.8,0.7,-0.1,1.9,1.9,2.2,2.2,-0.1,-0.4,1.9,1.9,2,2,0.1,0,2,2,2.3,2.3,-0.2,-0.5,1.8,1.8,2.3,2.5,-0.2,-0.7,3.3,1.1,3,0.8,2.2,0.3,4.6,1.4,4.3,0.9,3.3,0.4,2.9,0.9,2.5,0.7,2,0.4,2.1,0.9,2,0.7,1.2,0.1,2.3,-10.9,-7.8,5.7,15.7,12.6,4.8,-10.9,-7.6,5.8,18.3,15,1,-10.8,-7.8,5.6,14.3,11.3,-1.5,-11.2,-8.2,5.6,12.2,9.2,22.1,20.1,6.1,19.6,0.7,14.7,24.9,23,6.8,22,1.2,17.4,20.2,18.4,5.6,18.3,0.3,13.1,16.6,14,4.7,14.9,-0.1,9.2,-1.2,1.1,1.3,6.6,-2.9,-3.1,-1.7,0.6,0.4,5.3,-3,-2.8,-1.4,1.1,1.1,6,-3.2,-3.2,-0.6,1.7,2,8.1,-2.7,-3,-0.9,-0.9,-1.4,-2.5,0,0.5,-1.2,-1.3,-1.5,-2.8,0.1,0.3,-0.8,-0.8,-1.6,-2.8,-0.1,0.7,-0.8,-0.6,-1.1,-1.9,0,0.5,0.9,1.2,1,2.2,-0.3,-0.1,0.7,1.2,1,2.2,-0.5,-0.3,0.8,1.2,1.1,2.2,-0.3,-0.2,1.3,1.2,1,2,-0.3,-0.1,2.7,2.3,2.3,1.5,0.5,0.5,2,3.1,2.3,2.5,-0.6,0.2,2.6,2.4,2.3,1.7,0.4,0.5,3.2,1.7,2.3,0.8,1.4,0.8,2.7,2.2,3.6,2.4,0,-1.4,2,1.6,2.7,1.8,0.1,-1,2.7,2.1,3.6,2.4,0.1,-1.4,3.1,2.5,4.2,2.8,0.1,-1.6,1,-0.2,0.4,0,1.3,-0.3,0.4,-0.1,0.9,-0.1,0.4,0,0.8,-0.1,0.4,0.1,-0.1,0,1.1,0.1,-0.1,0,1.2,0.1,0,0,1.1,0.1,0,0,1,0.2,2.2,0.1,0.1,0.1,3.2,0.1,0.1,0,2,0.1,0.1,0,1.3,0.1,0.1,0.1,0.5,-6,0.2,-2.3,0.5,-7.3,0.2,-2.3,0.5,-5.3,0.2,-2.3,0.6,-4.2,0.2,-2.3,-0.1,-0.2,0.3,1.1,0,-0.1,0.3,0.5,-0.2,-0.2,0.2,1.5,-0.2,-0.5,0.4,2.5,-1.7,-0.3,-2.6,-0.5,-1.4,-0.3,-2.6,-0.6,-1.7,-0.3,-2.8,-0.5,-1.8,-0.3,-2.5,-0.5,-0.2,0,0.1,0.1,-0.1,-0.1,0.1,0.1,-0.2,0.1,0.2,0.1,-0.3,0.1,0.1,0,0.2,0.3,0,0.1,0.1,0.3,0,0.1,0.2,0.3,0,0.1,0.3,0.1,0.1,0.1,1.9,0,0.5,0.2,1.2,0,0,-0.1,1.7,0,0.4,0.2,2.5,-0.1,0.9,0.4,0.8,-0.1,0.9,0.1,0.4,0,0.7,0.1,0.7,-0.1,0.8,0.1,1,-0.1,0.9,0.1,0.6,138.17,7.799,1.0999,80.36,17473.7304,1890.34,17989.07031,5.33,3.2
2024/9/30,2.2,2.9,2,1.6,1,1,1.1,0.9,3.3,4.7,2.9,2.1,6.5,9,5.2,2.7,21.4,24.3,19.5,15.4,-1.6,-2.4,-1.9,-0.7,-0.4,-0.8,-0.5,-0.2,1.2,1.1,1.3,1.1,1,1.3,1.1,0.7,2,1.5,2,2.4,0.1,0.1,0.1,0.1,0.2,0.2,0.2,0.2,0.1,0.1,0.1,0.1,0,-0.1,0.1,0.1,-0.2,-0.1,-0.3,-0.4,2.6,2.3,2.9,2.5,0.1,0,0.2,0.2,0.5,0.6,0.5,0.5,-1.2,-0.6,-1.1,-1.8,0.3,0.2,0.2,0.3,2.5,1.5,2,2,0.7,0.2,3.2,1.7,2.3,2.1,1.2,0.6,2.2,1.3,1.9,2,0.7,0.1,1.9,1.3,1.7,2.1,0.3,-0.1,1.8,1.9,1.9,3,-0.9,-0.9,2,1.9,1.7,2.9,-0.9,-0.7,1.8,1.9,2,3,-0.8,-0.9,1.6,1.8,2,3,-0.9,-1.1,3.3,1.1,3.1,0.9,2.2,0.2,4.7,1.5,4.4,1,3.2,0.3,2.9,0.9,2.6,0.8,2,0.3,2.1,0.9,2,0.8,1.2,0.1,4.8,0.1,-8.7,2.9,6.4,15.2,7.4,2.6,-8.5,3.1,6.4,17.5,3.5,-1.1,-8.6,2.9,6.3,13.8,1,-3.7,-9.1,2.6,6.4,11.8,20.8,22,17.7,18.9,-0.6,3.7,24.2,24.8,19.2,21.4,-0.5,5.1,18.7,20.3,16.9,17.6,-0.8,2.6,13.9,16.1,14.7,13.8,-0.7,0.7,-1.8,-0.6,0.3,6.5,-1,-1.9,-2.4,-1.2,0.2,5.2,-1.2,-2.6,-2.1,-0.8,0.3,5.6,-1.1,-2.2,-1,0.1,0.5,8.4,-0.8,-1.2,-0.9,-0.6,-1.5,-1.8,0.2,1.1,-1.2,-1.1,-1.7,-2.2,0.3,0.9,-0.9,-0.6,-1.6,-2,0.1,1.1,-0.6,-0.3,-1.3,-1.2,0.1,1.1,0.9,0.5,1.2,2.5,0.7,0,0.7,0.4,1.1,2.4,0.7,0,0.9,0.4,1.3,2.6,0.9,0,0.9,0.8,1.2,2.4,0.3,-0.1,2.8,1.7,2.2,2.4,-0.7,-1.2,2.5,1.9,2.6,3.3,-0.6,-1.3,2.8,1.8,2.2,2.5,-0.7,-1.1,3.1,1.6,1.8,1.7,-0.9,-1.1,2.2,2.5,2.9,2.7,-0.5,-0.9,1.7,1.9,2.2,2,-0.4,-0.7,2.2,2.4,2.9,2.7,-0.4,-0.9,2.6,2.8,3.3,3.2,-0.4,-0.9,0,0.5,0,0.4,0.1,0.8,0.1,0.4,0,0.4,0.1,0.4,-0.1,0.2,0,0.4,0.1,-0.1,-0.4,1,0.1,-0.2,-0.4,1.2,0,-0.1,-0.3,0.9,0,-0.1,-0.3,0.8,0.1,0.1,0,0.1,0.1,0.1,0,0.1,0.1,0.1,0,0.1,0.1,0.1,0,0.1,0.1,16.6,-0.6,-1.5,0,21.2,-0.7,-1.6,0.1,14.3,-0.6,-1.5,0.1,10.5,-0.5,-1.6,0.1,1.3,15.6,-0.7,0,1.3,17.3,-0.2,0.3,1.3,14.6,-1,0.1,1.4,12,-1.6,-1.1,-1.7,2.6,2.4,-1.3,-1.8,3.2,2.4,-1.2,-1.7,2.7,2.7,-0.9,-1.7,1.9,2.1,0.1,0.1,-0.3,-0.3,0.1,0,-0.5,-0.4,0,0.1,-0.3,-0.2,0.2,0.2,-0.3,-0.2,0.1,-0.1,0.5,0.2,0.1,-0.1,0.5,0.3,0.2,-0.1,0.5,0.1,-0.3,0.1,0.5,0.3,0.3,0.1,0.5,0.6,0.4,0,0.8,0.6,0.3,0.1,0.6,0.6,0.3,0.3,0.2,0.5,-0.3,0.2,-0.2,0.5,-0.2,0.1,-0.1,0.3,-0.3,0.2,-0.2,0.4,-0.4,0.3,-0.2,0.6,0.4,135.86,7.77,1.11025,74.02,16448.5296,1879.18,21133.67969,4.83,3.1
2024/10/31,1.4,1.6,1.3,1.2,0.9,0.9,0.9,0.8,1,1,1,0.9,8.5,11,7.2,4.9,21.8,24.5,20.2,16.2,-1.4,-2.1,-1.5,-0.7,-0.7,-1,-0.8,-0.4,1.6,1.6,1.6,1.5,1.6,1.9,1.6,1.3,1.9,1.4,1.9,2.3,0.2,0.1,0.2,0.2,-0.1,-0.1,-0.1,-0.1,0.1,0.2,0.1,0.1,0.4,0.3,0.5,0.4,0,0,0,-0.2,2.1,2.1,2.1,2.2,0.2,0.1,0.1,0.2,0.2,0.4,0.1,0.1,0,0.2,0.1,-0.2,0.4,0.2,0.4,0.4,2.2,2.5,1.1,2.7,-1.1,0.3,2.9,3.1,1.1,3.2,-1.5,0.5,2,2.3,1,2.5,-1,0.3,1.6,2,1.1,2.4,-0.8,0.1,1,1.9,1.8,3,-1,-0.9,1,1.9,1.7,2.9,-1,-0.8,1.1,2,1.9,3,-1.1,-1,0.9,1.8,1.8,3.1,-1,-1,3.3,3.3,1,2.7,-2.3,0,4.7,4.6,1.3,4,-3.6,-0.3,2.9,2.9,0.7,2.1,-1.9,0.3,2.1,2.1,0.8,1.7,-1.2,0.1,6.5,2.3,-9.3,0.2,6.2,17.8,9,4.8,-9.1,0.4,6.2,20.1,5.2,1,-9.2,0.2,6.2,16.4,2.7,-1.5,-9.8,-0.5,6.4,14.7,21.4,22.1,20.8,18.3,-0.3,1,24.3,24.9,23.4,21.3,-0.4,1.1,19.5,20.2,19.2,16.6,0,1,15.4,16.6,15.6,12.2,-0.4,0.6,-1.6,-1.2,0.6,6.3,-0.2,-2,-2.4,-1.7,0.1,5.3,-0.4,-2.2,-1.9,-1.4,0.4,5.1,-0.1,-1.9,-0.7,-0.6,1.1,8.5,-0.1,-1.8,-0.4,-0.9,-0.8,-1.2,0.2,0.1,-0.8,-1.2,-1.4,-1.6,0.2,0.4,-0.5,-0.8,-0.9,-1.4,0,0.1,-0.2,-0.8,-0.3,-0.6,0.4,-0.1,1.2,0.9,1.1,1.9,0.7,0.5,1.1,0.7,1,2,0.9,0.6,1.3,0.8,1,1.9,0.8,0.6,1.1,1.3,1.3,1.8,0.2,0.2,1,2.7,1.8,2.3,-1.1,-0.2,1.3,2,2.9,3.1,-0.1,-1,1.1,2.6,1.9,2.4,-1,-0.3,0.7,3.2,0.9,1.5,-1.9,0.4,2,2.7,2.2,3.3,-0.8,-0.3,1.5,2,1.7,2.8,-0.6,-0.3,2,2.7,2.2,3.2,-0.8,-0.3,2.4,3.1,2.4,3.6,-0.8,-0.1,0.1,1,-0.7,1,0.1,1.3,-1.1,1.5,0.1,0.9,-0.6,0.9,0.1,0.8,-0.4,0.6,0.2,-0.1,0,0,0.2,-0.1,0,0,0.2,0,0,0,0.2,0,-0.1,0,0.1,2.2,-2,2.5,0.1,3.2,-2.8,3.8,0.1,2,-1.8,2.1,0.1,1.3,-1.1,1.3,0,0.5,-0.4,-1.5,-0.1,0.5,-0.4,-1.4,0.1,0.5,-0.4,-1.4,0.1,0.6,-0.4,-1.7,-0.2,-0.1,3.7,-0.4,-0.1,0,4.5,-0.1,-0.3,-0.2,3.1,-0.6,-0.4,-0.2,2.1,-0.9,2.6,-1.7,2.6,1.9,2.3,-1.4,1.9,1.7,2.9,-1.7,2.3,1.7,2.5,-1.8,3.5,2.2,0.1,-0.2,0.5,0.4,0,-0.1,0.3,0.3,0.2,-0.2,0.5,0.5,0.2,-0.3,0.8,0.5,0.5,0.2,-0.1,-0.2,0.6,0.1,-0.1,-0.1,0.5,0.2,-0.1,-0.2,0.5,0.3,0,-0.3,-1.2,1.9,-0.1,-0.5,-0.6,1.2,-0.1,-0.3,-1.1,1.7,-0.1,-0.5,-1.8,2.5,-0.2,-0.8,0.3,0.8,-0.2,0.5,0.2,0.4,-0.1,0.4,0.2,0.7,-0.1,0.5,0.3,1,-0.3,0.5,0.3,136.87,7.773,1.0899,75.63,14578.2396,1860.08,20317.33008,4.83,3.2
2024/11/30,1.4,1.7,1.3,1.1,1,1.1,1,0.8,0.9,1,0.9,0.8,9.8,12.3,8.5,6.2,21.2,24.4,19.3,14.8,-2.4,-2.6,-2.6,-2,-0.3,-0.9,-0.3,0.1,0.8,1.2,0.9,0.2,1.3,1.8,1.4,1,2,1.5,2,2.3,0,0,0,-0.1,0,-0.1,0,-0.1,0.1,0.1,0.1,0.1,0.3,0.3,0.3,0.3,-0.1,0.1,-0.2,-0.3,0.5,0.4,0.3,1,-0.2,-0.2,-0.2,-0.3,-0.3,0,-0.3,-0.7,-0.6,-0.2,-0.5,-0.9,0,0,0,-0.1,1.4,2.5,1.2,2.6,-1.1,0.2,1.6,3.2,1.2,3,-1.5,0.5,1.3,2.2,1.1,2.4,-0.9,0.2,1.2,1.9,1.2,2.4,-0.8,-0.1,0.9,1.8,1.9,2.7,-0.8,-0.9,0.9,2,1.9,2.6,-0.9,-0.8,0.9,1.8,2,2.8,-0.8,-1,0.8,1.6,1.8,2.9,-0.8,-1,1,3.3,1.1,2.8,-2.4,-0.2,1,4.7,1.4,4.1,-3.7,-0.4,1,2.9,0.9,2.3,-2,0,0.9,2.1,0.9,1.8,-1.3,-0.1,8.5,4.8,-10.9,-2.4,5,20.7,11,7.4,-10.9,-2.2,4.9,23.2,7.2,3.5,-10.8,-2.4,5,19.3,4.9,1,-11.2,-3.1,5.2,17.4,21.8,20.8,20.1,18.9,0.4,1.1,24.5,24.2,23,21.7,0.2,1.4,20.2,18.7,18.4,17.3,0.6,0.9,16.2,13.9,14,13.4,0.9,0.8,-1.4,-1.8,1.1,4.7,-0.6,-3.5,-2.1,-2.4,0.6,4,-0.2,-3.2,-1.5,-2.1,1.1,3.8,-0.5,-3.7,-0.7,-1,1.7,6.3,-1,-3.7,-0.7,-0.9,-0.9,-1.3,0.6,0.6,-1,-1.2,-1.3,-1.7,0.3,0.4,-0.8,-0.9,-0.8,-1.7,0.6,0.5,-0.4,-0.6,-0.6,-0.7,0.7,0.7,1.6,0.9,1.2,2.6,-0.1,-0.4,1.6,0.7,1.2,2.4,0.5,0,1.6,0.9,1.2,2.7,0,-0.3,1.5,0.9,1.2,2.6,-0.7,-1,1.6,2.8,2.3,2.4,-1.5,-1,1.9,2.5,3.1,3.3,-0.7,-1.3,1.6,2.8,2.4,2.5,-1.4,-1,1.3,3.1,1.7,1.6,-2.1,-0.7,1.9,2.2,2.2,3.2,-0.2,-0.2,1.4,1.7,1.6,2.4,-0.2,-0.1,1.9,2.2,2.1,3.1,-0.2,-0.1,2.3,2.6,2.5,3.7,-0.3,-0.2,0.2,0,-0.2,0,0.1,0.1,-0.3,-0.1,0.2,0,-0.1,0,0.2,-0.1,-0.1,0,-0.1,0.1,0,-0.1,-0.1,0.1,0,-0.2,-0.1,0,0,-0.1,-0.1,0,0,-0.1,0.1,0.1,0.1,0.1,0.2,0.1,0.1,0.1,0.1,0.1,0.1,0.1,0.1,0.1,0.1,0.2,0.4,0.1,-6,-0.9,0.3,0,-7.3,-0.9,0.5,0.1,-5.3,-0.9,0.4,0.1,-4.2,-0.9,0,0.1,-0.2,0.4,0,0,-0.1,0.2,0,0.3,-0.2,0.6,-0.2,0.1,-0.5,0.9,2.1,-1.1,-0.3,1.6,2.1,-1.3,-0.3,0.9,2.1,-1.2,-0.3,1.4,2.2,-0.9,-0.3,2.3,0.2,0.1,0,-0.6,0.1,0.1,-0.1,-0.3,0.1,0,0.1,-0.7,0.2,0.2,0.1,-0.8,0.2,0.1,0.3,0.4,0.4,0.1,0.3,0.3,0.1,0.2,0.3,0.4,0.1,-0.3,0.1,0.5,0,0.3,0,-0.3,0.2,0.4,0,-0.1,0.1,0.3,0,-0.3,-0.2,0.3,-0.1,-0.5,0.4,-0.3,-0.1,-0.1,0.2,-0.2,0,-0.1,0.4,-0.3,-0.1,-0.1,0.4,-0.4,-0.1,-0.1,0.2,138.56,7.784,1.0739,74.35,12015.5796,2157.43,19423.60938,4.58,3.1
2024/12/31,1.4,1.7,1.4,1.2,1,1,1,0.9,1,1,1,0.9,11.4,14.4,9.8,7.4,21.2,24.5,19.1,14.5,-3.2,-3.1,-3.2,-3.2,-1.6,-2,-1.5,-1.4,1.4,1.7,1.5,0.8,2.1,2.2,2.1,2,2.1,1.4,2.1,2.6,0.1,0,0.1,0.3,0.1,0,0.1,0.2,0.1,0.1,0.1,0,0.6,1,0.3,0.3,0.3,0.1,0.4,0.8,-3.5,-3,-3.4,-3.9,-1,-0.9,-1,-1.2,0.1,0.1,0,0.2,1.3,0.7,1.2,2,0.8,0.3,0.8,1.1,1.4,2.2,1.5,2.4,-0.8,-0.1,1.7,2.9,1.7,2.7,-1.2,0,1.3,2,1.3,2.2,-0.6,0.1,1.1,1.6,1.3,2.3,-0.4,-0.1,1,1,1.9,2.3,0,-0.9,1.1,1,1.9,2,0,-0.9,1,1.1,1.9,2.4,-0.1,-0.9,0.8,0.9,1.8,2.5,0,-0.9,0.9,3.3,1.1,2.8,-2.3,-0.1,1,4.7,1.5,4.2,-3.7,-0.5,0.9,2.9,0.9,2.3,-1.9,0.1,0.8,2.1,0.9,1.9,-1.2,0,9.8,6.5,0.1,-4.8,4.9,11.3,12.3,9,2.6,-4.7,5.4,11.8,8.5,5.2,-1.1,-4.7,4.6,10.9,6.2,2.7,-3.7,-5.3,4.7,11.1,21.2,21.4,22,19.2,-0.2,-0.8,24.4,24.3,24.8,21.6,0.2,-0.3,19.3,19.5,20.3,17.9,-0.4,-1.2,14.8,15.4,16.1,14.2,-0.9,-1.6,-2.4,-1.6,-0.6,4,-1.6,-2.6,-2.6,-2.4,-1.2,3.5,-0.7,-1.9,-2.6,-1.9,-0.8,3.7,-1.3,-2.4,-2,-0.7,0.1,4.7,-2.5,-3.3,-0.3,-0.4,-0.6,-1,-1.2,-1,-0.9,-0.8,-1.1,-1.2,-1.2,-0.9,-0.3,-0.5,-0.6,-1.3,-1,-0.9,0.1,-0.2,-0.3,-0.4,-1.2,-1.1,0.8,1.2,0.5,2.2,0.2,0.9,1.2,1.1,0.4,2.2,0.6,1.3,0.9,1.3,0.4,2.2,0.2,1.1,0.2,1.1,0.8,2,-0.3,0,1.3,1,1.7,2.9,1.1,0.4,1.8,1.3,1.9,3.6,0.9,0.3,1.4,1.1,1.8,3,1,0.3,1,0.7,1.6,2.5,1.3,0.4,2,2,2.5,3.2,0.1,-0.4,1.5,1.5,1.9,2.2,-0.1,-0.5,2,2,2.4,3.2,0.1,-0.3,2.3,2.4,2.8,3.8,0.2,-0.2,0,0.1,0.5,0.1,0,0.1,0.8,0,0,0.1,0.4,0,-0.1,0.1,0.2,0.2,0,0.2,-0.1,0.1,-0.1,0.2,-0.2,0,0,0.2,-0.1,0.1,-0.1,0.2,-0.1,0.2,0.1,0.1,0.1,0,0.1,0.1,0.1,0,0.1,0.1,0.1,0,0.1,0.1,0.1,0,0.3,0,16.6,-0.8,0.3,-0.1,21.2,-0.9,0.3,0.1,14.3,-0.8,0.3,0.1,10.5,-0.8,-0.1,-0.2,1.3,0.3,0.1,-0.1,1.3,0,-0.2,-0.3,1.3,0.6,-0.3,-0.4,1.4,1,0.5,2.6,-1.7,-2.7,0.4,2.3,-1.8,-2.4,0.3,2.9,-1.7,-2.8,1,2.5,-1.7,-2.8,-0.2,0.1,0.1,0.3,-0.2,0,0,0.2,-0.2,0.2,0.1,0.2,-0.3,0.2,0.2,0.4,-0.3,0.5,-0.1,-0.4,0,0.6,-0.1,-0.3,-0.3,0.5,-0.1,-0.5,-0.7,0.5,0.1,-0.4,-0.6,-1.2,0.1,0.6,-0.2,-0.6,0,0.3,-0.5,-1.1,0.1,0.5,-0.9,-1.8,0.3,0.9,0,0.3,0.2,0.7,0,0.2,0.1,0.4,0,0.2,0.2,0.7,-0.1,0.3,0.3,0.9,0.1,137.64,7.764,1.0601,73.86,11039.1048,2554.08,20059.94922,4.33,3
