Date,CPI YoY,CPI Food YoY,CPI Clothing YoY,CPI Housing YoY,CPI Transportation & Communication YoY,CPI Health YoY,CPI Education & Entertainment YoY,CPI Miscellaneous YoY,CPI MoM,CPI Food MoM,CPI Clothing MoM,CPI Housing MoM,CPI Transportation & Communication MoM,CPI Health MoM,CPI Education & Entertainment MoM,CPI Miscellaneous MoM,CPI YoY 1m lag,CPI Food YoY 1m lag,CPI Clothing YoY 1m lag,CPI Housing YoY 1m lag,CPI Transportation & Communication YoY 1m lag,CPI Health YoY 1m lag,CPI Education & Entertainment YoY 1m lag,CPI Miscellaneous YoY 1m lag,CPI MoM 1m lag,CPI Food MoM 1m lag,CPI Clothing MoM 1m lag,CPI Housing MoM 1m lag,CPI Transportation & Communication MoM 1m lag,CPI Health MoM 1m lag,CPI Education & Entertainment MoM 1m lag,CPI Miscellaneous MoM 1m lag,CPI YoY 3m lag,CPI Food YoY 3m lag,CPI Clothing YoY 3m lag,CPI Housing YoY 3m lag,CPI Transportation & Communication YoY 3m lag,CPI Health YoY 3m lag,CPI Education & Entertainment YoY 3m lag,CPI Miscellaneous YoY 3m lag,CPI MoM 3m lag,CPI Food MoM 3m lag,CPI Clothing MoM 3m lag,CPI Housing MoM 3m lag,CPI Transportation & Communication MoM 3m lag,CPI Health MoM 3m lag,CPI Education & Entertainment MoM 3m lag,CPI Miscellaneous MoM 3m lag,CPI YoY 6m lag,CPI Food YoY 6m lag,CPI Clothing YoY 6m lag,CPI Housing YoY 6m lag,CPI Transportation & Communication YoY 6m lag,CPI Health YoY 6m lag,CPI Education & Entertainment YoY 6m lag,CPI Miscellaneous YoY 6m lag,CPI MoM 6m lag,CPI Food MoM 6m lag,CPI Clothing MoM 6m lag,CPI Housing MoM 6m lag,CPI Transportation & Communication MoM 6m lag,CPI Health MoM 6m lag,CPI Education & Entertainment MoM 6m lag,CPI Miscellaneous MoM 6m lag,CPI YoY 12m lag,CPI Food YoY 12m lag,CPI Clothing YoY 12m lag,CPI Housing YoY 12m lag,CPI Transportation & Communication YoY 12m lag,CPI Health YoY 12m lag,CPI Education & Entertainment YoY 12m lag,CPI Miscellaneous YoY 12m lag,CPI MoM 12m lag,CPI Food MoM 12m lag,CPI Clothing MoM 12m lag,CPI Housing MoM 12m lag,CPI Transportation & Communication MoM 12m lag,CPI Health MoM 12m lag,CPI Education & Entertainment MoM 12m lag,CPI Miscellaneous MoM 12m lag,Core CPI YoY,Core CPI YoY 1m lag,Core CPI YoY 3m lag,Core CPI YoY 6m lag,Core CPI YoY 12m lag,TAIEX Index,TWDUSD,Export,Import,Number of passengers by railway YoY
1993/1/31,3.65,5.15,-6.47,2.93,-0.57,1.76,7.33,11.59,1.22,1.74,-5.83,0.69,0.7,0.1,0.43,9.66,3.41,6.28,-0.83,2.42,-0.87,2.11,7.35,1.98,-0.65,-1.9,-1.41,-0.01,-0.01,-0.03,-0.03,0.26,5.08,11.1,4.38,2.42,-1.56,2.37,7.41,1.53,-0.04,-0.31,4.36,-0.71,0.09,0.58,0,-0.23,3.7,5.49,2.29,3.45,-1.28,6.63,5.44,2.52,-0.73,-1.6,-2.58,0.28,-0.24,-0.02,0.2,-1.99,3.77,5.68,-2.1,4.98,0.59,6.23,4.77,-0.72,0.99,2.84,-0.16,0.18,0.4,0.44,0.45,0.22,3.39,2.86,3.13,3.47,3.25,3374.56,26.872,162043,151614,9.26
1993/2/28,3.06,5.47,-4.7,2.93,-0.5,1.61,6.89,1.19,0.3,2.99,-4.08,0.06,-0.09,0.05,0.69,-5.5,3.65,5.15,-6.47,2.93,-0.57,1.76,7.33,11.59,1.22,1.74,-5.83,0.69,0.7,0.1,0.43,9.66,3.1,4.69,1.13,2.7,-1.43,2.32,7.32,1.75,-1.59,-5.67,1.79,0.16,0.05,0.02,-0.07,0.28,2.99,3.61,1.46,3.07,-1.39,6.92,5.8,2.08,-0.45,-0.81,-3.02,0.19,-0.21,0.23,0.52,-1.82,4.06,6.73,-1.03,4.5,-1.03,6.43,5.54,0.95,0.88,2.68,-5.86,0.06,-0.17,0.2,1.11,4.2,2.36,3.39,2.95,3.2,3.31,4384.67,27.232,163671,161796,6.28
1993/3/31,3.24,5.51,-6.35,3.27,-0.17,1.39,6.66,3.6,0.32,0.83,-2.23,0.47,0.02,-0.13,-0.4,1.42,3.06,5.47,-4.7,2.93,-0.5,1.61,6.89,1.19,0.3,2.99,-4.08,0.06,-0.09,0.05,0.69,-5.5,3.41,6.28,-0.83,2.42,-0.87,2.11,7.35,1.98,-0.65,-1.9,-1.41,-0.01,-0.01,-0.03,-0.03,0.26,6.16,13.78,2.52,2.93,-1.64,7.12,7.48,1.97,3.23,8.59,0.55,0.35,0.06,0.37,5.03,-0.46,4.71,9.13,0.55,4.04,-1.26,6.52,5.26,1.52,0.13,0.8,-0.51,0.14,-0.3,0.08,-0.18,-0.94,2.7,2.36,2.86,3.46,3.56,4825.29,27.325,193280,170443,3.59
1993/4/30,2.77,2.48,0.91,3.28,0,1.34,6.59,3.42,1.16,0.69,13.01,0.46,-0.01,0.05,0.09,1.43,3.24,5.51,-6.35,3.27,-0.17,1.39,6.66,3.6,0.32,0.83,-2.23,0.47,0.02,-0.13,-0.4,1.42,3.65,5.15,-6.47,2.93,-0.57,1.76,7.33,11.59,1.22,1.74,-5.83,0.69,0.7,0.1,0.43,9.66,5.08,11.1,4.38,2.42,-1.56,2.37,7.41,1.53,-0.04,-0.31,4.36,-0.71,0.09,0.58,0,-0.23,5.72,11.7,3.73,4.19,-1.32,6.57,5.39,1.84,1.62,3.67,4.88,0.45,-0.18,0.1,0.15,1.61,3.17,2.7,3.39,3.13,3.97,4563.52,27.509,181719,170061,9.3
1993/5/31,2.08,0.27,-0.31,3.43,0.25,1.31,6.69,2.86,-0.34,-1.88,-0.82,0.34,0.03,0.02,0.1,1.94,2.77,2.48,0.91,3.28,0,1.34,6.59,3.42,1.16,0.69,13.01,0.46,-0.01,0.05,0.09,1.43,3.06,5.47,-4.7,2.93,-0.5,1.61,6.89,1.19,0.3,2.99,-4.08,0.06,-0.09,0.05,0.69,-5.5,3.1,4.69,1.13,2.7,-1.43,2.32,7.32,1.75,-1.59,-5.67,1.79,0.16,0.05,0.02,-0.07,0.28,5.72,12.14,3.63,3.63,-1.54,6.66,5.29,2.99,0.33,0.29,0.4,0.2,-0.22,0.05,0,2.5,3.02,3.17,2.36,2.95,3.93,4267.89,27.404,209016,176763,7.1
1993/6/30,4.35,7.4,0.67,3.3,0.56,1.29,6.57,3.75,1.94,5.23,2.22,0.99,0.17,0.05,-0.06,-0.63,2.08,0.27,-0.31,3.43,0.25,1.31,6.69,2.86,-0.34,-1.88,-0.82,0.34,0.03,0.02,0.1,1.94,3.24,5.51,-6.35,3.27,-0.17,1.39,6.66,3.6,0.32,0.83,-2.23,0.47,0.02,-0.13,-0.4,1.42,3.41,6.28,-0.83,2.42,-0.87,2.11,7.35,1.98,-0.65,-1.9,-1.41,-0.01,-0.01,-0.03,-0.03,0.26,5.17,9.9,4.25,3.67,-0.92,6.73,5.32,2.36,-0.27,-1.77,1.22,1.11,-0.14,0.07,0.06,-1.48,3.23,3.02,2.7,2.86,3.89,3995.51,27.527,184782,174660,3.48
1993/7/31,3.29,3.83,0.03,3.38,0.94,1.44,6.48,3.69,-1.74,-4.88,-3.2,0.35,0.14,0.13,0.11,-2.04,4.35,7.4,0.67,3.3,0.56,1.29,6.57,3.75,1.94,5.23,2.22,0.99,0.17,0.05,-0.06,-0.63,2.77,2.48,0.91,3.28,0,1.34,6.59,3.42,1.16,0.69,13.01,0.46,-0.01,0.05,0.09,1.43,3.65,5.15,-6.47,2.93,-0.57,1.76,7.33,11.59,1.22,1.74,-5.83,0.69,0.7,0.1,0.43,9.66,3.7,5.49,2.29,3.45,-1.28,6.63,5.44,2.52,-0.73,-1.6,-2.58,0.28,-0.24,-0.02,0.2,-1.99,3.19,3.23,3.17,3.39,3.47,3960.38,27.896,192759,174130,5.28
1993/8/31,3.33,4.51,-5.41,3.81,1.31,1.82,6.55,3.01,-0.41,-0.15,-8.3,0.6,0.17,0.61,0.58,-2.47,3.29,3.83,0.03,3.38,0.94,1.44,6.48,3.69,-1.74,-4.88,-3.2,0.35,0.14,0.13,0.11,-2.04,2.08,0.27,-0.31,3.43,0.25,1.31,6.69,2.86,-0.34,-1.88,-0.82,0.34,0.03,0.02,0.1,1.94,3.06,5.47,-4.7,2.93,-0.5,1.61,6.89,1.19,0.3,2.99,-4.08,0.06,-0.09,0.05,0.69,-5.5,2.99,3.61,1.46,3.07,-1.39,6.92,5.8,2.08,-0.45,-0.81,-3.02,0.19,-0.21,0.23,0.52,-1.82,3,3.19,3.02,2.36,3.2,3892.04,28.189,207248,176271,7.29
1993/9/30,0.74,-3.81,-7.88,4.19,1.38,1.55,7,2.67,0.64,-0.06,-2.07,0.72,0.12,0.1,5.47,-0.79,3.33,4.51,-5.41,3.81,1.31,1.82,6.55,3.01,-0.41,-0.15,-8.3,0.6,0.17,0.61,0.58,-2.47,4.35,7.4,0.67,3.3,0.56,1.29,6.57,3.75,1.94,5.23,2.22,0.99,0.17,0.05,-0.06,-0.63,3.24,5.51,-6.35,3.27,-0.17,1.39,6.66,3.6,0.32,0.83,-2.23,0.47,0.02,-0.13,-0.4,1.42,6.16,13.78,2.52,2.93,-1.64,7.12,7.48,1.97,3.23,8.59,0.55,0.35,0.06,0.37,5.03,-0.46,2.86,3,3.23,2.7,3.46,3832.69,28.145,174833,160301,1.4
1993/10/31,1.22,-3.04,-5.81,4.5,1.53,1.12,7.19,3.02,0.44,0.49,6.71,-0.42,0.24,0.16,0.17,0.11,0.74,-3.81,-7.88,4.19,1.38,1.55,7,2.67,0.64,-0.06,-2.07,0.72,0.12,0.1,5.47,-0.79,3.29,3.83,0.03,3.38,0.94,1.44,6.48,3.69,-1.74,-4.88,-3.2,0.35,0.14,0.13,0.11,-2.04,2.77,2.48,0.91,3.28,0,1.34,6.59,3.42,1.16,0.69,13.01,0.46,-0.01,0.05,0.09,1.43,5.08,11.1,4.38,2.42,-1.56,2.37,7.41,1.53,-0.04,-0.31,4.36,-0.71,0.09,0.58,0,-0.23,3.18,2.86,3.19,3.17,3.13,4131.68,28.109,201864,183717,3.98
1993/11/30,3.09,2.7,-3.42,4.54,1.11,1.12,7.25,2.68,0.22,-0.09,4.38,0.2,-0.37,0.02,-0.01,-0.05,1.22,-3.04,-5.81,4.5,1.53,1.12,7.19,3.02,0.44,0.49,6.71,-0.42,0.24,0.16,0.17,0.11,3.33,4.51,-5.41,3.81,1.31,1.82,6.55,3.01,-0.41,-0.15,-8.3,0.6,0.17,0.61,0.58,-2.47,2.08,0.27,-0.31,3.43,0.25,1.31,6.69,2.86,-0.34,-1.88,-0.82,0.34,0.03,0.02,0.1,1.94,3.1,4.69,1.13,2.7,-1.43,2.32,7.32,1.75,-1.59,-5.67,1.79,0.16,0.05,0.02,-0.07,0.28,3.32,3.18,3,3.02,2.95,4353.89,28.098,203683,170403,4.2
1993/12/31,4.63,7.77,-3.67,4.7,0.88,1.22,7.37,2.53,0.83,2.95,-1.67,0.14,-0.24,0.07,0.08,0.11,3.09,2.7,-3.42,4.54,1.11,1.12,7.25,2.68,0.22,-0.09,4.38,0.2,-0.37,0.02,-0.01,-0.05,0.74,-3.81,-7.88,4.19,1.38,1.55,7,2.67,0.64,-0.06,-2.07,0.72,0.12,0.1,5.47,-0.79,4.35,7.4,0.67,3.3,0.56,1.29,6.57,3.75,1.94,5.23,2.22,0.99,0.17,0.05,-0.06,-0.63,3.41,6.28,-0.83,2.42,-0.87,2.11,7.35,1.98,-0.65,-1.9,-1.41,-0.01,-0.01,-0.03,-0.03,0.26,3.52,3.32,2.86,3.23,2.86,6070.56,27.986,186937,173336,4.27
1994/1/31,2.9,4.39,-1,4.29,-0.03,1.32,6.95,-5.06,-0.44,-1.45,-3.22,0.29,-0.21,0.2,0.04,1.54,4.63,7.77,-3.67,4.7,0.88,1.22,7.37,2.53,0.83,2.95,-1.67,0.14,-0.24,0.07,0.08,0.11,1.22,-3.04,-5.81,4.5,1.53,1.12,7.19,3.02,0.44,0.49,6.71,-0.42,0.24,0.16,0.17,0.11,3.29,3.83,0.03,3.38,0.94,1.44,6.48,3.69,-1.74,-4.88,-3.2,0.35,0.14,0.13,0.11,-2.04,3.65,5.15,-6.47,2.93,-0.57,1.76,7.33,11.59,1.22,1.74,-5.83,0.69,0.7,0.1,0.43,9.66,2.64,3.52,3.18,3.19,3.39,6115.12,27.784,197669,198909,1.01
1994/2/28,3.93,2.91,-1.59,5.04,0.37,1.34,6.7,10.81,1.3,1.53,-4.65,0.78,0.32,0.07,0.46,10.29,2.9,4.39,-1,4.29,-0.03,1.32,6.95,-5.06,-0.44,-1.45,-3.22,0.29,-0.21,0.2,0.04,1.54,3.09,2.7,-3.42,4.54,1.11,1.12,7.25,2.68,0.22,-0.09,4.38,0.2,-0.37,0.02,-0.01,-0.05,3.33,4.51,-5.41,3.81,1.31,1.82,6.55,3.01,-0.41,-0.15,-8.3,0.6,0.17,0.61,0.58,-2.47,3.06,5.47,-4.7,2.93,-0.5,1.61,6.89,1.19,0.3,2.99,-4.08,0.06,-0.09,0.05,0.69,-5.5,4.51,2.64,3.32,3,2.36,5414.64,27.611,153239,147277,-0.1
1994/3/31,3.31,3.26,-0.15,4.65,-0.16,1.95,7.07,1.51,-0.28,1.17,-0.79,0.09,-0.51,0.47,-0.05,-7.1,3.93,2.91,-1.59,5.04,0.37,1.34,6.7,10.81,1.3,1.53,-4.65,0.78,0.32,0.07,0.46,10.29,4.63,7.77,-3.67,4.7,0.88,1.22,7.37,2.53,0.83,2.95,-1.67,0.14,-0.24,0.07,0.08,0.11,0.74,-3.81,-7.88,4.19,1.38,1.55,7,2.67,0.64,-0.06,-2.07,0.72,0.12,0.1,5.47,-0.79,3.24,5.51,-6.35,3.27,-0.17,1.39,6.66,3.6,0.32,0.83,-2.23,0.47,0.02,-0.13,-0.4,1.42,3.5,4.51,3.52,2.86,2.7,5249.22,27.208,191627,183577,2.68
1994/4/30,3.06,3.14,-4.48,4.38,0.15,1.98,7.11,2.86,0.91,0.58,8.1,0.2,0.3,0.08,0.12,2.78,3.31,3.26,-0.15,4.65,-0.16,1.95,7.07,1.51,-0.28,1.17,-0.79,0.09,-0.51,0.47,-0.05,-7.1,2.9,4.39,-1,4.29,-0.03,1.32,6.95,-5.06,-0.44,-1.45,-3.22,0.29,-0.21,0.2,0.04,1.54,1.22,-3.04,-5.81,4.5,1.53,1.12,7.19,3.02,0.44,0.49,6.71,-0.42,0.24,0.16,0.17,0.11,2.77,2.48,0.91,3.28,0,1.34,6.59,3.42,1.16,0.69,13.01,0.46,-0.01,0.05,0.09,1.43,3.15,3.5,2.64,3.18,3.17,5737.33,27.112,201466,187900,3.41
1994/5/31,4.38,6.59,0.45,4.17,0.19,2.2,7.11,3.33,0.93,1.41,4.31,0.14,0.08,0.23,0.11,2.41,3.06,3.14,-4.48,4.38,0.15,1.98,7.11,2.86,0.91,0.58,8.1,0.2,0.3,0.08,0.12,2.78,3.93,2.91,-1.59,5.04,0.37,1.34,6.7,10.81,1.3,1.53,-4.65,0.78,0.32,0.07,0.46,10.29,3.09,2.7,-3.42,4.54,1.11,1.12,7.25,2.68,0.22,-0.09,4.38,0.2,-0.37,0.02,-0.01,-0.05,2.08,0.27,-0.31,3.43,0.25,1.31,6.69,2.86,-0.34,-1.88,-0.82,0.34,0.03,0.02,0.1,1.94,3.53,3.15,4.51,3.32,3.02,5891.56,27.495,227676,194244,2.76
1994/6/30,2.13,-0.49,0.53,4.12,0.19,2.28,7.09,2.42,-0.26,-1.76,2.29,0.94,0.17,0.13,-0.08,-1.51,4.38,6.59,0.45,4.17,0.19,2.2,7.11,3.33,0.93,1.41,4.31,0.14,0.08,0.23,0.11,2.41,3.31,3.26,-0.15,4.65,-0.16,1.95,7.07,1.51,-0.28,1.17,-0.79,0.09,-0.51,0.47,-0.05,-7.1,4.63,7.77,-3.67,4.7,0.88,1.22,7.37,2.53,0.83,2.95,-1.67,0.14,-0.24,0.07,0.08,0.11,4.35,7.4,0.67,3.3,0.56,1.29,6.57,3.75,1.94,5.23,2.22,0.99,0.17,0.05,-0.06,-0.63,3.36,3.53,3.5,3.52,3.23,5932.6,27.802,196880,184907,5.29
1994/7/31,4.16,5.98,-0.55,4.43,0.07,2.09,7.31,2,0.22,1.3,-4.23,0.65,0.01,-0.05,0.32,-2.43,2.13,-0.49,0.53,4.12,0.19,2.28,7.09,2.42,-0.26,-1.76,2.29,0.94,0.17,0.13,-0.08,-1.51,3.06,3.14,-4.48,4.38,0.15,1.98,7.11,2.86,0.91,0.58,8.1,0.2,0.3,0.08,0.12,2.78,2.9,4.39,-1,4.29,-0.03,1.32,6.95,-5.06,-0.44,-1.45,-3.22,0.29,-0.21,0.2,0.04,1.54,3.29,3.83,0.03,3.38,0.94,1.44,6.48,3.69,-1.74,-4.88,-3.2,0.35,0.14,0.13,0.11,-2.04,3.6,3.36,3.15,2.64,3.19,6720.05,27.401,211522,192167,2.6
1994/8/31,7.04,15.65,0.33,4.13,0.21,1.67,7.1,2.74,2.35,8.96,-7.48,0.31,0.32,0.19,0.39,-1.77,4.16,5.98,-0.55,4.43,0.07,2.09,7.31,2,0.22,1.3,-4.23,0.65,0.01,-0.05,0.32,-2.43,4.38,6.59,0.45,4.17,0.19,2.2,7.11,3.33,0.93,1.41,4.31,0.14,0.08,0.23,0.11,2.41,3.93,2.91,-1.59,5.04,0.37,1.34,6.7,10.81,1.3,1.53,-4.65,0.78,0.32,0.07,0.46,10.29,3.33,4.51,-5.41,3.81,1.31,1.82,6.55,3.01,-0.41,-0.15,-8.3,0.6,0.17,0.61,0.58,-2.47,3.82,3.6,3.53,4.51,3,7008.11,27.304,214008,190888,-6.56
1994/9/30,6.69,15.87,-0.34,3.78,0.26,1.95,3.76,3.71,0.31,0.13,-2.73,0.38,0.17,0.37,2.18,0.15,7.04,15.65,0.33,4.13,0.21,1.67,7.1,2.74,2.35,8.96,-7.48,0.31,0.32,0.19,0.39,-1.77,2.13,-0.49,0.53,4.12,0.19,2.28,7.09,2.42,-0.26,-1.76,2.29,0.94,0.17,0.13,-0.08,-1.51,3.31,3.26,-0.15,4.65,-0.16,1.95,7.07,1.51,-0.28,1.17,-0.79,0.09,-0.51,0.47,-0.05,-7.1,0.74,-3.81,-7.88,4.19,1.38,1.55,7,2.67,0.64,-0.06,-2.07,0.72,0.12,0.1,5.47,-0.79,3.22,3.82,3.36,3.5,2.86,7091.13,27.017,201222,172819,4.64
1994/10/31,5.07,11.09,-1.24,3.65,0.1,1.81,3.62,3.1,-1.08,-3.65,5.74,-0.54,0.08,0.03,0.04,-0.48,6.69,15.87,-0.34,3.78,0.26,1.95,3.76,3.71,0.31,0.13,-2.73,0.38,0.17,0.37,2.18,0.15,4.16,5.98,-0.55,4.43,0.07,2.09,7.31,2,0.22,1.3,-4.23,0.65,0.01,-0.05,0.32,-2.43,3.06,3.14,-4.48,4.38,0.15,1.98,7.11,2.86,0.91,0.58,8.1,0.2,0.3,0.08,0.12,2.78,1.22,-3.04,-5.81,4.5,1.53,1.12,7.19,3.02,0.44,0.49,6.71,-0.42,0.24,0.16,0.17,0.11,2.94,3.22,3.6,3.15,3.18,6526.47,26.83,232147,202779,1.08
1994/11/30,3.88,7.01,-1.06,3.63,0.41,1.88,3.59,3.19,-0.91,-3.77,4.57,0.18,-0.07,0.08,-0.04,0.03,5.07,11.09,-1.24,3.65,0.1,1.81,3.62,3.1,-1.08,-3.65,5.74,-0.54,0.08,0.03,0.04,-0.48,7.04,15.65,0.33,4.13,0.21,1.67,7.1,2.74,2.35,8.96,-7.48,0.31,0.32,0.19,0.39,-1.77,4.38,6.59,0.45,4.17,0.19,2.2,7.11,3.33,0.93,1.41,4.31,0.14,0.08,0.23,0.11,2.41,3.09,2.7,-3.42,4.54,1.11,1.12,7.25,2.68,0.22,-0.09,4.38,0.2,-0.37,0.02,-0.01,-0.05,2.89,2.94,3.82,3.53,3.32,6363.72,26.844,249009,223574,2.66
1994/12/31,2.66,2.42,-0.53,3.68,1.06,1.89,3.54,3.44,-0.36,-1.46,-1.15,0.2,0.42,0.08,0.03,0.35,3.88,7.01,-1.06,3.63,0.41,1.88,3.59,3.19,-0.91,-3.77,4.57,0.18,-0.07,0.08,-0.04,0.03,6.69,15.87,-0.34,3.78,0.26,1.95,3.76,3.71,0.31,0.13,-2.73,0.38,0.17,0.37,2.18,0.15,2.13,-0.49,0.53,4.12,0.19,2.28,7.09,2.42,-0.26,-1.76,2.29,0.94,0.17,0.13,-0.08,-1.51,4.63,7.77,-3.67,4.7,0.88,1.22,7.37,2.53,0.83,2.95,-1.67,0.14,-0.24,0.07,0.08,0.11,2.79,2.89,3.22,3.36,3.52,7124.66,27.056,212568,191856,3.21
1995/1/31,5.24,8.47,-0.38,4.16,1.52,1.7,3.5,11.25,2.06,4.37,-3.07,0.75,0.23,0,0,9.21,2.66,2.42,-0.53,3.68,1.06,1.89,3.54,3.44,-0.36,-1.46,-1.15,0.2,0.42,0.08,0.03,0.35,5.07,11.09,-1.24,3.65,0.1,1.81,3.62,3.1,-1.08,-3.65,5.74,-0.54,0.08,0.03,0.04,-0.48,4.16,5.98,-0.55,4.43,0.07,2.09,7.31,2,0.22,1.3,-4.23,0.65,0.01,-0.05,0.32,-2.43,2.9,4.39,-1,4.29,-0.03,1.32,6.95,-5.06,-0.44,-1.45,-3.22,0.29,-0.21,0.2,0.04,1.54,3.76,2.79,2.94,3.6,2.64,6307.85,27.08,196690,197566,-3.63
1995/2/28,3.45,7.3,0.54,3.21,1.58,1.71,3.41,-4.7,-0.42,0.43,-3.77,-0.14,0.38,0.08,0.38,-5.52,5.24,8.47,-0.38,4.16,1.52,1.7,3.5,11.25,2.06,4.37,-3.07,0.75,0.23,0,0,9.21,3.88,7.01,-1.06,3.63,0.41,1.88,3.59,3.19,-0.91,-3.77,4.57,0.18,-0.07,0.08,-0.04,0.03,7.04,15.65,0.33,4.13,0.21,1.67,7.1,2.74,2.35,8.96,-7.48,0.31,0.32,0.19,0.39,-1.77,3.93,2.91,-1.59,5.04,0.37,1.34,6.7,10.81,1.3,1.53,-4.65,0.78,0.32,0.07,0.46,10.29,1.94,3.76,2.89,3.82,4.51,6509.33,27.031,226190,203356,4
1995/3/31,3.87,5.94,0.17,3.55,2.03,1.78,3.63,3.58,0.13,-0.1,-1.16,0.42,-0.07,0.54,0.15,0.97,3.45,7.3,0.54,3.21,1.58,1.71,3.41,-4.7,-0.42,0.43,-3.77,-0.14,0.38,0.08,0.38,-5.52,2.66,2.42,-0.53,3.68,1.06,1.89,3.54,3.44,-0.36,-1.46,-1.15,0.2,0.42,0.08,0.03,0.35,6.69,15.87,-0.34,3.78,0.26,1.95,3.76,3.71,0.31,0.13,-2.73,0.38,0.17,0.37,2.18,0.15,3.31,3.26,-0.15,4.65,-0.16,1.95,7.07,1.51,-0.28,1.17,-0.79,0.09,-0.51,0.47,-0.05,-7.1,3.05,1.94,2.79,3.22,3.5,6524,26.847,239612,218584,1.82
1995/4/30,4.44,6.41,8.97,3.66,1.98,1.73,4.04,2.32,1.46,1.03,17.6,0.31,0.24,0.03,0.51,1.54,3.87,5.94,0.17,3.55,2.03,1.78,3.63,3.58,0.13,-0.1,-1.16,0.42,-0.07,0.54,0.15,0.97,5.24,8.47,-0.38,4.16,1.52,1.7,3.5,11.25,2.06,4.37,-3.07,0.75,0.23,0,0,9.21,5.07,11.09,-1.24,3.65,0.1,1.81,3.62,3.1,-1.08,-3.65,5.74,-0.54,0.08,0.03,0.04,-0.48,3.06,3.14,-4.48,4.38,0.15,1.98,7.11,2.86,0.91,0.58,8.1,0.2,0.3,0.08,0.12,2.78,3.59,3.05,3.76,2.94,3.15,5803.78,26.217,248989,248066,-0.99
1995/5/31,3.28,3.43,4.59,3.79,2.07,1.52,4.25,1.55,-0.18,-1.44,0.11,0.27,0.17,0.02,0.31,1.64,4.44,6.41,8.97,3.66,1.98,1.73,4.04,2.32,1.46,1.03,17.6,0.31,0.24,0.03,0.51,1.54,3.45,7.3,0.54,3.21,1.58,1.71,3.41,-4.7,-0.42,0.43,-3.77,-0.14,0.38,0.08,0.38,-5.52,3.88,7.01,-1.06,3.63,0.41,1.88,3.59,3.19,-0.91,-3.77,4.57,0.18,-0.07,0.08,-0.04,0.03,4.38,6.59,0.45,4.17,0.19,2.2,7.11,3.33,0.93,1.41,4.31,0.14,0.08,0.23,0.11,2.41,3.42,3.59,1.94,2.89,3.53,5674.55,26.22,257949,236616,-2.13
1995/6/30,4.67,7.14,3.86,3.93,2.5,1.68,4.41,3.94,1.08,1.77,1.59,1.07,0.59,0.29,0.08,0.8,3.28,3.43,4.59,3.79,2.07,1.52,4.25,1.55,-0.18,-1.44,0.11,0.27,0.17,0.02,0.31,1.64,3.87,5.94,0.17,3.55,2.03,1.78,3.63,3.58,0.13,-0.1,-1.16,0.42,-0.07,0.54,0.15,0.97,2.66,2.42,-0.53,3.68,1.06,1.89,3.54,3.44,-0.36,-1.46,-1.15,0.2,0.42,0.08,0.03,0.35,2.13,-0.49,0.53,4.12,0.19,2.28,7.09,2.42,-0.26,-1.76,2.29,0.94,0.17,0.13,-0.08,-1.51,3.79,3.42,3.05,2.79,3.36,5444.97,26.399,224431,236472,-1.33
1995/7/31,3.83,5.37,1.65,3.52,3.05,1.92,4.24,2.68,-0.59,-0.37,-6.27,0.26,0.55,0.19,0.15,-3.62,4.67,7.14,3.86,3.93,2.5,1.68,4.41,3.94,1.08,1.77,1.59,1.07,0.59,0.29,0.08,0.8,4.44,6.41,8.97,3.66,1.98,1.73,4.04,2.32,1.46,1.03,17.6,0.31,0.24,0.03,0.51,1.54,5.24,8.47,-0.38,4.16,1.52,1.7,3.5,11.25,2.06,4.37,-3.07,0.75,0.23,0,0,9.21,4.16,5.98,-0.55,4.43,0.07,2.09,7.31,2,0.22,1.3,-4.23,0.65,0.01,-0.05,0.32,-2.43,3.49,3.79,3.59,3.76,3.6,5180.42,26.962,268055,251255,4.31
1995/8/31,1.71,-1.47,3.06,3.35,2.71,1.81,4.3,3.14,0.26,1.88,-6.2,0.15,-0.01,0.08,0.45,-1.33,3.83,5.37,1.65,3.52,3.05,1.92,4.24,2.68,-0.59,-0.37,-6.27,0.26,0.55,0.19,0.15,-3.62,3.28,3.43,4.59,3.79,2.07,1.52,4.25,1.55,-0.18,-1.44,0.11,0.27,0.17,0.02,0.31,1.64,3.45,7.3,0.54,3.21,1.58,1.71,3.41,-4.7,-0.42,0.43,-3.77,-0.14,0.38,0.08,0.38,-5.52,7.04,15.65,0.33,4.13,0.21,1.67,7.1,2.74,2.35,8.96,-7.48,0.31,0.32,0.19,0.39,-1.77,3.43,3.49,3.42,1.94,3.82,4809.93,27.849,270155,241256,9.25
1995/9/30,2.01,-1.49,4.38,3.31,2.31,1.45,6.46,4.16,0.6,0.12,-1.49,0.33,-0.22,0.02,4.3,1.15,1.71,-1.47,3.06,3.35,2.71,1.81,4.3,3.14,0.26,1.88,-6.2,0.15,-0.01,0.08,0.45,-1.33,4.67,7.14,3.86,3.93,2.5,1.68,4.41,3.94,1.08,1.77,1.59,1.07,0.59,0.29,0.08,0.8,3.87,5.94,0.17,3.55,2.03,1.78,3.63,3.58,0.13,-0.1,-1.16,0.42,-0.07,0.54,0.15,0.97,6.69,15.87,-0.34,3.78,0.26,1.95,3.76,3.71,0.31,0.13,-2.73,0.38,0.17,0.37,2.18,0.15,3.99,3.43,3.79,3.05,3.22,5033.06,28.237,242419,222473,2.55
1995/10/31,2.86,1.1,4.59,3.18,2.87,1.38,6.6,3.43,-0.26,-1.11,5.94,-0.66,0.63,-0.03,0.17,-1.18,2.01,-1.49,4.38,3.31,2.31,1.45,6.46,4.16,0.6,0.12,-1.49,0.33,-0.22,0.02,4.3,1.15,3.83,5.37,1.65,3.52,3.05,1.92,4.24,2.68,-0.59,-0.37,-6.27,0.26,0.55,0.19,0.15,-3.62,4.44,6.41,8.97,3.66,1.98,1.73,4.04,2.32,1.46,1.03,17.6,0.31,0.24,0.03,0.51,1.54,5.07,11.09,-1.24,3.65,0.1,1.81,3.62,3.1,-1.08,-3.65,5.74,-0.54,0.08,0.03,0.04,-0.48,3.95,3.99,3.49,3.59,2.94,4817.04,27.713,288559,247414,-4.1
1995/11/30,4.22,4.91,5.49,3.26,3.15,1.33,7.06,3.66,0.4,-0.15,5.48,0.26,0.2,0.03,0.39,0.25,2.86,1.1,4.59,3.18,2.87,1.38,6.6,3.43,-0.26,-1.11,5.94,-0.66,0.63,-0.03,0.17,-1.18,1.71,-1.47,3.06,3.35,2.71,1.81,4.3,3.14,0.26,1.88,-6.2,0.15,-0.01,0.08,0.45,-1.33,3.28,3.43,4.59,3.79,2.07,1.52,4.25,1.55,-0.18,-1.44,0.11,0.27,0.17,0.02,0.31,1.64,3.88,7.01,-1.06,3.63,0.41,1.88,3.59,3.19,-0.91,-3.77,4.57,0.18,-0.07,0.08,-0.04,0.03,4.15,3.95,3.43,3.42,2.89,4777.2,28.022,274298,232998,-5.6
1995/12/31,4.56,6.16,6.65,3.16,2.69,1.15,6.96,3.66,-0.04,-0.29,-0.06,0.1,-0.03,-0.09,-0.06,0.36,4.22,4.91,5.49,3.26,3.15,1.33,7.06,3.66,0.4,-0.15,5.48,0.26,0.2,0.03,0.39,0.25,2.01,-1.49,4.38,3.31,2.31,1.45,6.46,4.16,0.6,0.12,-1.49,0.33,-0.22,0.02,4.3,1.15,4.67,7.14,3.86,3.93,2.5,1.68,4.41,3.94,1.08,1.77,1.59,1.07,0.59,0.29,0.08,0.8,2.66,2.42,-0.53,3.68,1.06,1.89,3.54,3.44,-0.36,-1.46,-1.15,0.2,0.42,0.08,0.03,0.35,4.1,4.15,3.99,3.79,2.79,5173.72,28.025,256825,219038,-4.2
1996/1/31,2.3,0.89,5.79,2.77,2.39,1.41,8.26,-4.27,-0.16,-0.81,-3.86,0.37,-0.05,0.25,1.21,0.86,4.56,6.16,6.65,3.16,2.69,1.15,6.96,3.66,-0.04,-0.29,-0.06,0.1,-0.03,-0.09,-0.06,0.36,2.86,1.1,4.59,3.18,2.87,1.38,6.6,3.43,-0.26,-1.11,5.94,-0.66,0.63,-0.03,0.17,-1.18,3.83,5.37,1.65,3.52,3.05,1.92,4.24,2.68,-0.59,-0.37,-6.27,0.26,0.55,0.19,0.15,-3.62,5.24,8.47,-0.38,4.16,1.52,1.7,3.5,11.25,2.06,4.37,-3.07,0.75,0.23,0,0,9.21,3.22,4.1,3.95,3.49,3.76,4763.39,28.223,295952,265575,-0.74
1996/2/29,3.74,1.52,2.58,3.47,2.17,2.29,8.75,10.81,0.99,1.05,-6.69,0.54,0.16,0.95,0.84,9.36,2.3,0.89,5.79,2.77,2.39,1.41,8.26,-4.27,-0.16,-0.81,-3.86,0.37,-0.05,0.25,1.21,0.86,4.22,4.91,5.49,3.26,3.15,1.33,7.06,3.66,0.4,-0.15,5.48,0.26,0.2,0.03,0.39,0.25,1.71,-1.47,3.06,3.35,2.71,1.81,4.3,3.14,0.26,1.88,-6.2,0.15,-0.01,0.08,0.45,-1.33,3.45,7.3,0.54,3.21,1.58,1.71,3.41,-4.7,-0.42,0.43,-3.77,-0.14,0.38,0.08,0.38,-5.52,4.77,3.22,4.15,3.43,1.94,4797.67,28.014,209771,191997,-5.21
1996/3/31,3.01,2.09,3.05,2.71,2.26,1.78,8.43,1.67,-0.58,0.45,-0.7,-0.32,0.02,0.05,-0.14,-7.36,3.74,1.52,2.58,3.47,2.17,2.29,8.75,10.81,0.99,1.05,-6.69,0.54,0.16,0.95,0.84,9.36,4.56,6.16,6.65,3.16,2.69,1.15,6.96,3.66,-0.04,-0.29,-0.06,0.1,-0.03,-0.09,-0.06,0.36,2.01,-1.49,4.38,3.31,2.31,1.45,6.46,4.16,0.6,0.12,-1.49,0.33,-0.22,0.02,4.3,1.15,3.87,5.94,0.17,3.55,2.03,1.78,3.63,3.58,0.13,-0.1,-1.16,0.42,-0.07,0.54,0.15,0.97,3.79,4.77,4.1,3.99,3.05,5032.35,28.322,250471,225128,-0.7
1996/4/30,2.82,3.01,-1.01,2.43,2.05,1.75,7.89,0.7,1.28,1.94,12.96,0.03,0.04,0,0.01,0.57,3.01,2.09,3.05,2.71,2.26,1.78,8.43,1.67,-0.58,0.45,-0.7,-0.32,0.02,0.05,-0.14,-7.36,2.3,0.89,5.79,2.77,2.39,1.41,8.26,-4.27,-0.16,-0.81,-3.86,0.37,-0.05,0.25,1.21,0.86,2.86,1.1,4.59,3.18,2.87,1.38,6.6,3.43,-0.26,-1.11,5.94,-0.66,0.63,-0.03,0.17,-1.18,4.44,6.41,8.97,3.66,1.98,1.73,4.04,2.32,1.46,1.03,17.6,0.31,0.24,0.03,0.51,1.54,3.32,3.79,3.22,3.95,3.59,6134.28,28.022,277449,253352,-5.74
1996/5/31,2.89,3.07,2.24,2.16,1.98,1.74,7.55,0.19,-0.11,-1.38,3.4,0.01,0.1,0,-0.01,1.13,2.82,3.01,-1.01,2.43,2.05,1.75,7.89,0.7,1.28,1.94,12.96,0.03,0.04,0,0.01,0.57,3.74,1.52,2.58,3.47,2.17,2.29,8.75,10.81,0.99,1.05,-6.69,0.54,0.16,0.95,0.84,9.36,4.22,4.91,5.49,3.26,3.15,1.33,7.06,3.66,0.4,-0.15,5.48,0.26,0.2,0.03,0.39,0.25,3.28,3.43,4.59,3.79,2.07,1.52,4.25,1.55,-0.18,-1.44,0.11,0.27,0.17,0.02,0.31,1.64,3.36,3.32,4.77,4.15,3.42,5966.82,28.131,262616,212906,10.73
1996/6/30,2.39,2.21,0.74,1.97,1.44,1.46,7.69,0.13,0.59,0.92,0.09,0.89,0.05,0.02,0.21,0.74,2.89,3.07,2.24,2.16,1.98,1.74,7.55,0.19,-0.11,-1.38,3.4,0.01,0.1,0,-0.01,1.13,3.01,2.09,3.05,2.71,2.26,1.78,8.43,1.67,-0.58,0.45,-0.7,-0.32,0.02,0.05,-0.14,-7.36,4.56,6.16,6.65,3.16,2.69,1.15,6.96,3.66,-0.04,-0.29,-0.06,0.1,-0.03,-0.09,-0.06,0.36,4.67,7.14,3.86,3.93,2.5,1.68,4.41,3.94,1.08,1.77,1.59,1.07,0.59,0.29,0.08,0.8,3.18,3.36,3.79,4.1,3.79,6560.41,28.452,270961,259095,-1.08
1996/7/31,1.46,-0.81,1.74,1.93,0.79,1.54,7.5,0.59,-1.49,-3.32,-5.34,0.22,-0.1,0.27,-0.02,-3.17,2.39,2.21,0.74,1.97,1.44,1.46,7.69,0.13,0.59,0.92,0.09,0.89,0.05,0.02,0.21,0.74,2.82,3.01,-1.01,2.43,2.05,1.75,7.89,0.7,1.28,1.94,12.96,0.03,0.04,0,0.01,0.57,2.3,0.89,5.79,2.77,2.39,1.41,8.26,-4.27,-0.16,-0.81,-3.86,0.37,-0.05,0.25,1.21,0.86,3.83,5.37,1.65,3.52,3.05,1.92,4.24,2.68,-0.59,-0.37,-6.27,0.26,0.55,0.19,0.15,-3.62,3.07,3.18,3.32,3.22,3.49,6106.97,28.344,264890,225834,-7.37
1996/8/31,5.05,10.51,2.28,1.87,0.66,1.47,7.57,0.91,3.8,13.51,-5.7,0.09,-0.14,0.02,0.51,-1.01,1.46,-0.81,1.74,1.93,0.79,1.54,7.5,0.59,-1.49,-3.32,-5.34,0.22,-0.1,0.27,-0.02,-3.17,2.89,3.07,2.24,2.16,1.98,1.74,7.55,0.19,-0.11,-1.38,3.4,0.01,0.1,0,-0.01,1.13,3.74,1.52,2.58,3.47,2.17,2.29,8.75,10.81,0.99,1.05,-6.69,0.54,0.16,0.95,0.84,9.36,1.71,-1.47,3.06,3.35,2.71,1.81,4.3,3.14,0.26,1.88,-6.2,0.15,-0.01,0.08,0.45,-1.33,3.42,3.07,3.36,4.77,3.43,6324.6,28.226,270505,237807,-0.49
1996/9/30,3.84,7.06,1.92,1.69,0.72,1.44,6.37,1.95,-0.56,-3.01,-1.84,0.15,-0.15,-0.02,3.14,2.19,5.05,10.51,2.28,1.87,0.66,1.47,7.57,0.91,3.8,13.51,-5.7,0.09,-0.14,0.02,0.51,-1.01,2.39,2.21,0.74,1.97,1.44,1.46,7.69,0.13,0.59,0.92,0.09,0.89,0.05,0.02,0.21,0.74,3.01,2.09,3.05,2.71,2.26,1.78,8.43,1.67,-0.58,0.45,-0.7,-0.32,0.02,0.05,-0.14,-7.36,2.01,-1.49,4.38,3.31,2.31,1.45,6.46,4.16,0.6,0.12,-1.49,0.33,-0.22,0.02,4.3,1.15,2.98,3.42,3.18,3.79,3.99,6504.68,28.326,273159,213636,-4.27
1996/10/31,3.69,6.52,4.78,1.58,-0.03,1.69,6.25,1.64,-0.4,-1.61,8.92,-0.76,-0.13,0.22,0.06,-1.48,3.84,7.06,1.92,1.69,0.72,1.44,6.37,1.95,-0.56,-3.01,-1.84,0.15,-0.15,-0.02,3.14,2.19,1.46,-0.81,1.74,1.93,0.79,1.54,7.5,0.59,-1.49,-3.32,-5.34,0.22,-0.1,0.27,-0.02,-3.17,2.82,3.01,-1.01,2.43,2.05,1.75,7.89,0.7,1.28,1.94,12.96,0.03,0.04,0,0.01,0.57,2.86,1.1,4.59,3.18,2.87,1.38,6.6,3.43,-0.26,-1.11,5.94,-0.66,0.63,-0.03,0.17,-1.18,2.86,2.98,3.07,3.32,3.95,6426.09,28.322,273306,241262,2.99
1996/11/30,3.2,5.55,3.99,1.34,-0.17,1.79,5.91,1.35,-0.08,-1.06,4.68,0.02,0.05,0.12,0.07,-0.03,3.69,6.52,4.78,1.58,-0.03,1.69,6.25,1.64,-0.4,-1.61,8.92,-0.76,-0.13,0.22,0.06,-1.48,5.05,10.51,2.28,1.87,0.66,1.47,7.57,0.91,3.8,13.51,-5.7,0.09,-0.14,0.02,0.51,-1.01,2.89,3.07,2.24,2.16,1.98,1.74,7.55,0.19,-0.11,-1.38,3.4,0.01,0.1,0,-0.01,1.13,4.22,4.91,5.49,3.26,3.15,1.33,7.06,3.66,0.4,-0.15,5.48,0.26,0.2,0.03,0.39,0.25,2.53,2.86,3.42,3.36,4.15,6826.06,28.322,286466,249125,3.47
1996/12/31,2.53,3.95,1.78,1.16,-0.12,1.95,5.92,1.26,-0.69,-1.8,-2.18,-0.08,0.02,0.06,-0.06,0.26,3.2,5.55,3.99,1.34,-0.17,1.79,5.91,1.35,-0.08,-1.06,4.68,0.02,0.05,0.12,0.07,-0.03,3.84,7.06,1.92,1.69,0.72,1.44,6.37,1.95,-0.56,-3.01,-1.84,0.15,-0.15,-0.02,3.14,2.19,2.39,2.21,0.74,1.97,1.44,1.46,7.69,0.13,0.59,0.92,0.09,0.89,0.05,0.02,0.21,0.74,4.56,6.16,6.65,3.16,2.69,1.15,6.96,3.66,-0.04,-0.29,-0.06,0.1,-0.03,-0.09,-0.06,0.36,2.3,2.53,2.98,3.18,4.1,6933.94,28.131,285987,254591,3.74
1997/1/31,1.97,2.52,0.85,1.11,0.99,1.75,4.67,0.99,-0.69,-2.17,-4.73,0.32,1.06,0.06,0.02,0.59,2.53,3.95,1.78,1.16,-0.12,1.95,5.92,1.26,-0.69,-1.8,-2.18,-0.08,0.02,0.06,-0.06,0.26,3.69,6.52,4.78,1.58,-0.03,1.69,6.25,1.64,-0.4,-1.61,8.92,-0.76,-0.13,0.22,0.06,-1.48,1.46,-0.81,1.74,1.93,0.79,1.54,7.5,0.59,-1.49,-3.32,-5.34,0.22,-0.1,0.27,-0.02,-3.17,2.3,0.89,5.79,2.77,2.39,1.41,8.26,-4.27,-0.16,-0.81,-3.86,0.37,-0.05,0.25,1.21,0.86,1.85,2.3,2.86,3.07,3.22,7283.4,28.142,287649,256891,3.03
1997/2/28,2.07,2.78,2.76,1.15,1.11,0.89,3.75,1.51,1.08,1.31,-4.93,0.58,0.28,0.09,-0.06,9.92,1.97,2.52,0.85,1.11,0.99,1.75,4.67,0.99,-0.69,-2.17,-4.73,0.32,1.06,0.06,0.02,0.59,3.2,5.55,3.99,1.34,-0.17,1.79,5.91,1.35,-0.08,-1.06,4.68,0.02,0.05,0.12,0.07,-0.03,5.05,10.51,2.28,1.87,0.66,1.47,7.57,0.91,3.8,13.51,-5.7,0.09,-0.14,0.02,0.51,-1.01,3.74,1.52,2.58,3.47,2.17,2.29,8.75,10.81,0.99,1.05,-6.69,0.54,0.16,0.95,0.84,9.36,1.91,1.85,2.53,3.42,4.77,7875.32,28.274,215298,208914,9.45
1997/3/31,1.1,0.13,2.69,1.11,0.84,0.92,3.76,0.23,-1.52,-2.13,-0.76,-0.36,-0.25,0.08,-0.13,-8.52,2.07,2.78,2.76,1.15,1.11,0.89,3.75,1.51,1.08,1.31,-4.93,0.58,0.28,0.09,-0.06,9.92,2.53,3.95,1.78,1.16,-0.12,1.95,5.92,1.26,-0.69,-1.8,-2.18,-0.08,0.02,0.06,-0.06,0.26,3.84,7.06,1.92,1.69,0.72,1.44,6.37,1.95,-0.56,-3.01,-1.84,0.15,-0.15,-0.02,3.14,2.19,3.01,2.09,3.05,2.71,2.26,1.78,8.43,1.67,-0.58,0.45,-0.7,-0.32,0.02,0.05,-0.14,-7.36,1.32,1.91,2.3,2.98,3.79,8004.2,28.374,297776,280351,2.11
1997/4/30,0.5,-2.25,4.64,1.16,1.02,0.94,3.74,0.38,0.68,-0.49,15.11,0.09,0.23,0.02,-0.01,0.71,1.1,0.13,2.69,1.11,0.84,0.92,3.76,0.23,-1.52,-2.13,-0.76,-0.36,-0.25,0.08,-0.13,-8.52,1.97,2.52,0.85,1.11,0.99,1.75,4.67,0.99,-0.69,-2.17,-4.73,0.32,1.06,0.06,0.02,0.59,3.69,6.52,4.78,1.58,-0.03,1.69,6.25,1.64,-0.4,-1.61,8.92,-0.76,-0.13,0.22,0.06,-1.48,2.82,3.01,-1.01,2.43,2.05,1.75,7.89,0.7,1.28,1.94,12.96,0.03,0.04,0,0.01,0.57,1.13,1.32,1.85,2.86,3.32,8485.66,28.59,274996,278950,5.62
1997/5/31,0.75,-1.48,0.49,1.44,0.95,3.21,3.81,1.09,0.14,-0.61,-0.7,0.28,0.02,2.25,0.06,1.84,0.5,-2.25,4.64,1.16,1.02,0.94,3.74,0.38,0.68,-0.49,15.11,0.09,0.23,0.02,-0.01,0.71,2.07,2.78,2.76,1.15,1.11,0.89,3.75,1.51,1.08,1.31,-4.93,0.58,0.28,0.09,-0.06,9.92,3.2,5.55,3.99,1.34,-0.17,1.79,5.91,1.35,-0.08,-1.06,4.68,0.02,0.05,0.12,0.07,-0.03,2.89,3.07,2.24,2.16,1.98,1.74,7.55,0.19,-0.11,-1.38,3.4,0.01,0.1,0,-0.01,1.13,1.3,1.13,1.91,2.53,3.36,8163.11,28.572,285715,238698,-8.92
1997/6/30,1.83,2.08,0.9,1.25,0.76,3.19,3.55,1.59,1.66,4.57,0.49,0.7,-0.13,0,-0.03,1.24,0.75,-1.48,0.49,1.44,0.95,3.21,3.81,1.09,0.14,-0.61,-0.7,0.28,0.02,2.25,0.06,1.84,1.1,0.13,2.69,1.11,0.84,0.92,3.76,0.23,-1.52,-2.13,-0.76,-0.36,-0.25,0.08,-0.13,-8.52,2.53,3.95,1.78,1.16,-0.12,1.95,5.92,1.26,-0.69,-1.8,-2.18,-0.08,0.02,0.06,-0.06,0.26,2.39,2.21,0.74,1.97,1.44,1.46,7.69,0.13,0.59,0.92,0.09,0.89,0.05,0.02,0.21,0.74,1.39,1.3,1.32,2.3,3.18,9030.28,28.678,282414,270844,4.1
1997/7/31,3.31,7.34,-1.67,0.95,1.21,2.89,3.58,2.34,-0.05,1.67,-7.75,-0.08,0.34,-0.03,0,-2.46,1.83,2.08,0.9,1.25,0.76,3.19,3.55,1.59,1.66,4.57,0.49,0.7,-0.13,0,-0.03,1.24,0.5,-2.25,4.64,1.16,1.02,0.94,3.74,0.38,0.68,-0.49,15.11,0.09,0.23,0.02,-0.01,0.71,1.97,2.52,0.85,1.11,0.99,1.75,4.67,0.99,-0.69,-2.17,-4.73,0.32,1.06,0.06,0.02,0.59,1.46,-0.81,1.74,1.93,0.79,1.54,7.5,0.59,-1.49,-3.32,-5.34,0.22,-0.1,0.27,-0.02,-3.17,1.13,1.39,1.13,1.85,3.07,10066.35,28.896,302376,284492,10.7
1997/8/31,-0.58,-4.72,-0.29,0.9,1.05,2.86,3.08,2.28,-0.11,0.75,-4.38,0.03,-0.3,-0.02,0.02,-1.07,3.31,7.34,-1.67,0.95,1.21,2.89,3.58,2.34,-0.05,1.67,-7.75,-0.08,0.34,-0.03,0,-2.46,0.75,-1.48,0.49,1.44,0.95,3.21,3.81,1.09,0.14,-0.61,-0.7,0.28,0.02,2.25,0.06,1.84,2.07,2.78,2.76,1.15,1.11,0.89,3.75,1.51,1.08,1.31,-4.93,0.58,0.28,0.09,-0.06,9.92,5.05,10.51,2.28,1.87,0.66,1.47,7.57,0.91,3.8,13.51,-5.7,0.09,-0.14,0.02,0.51,-1.01,0.62,1.13,1.3,1.91,3.42,9756.46,29.553,274882,264009,-0.1
1997/9/30,0.64,-1.55,2.14,0.95,1.31,2.86,3.41,0.91,0.66,0.22,0.55,0.21,0.11,-0.02,3.47,0.82,-0.58,-4.72,-0.29,0.9,1.05,2.86,3.08,2.28,-0.11,0.75,-4.38,0.03,-0.3,-0.02,0.02,-1.07,1.83,2.08,0.9,1.25,0.76,3.19,3.55,1.59,1.66,4.57,0.49,0.7,-0.13,0,-0.03,1.24,1.1,0.13,2.69,1.11,0.84,0.92,3.76,0.23,-1.52,-2.13,-0.76,-0.36,-0.25,0.08,-0.13,-8.52,3.84,7.06,1.92,1.69,0.72,1.44,6.37,1.95,-0.56,-3.01,-1.84,0.15,-0.15,-0.02,3.14,2.19,0.9,0.62,1.39,1.32,2.98,8708.83,29.553,314879,280821,7.52
1997/10/31,-0.33,-4.26,-0.7,1.02,1.35,3.02,3.5,1.23,-1.35,-4.32,5.9,-0.69,-0.09,0.38,0.14,-1.16,0.64,-1.55,2.14,0.95,1.31,2.86,3.41,0.91,0.66,0.22,0.55,0.21,0.11,-0.02,3.47,0.82,3.31,7.34,-1.67,0.95,1.21,2.89,3.58,2.34,-0.05,1.67,-7.75,-0.08,0.34,-0.03,0,-2.46,0.5,-2.25,4.64,1.16,1.02,0.94,3.74,0.38,0.68,-0.49,15.11,0.09,0.23,0.02,-0.01,0.71,3.69,6.52,4.78,1.58,-0.03,1.69,6.25,1.64,-0.4,-1.61,8.92,-0.76,-0.13,0.22,0.06,-1.48,0.41,0.9,1.13,1.13,2.86,7313.4,30.333,302661,269340,4.71
1997/11/30,-0.51,-5,0.54,1.01,1.18,2.92,3.32,1.31,-0.26,-1.83,5.99,0.01,-0.12,0.03,-0.1,0.04,-0.33,-4.26,-0.7,1.02,1.35,3.02,3.5,1.23,-1.35,-4.32,5.9,-0.69,-0.09,0.38,0.14,-1.16,-0.58,-4.72,-0.29,0.9,1.05,2.86,3.08,2.28,-0.11,0.75,-4.38,0.03,-0.3,-0.02,0.02,-1.07,0.75,-1.48,0.49,1.44,0.95,3.21,3.81,1.09,0.14,-0.61,-0.7,0.28,0.02,2.25,0.06,1.84,3.2,5.55,3.99,1.34,-0.17,1.79,5.91,1.35,-0.08,-1.06,4.68,0.02,0.05,0.12,0.07,-0.03,0.58,0.41,0.62,1.3,2.53,7797.19,31.942,356732,313125,5.35
1997/12/31,0.27,-2.86,0.6,1.22,1.49,2.8,3.44,0.91,0.09,0.42,-2.13,0.13,0.33,-0.06,0.06,-0.13,-0.51,-5,0.54,1.01,1.18,2.92,3.32,1.31,-0.26,-1.83,5.99,0.01,-0.12,0.03,-0.1,0.04,0.64,-1.55,2.14,0.95,1.31,2.86,3.41,0.91,0.66,0.22,0.55,0.21,0.11,-0.02,3.47,0.82,1.83,2.08,0.9,1.25,0.76,3.19,3.55,1.59,1.66,4.57,0.49,0.7,-0.13,0,-0.03,1.24,2.53,3.95,1.78,1.16,-0.12,1.95,5.92,1.26,-0.69,-1.8,-2.18,-0.08,0.02,0.06,-0.06,0.26,0.86,0.58,0.9,1.39,2.3,8187.27,33.094,346110,344759,3.04
1998/1/31,2,-0.02,-4.3,1.77,0.59,2.75,3.84,12.85,1.02,0.68,-9.37,0.86,0.16,0.02,0.41,12.49,0.27,-2.86,0.6,1.22,1.49,2.8,3.44,0.91,0.09,0.42,-2.13,0.13,0.33,-0.06,0.06,-0.13,-0.33,-4.26,-0.7,1.02,1.35,3.02,3.5,1.23,-1.35,-4.32,5.9,-0.69,-0.09,0.38,0.14,-1.16,3.31,7.34,-1.67,0.95,1.21,2.89,3.58,2.34,-0.05,1.67,-7.75,-0.08,0.34,-0.03,0,-2.46,1.97,2.52,0.85,1.11,0.99,1.75,4.67,0.99,-0.69,-2.17,-4.73,0.32,1.06,0.06,0.02,0.59,2.06,0.86,0.41,1.13,1.85,8085.47,34.717,256402,249894,2.87
1998/2/28,0.29,1.51,-4.92,0.66,0.29,2.62,3.58,-7.51,-0.61,2.85,-5.54,-0.52,-0.02,-0.03,-0.31,-9.91,2,-0.02,-4.3,1.77,0.59,2.75,3.84,12.85,1.02,0.68,-9.37,0.86,0.16,0.02,0.41,12.49,-0.51,-5,0.54,1.01,1.18,2.92,3.32,1.31,-0.26,-1.83,5.99,0.01,-0.12,0.03,-0.1,0.04,-0.58,-4.72,-0.29,0.9,1.05,2.86,3.08,2.28,-0.11,0.75,-4.38,0.03,-0.3,-0.02,0.02,-1.07,2.07,2.78,2.76,1.15,1.11,0.89,3.75,1.51,1.08,1.31,-4.93,0.58,0.28,0.09,-0.06,9.92,-0.35,2.06,0.58,0.62,1.91,9202.56,34.4,293457,311122,5.54
1998/3/31,2.47,5.92,-4.6,1.01,0.33,2.67,3.73,1.61,0.61,2.13,-0.43,-0.01,-0.2,0.12,0.02,0.5,0.29,1.51,-4.92,0.66,0.29,2.62,3.58,-7.51,-0.61,2.85,-5.54,-0.52,-0.02,-0.03,-0.31,-9.91,0.27,-2.86,0.6,1.22,1.49,2.8,3.44,0.91,0.09,0.42,-2.13,0.13,0.33,-0.06,0.06,-0.13,0.64,-1.55,2.14,0.95,1.31,2.86,3.41,0.91,0.66,0.22,0.55,0.21,0.11,-0.02,3.47,0.82,1.1,0.13,2.69,1.11,0.84,0.92,3.76,0.23,-1.52,-2.13,-0.76,-0.36,-0.25,0.08,-0.13,-8.52,0.78,-0.35,0.86,0.9,1.32,9091.16,32.962,347177,331512,3.72
1998/4/30,2.12,5.09,-6,1.29,-0.5,2.47,3.64,1.6,0.34,-1.26,13.42,0.37,-0.6,-0.18,-0.1,0.7,2.47,5.92,-4.6,1.01,0.33,2.67,3.73,1.61,0.61,2.13,-0.43,-0.01,-0.2,0.12,0.02,0.5,2,-0.02,-4.3,1.77,0.59,2.75,3.84,12.85,1.02,0.68,-9.37,0.86,0.16,0.02,0.41,12.49,-0.33,-4.26,-0.7,1.02,1.35,3.02,3.5,1.23,-1.35,-4.32,5.9,-0.69,-0.09,0.38,0.14,-1.16,0.5,-2.25,4.64,1.16,1.02,0.94,3.74,0.38,0.68,-0.49,15.11,0.09,0.23,0.02,-0.01,0.71,1.04,0.78,2.06,0.41,1.13,8304.2,33.258,303522,292865,6.01
1998/5/31,1.66,4.36,-6.48,1.07,-0.81,0.27,3.26,1.69,-0.31,-1.3,-1.21,0.06,-0.29,0.06,-0.31,1.94,2.12,5.09,-6,1.29,-0.5,2.47,3.64,1.6,0.34,-1.26,13.42,0.37,-0.6,-0.18,-0.1,0.7,0.29,1.51,-4.92,0.66,0.29,2.62,3.58,-7.51,-0.61,2.85,-5.54,-0.52,-0.02,-0.03,-0.31,-9.91,-0.51,-5,0.54,1.01,1.18,2.92,3.32,1.31,-0.26,-1.83,5.99,0.01,-0.12,0.03,-0.1,0.04,0.75,-1.48,0.49,1.44,0.95,3.21,3.81,1.09,0.14,-0.61,-0.7,0.28,0.02,2.25,0.06,1.84,0.51,1.04,-0.35,0.58,1.3,7903.34,33.401,314770,293939,6.69
1998/6/30,1.45,4.24,-6.75,1.27,-0.67,0.38,3.63,-1.06,1.45,4.44,0.2,0.9,0.01,0.11,0.32,-1.5,1.66,4.36,-6.48,1.07,-0.81,0.27,3.26,1.69,-0.31,-1.3,-1.21,0.06,-0.29,0.06,-0.31,1.94,2.47,5.92,-4.6,1.01,0.33,2.67,3.73,1.61,0.61,2.13,-0.43,-0.01,-0.2,0.12,0.02,0.5,0.27,-2.86,0.6,1.22,1.49,2.8,3.44,0.91,0.09,0.42,-2.13,0.13,0.33,-0.06,0.06,-0.13,1.83,2.08,0.9,1.25,0.76,3.19,3.55,1.59,1.66,4.57,0.49,0.7,-0.13,0,-0.03,1.24,0.18,0.51,0.78,0.86,1.39,7548.81,34.128,317245,297878,1.03
1998/7/31,0.84,2.02,-7.55,1.25,-1.25,1.06,4,0.5,-0.65,-0.5,-8.54,-0.1,-0.24,0.65,0.36,-0.92,1.45,4.24,-6.75,1.27,-0.67,0.38,3.63,-1.06,1.45,4.44,0.2,0.9,0.01,0.11,0.32,-1.5,2.12,5.09,-6,1.29,-0.5,2.47,3.64,1.6,0.34,-1.26,13.42,0.37,-0.6,-0.18,-0.1,0.7,2,-0.02,-4.3,1.77,0.59,2.75,3.84,12.85,1.02,0.68,-9.37,0.86,0.16,0.02,0.41,12.49,3.31,7.34,-1.67,0.95,1.21,2.89,3.58,2.34,-0.05,1.67,-7.75,-0.08,0.34,-0.03,0,-2.46,0.66,0.18,1.04,2.06,1.13,7653.51,34.58,312796,274078,2.36
1998/8/31,0.45,0.76,-7.84,1.14,-1.22,-0.06,3.98,1.3,-0.49,-0.5,-4.68,-0.08,-0.27,-1.13,0,-0.28,0.84,2.02,-7.55,1.25,-1.25,1.06,4,0.5,-0.65,-0.5,-8.54,-0.1,-0.24,0.65,0.36,-0.92,1.66,4.36,-6.48,1.07,-0.81,0.27,3.26,1.69,-0.31,-1.3,-1.21,0.06,-0.29,0.06,-0.31,1.94,0.29,1.51,-4.92,0.66,0.29,2.62,3.58,-7.51,-0.61,2.85,-5.54,-0.52,-0.02,-0.03,-0.31,-9.91,-0.58,-4.72,-0.29,0.9,1.05,2.86,3.08,2.28,-0.11,0.75,-4.38,0.03,-0.3,-0.02,0.02,-1.07,0.89,0.66,0.51,-0.35,0.62,6550.11,34.896,338112,289144,12.35
1998/9/30,0.4,1.72,-8.61,1.07,-1.78,-0.05,2.59,0.59,0.61,1.18,-0.28,0.14,-0.46,0,2.08,0.11,0.45,0.76,-7.84,1.14,-1.22,-0.06,3.98,1.3,-0.49,-0.5,-4.68,-0.08,-0.27,-1.13,0,-0.28,1.45,4.24,-6.75,1.27,-0.67,0.38,3.63,-1.06,1.45,4.44,0.2,0.9,0.01,0.11,0.32,-1.5,2.47,5.92,-4.6,1.01,0.33,2.67,3.73,1.61,0.61,2.13,-0.43,-0.01,-0.2,0.12,0.02,0.5,0.64,-1.55,2.14,0.95,1.31,2.86,3.41,0.91,0.66,0.22,0.55,0.21,0.11,-0.02,3.47,0.82,1.11,0.89,0.18,0.78,0.9,6833.95,34.427,334350,293505,0.73
1998/10/31,2.58,8.27,-6.09,1.05,-1.99,-0.38,2.22,3.76,0.79,1.84,8.82,-0.72,-0.31,0.05,-0.22,1.95,0.4,1.72,-8.61,1.07,-1.78,-0.05,2.59,0.59,0.61,1.18,-0.28,0.14,-0.46,0,2.08,0.11,0.84,2.02,-7.55,1.25,-1.25,1.06,4,0.5,-0.65,-0.5,-8.54,-0.1,-0.24,0.65,0.36,-0.92,2.12,5.09,-6,1.29,-0.5,2.47,3.64,1.6,0.34,-1.26,13.42,0.37,-0.6,-0.18,-0.1,0.7,-0.33,-4.26,-0.7,1.02,1.35,3.02,3.5,1.23,-1.35,-4.32,5.9,-0.69,-0.09,0.38,0.14,-1.16,2.05,1.11,0.66,1.04,0.41,7165.98,32.957,296578,294860,-2.83
1998/11/30,3.91,13.07,-2.38,0.93,-2.26,-0.32,2.21,2.15,1.03,2.53,10.17,-0.11,-0.4,0.09,-0.11,-1.51,2.58,8.27,-6.09,1.05,-1.99,-0.38,2.22,3.76,0.79,1.84,8.82,-0.72,-0.31,0.05,-0.22,1.95,0.45,0.76,-7.84,1.14,-1.22,-0.06,3.98,1.3,-0.49,-0.5,-4.68,-0.08,-0.27,-1.13,0,-0.28,1.66,4.36,-6.48,1.07,-0.81,0.27,3.26,1.69,-0.31,-1.3,-1.21,0.06,-0.29,0.06,-0.31,1.94,-0.51,-5,0.54,1.01,1.18,2.92,3.32,1.31,-0.26,-1.83,5.99,0.01,-0.12,0.03,-0.1,0.04,1.96,2.05,0.89,0.51,0.58,7177.22,32.258,345970,290734,4.25
1998/12/31,2.12,6.47,-1.13,0.78,-2.48,-0.33,2.3,2.25,-1.64,-5.45,-0.87,-0.01,0.11,-0.08,0.14,-0.03,3.91,13.07,-2.38,0.93,-2.26,-0.32,2.21,2.15,1.03,2.53,10.17,-0.11,-0.4,0.09,-0.11,-1.51,0.4,1.72,-8.61,1.07,-1.78,-0.05,2.59,0.59,0.61,1.18,-0.28,0.14,-0.46,0,2.08,0.11,1.45,4.24,-6.75,1.27,-0.67,0.38,3.63,-1.06,1.45,4.44,0.2,0.9,0.01,0.11,0.32,-1.5,0.27,-2.86,0.6,1.22,1.49,2.8,3.44,0.91,0.09,0.42,-2.13,0.13,0.33,-0.06,0.06,-0.13,1.83,1.96,1.11,0.18,0.86,6418.43,31.872,300094,302977,6.5
1999/1/31,0.4,4.98,-1.06,0.03,-2.99,-0.27,1.86,-8.7,-0.68,-0.72,-9.31,0.11,-0.36,0.08,-0.02,0.44,2.12,6.47,-1.13,0.78,-2.48,-0.33,2.3,2.25,-1.64,-5.45,-0.87,-0.01,0.11,-0.08,0.14,-0.03,2.58,8.27,-6.09,1.05,-1.99,-0.38,2.22,3.76,0.79,1.84,8.82,-0.72,-0.31,0.05,-0.22,1.95,0.84,2.02,-7.55,1.25,-1.25,1.06,4,0.5,-0.65,-0.5,-8.54,-0.1,-0.24,0.65,0.36,-0.92,2,-0.02,-4.3,1.77,0.59,2.75,3.84,12.85,1.02,0.68,-9.37,0.86,0.16,0.02,0.41,12.49,0.48,1.83,2.05,0.66,2.06,5998.32,31.75,320630,301216,7.98
1999/2/28,2.1,2.11,-3.07,1.13,-3.11,0.92,3.11,14.76,1.07,0.05,-7.46,0.57,-0.14,1.17,0.92,13.23,0.4,4.98,-1.06,0.03,-2.99,-0.27,1.86,-8.7,-0.68,-0.72,-9.31,0.11,-0.36,0.08,-0.02,0.44,3.91,13.07,-2.38,0.93,-2.26,-0.32,2.21,2.15,1.03,2.53,10.17,-0.11,-0.4,0.09,-0.11,-1.51,0.45,0.76,-7.84,1.14,-1.22,-0.06,3.98,1.3,-0.49,-0.5,-4.68,-0.08,-0.27,-1.13,0,-0.28,0.29,1.51,-4.92,0.66,0.29,2.62,3.58,-7.51,-0.61,2.85,-5.54,-0.52,-0.02,-0.03,-0.31,-9.91,3.3,0.48,1.96,0.89,-0.35,6318.52,31.885,248176,211895,2.47
1999/3/31,-0.46,-1.96,-4.03,0.46,-3.04,0.79,1.96,2.77,-1.91,-1.94,-1.42,-0.68,-0.13,-0.01,-1.09,-10,2.1,2.11,-3.07,1.13,-3.11,0.92,3.11,14.76,1.07,0.05,-7.46,0.57,-0.14,1.17,0.92,13.23,2.12,6.47,-1.13,0.78,-2.48,-0.33,2.3,2.25,-1.64,-5.45,-0.87,-0.01,0.11,-0.08,0.14,-0.03,0.4,1.72,-8.61,1.07,-1.78,-0.05,2.59,0.59,0.61,1.18,-0.28,0.14,-0.46,0,2.08,0.11,2.47,5.92,-4.6,1.01,0.33,2.67,3.73,1.61,0.61,2.13,-0.43,-0.01,-0.2,0.12,0.02,0.5,1.57,3.3,1.83,1.11,0.78,6881.72,32.555,348922,310530,4.91
1999/4/30,-0.09,-1.31,-0.37,0.05,-2.25,1,2.02,2.87,0.71,-0.61,17.75,-0.03,0.21,0.03,-0.04,0.8,-0.46,-1.96,-4.03,0.46,-3.04,0.79,1.96,2.77,-1.91,-1.94,-1.42,-0.68,-0.13,-0.01,-1.09,-10,0.4,4.98,-1.06,0.03,-2.99,-0.27,1.86,-8.7,-0.68,-0.72,-9.31,0.11,-0.36,0.08,-0.02,0.44,2.58,8.27,-6.09,1.05,-1.99,-0.38,2.22,3.76,0.79,1.84,8.82,-0.72,-0.31,0.05,-0.22,1.95,2.12,5.09,-6,1.29,-0.5,2.47,3.64,1.6,0.34,-1.26,13.42,0.37,-0.6,-0.18,-0.1,0.7,1.51,1.57,0.48,2.05,1.04,7371.17,32.97,305920,271978,5.72
1999/5/31,0.5,1.1,-0.4,-0.02,-1.43,0.98,2.41,0.43,0.27,1.12,-1.23,-0.01,0.54,0.04,0.08,-0.48,-0.09,-1.31,-0.37,0.05,-2.25,1,2.02,2.87,0.71,-0.61,17.75,-0.03,0.21,0.03,-0.04,0.8,2.1,2.11,-3.07,1.13,-3.11,0.92,3.11,14.76,1.07,0.05,-7.46,0.57,-0.14,1.17,0.92,13.23,3.91,13.07,-2.38,0.93,-2.26,-0.32,2.21,2.15,1.03,2.53,10.17,-0.11,-0.4,0.09,-0.11,-1.51,1.66,4.36,-6.48,1.07,-0.81,0.27,3.26,1.69,-0.31,-1.3,-1.21,0.06,-0.29,0.06,-0.31,1.94,1.31,1.51,3.3,1.96,0.51,7316.57,32.843,352724,290477,5.62
1999/6/30,-0.85,-3.76,-2.26,0.01,-1.15,0.77,2.16,2.38,0.09,-0.58,-1.67,0.93,0.3,-0.1,0.08,0.41,0.5,1.1,-0.4,-0.02,-1.43,0.98,2.41,0.43,0.27,1.12,-1.23,-0.01,0.54,0.04,0.08,-0.48,-0.46,-1.96,-4.03,0.46,-3.04,0.79,1.96,2.77,-1.91,-1.94,-1.42,-0.68,-0.13,-0.01,-1.09,-10,2.12,6.47,-1.13,0.78,-2.48,-0.33,2.3,2.25,-1.64,-5.45,-0.87,-0.01,0.11,-0.08,0.14,-0.03,1.45,4.24,-6.75,1.27,-0.67,0.38,3.63,-1.06,1.45,4.44,0.2,0.9,0.01,0.11,0.32,-1.5,1.48,1.31,1.57,1.83,0.18,8467.37,32.584,326175,297393,9.42
1999/7/31,-0.83,-3.65,-1.51,0.05,-0.53,0.41,2.18,0.65,-0.63,-0.39,-7.84,-0.05,0.38,0.28,0.38,-2.59,-0.85,-3.76,-2.26,0.01,-1.15,0.77,2.16,2.38,0.09,-0.58,-1.67,0.93,0.3,-0.1,0.08,0.41,-0.09,-1.31,-0.37,0.05,-2.25,1,2.02,2.87,0.71,-0.61,17.75,-0.03,0.21,0.03,-0.04,0.8,0.4,4.98,-1.06,0.03,-2.99,-0.27,1.86,-8.7,-0.68,-0.72,-9.31,0.11,-0.36,0.08,-0.02,0.44,0.84,2.02,-7.55,1.25,-1.25,1.06,4,0.5,-0.65,-0.5,-8.54,-0.1,-0.24,0.65,0.36,-0.92,1.14,1.48,1.51,0.48,0.66,7326.75,32.597,326800,308590,10.94
1999/8/31,1.14,2.01,-1.7,0.02,0.14,8.52,2.6,-0.34,1.48,5.34,-4.87,-0.11,0.4,6.86,0.41,-1.27,-0.83,-3.65,-1.51,0.05,-0.53,0.41,2.18,0.65,-0.63,-0.39,-7.84,-0.05,0.38,0.28,0.38,-2.59,0.5,1.1,-0.4,-0.02,-1.43,0.98,2.41,0.43,0.27,1.12,-1.23,-0.01,0.54,0.04,0.08,-0.48,2.1,2.11,-3.07,1.13,-3.11,0.92,3.11,14.76,1.07,0.05,-7.46,0.57,-0.14,1.17,0.92,13.23,0.45,0.76,-7.84,1.14,-1.22,-0.06,3.98,1.3,-0.49,-0.5,-4.68,-0.08,-0.27,-1.13,0,-0.28,1.32,1.14,1.31,3.3,0.89,8157.73,32.074,349698,319891,12.61
1999/9/30,0.58,0.03,-2.08,-0.06,0.87,8.17,1.67,1.24,0.05,-0.78,-0.66,0.05,0.26,-0.32,1.16,1.7,1.14,2.01,-1.7,0.02,0.14,8.52,2.6,-0.34,1.48,5.34,-4.87,-0.11,0.4,6.86,0.41,-1.27,-0.85,-3.76,-2.26,0.01,-1.15,0.77,2.16,2.38,0.09,-0.58,-1.67,0.93,0.3,-0.1,0.08,0.41,-0.46,-1.96,-4.03,0.46,-3.04,0.79,1.96,2.77,-1.91,-1.94,-1.42,-0.68,-0.13,-0.01,-1.09,-10,0.4,1.72,-8.61,1.07,-1.78,-0.05,2.59,0.59,0.61,1.18,-0.28,0.14,-0.46,0,2.08,0.11,0.81,1.32,1.48,1.57,1.11,7598.79,31.951,309233,268480,-0.27
1999/10/31,0.42,-1.13,6.19,-0.31,0.95,8.19,1.79,-1.26,0.63,0.67,18.01,-0.96,-0.23,0.07,-0.1,-0.56,0.58,0.03,-2.08,-0.06,0.87,8.17,1.67,1.24,0.05,-0.78,-0.66,0.05,0.26,-0.32,1.16,1.7,-0.83,-3.65,-1.51,0.05,-0.53,0.41,2.18,0.65,-0.63,-0.39,-7.84,-0.05,0.38,0.28,0.38,-2.59,-0.09,-1.31,-0.37,0.05,-2.25,1,2.02,2.87,0.71,-0.61,17.75,-0.03,0.21,0.03,-0.04,0.8,2.58,8.27,-6.09,1.05,-1.99,-0.38,2.22,3.76,0.79,1.84,8.82,-0.72,-0.31,0.05,-0.22,1.95,0.87,0.81,1.14,1.51,2.05,7854.85,32.228,370213,361701,11.02
1999/11/30,-0.9,-4.94,-1.26,-0.21,1.66,8.05,1.65,0.2,-0.29,-1.43,2.44,0,0.3,-0.04,-0.24,-0.06,0.42,-1.13,6.19,-0.31,0.95,8.19,1.79,-1.26,0.63,0.67,18.01,-0.96,-0.23,0.07,-0.1,-0.56,1.14,2.01,-1.7,0.02,0.14,8.52,2.6,-0.34,1.48,5.34,-4.87,-0.11,0.4,6.86,0.41,-1.27,0.5,1.1,-0.4,-0.02,-1.43,0.98,2.41,0.43,0.27,1.12,-1.23,-0.01,0.54,0.04,0.08,-0.48,3.91,13.07,-2.38,0.93,-2.26,-0.32,2.21,2.15,1.03,2.53,10.17,-0.11,-0.4,0.09,-0.11,-1.51,0.61,0.87,1.32,1.31,1.96,7720.834961,32.107,372698,322487,0.39
1999/12/31,0.15,-1.43,-2.58,-0.15,2.06,7.96,1.66,-0.07,-0.6,-1.95,-2.19,0.04,0.51,-0.15,0.15,-0.3,-0.9,-4.94,-1.26,-0.21,1.66,8.05,1.65,0.2,-0.29,-1.43,2.44,0,0.3,-0.04,-0.24,-0.06,0.58,0.03,-2.08,-0.06,0.87,8.17,1.67,1.24,0.05,-0.78,-0.66,0.05,0.26,-0.32,1.16,1.7,-0.85,-3.76,-2.26,0.01,-1.15,0.77,2.16,2.38,0.09,-0.58,-1.67,0.93,0.3,-0.1,0.08,0.41,2.12,6.47,-1.13,0.78,-2.48,-0.33,2.3,2.25,-1.64,-5.45,-0.87,-0.01,0.11,-0.08,0.14,-0.03,0.47,0.61,0.81,1.48,1.83,8448.799805,31.722,355185,328151,2.45
2000/1/31,0.51,-0.7,-1.92,-0.12,2.61,8.12,1.76,0.18,-0.32,0.02,-8.7,0.14,0.17,0.22,0.07,0.7,0.15,-1.43,-2.58,-0.15,2.06,7.96,1.66,-0.07,-0.6,-1.95,-2.19,0.04,0.51,-0.15,0.15,-0.3,0.42,-1.13,6.19,-0.31,0.95,8.19,1.79,-1.26,0.63,0.67,18.01,-0.96,-0.23,0.07,-0.1,-0.56,-0.83,-3.65,-1.51,0.05,-0.53,0.41,2.18,0.65,-0.63,-0.39,-7.84,-0.05,0.38,0.28,0.38,-2.59,0.4,4.98,-1.06,0.03,-2.99,-0.27,1.86,-8.7,-0.68,-0.72,-9.31,0.11,-0.36,0.08,-0.02,0.44,0.41,0.47,0.87,1.14,0.48,9744.844727,31.237,377753,342385,-2.17
2000/2/29,0.92,-0.09,1.01,0.09,3.02,6.91,1.98,0.37,1.48,0.65,-4.7,0.78,0.26,0.03,1.14,13.45,0.51,-0.7,-1.92,-0.12,2.61,8.12,1.76,0.18,-0.32,0.02,-8.7,0.14,0.17,0.22,0.07,0.7,-0.9,-4.94,-1.26,-0.21,1.66,8.05,1.65,0.2,-0.29,-1.43,2.44,0,0.3,-0.04,-0.24,-0.06,1.14,2.01,-1.7,0.02,0.14,8.52,2.6,-0.34,1.48,5.34,-4.87,-0.11,0.4,6.86,0.41,-1.27,2.1,2.11,-3.07,1.13,-3.11,0.92,3.11,14.76,1.07,0.05,-7.46,0.57,-0.14,1.17,0.92,13.23,0.5,0.41,0.61,1.32,3.3,9435.898438,31.124,282410,280342,14.8
2000/3/31,1.12,0.45,0.75,0.11,3.67,6.97,2.24,-0.55,-1.72,-1.41,-1.67,-0.65,0.49,0.04,-0.84,-10.83,0.92,-0.09,1.01,0.09,3.02,6.91,1.98,0.37,1.48,0.65,-4.7,0.78,0.26,0.03,1.14,13.45,0.15,-1.43,-2.58,-0.15,2.06,7.96,1.66,-0.07,-0.6,-1.95,-2.19,0.04,0.51,-0.15,0.15,-0.3,0.58,0.03,-2.08,-0.06,0.87,8.17,1.67,1.24,0.05,-0.78,-0.66,0.05,0.26,-0.32,1.16,1.7,-0.46,-1.96,-4.03,0.46,-3.04,0.79,1.96,2.77,-1.91,-1.94,-1.42,-0.68,-0.13,-0.01,-1.09,-10,0.68,0.5,0.47,0.81,1.57,9854.905273,31.136,375185,356549,0.51
2000/4/30,1.23,0.5,1.65,0.33,3.99,6.91,2.33,-0.99,0.83,-0.56,18.8,0.19,0.51,-0.03,0.04,0.36,1.12,0.45,0.75,0.11,3.67,6.97,2.24,-0.55,-1.72,-1.41,-1.67,-0.65,0.49,0.04,-0.84,-10.83,0.51,-0.7,-1.92,-0.12,2.61,8.12,1.76,0.18,-0.32,0.02,-8.7,0.14,0.17,0.22,0.07,0.7,0.42,-1.13,6.19,-0.31,0.95,8.19,1.79,-1.26,0.63,0.67,18.01,-0.96,-0.23,0.07,-0.1,-0.56,-0.09,-1.31,-0.37,0.05,-2.25,1,2.02,2.87,0.71,-0.61,17.75,-0.03,0.21,0.03,-0.04,0.8,0.66,0.68,0.41,0.87,1.51,8824.320313,30.779,382810,373106,4.87
2000/5/31,1.59,1.51,1.25,0.37,3.53,6.9,2.35,0.26,0.63,2.13,-1.62,0.02,0.11,0.04,0.1,0.78,1.23,0.5,1.65,0.33,3.99,6.91,2.33,-0.99,0.83,-0.56,18.8,0.19,0.51,-0.03,0.04,0.36,0.92,-0.09,1.01,0.09,3.02,6.91,1.98,0.37,1.48,0.65,-4.7,0.78,0.26,0.03,1.14,13.45,-0.9,-4.94,-1.26,-0.21,1.66,8.05,1.65,0.2,-0.29,-1.43,2.44,0,0.3,-0.04,-0.24,-0.06,0.5,1.1,-0.4,-0.02,-1.43,0.98,2.41,0.43,0.27,1.12,-1.23,-0.01,0.54,0.04,0.08,-0.48,0.8,0.66,0.5,0.61,1.31,8939.478516,30.913,411610,392928,2.75
2000/6/30,1.36,0.61,0.6,0.37,3.4,7.05,2.7,0.62,-0.13,-1.45,-2.29,0.94,0.17,0.03,0.42,0.77,1.59,1.51,1.25,0.37,3.53,6.9,2.35,0.26,0.63,2.13,-1.62,0.02,0.11,0.04,0.1,0.78,1.12,0.45,0.75,0.11,3.67,6.97,2.24,-0.55,-1.72,-1.41,-1.67,-0.65,0.49,0.04,-0.84,-10.83,0.15,-1.43,-2.58,-0.15,2.06,7.96,1.66,-0.07,-0.6,-1.95,-2.19,0.04,0.51,-0.15,0.15,-0.3,-0.85,-3.76,-2.26,0.01,-1.15,0.77,2.16,2.38,0.09,-0.58,-1.67,0.93,0.3,-0.1,0.08,0.41,0.73,0.8,0.68,0.47,1.48,8265.049805,30.921,391043,359273,1.74
2000/7/31,1.45,0.63,0.97,0.33,3.22,6.79,2.99,1.3,-0.55,-0.37,-7.5,-0.1,0.2,0.04,0.66,-1.93,1.36,0.61,0.6,0.37,3.4,7.05,2.7,0.62,-0.13,-1.45,-2.29,0.94,0.17,0.03,0.42,0.77,1.23,0.5,1.65,0.33,3.99,6.91,2.33,-0.99,0.83,-0.56,18.8,0.19,0.51,-0.03,0.04,0.36,0.51,-0.7,-1.92,-0.12,2.61,8.12,1.76,0.18,-0.32,0.02,-8.7,0.14,0.17,0.22,0.07,0.7,-0.83,-3.65,-1.51,0.05,-0.53,0.41,2.18,0.65,-0.63,-0.39,-7.84,-0.05,0.38,0.28,0.38,-2.59,0.77,0.73,0.66,0.41,1.14,8114.882324,31.056,428407,417599,7.17
2000/8/31,0.27,-2.4,1.32,0.49,2.47,-0.08,2.56,1.98,0.31,2.17,-4.54,0.05,-0.32,-0.01,-0.01,-0.61,1.45,0.63,0.97,0.33,3.22,6.79,2.99,1.3,-0.55,-0.37,-7.5,-0.1,0.2,0.04,0.66,-1.93,1.59,1.51,1.25,0.37,3.53,6.9,2.35,0.26,0.63,2.13,-1.62,0.02,0.11,0.04,0.1,0.78,0.92,-0.09,1.01,0.09,3.02,6.91,1.98,0.37,1.48,0.65,-4.7,0.78,0.26,0.03,1.14,13.45,1.14,2.01,-1.7,0.02,0.14,8.52,2.6,-0.34,1.48,5.34,-4.87,-0.11,0.4,6.86,0.41,-1.27,0.46,0.77,0.8,0.5,1.32,7616.944824,31.192,405171,378666,-0.9
2000/9/30,1.62,0.82,0.38,0.8,2.75,0.28,4.26,2.8,1.4,2.49,-1.59,0.36,0.53,0.04,2.83,2.53,0.27,-2.4,1.32,0.49,2.47,-0.08,2.56,1.98,0.31,2.17,-4.54,0.05,-0.32,-0.01,-0.01,-0.61,1.36,0.61,0.6,0.37,3.4,7.05,2.7,0.62,-0.13,-1.45,-2.29,0.94,0.17,0.03,0.42,0.77,1.12,0.45,0.75,0.11,3.67,6.97,2.24,-0.55,-1.72,-1.41,-1.67,-0.65,0.49,0.04,-0.84,-10.83,0.58,0.03,-2.08,-0.06,0.87,8.17,1.67,1.24,0.05,-0.78,-0.66,0.05,0.26,-0.32,1.16,1.7,0.85,0.46,0.73,0.68,0.81,6432.330078,31.313,412654,368741,12.36
2000/10/31,1.01,-1.34,1.05,0.8,3.59,0.28,4.32,1.64,0.02,-1.49,18.81,-0.97,0.59,0.07,-0.04,-1.68,1.62,0.82,0.38,0.8,2.75,0.28,4.26,2.8,1.4,2.49,-1.59,0.36,0.53,0.04,2.83,2.53,1.45,0.63,0.97,0.33,3.22,6.79,2.99,1.3,-0.55,-0.37,-7.5,-0.1,0.2,0.04,0.66,-1.93,1.23,0.5,1.65,0.33,3.99,6.91,2.33,-0.99,0.83,-0.56,18.8,0.19,0.51,-0.03,0.04,0.36,0.42,-1.13,6.19,-0.31,0.95,8.19,1.79,-1.26,0.63,0.67,18.01,-0.96,-0.23,0.07,-0.1,-0.56,0.79,0.85,0.77,0.66,0.87,5544.155273,31.82,436313,388717,6.76
2000/11/30,2.25,3.31,0.22,0.65,3.33,0.27,4.38,1.71,0.93,3.21,1.59,-0.15,0.05,-0.06,-0.18,0.01,1.01,-1.34,1.05,0.8,3.59,0.28,4.32,1.64,0.02,-1.49,18.81,-0.97,0.59,0.07,-0.04,-1.68,0.27,-2.4,1.32,0.49,2.47,-0.08,2.56,1.98,0.31,2.17,-4.54,0.05,-0.32,-0.01,-0.01,-0.61,1.59,1.51,1.25,0.37,3.53,6.9,2.35,0.26,0.63,2.13,-1.62,0.02,0.11,0.04,0.1,0.78,-0.9,-4.94,-1.26,-0.21,1.66,8.05,1.65,0.2,-0.29,-1.43,2.44,0,0.3,-0.04,-0.24,-0.06,0.79,0.79,0.46,0.8,0.61,5256.90625,32.357,417143,386969,2.28
2000/12/31,1.64,1.5,-0.79,0.57,3.08,0.32,4.29,2.07,-1.2,-3.67,-3.17,-0.03,0.26,-0.1,0.06,0.06,2.25,3.31,0.22,0.65,3.33,0.27,4.38,1.71,0.93,3.21,1.59,-0.15,0.05,-0.06,-0.18,0.01,1.62,0.82,0.38,0.8,2.75,0.28,4.26,2.8,1.4,2.49,-1.59,0.36,0.53,0.04,2.83,2.53,1.36,0.61,0.6,0.37,3.4,7.05,2.7,0.62,-0.13,-1.45,-2.29,0.94,0.17,0.03,0.42,0.77,0.15,-1.43,-2.58,-0.15,2.06,7.96,1.66,-0.07,-0.6,-1.95,-2.19,0.04,0.51,-0.15,0.15,-0.3,0.74,0.79,0.85,0.73,0.47,4743.918457,32.765,408787,345951,11.66
2001/1/31,2.36,-0.53,-2.4,1.05,4.37,0.13,4.92,13.76,0.39,-1.98,-10.18,0.61,1.42,0.03,0.68,12.22,1.64,1.5,-0.79,0.57,3.08,0.32,4.29,2.07,-1.2,-3.67,-3.17,-0.03,0.26,-0.1,0.06,0.06,1.01,-1.34,1.05,0.8,3.59,0.28,4.32,1.64,0.02,-1.49,18.81,-0.97,0.59,0.07,-0.04,-1.68,1.45,0.63,0.97,0.33,3.22,6.79,2.99,1.3,-0.55,-0.37,-7.5,-0.1,0.2,0.04,0.66,-1.93,0.51,-0.7,-1.92,-0.12,2.61,8.12,1.76,0.18,-0.32,0.02,-8.7,0.14,0.17,0.22,0.07,0.7,2.21,0.74,0.79,0.77,0.41,5936.172852,32.769,331631,312556,21.76
2001/2/28,-1.02,-2.56,-2.48,-0.47,4.15,0.11,3.11,-10.34,-1.87,-1.41,-4.78,-0.74,0.05,0.01,-0.62,-10.58,2.36,-0.53,-2.4,1.05,4.37,0.13,4.92,13.76,0.39,-1.98,-10.18,0.61,1.42,0.03,0.68,12.22,2.25,3.31,0.22,0.65,3.33,0.27,4.38,1.71,0.93,3.21,1.59,-0.15,0.05,-0.06,-0.18,0.01,0.27,-2.4,1.32,0.49,2.47,-0.08,2.56,1.98,0.31,2.17,-4.54,0.05,-0.32,-0.01,-0.01,-0.61,0.92,-0.09,1.01,0.09,3.02,6.91,1.98,0.37,1.48,0.65,-4.7,0.78,0.26,0.03,1.14,13.45,-0.97,2.21,0.79,0.46,0.5,5674.664551,32.496,336713,300449,7.12
2001/3/31,0.43,-2.09,-0.82,0.09,3.62,0.1,3.64,1.28,-0.27,-0.93,0,-0.1,-0.02,0.03,-0.33,0.72,-1.02,-2.56,-2.48,-0.47,4.15,0.11,3.11,-10.34,-1.87,-1.41,-4.78,-0.74,0.05,0.01,-0.62,-10.58,1.64,1.5,-0.79,0.57,3.08,0.32,4.29,2.07,-1.2,-3.67,-3.17,-0.03,0.26,-0.1,0.06,0.06,1.62,0.82,0.38,0.8,2.75,0.28,4.26,2.8,1.4,2.49,-1.59,0.36,0.53,0.04,2.83,2.53,1.12,0.45,0.75,0.11,3.67,6.97,2.24,-0.55,-1.72,-1.41,-1.67,-0.65,0.49,0.04,-0.84,-10.83,0.61,-0.97,0.74,0.85,0.68,5797.894043,32.632,389527,331307,4.9
2001/4/30,0.43,-0.68,-1.92,-0.33,1.66,0.42,3.53,1.42,0.83,0.87,17.48,-0.23,-1.38,0.29,-0.06,0.5,0.43,-2.09,-0.82,0.09,3.62,0.1,3.64,1.28,-0.27,-0.93,0,-0.1,-0.02,0.03,-0.33,0.72,2.36,-0.53,-2.4,1.05,4.37,0.13,4.92,13.76,0.39,-1.98,-10.18,0.61,1.42,0.03,0.68,12.22,1.01,-1.34,1.05,0.8,3.59,0.28,4.32,1.64,0.02,-1.49,18.81,-0.97,0.59,0.07,-0.04,-1.68,1.23,0.5,1.65,0.33,3.99,6.91,2.33,-0.99,0.83,-0.56,18.8,0.19,0.51,-0.03,0.04,0.36,0.34,0.61,2.21,0.79,0.66,5381.645508,32.765,366903,352717,0.58
2001/5/31,-0.22,-2.62,-0.83,-0.4,1.38,0.32,3.29,0.92,-0.02,0.13,-0.52,-0.04,-0.17,-0.06,-0.14,0.29,0.43,-0.68,-1.92,-0.33,1.66,0.42,3.53,1.42,0.83,0.87,17.48,-0.23,-1.38,0.29,-0.06,0.5,-1.02,-2.56,-2.48,-0.47,4.15,0.11,3.11,-10.34,-1.87,-1.41,-4.78,-0.74,0.05,0.01,-0.62,-10.58,2.25,3.31,0.22,0.65,3.33,0.27,4.38,1.71,0.93,3.21,1.59,-0.15,0.05,-0.06,-0.18,0.01,1.59,1.51,1.25,0.37,3.53,6.9,2.35,0.26,0.63,2.13,-1.62,0.02,0.11,0.04,0.1,0.78,0.2,0.34,-0.97,0.79,0.8,5048.836426,33.183,342379,300444,0.75
2001/6/30,-0.15,-1.31,-3.43,-0.58,1.25,0.99,3.06,-0.53,-0.06,-0.13,-4.85,0.76,0.04,0.7,0.2,-0.68,-0.22,-2.62,-0.83,-0.4,1.38,0.32,3.29,0.92,-0.02,0.13,-0.52,-0.04,-0.17,-0.06,-0.14,0.29,0.43,-2.09,-0.82,0.09,3.62,0.1,3.64,1.28,-0.27,-0.93,0,-0.1,-0.02,0.03,-0.33,0.72,1.64,1.5,-0.79,0.57,3.08,0.32,4.29,2.07,-1.2,-3.67,-3.17,-0.03,0.26,-0.1,0.06,0.06,1.36,0.61,0.6,0.37,3.4,7.05,2.7,0.62,-0.13,-1.45,-2.29,0.94,0.17,0.03,0.42,0.77,-0.28,0.2,0.61,0.74,0.73,4883.407715,34.052,360706,300581,0.1
2001/7/31,0.1,-0.68,-1.94,-0.58,0.6,2.3,2.82,0.2,-0.31,0.28,-6.08,-0.1,-0.44,1.33,0.43,-1.21,-0.15,-1.31,-3.43,-0.58,1.25,0.99,3.06,-0.53,-0.06,-0.13,-4.85,0.76,0.04,0.7,0.2,-0.68,0.43,-0.68,-1.92,-0.33,1.66,0.42,3.53,1.42,0.83,0.87,17.48,-0.23,-1.38,0.29,-0.06,0.5,2.36,-0.53,-2.4,1.05,4.37,0.13,4.92,13.76,0.39,-1.98,-10.18,0.61,1.42,0.03,0.68,12.22,1.45,0.63,0.97,0.33,3.22,6.79,2.99,1.3,-0.55,-0.37,-7.5,-0.1,0.2,0.04,0.66,-1.93,-0.1,-0.28,0.34,2.21,0.77,4352.959961,34.658,347424,325252,-4.56
2001/8/31,0.45,0.49,-1.75,-0.71,0.86,2.28,2.64,0.65,0.66,3.37,-4.35,-0.09,-0.06,-0.03,-0.18,-0.17,0.1,-0.68,-1.94,-0.58,0.6,2.3,2.82,0.2,-0.31,0.28,-6.08,-0.1,-0.44,1.33,0.43,-1.21,-0.22,-2.62,-0.83,-0.4,1.38,0.32,3.29,0.92,-0.02,0.13,-0.52,-0.04,-0.17,-0.06,-0.14,0.29,-1.02,-2.56,-2.48,-0.47,4.15,0.11,3.11,-10.34,-1.87,-1.41,-4.78,-0.74,0.05,0.01,-0.62,-10.58,0.27,-2.4,1.32,0.49,2.47,-0.08,2.56,1.98,0.31,2.17,-4.54,0.05,-0.32,-0.01,-0.01,-0.61,-0.02,-0.1,0.2,-0.97,0.46,4509.419434,34.202,338642,272423,-0.45
2001/9/30,-0.51,0.03,-2.09,-1.13,0.07,2.11,-0.19,-1.92,0.43,2.02,-1.93,-0.05,-0.25,-0.12,-0.01,-0.08,0.45,0.49,-1.75,-0.71,0.86,2.28,2.64,0.65,0.66,3.37,-4.35,-0.09,-0.06,-0.03,-0.18,-0.17,-0.15,-1.31,-3.43,-0.58,1.25,0.99,3.06,-0.53,-0.06,-0.13,-4.85,0.76,0.04,0.7,0.2,-0.68,0.43,-2.09,-0.82,0.09,3.62,0.1,3.64,1.28,-0.27,-0.93,0,-0.1,-0.02,0.03,-0.33,0.72,1.62,0.82,0.38,0.8,2.75,0.28,4.26,2.8,1.4,2.49,-1.59,0.36,0.53,0.04,2.83,2.53,-0.85,-0.02,-0.28,0.61,0.85,3636.923096,34.211,316009,274109,-24.21
2001/10/31,0.98,4.79,-2.59,-0.94,-0.67,2.01,-0.11,0.54,1.52,3.19,18.2,-0.78,-0.16,-0.03,0.04,0.78,-0.51,0.03,-2.09,-1.13,0.07,2.11,-0.19,-1.92,0.43,2.02,-1.93,-0.05,-0.25,-0.12,-0.01,-0.08,0.1,-0.68,-1.94,-0.58,0.6,2.3,2.82,0.2,-0.31,0.28,-6.08,-0.1,-0.44,1.33,0.43,-1.21,0.43,-0.68,-1.92,-0.33,1.66,0.42,3.53,1.42,0.83,0.87,17.48,-0.23,-1.38,0.29,-0.06,0.5,1.01,-1.34,1.05,0.8,3.59,0.28,4.32,1.64,0.02,-1.49,18.81,-0.97,0.59,0.07,-0.04,-1.68,-0.54,-0.85,-0.1,0.34,0.79,3903.472168,34.361,409970,342777,-15.19
2001/11/30,-1.14,-2.34,-0.12,-1.06,-1.15,2.13,-0.37,-0.57,-1.19,-3.81,4.16,-0.27,-0.42,0.05,-0.44,-1.09,0.98,4.79,-2.59,-0.94,-0.67,2.01,-0.11,0.54,1.52,3.19,18.2,-0.78,-0.16,-0.03,0.04,0.78,0.45,0.49,-1.75,-0.71,0.86,2.28,2.64,0.65,0.66,3.37,-4.35,-0.09,-0.06,-0.03,-0.18,-0.17,-0.22,-2.62,-0.83,-0.4,1.38,0.32,3.29,0.92,-0.02,0.13,-0.52,-0.04,-0.17,-0.06,-0.14,0.29,2.25,3.31,0.22,0.65,3.33,0.27,4.38,1.71,0.93,3.21,1.59,-0.15,0.05,-0.06,-0.18,0.01,-0.61,-0.54,-0.02,0.2,0.79,4441.099609,34.361,362894,280807,-4.45
2001/12/31,-1.68,-3.31,-0.41,-1.19,-2.67,2,-0.48,-1.06,-1.74,-4.63,-3.45,-0.16,-1.29,-0.22,-0.05,-0.43,-1.14,-2.34,-0.12,-1.06,-1.15,2.13,-0.37,-0.57,-1.19,-3.81,4.16,-0.27,-0.42,0.05,-0.44,-1.09,-0.51,0.03,-2.09,-1.13,0.07,2.11,-0.19,-1.92,0.43,2.02,-1.93,-0.05,-0.25,-0.12,-0.01,-0.08,-0.15,-1.31,-3.43,-0.58,1.25,0.99,3.06,-0.53,-0.06,-0.13,-4.85,0.76,0.04,0.7,0.2,-0.68,1.64,1.5,-0.79,0.57,3.08,0.32,4.29,2.07,-1.2,-3.67,-3.17,-0.03,0.26,-0.1,0.06,0.06,-0.66,-0.61,-0.85,-0.28,0.74,5551.215332,34.202,367777,299819,-13.65
2002/1/31,-1.68,-0.06,0.8,-1.96,-4.13,1.88,-0.49,-6.86,0.39,1.31,-9.09,-0.16,-0.1,-0.1,0.68,5.64,-1.68,-3.31,-0.41,-1.19,-2.67,2,-0.48,-1.06,-1.74,-4.63,-3.45,-0.16,-1.29,-0.22,-0.05,-0.43,0.98,4.79,-2.59,-0.94,-0.67,2.01,-0.11,0.54,1.52,3.19,18.2,-0.78,-0.16,-0.03,0.04,0.78,0.1,-0.68,-1.94,-0.58,0.6,2.3,2.82,0.2,-0.31,0.28,-6.08,-0.1,-0.44,1.33,0.43,-1.21,2.36,-0.53,-2.4,1.05,4.37,0.13,4.92,13.76,0.39,-1.98,-10.18,0.61,1.42,0.03,0.68,12.22,-0.97,-0.66,-0.54,-0.1,2.21,5872.113281,34.352,351703,264536,-16.04
2002/2/28,1.42,1.91,-0.11,-0.62,-3.73,1.97,0.38,16.87,1.22,0.54,-5.64,0.61,0.47,0.11,0.24,12.2,-1.68,-0.06,0.8,-1.96,-4.13,1.88,-0.49,-6.86,0.39,1.31,-9.09,-0.16,-0.1,-0.1,0.68,5.64,-1.14,-2.34,-0.12,-1.06,-1.15,2.13,-0.37,-0.57,-1.19,-3.81,4.16,-0.27,-0.42,0.05,-0.44,-1.09,0.45,0.49,-1.75,-0.71,0.86,2.28,2.64,0.65,0.66,3.37,-4.35,-0.09,-0.06,-0.03,-0.18,-0.17,-1.02,-2.56,-2.48,-0.47,4.15,0.11,3.11,-10.34,-1.87,-1.41,-4.78,-0.74,0.05,0.01,-0.62,-10.58,2.08,-0.97,-0.61,-0.02,-0.97,5696.084473,34.361,291117,234893,-13.45
2002/3/31,0.01,2.19,-1.24,-1.4,-3.99,0.64,0.19,3.79,-1.65,-0.65,-1.13,-0.88,-0.29,-1.28,-0.51,-10.55,1.42,1.91,-0.11,-0.62,-3.73,1.97,0.38,16.87,1.22,0.54,-5.64,0.61,0.47,0.11,0.24,12.2,-1.68,-3.31,-0.41,-1.19,-2.67,2,-0.48,-1.06,-1.74,-4.63,-3.45,-0.16,-1.29,-0.22,-0.05,-0.43,-0.51,0.03,-2.09,-1.13,0.07,2.11,-0.19,-1.92,0.43,2.02,-1.93,-0.05,-0.25,-0.12,-0.01,-0.08,0.43,-2.09,-0.82,0.09,3.62,0.1,3.64,1.28,-0.27,-0.93,0,-0.1,-0.02,0.03,-0.33,0.72,0.29,2.08,-0.66,-0.85,0.61,6167.441406,34.509,417975,364334,-7.75
2002/4/30,0.21,1.56,0.6,-1.23,-2.22,0.45,0.27,3.84,1.02,0.24,19.66,-0.05,0.43,0.1,0.01,0.54,0.01,2.19,-1.24,-1.4,-3.99,0.64,0.19,3.79,-1.65,-0.65,-1.13,-0.88,-0.29,-1.28,-0.51,-10.55,-1.68,-0.06,0.8,-1.96,-4.13,1.88,-0.49,-6.86,0.39,1.31,-9.09,-0.16,-0.1,-0.1,0.68,5.64,0.98,4.79,-2.59,-0.94,-0.67,2.01,-0.11,0.54,1.52,3.19,18.2,-0.78,-0.16,-0.03,0.04,0.78,0.43,-0.68,-1.92,-0.33,1.66,0.42,3.53,1.42,0.83,0.87,17.48,-0.23,-1.38,0.29,-0.06,0.5,0.59,0.29,-0.97,-0.54,0.34,6065.702148,34.662,395194,348648,-10.83
2002/5/31,-0.26,0.03,-0.6,-1.25,-2.02,0.43,0.31,3.76,-0.49,-1.38,-1.71,-0.07,0.03,-0.07,-0.1,0.21,0.21,1.56,0.6,-1.23,-2.22,0.45,0.27,3.84,1.02,0.24,19.66,-0.05,0.43,0.1,0.01,0.54,1.42,1.91,-0.11,-0.62,-3.73,1.97,0.38,16.87,1.22,0.54,-5.64,0.61,0.47,0.11,0.24,12.2,-1.14,-2.34,-0.12,-1.06,-1.15,2.13,-0.37,-0.57,-1.19,-3.81,4.16,-0.27,-0.42,0.05,-0.44,-1.09,-0.22,-2.62,-0.83,-0.4,1.38,0.32,3.29,0.92,-0.02,0.13,-0.52,-0.04,-0.17,-0.06,-0.14,0.29,0.52,0.59,2.08,-0.61,0.2,5675.624512,34.206,395686,334680,-9.2
2002/6/30,0.11,0.84,1.76,-1.15,-3,-0.31,0.26,5.55,0.31,0.68,-2.6,0.86,-0.95,-0.04,0.15,1.03,-0.26,0.03,-0.6,-1.25,-2.02,0.43,0.31,3.76,-0.49,-1.38,-1.71,-0.07,0.03,-0.07,-0.1,0.21,0.01,2.19,-1.24,-1.4,-3.99,0.64,0.19,3.79,-1.65,-0.65,-1.13,-0.88,-0.29,-1.28,-0.51,-10.55,-1.68,-3.31,-0.41,-1.19,-2.67,2,-0.48,-1.06,-1.74,-4.63,-3.45,-0.16,-1.29,-0.22,-0.05,-0.43,-0.15,-1.31,-3.43,-0.58,1.25,0.99,3.06,-0.53,-0.06,-0.13,-4.85,0.76,0.04,0.7,0.2,-0.68,0.86,0.52,0.29,-0.66,-0.28,5153.686035,33.762,398500,336622,-7.51
2002/7/31,0.43,2.46,1.17,-1.16,-2.63,-1.71,0.28,4.32,0.01,1.88,-6.62,-0.11,-0.06,-0.1,0.46,-2.36,0.11,0.84,1.76,-1.15,-3,-0.31,0.26,5.55,0.31,0.68,-2.6,0.86,-0.95,-0.04,0.15,1.03,0.21,1.56,0.6,-1.23,-2.22,0.45,0.27,3.84,1.02,0.24,19.66,-0.05,0.43,0.1,0.01,0.54,-1.68,-0.06,0.8,-1.96,-4.13,1.88,-0.49,-6.86,0.39,1.31,-9.09,-0.16,-0.1,-0.1,0.68,5.64,0.1,-0.68,-1.94,-0.58,0.6,2.3,2.82,0.2,-0.31,0.28,-6.08,-0.1,-0.44,1.33,0.43,-1.21,0.72,0.86,0.59,-0.97,-0.1,4940.357422,33.187,387863,363784,-4.06
2002/8/31,-0.27,-0.02,0.91,-1.14,-2.34,-1.63,0.21,4.13,-0.04,0.87,-4.6,-0.07,0.24,0.06,-0.25,-0.35,0.43,2.46,1.17,-1.16,-2.63,-1.71,0.28,4.32,0.01,1.88,-6.62,-0.11,-0.06,-0.1,0.46,-2.36,-0.26,0.03,-0.6,-1.25,-2.02,0.43,0.31,3.76,-0.49,-1.38,-1.71,-0.07,0.03,-0.07,-0.1,0.21,1.42,1.91,-0.11,-0.62,-3.73,1.97,0.38,16.87,1.22,0.54,-5.64,0.61,0.47,0.11,0.24,12.2,0.45,0.49,-1.75,-0.71,0.86,2.28,2.64,0.65,0.66,3.37,-4.35,-0.09,-0.06,-0.03,-0.18,-0.17,0.58,0.72,0.52,2.08,-0.02,4764.918457,33.329,381214,313749,-6.23
2002/9/30,-0.77,-3.24,1,-1.01,-1.68,3.44,-0.03,5.96,-0.07,-1.27,-1.85,0.08,0.42,5.02,-0.25,1.67,-0.27,-0.02,0.91,-1.14,-2.34,-1.63,0.21,4.13,-0.04,0.87,-4.6,-0.07,0.24,0.06,-0.25,-0.35,0.11,0.84,1.76,-1.15,-3,-0.31,0.26,5.55,0.31,0.68,-2.6,0.86,-0.95,-0.04,0.15,1.03,0.01,2.19,-1.24,-1.4,-3.99,0.64,0.19,3.79,-1.65,-0.65,-1.13,-0.88,-0.29,-1.28,-0.51,-10.55,-0.51,0.03,-2.09,-1.13,0.07,2.11,-0.19,-1.92,0.43,2.02,-1.93,-0.05,-0.25,-0.12,-0.01,-0.08,1.01,0.58,0.86,0.29,-0.85,4191.790039,34.057,402408,367941,13.38
2002/10/31,-1.7,-6.06,2.77,-1.22,-1.06,3.56,-0.06,3.42,0.56,0.19,20.27,-1,0.47,0.09,0.01,-1.63,-0.77,-3.24,1,-1.01,-1.68,3.44,-0.03,5.96,-0.07,-1.27,-1.85,0.08,0.42,5.02,-0.25,1.67,0.43,2.46,1.17,-1.16,-2.63,-1.71,0.28,4.32,0.01,1.88,-6.62,-0.11,-0.06,-0.1,0.46,-2.36,0.21,1.56,0.6,-1.23,-2.22,0.45,0.27,3.84,1.02,0.24,19.66,-0.05,0.43,0.1,0.01,0.54,0.98,4.79,-2.59,-0.94,-0.67,2.01,-0.11,0.54,1.52,3.19,18.2,-0.78,-0.16,-0.03,0.04,0.78,0.77,1.01,0.72,0.59,-0.54,4579.119141,34.357,417149,364211,3.26
2002/11/30,-0.56,-2.38,-0.65,-1.1,-0.33,3.27,0,4.67,-0.04,-0.05,0.69,-0.14,0.31,-0.23,-0.38,0.09,-1.7,-6.06,2.77,-1.22,-1.06,3.56,-0.06,3.42,0.56,0.19,20.27,-1,0.47,0.09,0.01,-1.63,-0.27,-0.02,0.91,-1.14,-2.34,-1.63,0.21,4.13,-0.04,0.87,-4.6,-0.07,0.24,0.06,-0.25,-0.35,-0.26,0.03,-0.6,-1.25,-2.02,0.43,0.31,3.76,-0.49,-1.38,-1.71,-0.07,0.03,-0.07,-0.1,0.21,-1.14,-2.34,-0.12,-1.06,-1.15,2.13,-0.37,-0.57,-1.19,-3.81,4.16,-0.27,-0.42,0.05,-0.44,-1.09,0.74,0.77,0.58,0.52,-0.61,4646.668945,34.357,428779,331924,-0.94
2002/12/31,0.78,1.49,0.14,-1.03,0.78,3.61,-0.02,5.15,-0.43,-0.84,-2.67,-0.1,-0.19,0.11,-0.07,0.03,-0.56,-2.38,-0.65,-1.1,-0.33,3.27,0,4.67,-0.04,-0.05,0.69,-0.14,0.31,-0.23,-0.38,0.09,-0.77,-3.24,1,-1.01,-1.68,3.44,-0.03,5.96,-0.07,-1.27,-1.85,0.08,0.42,5.02,-0.25,1.67,0.11,0.84,1.76,-1.15,-3,-0.31,0.26,5.55,0.31,0.68,-2.6,0.86,-0.95,-0.04,0.15,1.03,-1.68,-3.31,-0.41,-1.19,-2.67,2,-0.48,-1.06,-1.74,-4.63,-3.45,-0.16,-1.29,-0.22,-0.05,-0.43,0.74,0.74,1.01,0.86,-0.66,4452.429688,34.202,425243,352026,-3.27
2003/1/31,1.08,1.76,0.08,-0.81,1.49,3.6,-0.7,7.17,0.7,1.58,-9.15,0.07,0.61,-0.11,-0.01,7.67,0.78,1.49,0.14,-1.03,0.78,3.61,-0.02,5.15,-0.43,-0.84,-2.67,-0.1,-0.19,0.11,-0.07,0.03,-1.7,-6.06,2.77,-1.22,-1.06,3.56,-0.06,3.42,0.56,0.19,20.27,-1,0.47,0.09,0.01,-1.63,0.43,2.46,1.17,-1.16,-2.63,-1.71,0.28,4.32,0.01,1.88,-6.62,-0.11,-0.06,-0.1,0.46,-2.36,-1.68,-0.06,0.8,-1.96,-4.13,1.88,-0.49,-6.86,0.39,1.31,-9.09,-0.16,-0.1,-0.1,0.68,5.64,0.34,0.74,0.77,0.72,-0.97,5015.136719,34.057,365119,337482,-3.24
2003/2/28,-1.52,-1.23,1.84,-1.52,0.9,3.89,-1.05,-10.34,-1.39,-2.41,-3.98,-0.11,-0.11,0.38,-0.11,-6.13,1.08,1.76,0.08,-0.81,1.49,3.6,-0.7,7.17,0.7,1.58,-9.15,0.07,0.61,-0.11,-0.01,7.67,-0.56,-2.38,-0.65,-1.1,-0.33,3.27,0,4.67,-0.04,-0.05,0.69,-0.14,0.31,-0.23,-0.38,0.09,-0.27,-0.02,0.91,-1.14,-2.34,-1.63,0.21,4.13,-0.04,0.87,-4.6,-0.07,0.24,0.06,-0.25,-0.35,1.42,1.91,-0.11,-0.62,-3.73,1.97,0.38,16.87,1.22,0.54,-5.64,0.61,0.47,0.11,0.24,12.2,-1.82,0.34,0.74,0.58,2.08,4432.439941,34.057,354293,299995,1.01
2003/3/31,-0.19,-1.97,2.54,-0.72,2.1,5.12,-0.54,-0.04,-0.32,-1.4,-0.46,-0.08,0.89,-0.11,0.01,-0.28,-1.52,-1.23,1.84,-1.52,0.9,3.89,-1.05,-10.34,-1.39,-2.41,-3.98,-0.11,-0.11,0.38,-0.11,-6.13,0.78,1.49,0.14,-1.03,0.78,3.61,-0.02,5.15,-0.43,-0.84,-2.67,-0.1,-0.19,0.11,-0.07,0.03,-0.77,-3.24,1,-1.01,-1.68,3.44,-0.03,5.96,-0.07,-1.27,-1.85,0.08,0.42,5.02,-0.25,1.67,0.01,2.19,-1.24,-1.4,-3.99,0.64,0.19,3.79,-1.65,-0.65,-1.13,-0.88,-0.29,-1.28,-0.51,-10.55,-0.2,-1.82,0.74,1.01,0.29,4321.200195,34.202,459194,387943,-2.91
2003/4/30,-0.12,-0.72,3.96,-0.7,0.36,4.97,-0.93,0.28,1.09,1.52,21.33,-0.03,-1.27,-0.04,-0.38,0.86,-0.19,-1.97,2.54,-0.72,2.1,5.12,-0.54,-0.04,-0.32,-1.4,-0.46,-0.08,0.89,-0.11,0.01,-0.28,1.08,1.76,0.08,-0.81,1.49,3.6,-0.7,7.17,0.7,1.58,-9.15,0.07,0.61,-0.11,-0.01,7.67,-1.7,-6.06,2.77,-1.22,-1.06,3.56,-0.06,3.42,0.56,0.19,20.27,-1,0.47,0.09,0.01,-1.63,0.21,1.56,0.6,-1.23,-2.22,0.45,0.27,3.84,1.02,0.24,19.66,-0.05,0.43,0.1,0.01,0.54,-0.18,-0.2,0.34,0.77,0.59,4148.049805,34.817,420621,371469,-8.24
2003/5/31,0.32,1.8,3.23,-0.84,-0.04,5.21,-1.94,0.57,-0.05,1.13,-2.39,-0.21,-0.37,0.16,-1.12,0.5,-0.12,-0.72,3.96,-0.7,0.36,4.97,-0.93,0.28,1.09,1.52,21.33,-0.03,-1.27,-0.04,-0.38,0.86,-1.52,-1.23,1.84,-1.52,0.9,3.89,-1.05,-10.34,-1.39,-2.41,-3.98,-0.11,-0.11,0.38,-0.11,-6.13,-0.56,-2.38,-0.65,-1.1,-0.33,3.27,0,4.67,-0.04,-0.05,0.69,-0.14,0.31,-0.23,-0.38,0.09,-0.26,0.03,-0.6,-1.25,-2.02,0.43,0.31,3.76,-0.49,-1.38,-1.71,-0.07,0.03,-0.07,-0.1,0.21,-0.38,-0.18,-1.82,0.74,0.52,4555.878906,35.607,408747,339501,-35
2003/6/30,-0.56,-0.06,0.27,-1.15,0.66,5.06,-2.47,-1.24,-0.57,-1.16,-5.4,0.55,-0.26,-0.18,-0.4,-0.79,0.32,1.8,3.23,-0.84,-0.04,5.21,-1.94,0.57,-0.05,1.13,-2.39,-0.21,-0.37,0.16,-1.12,0.5,-0.19,-1.97,2.54,-0.72,2.1,5.12,-0.54,-0.04,-0.32,-1.4,-0.46,-0.08,0.89,-0.11,0.01,-0.28,0.78,1.49,0.14,-1.03,0.78,3.61,-0.02,5.15,-0.43,-0.84,-2.67,-0.1,-0.19,0.11,-0.07,0.03,0.11,0.84,1.76,-1.15,-3,-0.31,0.26,5.55,0.31,0.68,-2.6,0.86,-0.95,-0.04,0.15,1.03,-0.91,-0.38,-0.2,0.74,0.86,4872.127441,35.285,421256,365595,-20.64
2003/7/31,-0.99,-2.23,-0.02,-1.11,0.91,4.96,-2.38,-0.23,-0.42,-0.32,-6.89,-0.07,0.18,-0.2,0.55,-1.36,-0.56,-0.06,0.27,-1.15,0.66,5.06,-2.47,-1.24,-0.57,-1.16,-5.4,0.55,-0.26,-0.18,-0.4,-0.79,-0.12,-0.72,3.96,-0.7,0.36,4.97,-0.93,0.28,1.09,1.52,21.33,-0.03,-1.27,-0.04,-0.38,0.86,1.08,1.76,0.08,-0.81,1.49,3.6,-0.7,7.17,0.7,1.58,-9.15,0.07,0.61,-0.11,-0.01,7.67,0.43,2.46,1.17,-1.16,-2.63,-1.71,0.28,4.32,0.01,1.88,-6.62,-0.11,-0.06,-0.1,0.46,-2.36,-0.8,-0.91,-0.18,0.34,0.72,5318.315918,34.352,420477,364967,-7.52
2003/8/31,-0.59,-1.61,1.08,-1.12,1.34,5.08,-1.71,-0.01,0.37,1.5,-3.54,-0.08,0.66,0.17,0.44,-0.13,-0.99,-2.23,-0.02,-1.11,0.91,4.96,-2.38,-0.23,-0.42,-0.32,-6.89,-0.07,0.18,-0.2,0.55,-1.36,0.32,1.8,3.23,-0.84,-0.04,5.21,-1.94,0.57,-0.05,1.13,-2.39,-0.21,-0.37,0.16,-1.12,0.5,-1.52,-1.23,1.84,-1.52,0.9,3.89,-1.05,-10.34,-1.39,-2.41,-3.98,-0.11,-0.11,0.38,-0.11,-6.13,-0.27,-0.02,0.91,-1.14,-2.34,-1.63,0.21,4.13,-0.04,0.87,-4.6,-0.07,0.24,0.06,-0.25,-0.35,-0.48,-0.8,-0.38,-1.82,0.58,5650.804688,34.202,445855,365475,-6.29
2003/9/30,-0.21,0.35,2.3,-1.17,0.86,0.21,-1.12,-0.57,0.31,0.7,-0.66,0.02,-0.05,0.16,0.34,1.11,-0.59,-1.61,1.08,-1.12,1.34,5.08,-1.71,-0.01,0.37,1.5,-3.54,-0.08,0.66,0.17,0.44,-0.13,-0.56,-0.06,0.27,-1.15,0.66,5.06,-2.47,-1.24,-0.57,-1.16,-5.4,0.55,-0.26,-0.18,-0.4,-0.79,-0.19,-1.97,2.54,-0.72,2.1,5.12,-0.54,-0.04,-0.32,-1.4,-0.46,-0.08,0.89,-0.11,0.01,-0.28,-0.77,-3.24,1,-1.01,-1.68,3.44,-0.03,5.96,-0.07,-1.27,-1.85,0.08,0.42,5.02,-0.25,1.67,-0.63,-0.48,-0.91,-0.2,1.01,5611.384766,34.145,452084,382853,-0.54
2003/10/31,-0.06,1.73,-0.84,-0.87,-0.04,0.16,-1.06,-0.33,0.71,1.57,16.57,-0.69,-0.43,0.04,0.07,-1.4,-0.21,0.35,2.3,-1.17,0.86,0.21,-1.12,-0.57,0.31,0.7,-0.66,0.02,-0.05,0.16,0.34,1.11,-0.99,-2.23,-0.02,-1.11,0.91,4.96,-2.38,-0.23,-0.42,-0.32,-6.89,-0.07,0.18,-0.2,0.55,-1.36,-0.12,-0.72,3.96,-0.7,0.36,4.97,-0.93,0.28,1.09,1.52,21.33,-0.03,-1.27,-0.04,-0.38,0.86,-1.7,-6.06,2.77,-1.22,-1.06,3.56,-0.06,3.42,0.56,0.19,20.27,-1,0.47,0.09,0.01,-1.63,-0.68,-0.63,-0.8,-0.18,0.77,6045.092285,33.961,463426,376345,-3.58
2003/11/30,-0.46,0.05,0.02,-0.81,-0.5,0.38,-0.85,-0.31,-0.44,-1.7,1.57,-0.09,-0.15,0,-0.16,0.12,-0.06,1.73,-0.84,-0.87,-0.04,0.16,-1.06,-0.33,0.71,1.57,16.57,-0.69,-0.43,0.04,0.07,-1.4,-0.59,-1.61,1.08,-1.12,1.34,5.08,-1.71,-0.01,0.37,1.5,-3.54,-0.08,0.66,0.17,0.44,-0.13,0.32,1.8,3.23,-0.84,-0.04,5.21,-1.94,0.57,-0.05,1.13,-2.39,-0.21,-0.37,0.16,-1.12,0.5,-0.56,-2.38,-0.65,-1.1,-0.33,3.27,0,4.67,-0.04,-0.05,0.69,-0.14,0.31,-0.23,-0.38,0.09,-0.54,-0.68,-0.48,-0.38,0.74,5771.744141,34.048,492759,430358,-3.89
2003/12/31,-0.06,1.26,-0.06,-0.78,-0.3,0.42,-0.86,0.19,-0.02,0.36,-2.76,-0.07,0.01,0.15,-0.08,0.52,-0.46,0.05,0.02,-0.81,-0.5,0.38,-0.85,-0.31,-0.44,-1.7,1.57,-0.09,-0.15,0,-0.16,0.12,-0.21,0.35,2.3,-1.17,0.86,0.21,-1.12,-0.57,0.31,0.7,-0.66,0.02,-0.05,0.16,0.34,1.11,-0.56,-0.06,0.27,-1.15,0.66,5.06,-2.47,-1.24,-0.57,-1.16,-5.4,0.55,-0.26,-0.18,-0.4,-0.79,0.78,1.49,0.14,-1.03,0.78,3.61,-0.02,5.15,-0.43,-0.84,-2.67,-0.1,-0.19,0.11,-0.07,0.03,-0.32,-0.54,-0.63,-0.91,0.74,5890.663086,33.9,501912,458489,-5.37
2004/1/31,0.01,-1.32,3.05,-0.43,0.22,0.48,-0.26,3.8,0.77,-1.01,-6.32,0.42,1.14,-0.05,0.6,11.55,-0.06,1.26,-0.06,-0.78,-0.3,0.42,-0.86,0.19,-0.02,0.36,-2.76,-0.07,0.01,0.15,-0.08,0.52,-0.06,1.73,-0.84,-0.87,-0.04,0.16,-1.06,-0.33,0.71,1.57,16.57,-0.69,-0.43,0.04,0.07,-1.4,-0.99,-2.23,-0.02,-1.11,0.91,4.96,-2.38,-0.23,-0.42,-0.32,-6.89,-0.07,0.18,-0.2,0.55,-1.36,1.08,1.76,0.08,-0.81,1.49,3.6,-0.7,7.17,0.7,1.58,-9.15,0.07,0.61,-0.11,-0.01,7.67,0.4,-0.32,-0.68,-0.8,0.34,6375.350098,33.908,421740,366960,-2.15
2004/2/29,0.64,2.55,3.11,-0.72,0.95,1.27,-0.89,0.46,-0.77,1.42,-3.92,-0.4,0.61,1.18,-0.75,-9.15,0.01,-1.32,3.05,-0.43,0.22,0.48,-0.26,3.8,0.77,-1.01,-6.32,0.42,1.14,-0.05,0.6,11.55,-0.46,0.05,0.02,-0.81,-0.5,0.38,-0.85,-0.31,-0.44,-1.7,1.57,-0.09,-0.15,0,-0.16,0.12,-0.59,-1.61,1.08,-1.12,1.34,5.08,-1.71,-0.01,0.37,1.5,-3.54,-0.08,0.66,0.17,0.44,-0.13,-1.52,-1.23,1.84,-1.52,0.9,3.89,-1.05,-10.34,-1.39,-2.41,-3.98,-0.11,-0.11,0.38,-0.11,-6.13,0.01,0.4,-0.54,-0.48,-1.82,6750.508789,33.948,463788,448613,-5.7
2004/3/31,0.89,4.14,2.23,-0.64,-0.01,1.46,-1.16,0.82,-0.07,0.13,-1.31,0,-0.06,0.08,-0.26,0.08,0.64,2.55,3.11,-0.72,0.95,1.27,-0.89,0.46,-0.77,1.42,-3.92,-0.4,0.61,1.18,-0.75,-9.15,-0.06,1.26,-0.06,-0.78,-0.3,0.42,-0.86,0.19,-0.02,0.36,-2.76,-0.07,0.01,0.15,-0.08,0.52,-0.21,0.35,2.3,-1.17,0.86,0.21,-1.12,-0.57,0.31,0.7,-0.66,0.02,-0.05,0.16,0.34,1.11,-0.19,-1.97,2.54,-0.72,2.1,5.12,-0.54,-0.04,-0.32,-1.4,-0.46,-0.08,0.89,-0.11,0.01,-0.28,0.08,0.01,-0.32,-0.63,-0.2,6522.159668,33.442,518080,480778,-4.37
2004/4/30,0.95,3.04,2.07,-0.57,2.06,1.71,-0.46,-0.03,1.15,0.46,21.14,0.03,0.77,0.21,0.32,0.01,0.89,4.14,2.23,-0.64,-0.01,1.46,-1.16,0.82,-0.07,0.13,-1.31,0,-0.06,0.08,-0.26,0.08,0.01,-1.32,3.05,-0.43,0.22,0.48,-0.26,3.8,0.77,-1.01,-6.32,0.42,1.14,-0.05,0.6,11.55,-0.06,1.73,-0.84,-0.87,-0.04,0.16,-1.06,-0.33,0.71,1.57,16.57,-0.69,-0.43,0.04,0.07,-1.4,-0.12,-0.72,3.96,-0.7,0.36,4.97,-0.93,0.28,1.09,1.52,21.33,-0.03,-1.27,-0.04,-0.38,0.86,0.25,0.08,0.4,-0.68,-0.18,6117.782227,32.895,490401,443620,2.34
2004/5/31,0.91,1.48,1.98,-0.4,2.54,1.82,0.73,0.72,-0.1,-0.41,-2.48,-0.03,0.09,0.27,0.06,1.25,0.95,3.04,2.07,-0.57,2.06,1.71,-0.46,-0.03,1.15,0.46,21.14,0.03,0.77,0.21,0.32,0.01,0.64,2.55,3.11,-0.72,0.95,1.27,-0.89,0.46,-0.77,1.42,-3.92,-0.4,0.61,1.18,-0.75,-9.15,-0.46,0.05,0.02,-0.81,-0.5,0.38,-0.85,-0.31,-0.44,-1.7,1.57,-0.09,-0.15,0,-0.16,0.12,0.32,1.8,3.23,-0.84,-0.04,5.21,-1.94,0.57,-0.05,1.13,-2.39,-0.21,-0.37,0.16,-1.12,0.5,0.69,0.25,0.01,-0.54,-0.38,5977.8125,33.316,551494,494818,48.88
2004/6/30,1.73,2.88,4.13,-0.26,2.79,2.44,1.38,2.64,0.24,0.2,-3.41,0.69,-0.01,0.42,0.25,1.11,0.91,1.48,1.98,-0.4,2.54,1.82,0.73,0.72,-0.1,-0.41,-2.48,-0.03,0.09,0.27,0.06,1.25,0.89,4.14,2.23,-0.64,-0.01,1.46,-1.16,0.82,-0.07,0.13,-1.31,0,-0.06,0.08,-0.26,0.08,-0.06,1.26,-0.06,-0.78,-0.3,0.42,-0.86,0.19,-0.02,0.36,-2.76,-0.07,0.01,0.15,-0.08,0.52,-0.56,-0.06,0.27,-1.15,0.66,5.06,-2.47,-1.24,-0.57,-1.16,-5.4,0.55,-0.26,-0.18,-0.4,-0.79,1.26,0.69,0.08,-0.32,-0.91,5839.413086,33.459,514532,502754,20.04
2004/7/31,3.32,9.47,5.27,-0.22,2.78,2.47,1.15,1.46,1.14,6.06,-5.86,-0.02,0.17,-0.17,0.33,-2.5,1.73,2.88,4.13,-0.26,2.79,2.44,1.38,2.64,0.24,0.2,-3.41,0.69,-0.01,0.42,0.25,1.11,0.95,3.04,2.07,-0.57,2.06,1.71,-0.46,-0.03,1.15,0.46,21.14,0.03,0.77,0.21,0.32,0.01,0.01,-1.32,3.05,-0.43,0.22,0.48,-0.26,3.8,0.77,-1.01,-6.32,0.42,1.14,-0.05,0.6,11.55,-0.99,-2.23,-0.02,-1.11,0.91,4.96,-2.38,-0.23,-0.42,-0.32,-6.89,-0.07,0.18,-0.2,0.55,-1.36,1.34,1.26,0.25,0.4,-0.8,5420.544922,33.476,521487,474594,4.78
2004/8/31,2.55,7.1,5.12,-0.1,2.23,2.48,0.64,0.6,-0.38,-0.69,-3.68,0.04,0.13,0.18,-0.07,-0.98,3.32,9.47,5.27,-0.22,2.78,2.47,1.15,1.46,1.14,6.06,-5.86,-0.02,0.17,-0.17,0.33,-2.5,0.91,1.48,1.98,-0.4,2.54,1.82,0.73,0.72,-0.1,-0.41,-2.48,-0.03,0.09,0.27,0.06,1.25,0.64,2.55,3.11,-0.72,0.95,1.27,-0.89,0.46,-0.77,1.42,-3.92,-0.4,0.61,1.18,-0.75,-9.15,-0.59,-1.61,1.08,-1.12,1.34,5.08,-1.71,-0.01,0.37,1.5,-3.54,-0.08,0.66,0.17,0.44,-0.13,1.1,1.34,0.69,0.01,-0.48,5765.51416,33.762,530308,483736,2.94
2004/9/30,2.79,8.19,5.01,-0.08,2.39,2.27,0.16,0.72,0.54,1.72,-0.77,0.04,0.1,-0.04,-0.13,1.23,2.55,7.1,5.12,-0.1,2.23,2.48,0.64,0.6,-0.38,-0.69,-3.68,0.04,0.13,0.18,-0.07,-0.98,1.73,2.88,4.13,-0.26,2.79,2.44,1.38,2.64,0.24,0.2,-3.41,0.69,-0.01,0.42,0.25,1.11,0.89,4.14,2.23,-0.64,-0.01,1.46,-1.16,0.82,-0.07,0.13,-1.31,0,-0.06,0.08,-0.26,0.08,-0.21,0.35,2.3,-1.17,0.86,0.21,-1.12,-0.57,0.31,0.7,-0.66,0.02,-0.05,0.16,0.34,1.11,1.06,1.1,1.26,0.08,-0.63,5845.663086,33.616,534997,491790,-1.54
2004/10/31,2.39,6.43,3.05,0.14,3.14,2.15,-0.02,0.83,0.32,-0.09,14.39,-0.47,0.3,-0.08,-0.11,-1.29,2.79,8.19,5.01,-0.08,2.39,2.27,0.16,0.72,0.54,1.72,-0.77,0.04,0.1,-0.04,-0.13,1.23,3.32,9.47,5.27,-0.22,2.78,2.47,1.15,1.46,1.14,6.06,-5.86,-0.02,0.17,-0.17,0.33,-2.5,0.95,3.04,2.07,-0.57,2.06,1.71,-0.46,-0.03,1.15,0.46,21.14,0.03,0.77,0.21,0.32,0.01,-0.06,1.73,-0.84,-0.87,-0.04,0.16,-1.06,-0.33,0.71,1.57,16.57,-0.69,-0.43,0.04,0.07,-1.4,1.05,1.06,1.34,0.25,-0.68,5705.904785,33.714,550378,520605,0.1
2004/11/30,1.52,3.39,1.72,0.29,3.25,2.22,-0.11,0.32,-1.29,-4.51,0.27,0.06,-0.04,0.06,-0.26,-0.39,2.39,6.43,3.05,0.14,3.14,2.15,-0.02,0.83,0.32,-0.09,14.39,-0.47,0.3,-0.08,-0.11,-1.29,2.55,7.1,5.12,-0.1,2.23,2.48,0.64,0.6,-0.38,-0.69,-3.68,0.04,0.13,0.18,-0.07,-0.98,0.91,1.48,1.98,-0.4,2.54,1.82,0.73,0.72,-0.1,-0.41,-2.48,-0.03,0.09,0.27,0.06,1.25,-0.46,0.05,0.02,-0.81,-0.5,0.38,-0.85,-0.31,-0.44,-1.7,1.57,-0.09,-0.15,0,-0.16,0.12,0.88,1.05,1.1,0.69,-0.54,5844.73291,33.085,544273,507092,3.12
2004/12/31,1.62,3.33,1.77,0.43,3.23,2.52,0.26,0.11,0.07,0.31,-2.71,0.08,-0.01,0.44,0.29,0.31,1.52,3.39,1.72,0.29,3.25,2.22,-0.11,0.32,-1.29,-4.51,0.27,0.06,-0.04,0.06,-0.26,-0.39,2.79,8.19,5.01,-0.08,2.39,2.27,0.16,0.72,0.54,1.72,-0.77,0.04,0.1,-0.04,-0.13,1.23,1.73,2.88,4.13,-0.26,2.79,2.44,1.38,2.64,0.24,0.2,-3.41,0.69,-0.01,0.42,0.25,1.11,-0.06,1.26,-0.06,-0.78,-0.3,0.42,-0.86,0.19,-0.02,0.36,-2.76,-0.07,0.01,0.15,-0.08,0.52,1.09,0.88,1.06,1.26,-0.32,6139.662109,32.266,507037,526257,2.96
2005/1/31,0.49,3.95,2.44,-0.08,1.95,2.44,0.04,-9.99,-0.35,-0.41,-5.7,-0.09,-0.11,-0.13,0.38,0.31,1.62,3.33,1.77,0.43,3.23,2.52,0.26,0.11,0.07,0.31,-2.71,0.08,-0.01,0.44,0.29,0.31,2.39,6.43,3.05,0.14,3.14,2.15,-0.02,0.83,0.32,-0.09,14.39,-0.47,0.3,-0.08,-0.11,-1.29,3.32,9.47,5.27,-0.22,2.78,2.47,1.15,1.46,1.14,6.06,-5.86,-0.02,0.17,-0.17,0.33,-2.5,0.01,-1.32,3.05,-0.43,0.22,0.48,-0.26,3.8,0.77,-1.01,-6.32,0.42,1.14,-0.05,0.6,11.55,-0.19,1.09,1.05,1.34,0.4,5994.202148,32.211,520029,507637,1.22
2005/2/28,1.93,2.33,1.96,0.7,1.61,1.58,0.7,7.87,0.66,-0.17,-4.38,0.38,0.28,0.32,-0.09,8.87,0.49,3.95,2.44,-0.08,1.95,2.44,0.04,-9.99,-0.35,-0.41,-5.7,-0.09,-0.11,-0.13,0.38,0.31,1.52,3.39,1.72,0.29,3.25,2.22,-0.11,0.32,-1.29,-4.51,0.27,0.06,-0.04,0.06,-0.26,-0.39,2.55,7.1,5.12,-0.1,2.23,2.48,0.64,0.6,-0.38,-0.69,-3.68,0.04,0.13,0.18,-0.07,-0.98,0.64,2.55,3.11,-0.72,0.95,1.27,-0.89,0.46,-0.77,1.42,-3.92,-0.4,0.61,1.18,-0.75,-9.15,1.99,-0.19,0.88,1.1,0.01,6207.80127,31.703,389580,353043,-1.95
2005/3/31,2.3,6.8,2.39,0.4,2.09,2.27,0.15,-0.79,0.29,4.5,-0.89,-0.3,0.4,0.76,-0.81,-7.95,1.93,2.33,1.96,0.7,1.61,1.58,0.7,7.87,0.66,-0.17,-4.38,0.38,0.28,0.32,-0.09,8.87,1.62,3.33,1.77,0.43,3.23,2.52,0.26,0.11,0.07,0.31,-2.71,0.08,-0.01,0.44,0.29,0.31,2.79,8.19,5.01,-0.08,2.39,2.27,0.16,0.72,0.54,1.72,-0.77,0.04,0.1,-0.04,-0.13,1.23,0.89,4.14,2.23,-0.64,-0.01,1.46,-1.16,0.82,-0.07,0.13,-1.31,0,-0.06,0.08,-0.26,0.08,1.22,1.99,1.09,1.06,0.08,6005.852051,31.321,515733,512426,2.42
2005/4/30,1.65,5.56,-1.87,0.35,1.33,2.64,-0.28,-0.49,0.5,-0.71,16.1,-0.01,0.02,0.57,-0.1,0.32,2.3,6.8,2.39,0.4,2.09,2.27,0.15,-0.79,0.29,4.5,-0.89,-0.3,0.4,0.76,-0.81,-7.95,0.49,3.95,2.44,-0.08,1.95,2.44,0.04,-9.99,-0.35,-0.41,-5.7,-0.09,-0.11,-0.13,0.38,0.31,2.39,6.43,3.05,0.14,3.14,2.15,-0.02,0.83,0.32,-0.09,14.39,-0.47,0.3,-0.08,-0.11,-1.29,0.95,3.04,2.07,-0.57,2.06,1.71,-0.46,-0.03,1.15,0.46,21.14,0.03,0.77,0.21,0.32,0.01,0.82,1.22,-0.19,1.05,0.25,5818.043457,31.571,520599,501690,5.51
2005/5/31,2.3,8.02,1.1,0.49,1.08,2.39,-0.58,-1.14,0.55,1.91,0.47,0.1,-0.15,0.03,-0.24,0.58,1.65,5.56,-1.87,0.35,1.33,2.64,-0.28,-0.49,0.5,-0.71,16.1,-0.01,0.02,0.57,-0.1,0.32,1.93,2.33,1.96,0.7,1.61,1.58,0.7,7.87,0.66,-0.17,-4.38,0.38,0.28,0.32,-0.09,8.87,1.52,3.39,1.72,0.29,3.25,2.22,-0.11,0.32,-1.29,-4.51,0.27,0.06,-0.04,0.06,-0.26,-0.39,0.91,1.48,1.98,-0.4,2.54,1.82,0.73,0.72,-0.1,-0.41,-2.48,-0.03,0.09,0.27,0.06,1.25,0.66,0.82,1.99,0.88,0.69,6011.532227,31.411,538932,514836,1.53
2005/6/30,2.38,8.36,0.65,0.44,0.77,3.4,-0.69,-0.68,0.32,0.52,-3.84,0.64,-0.31,1.41,0.14,1.58,2.3,8.02,1.1,0.49,1.08,2.39,-0.58,-1.14,0.55,1.91,0.47,0.1,-0.15,0.03,-0.24,0.58,2.3,6.8,2.39,0.4,2.09,2.27,0.15,-0.79,0.29,4.5,-0.89,-0.3,0.4,0.76,-0.81,-7.95,1.62,3.33,1.77,0.43,3.23,2.52,0.26,0.11,0.07,0.31,-2.71,0.08,-0.01,0.44,0.29,0.31,1.73,2.88,4.13,-0.26,2.79,2.44,1.38,2.64,0.24,0.2,-3.41,0.69,-0.01,0.42,0.25,1.11,0.59,0.66,1.22,1.09,1.26,6241.911133,31.482,490703,479811,1.77
2005/7/31,2.42,7.58,-0.27,0.47,1.13,5.07,-0.7,-0.2,1.17,5.29,-6.72,0.01,0.52,1.45,0.32,-2.02,2.38,8.36,0.65,0.44,0.77,3.4,-0.69,-0.68,0.32,0.52,-3.84,0.64,-0.31,1.41,0.14,1.58,1.65,5.56,-1.87,0.35,1.33,2.64,-0.28,-0.49,0.5,-0.71,16.1,-0.01,0.02,0.57,-0.1,0.32,0.49,3.95,2.44,-0.08,1.95,2.44,0.04,-9.99,-0.35,-0.41,-5.7,-0.09,-0.11,-0.13,0.38,0.31,3.32,9.47,5.27,-0.22,2.78,2.47,1.15,1.46,1.14,6.06,-5.86,-0.02,0.17,-0.17,0.33,-2.5,0.6,0.59,0.82,-0.19,1.34,6311.950684,31.735,517126,488127,-0.67
2005/8/31,3.56,11.11,-0.85,0.52,2.25,6.64,-0.69,0.43,0.74,2.57,-4.24,0.09,1.24,1.68,-0.06,-0.36,2.42,7.58,-0.27,0.47,1.13,5.07,-0.7,-0.2,1.17,5.29,-6.72,0.01,0.52,1.45,0.32,-2.02,2.3,8.02,1.1,0.49,1.08,2.39,-0.58,-1.14,0.55,1.91,0.47,0.1,-0.15,0.03,-0.24,0.58,1.93,2.33,1.96,0.7,1.61,1.58,0.7,7.87,0.66,-0.17,-4.38,0.38,0.28,0.32,-0.09,8.87,2.55,7.1,5.12,-0.1,2.23,2.48,0.64,0.6,-0.38,-0.69,-3.68,0.04,0.13,0.18,-0.07,-0.98,0.79,0.6,0.66,1.99,1.1,6033.442383,31.979,532257,501419,1.2
2005/9/30,3.16,9.28,-1.26,0.48,2.27,6.7,-0.33,0.53,0.15,0.05,-1.18,0.01,0.12,0.01,0.23,1.33,3.56,11.11,-0.85,0.52,2.25,6.64,-0.69,0.43,0.74,2.57,-4.24,0.09,1.24,1.68,-0.06,-0.36,2.38,8.36,0.65,0.44,0.77,3.4,-0.69,-0.68,0.32,0.52,-3.84,0.64,-0.31,1.41,0.14,1.58,2.3,6.8,2.39,0.4,2.09,2.27,0.15,-0.79,0.29,4.5,-0.89,-0.3,0.4,0.76,-0.81,-7.95,2.79,8.19,5.01,-0.08,2.39,2.27,0.16,0.72,0.54,1.72,-0.77,0.04,0.1,-0.04,-0.13,1.23,0.7,0.79,0.59,1.22,1.06,6118.582031,32.477,556719,513358,-0.04
2005/10/31,2.75,8.5,-1.95,0.39,0.81,7.14,-0.12,0.57,-0.08,-0.8,13.6,-0.57,-1.13,0.34,0.09,-1.24,3.16,9.28,-1.26,0.48,2.27,6.7,-0.33,0.53,0.15,0.05,-1.18,0.01,0.12,0.01,0.23,1.33,2.42,7.58,-0.27,0.47,1.13,5.07,-0.7,-0.2,1.17,5.29,-6.72,0.01,0.52,1.45,0.32,-2.02,1.65,5.56,-1.87,0.35,1.33,2.64,-0.28,-0.49,0.5,-0.71,16.1,-0.01,0.02,0.57,-0.1,0.32,2.39,6.43,3.05,0.14,3.14,2.15,-0.02,0.83,0.32,-0.09,14.39,-0.47,0.3,-0.08,-0.11,-1.29,0.59,0.7,0.6,0.82,1.05,5764.273926,33.288,629422,556580,-0.32
2005/11/30,2.51,7.84,-1.17,0.39,0.27,7.02,0.03,0.84,-1.52,-5.08,1.06,0.06,-0.58,-0.05,-0.1,-0.12,2.75,8.5,-1.95,0.39,0.81,7.14,-0.12,0.57,-0.08,-0.8,13.6,-0.57,-1.13,0.34,0.09,-1.24,3.56,11.11,-0.85,0.52,2.25,6.64,-0.69,0.43,0.74,2.57,-4.24,0.09,1.24,1.68,-0.06,-0.36,2.3,8.02,1.1,0.49,1.08,2.39,-0.58,-1.14,0.55,1.91,0.47,0.1,-0.15,0.03,-0.24,0.58,1.52,3.39,1.72,0.29,3.25,2.22,-0.11,0.32,-1.29,-4.51,0.27,0.06,-0.04,0.06,-0.26,-0.39,0.65,0.59,0.79,0.66,0.88,6203.441406,33.422,610803,542573,-2.03
2005/12/31,2.2,7.13,-2.08,0.33,0.19,6.81,-0.27,1.15,-0.22,-0.36,-3.61,0.02,-0.09,0.24,-0.01,0.61,2.51,7.84,-1.17,0.39,0.27,7.02,0.03,0.84,-1.52,-5.08,1.06,0.06,-0.58,-0.05,-0.1,-0.12,3.16,9.28,-1.26,0.48,2.27,6.7,-0.33,0.53,0.15,0.05,-1.18,0.01,0.12,0.01,0.23,1.33,2.38,8.36,0.65,0.44,0.77,3.4,-0.69,-0.68,0.32,0.52,-3.84,0.64,-0.31,1.41,0.14,1.58,1.62,3.33,1.77,0.43,3.23,2.52,0.26,0.11,0.07,0.31,-2.71,0.08,-0.01,0.44,0.29,0.31,0.45,0.65,0.7,0.59,1.09,6548.30957,32.852,605000,487019,-0.58
2006/1/31,2.68,5.84,-3.7,0.64,0.47,7.05,-0.36,9.94,0.12,-1.61,-7.27,0.22,0.17,0.1,0.29,9.02,2.2,7.13,-2.08,0.33,0.19,6.81,-0.27,1.15,-0.22,-0.36,-3.61,0.02,-0.09,0.24,-0.01,0.61,2.75,8.5,-1.95,0.39,0.81,7.14,-0.12,0.57,-0.08,-0.8,13.6,-0.57,-1.13,0.34,0.09,-1.24,2.42,7.58,-0.27,0.47,1.13,5.07,-0.7,-0.2,1.17,5.29,-6.72,0.01,0.52,1.45,0.32,-2.02,0.49,3.95,2.44,-0.08,1.95,2.44,0.04,-9.99,-0.35,-0.41,-5.7,-0.09,-0.11,-0.13,0.38,0.31,1.38,0.45,0.59,0.6,-0.19,6532.149902,31.905,550196,479657,-2.66
2006/2/28,0.98,4.78,-4.3,0.26,0.88,6.83,-0.17,-5.36,-1,-1.17,-4.96,0,0.69,0.12,0.09,-6.28,2.68,5.84,-3.7,0.64,0.47,7.05,-0.36,9.94,0.12,-1.61,-7.27,0.22,0.17,0.1,0.29,9.02,2.51,7.84,-1.17,0.39,0.27,7.02,0.03,0.84,-1.52,-5.08,1.06,0.06,-0.58,-0.05,-0.1,-0.12,3.56,11.11,-0.85,0.52,2.25,6.64,-0.69,0.43,0.74,2.57,-4.24,0.09,1.24,1.68,-0.06,-0.36,1.93,2.33,1.96,0.7,1.61,1.58,0.7,7.87,0.66,-0.17,-4.38,0.38,0.28,0.32,-0.09,8.87,-0.33,1.38,0.65,0.79,1.99,6561.599609,31.93,499381,526593,5.91
2006/3/31,0.42,-0.82,-5.04,0.61,0.5,6.11,0.27,4.27,-0.27,-1.09,-1.66,0.04,0.02,0.07,-0.37,1.42,0.98,4.78,-4.3,0.26,0.88,6.83,-0.17,-5.36,-1,-1.17,-4.96,0,0.69,0.12,0.09,-6.28,2.2,7.13,-2.08,0.33,0.19,6.81,-0.27,1.15,-0.22,-0.36,-3.61,0.02,-0.09,0.24,-0.01,0.61,3.16,9.28,-1.26,0.48,2.27,6.7,-0.33,0.53,0.15,0.05,-1.18,0.01,0.12,0.01,0.23,1.33,2.3,6.8,2.39,0.4,2.09,2.27,0.15,-0.79,0.29,4.5,-0.89,-0.3,0.4,0.76,-0.81,-7.95,0.54,-0.33,0.45,0.7,1.22,6613.939941,32.195,585176,538338,-0.57
2006/4/30,1.23,1.63,-3.97,0.63,0.89,5.78,0.33,5.16,1.31,1.75,17.41,0.01,0.41,0.26,-0.04,1.17,0.42,-0.82,-5.04,0.61,0.5,6.11,0.27,4.27,-0.27,-1.09,-1.66,0.04,0.02,0.07,-0.37,1.42,2.68,5.84,-3.7,0.64,0.47,7.05,-0.36,9.94,0.12,-1.61,-7.27,0.22,0.17,0.1,0.29,9.02,2.75,8.5,-1.95,0.39,0.81,7.14,-0.12,0.57,-0.08,-0.8,13.6,-0.57,-1.13,0.34,0.09,-1.24,1.65,5.56,-1.87,0.35,1.33,2.64,-0.28,-0.49,0.5,-0.71,16.1,-0.01,0.02,0.57,-0.1,0.32,0.53,0.54,1.38,0.59,0.82,7171.736816,31.787,616890,546073,-1.78
2006/5/31,1.59,2,-5.54,0.62,2.39,5.78,0.57,6.49,0.91,2.29,-1.18,0.09,1.33,0.02,0,1.85,1.23,1.63,-3.97,0.63,0.89,5.78,0.33,5.16,1.31,1.75,17.41,0.01,0.41,0.26,-0.04,1.17,0.98,4.78,-4.3,0.26,0.88,6.83,-0.17,-5.36,-1,-1.17,-4.96,0,0.69,0.12,0.09,-6.28,2.51,7.84,-1.17,0.39,0.27,7.02,0.03,0.84,-1.52,-5.08,1.06,0.06,-0.58,-0.05,-0.1,-0.12,2.3,8.02,1.1,0.49,1.08,2.39,-0.58,-1.14,0.55,1.91,0.47,0.1,-0.15,0.03,-0.24,0.58,0.67,0.53,-0.33,0.65,0.66,6846.918457,31.649,605708,586634,-1.73
2006/6/30,1.74,3.41,-5.02,0.67,2.72,4.42,0.64,2.84,0.47,1.91,-3.31,0.69,0.01,0.11,0.21,-1.9,1.59,2,-5.54,0.62,2.39,5.78,0.57,6.49,0.91,2.29,-1.18,0.09,1.33,0.02,0,1.85,0.42,-0.82,-5.04,0.61,0.5,6.11,0.27,4.27,-0.27,-1.09,-1.66,0.04,0.02,0.07,-0.37,1.42,2.2,7.13,-2.08,0.33,0.19,6.81,-0.27,1.15,-0.22,-0.36,-3.61,0.02,-0.09,0.24,-0.01,0.61,2.38,8.36,0.65,0.44,0.77,3.4,-0.69,-0.68,0.32,0.52,-3.84,0.64,-0.31,1.41,0.14,1.58,0.41,0.67,0.54,0.45,0.59,6704.378906,31.947,588419,552808,-1.7
2006/7/31,0.78,-1.04,-2.62,1.04,3.24,2.88,0.49,4.16,0.22,0.75,-4.36,0.38,1.03,-0.05,0.16,-0.76,1.74,3.41,-5.02,0.67,2.72,4.42,0.64,2.84,0.47,1.91,-3.31,0.69,0.01,0.11,0.21,-1.9,1.23,1.63,-3.97,0.63,0.89,5.78,0.33,5.16,1.31,1.75,17.41,0.01,0.41,0.26,-0.04,1.17,2.68,5.84,-3.7,0.64,0.47,7.05,-0.36,9.94,0.12,-1.61,-7.27,0.22,0.17,0.1,0.29,9.02,2.42,7.58,-0.27,0.47,1.13,5.07,-0.7,-0.2,1.17,5.29,-6.72,0.01,0.52,1.45,0.32,-2.02,0.58,0.41,0.53,1.38,0.6,6454.550293,31.857,643017,594075,-2.07
2006/8/31,-0.56,-5.03,-3.05,1.16,2.22,1.15,0.59,3.79,-0.6,-1.57,-4.67,0.21,0.24,-0.04,0.04,-0.71,0.78,-1.04,-2.62,1.04,3.24,2.88,0.49,4.16,0.22,0.75,-4.36,0.38,1.03,-0.05,0.16,-0.76,1.59,2,-5.54,0.62,2.39,5.78,0.57,6.49,0.91,2.29,-1.18,0.09,1.33,0.02,0,1.85,0.98,4.78,-4.3,0.26,0.88,6.83,-0.17,-5.36,-1,-1.17,-4.96,0,0.69,0.12,0.09,-6.28,3.56,11.11,-0.85,0.52,2.25,6.64,-0.69,0.43,0.74,2.57,-4.24,0.09,1.24,1.68,-0.06,-0.36,0.36,0.58,0.67,-0.33,0.79,6611.739746,32.261,639862,603308,0.61
2006/9/30,-1.25,-6.46,-4.02,1.38,1.46,1.22,-0.06,2.78,-0.55,-1.45,-2.16,0.23,-0.63,0.08,-0.42,0.33,-0.56,-5.03,-3.05,1.16,2.22,1.15,0.59,3.79,-0.6,-1.57,-4.67,0.21,0.24,-0.04,0.04,-0.71,1.74,3.41,-5.02,0.67,2.72,4.42,0.64,2.84,0.47,1.91,-3.31,0.69,0.01,0.11,0.21,-1.9,0.42,-0.82,-5.04,0.61,0.5,6.11,0.27,4.27,-0.27,-1.09,-1.66,0.04,0.02,0.07,-0.37,1.42,3.16,9.28,-1.26,0.48,2.27,6.7,-0.33,0.53,0.15,0.05,-1.18,0.01,0.12,0.01,0.23,1.33,0.35,0.36,0.41,0.54,0.7,6883.018066,32.97,665955,572610,-0.69
2006/10/31,-1.19,-6.47,-4.27,1.18,1.62,1.28,-0.12,4.26,-0.02,-0.82,13.3,-0.77,-0.97,0.39,0.03,0.18,-1.25,-6.46,-4.02,1.38,1.46,1.22,-0.06,2.78,-0.55,-1.45,-2.16,0.23,-0.63,0.08,-0.42,0.33,0.78,-1.04,-2.62,1.04,3.24,2.88,0.49,4.16,0.22,0.75,-4.36,0.38,1.03,-0.05,0.16,-0.76,1.23,1.63,-3.97,0.63,0.89,5.78,0.33,5.16,1.31,1.75,17.41,0.01,0.41,0.26,-0.04,1.17,2.75,8.5,-1.95,0.39,0.81,7.14,-0.12,0.57,-0.08,-0.8,13.6,-0.57,-1.13,0.34,0.09,-1.24,0.43,0.35,0.58,0.53,0.59,7021.288086,32.992,661269,588627,2.71
2006/11/30,0.25,-2.2,-1.12,1.12,1.81,1.34,-0.05,4.03,-0.08,-0.75,4.39,0,-0.38,0.01,-0.03,-0.33,-1.19,-6.47,-4.27,1.18,1.62,1.28,-0.12,4.26,-0.02,-0.82,13.3,-0.77,-0.97,0.39,0.03,0.18,-0.56,-5.03,-3.05,1.16,2.22,1.15,0.59,3.79,-0.6,-1.57,-4.67,0.21,0.24,-0.04,0.04,-0.71,1.59,2,-5.54,0.62,2.39,5.78,0.57,6.49,0.91,2.29,-1.18,0.09,1.33,0.02,0,1.85,2.51,7.84,-1.17,0.39,0.27,7.02,0.03,0.84,-1.52,-5.08,1.06,0.06,-0.58,-0.05,-0.1,-0.12,0.64,0.43,0.36,0.67,0.65,7567.685059,32.425,650395,575596,-2.82
2006/12/31,0.68,-1.27,-0.38,1.24,2.84,1.18,-0.03,3.6,0.21,0.6,-2.88,0.14,0.92,0.08,0.01,0.19,0.25,-2.2,-1.12,1.12,1.81,1.34,-0.05,4.03,-0.08,-0.75,4.39,0,-0.38,0.01,-0.03,-0.33,-1.25,-6.46,-4.02,1.38,1.46,1.22,-0.06,2.78,-0.55,-1.45,-2.16,0.23,-0.63,0.08,-0.42,0.33,1.74,3.41,-5.02,0.67,2.72,4.42,0.64,2.84,0.47,1.91,-3.31,0.69,0.01,0.11,0.21,-1.9,2.2,7.13,-2.08,0.33,0.19,6.81,-0.27,1.15,-0.22,-0.36,-3.61,0.02,-0.09,0.24,-0.01,0.61,0.75,0.64,0.35,0.41,0.45,7823.684082,31.857,645667,551646,0.71
2007/1/31,0.35,0.65,2.23,1.05,1.59,1.02,-0.34,-4.4,-0.21,0.3,-4.84,0.03,-1.05,-0.06,-0.02,0.6,0.68,-1.27,-0.38,1.24,2.84,1.18,-0.03,3.6,0.21,0.6,-2.88,0.14,0.92,0.08,0.01,0.19,-1.19,-6.47,-4.27,1.18,1.62,1.28,-0.12,4.26,-0.02,-0.82,13.3,-0.77,-0.97,0.39,0.03,0.18,0.78,-1.04,-2.62,1.04,3.24,2.88,0.49,4.16,0.22,0.75,-4.36,0.38,1.03,-0.05,0.16,-0.76,2.68,5.84,-3.7,0.64,0.47,7.05,-0.36,9.94,0.12,-1.61,-7.27,0.22,0.17,0.1,0.29,9.02,0,0.75,0.43,0.58,1.38,7699.60498,32.099,653454,598623,2.89
2007/2/28,1.75,-0.18,2.63,1.11,1.62,1.06,1.6,10.38,0.38,-1.99,-4.59,0.05,0.72,0.15,2.05,8.21,0.35,0.65,2.23,1.05,1.59,1.02,-0.34,-4.4,-0.21,0.3,-4.84,0.03,-1.05,-0.06,-0.02,0.6,0.25,-2.2,-1.12,1.12,1.81,1.34,-0.05,4.03,-0.08,-0.75,4.39,0,-0.38,0.01,-0.03,-0.33,-0.56,-5.03,-3.05,1.16,2.22,1.15,0.59,3.79,-0.6,-1.57,-4.67,0.21,0.24,-0.04,0.04,-0.71,0.98,4.78,-4.3,0.26,0.88,6.83,-0.17,-5.36,-1,-1.17,-4.96,0,0.69,0.12,0.09,-6.28,1.82,0,0.64,0.36,-0.33,7901.922852,32.273,493705,426387,-6.32
2007/3/31,0.83,0.25,0.2,1.02,1.75,2.13,0.27,1.62,-1.17,-0.66,-3.99,-0.04,0.14,1.13,-1.68,-6.63,1.75,-0.18,2.63,1.11,1.62,1.06,1.6,10.38,0.38,-1.99,-4.59,0.05,0.72,0.15,2.05,8.21,0.68,-1.27,-0.38,1.24,2.84,1.18,-0.03,3.6,0.21,0.6,-2.88,0.14,0.92,0.08,0.01,0.19,-1.25,-6.46,-4.02,1.38,1.46,1.22,-0.06,2.78,-0.55,-1.45,-2.16,0.23,-0.63,0.08,-0.42,0.33,0.42,-0.82,-5.04,0.61,0.5,6.11,0.27,4.27,-0.27,-1.09,-1.66,0.04,0.02,0.07,-0.37,1.42,0.7,1.82,0.75,0.35,0.54,7884.373047,32.554,657023,593211,0.7
2007/4/30,0.68,-0.63,1.11,1.02,1.94,3.27,0.36,1.2,1.16,0.86,18.48,0.01,0.61,1.39,0.05,0.75,0.83,0.25,0.2,1.02,1.75,2.13,0.27,1.62,-1.17,-0.66,-3.99,-0.04,0.14,1.13,-1.68,-6.63,0.35,0.65,2.23,1.05,1.59,1.02,-0.34,-4.4,-0.21,0.3,-4.84,0.03,-1.05,-0.06,-0.02,0.6,-1.19,-6.47,-4.27,1.18,1.62,1.28,-0.12,4.26,-0.02,-0.82,13.3,-0.77,-0.97,0.39,0.03,0.18,1.23,1.63,-3.97,0.63,0.89,5.78,0.33,5.16,1.31,1.75,17.41,0.01,0.41,0.26,-0.04,1.17,0.74,0.7,0,0.43,0.53,7875.383301,32.563,661153,617389,-0.56
2007/5/31,-0.02,-2.42,1.99,1.03,0.58,5.52,0.34,-0.69,0.2,0.44,-0.31,0.1,-0.03,2.2,-0.02,-0.05,0.68,-0.63,1.11,1.02,1.94,3.27,0.36,1.2,1.16,0.86,18.48,0.01,0.61,1.39,0.05,0.75,1.75,-0.18,2.63,1.11,1.62,1.06,1.6,10.38,0.38,-1.99,-4.59,0.05,0.72,0.15,2.05,8.21,0.25,-2.2,-1.12,1.12,1.81,1.34,-0.05,4.03,-0.08,-0.75,4.39,0,-0.38,0.01,-0.03,-0.33,1.59,2,-5.54,0.62,2.39,5.78,0.57,6.49,0.91,2.29,-1.18,0.09,1.33,0.02,0,1.85,0.73,0.74,1.82,0.64,0.67,8144.912598,32.579,656484,614800,-0.35
2007/6/30,0.13,-3,2.38,1.36,0.9,5.21,0.46,1.36,0.62,1.3,-2.94,1.02,0.33,-0.19,0.33,0.12,-0.02,-2.42,1.99,1.03,0.58,5.52,0.34,-0.69,0.2,0.44,-0.31,0.1,-0.03,2.2,-0.02,-0.05,0.83,0.25,0.2,1.02,1.75,2.13,0.27,1.62,-1.17,-0.66,-3.99,-0.04,0.14,1.13,-1.68,-6.63,0.68,-1.27,-0.38,1.24,2.84,1.18,-0.03,3.6,0.21,0.6,-2.88,0.14,0.92,0.08,0.01,0.19,1.74,3.41,-5.02,0.67,2.72,4.42,0.64,2.84,0.47,1.91,-3.31,0.69,0.01,0.11,0.21,-1.9,1.04,0.73,0.7,0.75,0.41,8883.168945,32.419,671292,628264,1.8
2007/7/31,-0.32,-4.55,2.67,1.05,1.07,5.64,0.85,1.05,-0.23,-0.85,-4.09,0.08,1.2,0.36,0.55,-1.06,0.13,-3,2.38,1.36,0.9,5.21,0.46,1.36,0.62,1.3,-2.94,1.02,0.33,-0.19,0.33,0.12,0.68,-0.63,1.11,1.02,1.94,3.27,0.36,1.2,1.16,0.86,18.48,0.01,0.61,1.39,0.05,0.75,0.35,0.65,2.23,1.05,1.59,1.02,-0.34,-4.4,-0.21,0.3,-4.84,0.03,-1.05,-0.06,-0.02,0.6,0.78,-1.04,-2.62,1.04,3.24,2.88,0.49,4.16,0.22,0.75,-4.36,0.38,1.03,-0.05,0.16,-0.76,1.23,1.04,0.74,0,0.58,9287.208008,32.444,701942,693836,6.18
2007/8/31,1.61,2.31,3.54,0.92,0.77,5.97,0.66,1.89,1.32,5.51,-3.86,0.08,-0.06,0.27,-0.15,0.11,-0.32,-4.55,2.67,1.05,1.07,5.64,0.85,1.05,-0.23,-0.85,-4.09,0.08,1.2,0.36,0.55,-1.06,-0.02,-2.42,1.99,1.03,0.58,5.52,0.34,-0.69,0.2,0.44,-0.31,0.1,-0.03,2.2,-0.02,-0.05,1.75,-0.18,2.63,1.11,1.62,1.06,1.6,10.38,0.38,-1.99,-4.59,0.05,0.72,0.15,2.05,8.21,-0.56,-5.03,-3.05,1.16,2.22,1.15,0.59,3.79,-0.6,-1.57,-4.67,0.21,0.24,-0.04,0.04,-0.71,1.73,1.23,0.73,1.82,0.36,8982.119141,32.427,705201,602352,-5.12
2007/9/30,3.12,7.72,3.46,0.76,0.73,6.09,0.68,2.45,0.93,3.76,-2.24,0.06,-0.66,0.2,-0.4,0.88,1.61,2.31,3.54,0.92,0.77,5.97,0.66,1.89,1.32,5.51,-3.86,0.08,-0.06,0.27,-0.15,0.11,0.13,-3,2.38,1.36,0.9,5.21,0.46,1.36,0.62,1.3,-2.94,1.02,0.33,-0.19,0.33,0.12,0.83,0.25,0.2,1.02,1.75,2.13,0.27,1.62,-1.17,-0.66,-3.99,-0.04,0.14,1.13,-1.68,-6.63,-1.25,-6.46,-4.02,1.38,1.46,1.22,-0.06,2.78,-0.55,-1.45,-2.16,0.23,-0.63,0.08,-0.42,0.33,2.07,1.73,1.04,0.7,0.35,9411.908203,32.299,737978,636526,3.62
2007/10/31,5.33,14.52,6.04,0.81,2.96,5.75,0.84,1.67,2.13,5.44,16.13,-0.72,1.21,0.07,0.18,-0.58,3.12,7.72,3.46,0.76,0.73,6.09,0.68,2.45,0.93,3.76,-2.24,0.06,-0.66,0.2,-0.4,0.88,-0.32,-4.55,2.67,1.05,1.07,5.64,0.85,1.05,-0.23,-0.85,-4.09,0.08,1.2,0.36,0.55,-1.06,0.68,-0.63,1.11,1.02,1.94,3.27,0.36,1.2,1.16,0.86,18.48,0.01,0.61,1.39,0.05,0.75,-1.19,-6.47,-4.27,1.18,1.62,1.28,-0.12,4.26,-0.02,-0.82,13.3,-0.77,-0.97,0.39,0.03,0.18,2.35,2.07,1.23,0.74,0.43,9711.325195,32.174,748750,638676,-3.97
2007/11/30,4.8,12.54,2.76,0.85,4.21,5.55,0.74,2.02,-0.59,-2.47,1.16,0.04,0.83,-0.17,-0.12,0.01,5.33,14.52,6.04,0.81,2.96,5.75,0.84,1.67,2.13,5.44,16.13,-0.72,1.21,0.07,0.18,-0.58,1.61,2.31,3.54,0.92,0.77,5.97,0.66,1.89,1.32,5.51,-3.86,0.08,-0.06,0.27,-0.15,0.11,-0.02,-2.42,1.99,1.03,0.58,5.52,0.34,-0.69,0.2,0.44,-0.31,0.1,-0.03,2.2,-0.02,-0.05,0.25,-2.2,-1.12,1.12,1.81,1.34,-0.05,4.03,-0.08,-0.75,4.39,0,-0.38,0.01,-0.03,-0.33,2.46,2.35,1.73,0.73,0.64,8586.360352,32.136,713745,578241,3.54
2007/12/31,3.32,7.45,3.92,0.79,3.34,5.24,0.85,1.94,-1.2,-3.95,-1.79,0.09,0.08,-0.21,0.11,0.11,4.8,12.54,2.76,0.85,4.21,5.55,0.74,2.02,-0.59,-2.47,1.16,0.04,0.83,-0.17,-0.12,0.01,3.12,7.72,3.46,0.76,0.73,6.09,0.68,2.45,0.93,3.76,-2.24,0.06,-0.66,0.2,-0.4,0.88,0.13,-3,2.38,1.36,0.9,5.21,0.46,1.36,0.62,1.3,-2.94,1.02,0.33,-0.19,0.33,0.12,0.68,-1.27,-0.38,1.24,2.84,1.18,-0.03,3.6,0.21,0.6,-2.88,0.14,0.92,0.08,0.01,0.19,2.62,2.46,2.07,1.04,0.75,8506.240234,31.444,764982,695083,3.59
2008/1/31,2.94,5.23,2.6,0.79,4.5,5.59,1.33,1.47,-0.58,-1.77,-6.04,0.03,0.06,0.27,0.46,0.14,3.32,7.45,3.92,0.79,3.34,5.24,0.85,1.94,-1.2,-3.95,-1.79,0.09,0.08,-0.21,0.11,0.11,5.33,14.52,6.04,0.81,2.96,5.75,0.84,1.67,2.13,5.44,16.13,-0.72,1.21,0.07,0.18,-0.58,-0.32,-4.55,2.67,1.05,1.07,5.64,0.85,1.05,-0.23,-0.85,-4.09,0.08,1.2,0.36,0.55,-1.06,0.35,0.65,2.23,1.05,1.59,1.02,-0.34,-4.4,-0.21,0.3,-4.84,0.03,-1.05,-0.06,-0.02,0.6,2.73,2.62,2.35,1.23,0,7521.095215,31.345,722506,678769,1.99
2008/2/29,3.87,9.69,1.66,1.29,4.22,5.5,0.87,-1.03,1.28,2.18,-5.47,0.55,0.45,0.07,1.58,5.55,2.94,5.23,2.6,0.79,4.5,5.59,1.33,1.47,-0.58,-1.77,-6.04,0.03,0.06,0.27,0.46,0.14,4.8,12.54,2.76,0.85,4.21,5.55,0.74,2.02,-0.59,-2.47,1.16,0.04,0.83,-0.17,-0.12,0.01,1.61,2.31,3.54,0.92,0.77,5.97,0.66,1.89,1.32,5.51,-3.86,0.08,-0.06,0.27,-0.15,0.11,1.75,-0.18,2.63,1.11,1.62,1.06,1.6,10.38,0.38,-1.99,-4.59,0.05,0.72,0.15,2.05,8.21,2.7,2.73,2.46,1.73,1.82,8412.719727,31.188,569280,522180,7.5
2008/3/31,3.96,9.32,3.74,1.11,3.83,4.68,0.49,1.75,-1.08,-1,-2.03,-0.23,-0.23,0.35,-2.05,-4.01,3.87,9.69,1.66,1.29,4.22,5.5,0.87,-1.03,1.28,2.18,-5.47,0.55,0.45,0.07,1.58,5.55,3.32,7.45,3.92,0.79,3.34,5.24,0.85,1.94,-1.2,-3.95,-1.79,0.09,0.08,-0.21,0.11,0.11,3.12,7.72,3.46,0.76,0.73,6.09,0.68,2.45,0.93,3.76,-2.24,0.06,-0.66,0.2,-0.4,0.88,0.83,0.25,0.2,1.02,1.75,2.13,0.27,1.62,-1.17,-0.66,-3.99,-0.04,0.14,1.13,-1.68,-6.63,3.18,2.7,2.62,2.07,0.7,8572.549805,30.163,756963,762426,6.69
2008/4/30,3.88,9.71,1.02,1.21,3.94,3.42,0.88,1.4,1.08,1.22,15.38,0.11,0.72,0.17,0.44,0.41,3.96,9.32,3.74,1.11,3.83,4.68,0.49,1.75,-1.08,-1,-2.03,-0.23,-0.23,0.35,-2.05,-4.01,2.94,5.23,2.6,0.79,4.5,5.59,1.33,1.47,-0.58,-1.77,-6.04,0.03,0.06,0.27,0.46,0.14,5.33,14.52,6.04,0.81,2.96,5.75,0.84,1.67,2.13,5.44,16.13,-0.72,1.21,0.07,0.18,-0.58,0.68,-0.63,1.11,1.02,1.94,3.27,0.36,1.2,1.16,0.86,18.48,0.01,0.61,1.39,0.05,0.75,3.28,3.18,2.73,2.35,0.74,8919.878906,29.74,689818,665150,3.93
2008/5/31,3.72,9.3,1.93,1.23,3.97,1.25,0.95,1.07,0.05,0.07,0.59,0.12,0,0.06,0.04,-0.38,3.88,9.71,1.02,1.21,3.94,3.42,0.88,1.4,1.08,1.22,15.38,0.11,0.72,0.17,0.44,0.41,3.87,9.69,1.66,1.29,4.22,5.5,0.87,-1.03,1.28,2.18,-5.47,0.55,0.45,0.07,1.58,5.55,4.8,12.54,2.76,0.85,4.21,5.55,0.74,2.02,-0.59,-2.47,1.16,0.04,0.83,-0.17,-0.12,0.01,-0.02,-2.42,1.99,1.03,0.58,5.52,0.34,-0.69,0.2,0.44,-0.31,0.1,-0.03,2.2,-0.02,-0.05,3.4,3.28,2.7,2.46,0.73,8619.040039,29.885,726523,661477,6.29
2008/6/30,4.97,11.87,1.45,1.74,6.49,1.41,1.23,1.93,1.83,3.69,-3.4,1.53,2.76,-0.03,0.61,0.97,3.72,9.3,1.93,1.23,3.97,1.25,0.95,1.07,0.05,0.07,0.59,0.12,0,0.06,0.04,-0.38,3.96,9.32,3.74,1.11,3.83,4.68,0.49,1.75,-1.08,-1,-2.03,-0.23,-0.23,0.35,-2.05,-4.01,3.32,7.45,3.92,0.79,3.34,5.24,0.85,1.94,-1.2,-3.95,-1.79,0.09,0.08,-0.21,0.11,0.11,0.13,-3,2.38,1.36,0.9,5.21,0.46,1.36,0.62,1.3,-2.94,1.02,0.33,-0.19,0.33,0.12,3.91,3.4,3.18,2.62,1.04,7523.505371,29.684,745764,703431,6.41
2008/7/31,5.81,13.6,0.99,2.01,6.87,1.17,2.13,2.71,0.56,0.68,-4.53,0.34,1.56,0.12,1.45,-0.29,4.97,11.87,1.45,1.74,6.49,1.41,1.23,1.93,1.83,3.69,-3.4,1.53,2.76,-0.03,0.61,0.97,3.88,9.71,1.02,1.21,3.94,3.42,0.88,1.4,1.08,1.22,15.38,0.11,0.72,0.17,0.44,0.41,2.94,5.23,2.6,0.79,4.5,5.59,1.33,1.47,-0.58,-1.77,-6.04,0.03,0.06,0.27,0.46,0.14,-0.32,-4.55,2.67,1.05,1.07,5.64,0.85,1.05,-0.23,-0.85,-4.09,0.08,1.2,0.36,0.55,-1.06,4.29,3.91,3.28,2.73,1.23,7024.02832,29.658,701677,718398,1.23
2008/8/31,4.69,10.22,0.22,1.99,5.42,1.16,2.23,1.83,0.25,2.37,-4.59,0.06,-1.42,0.27,-0.06,-0.75,5.81,13.6,0.99,2.01,6.87,1.17,2.13,2.71,0.56,0.68,-4.53,0.34,1.56,0.12,1.45,-0.29,3.72,9.3,1.93,1.23,3.97,1.25,0.95,1.07,0.05,0.07,0.59,0.12,0,0.06,0.04,-0.38,3.87,9.69,1.66,1.29,4.22,5.5,0.87,-1.03,1.28,2.18,-5.47,0.55,0.45,0.07,1.58,5.55,1.61,2.31,3.54,0.92,0.77,5.97,0.66,1.89,1.32,5.51,-3.86,0.08,-0.06,0.27,-0.15,0.11,3.99,4.29,3.4,2.7,1.73,7046.078125,30.267,783723,784933,15.48
2008/9/30,3.1,5.64,0.38,2.04,3.49,1.05,1.85,1.9,-0.6,-0.55,-2.09,0.11,-2.48,0.09,-0.77,0.95,4.69,10.22,0.22,1.99,5.42,1.16,2.23,1.83,0.25,2.37,-4.59,0.06,-1.42,0.27,-0.06,-0.75,4.97,11.87,1.45,1.74,6.49,1.41,1.23,1.93,1.83,3.69,-3.4,1.53,2.76,-0.03,0.61,0.97,3.96,9.32,3.74,1.11,3.83,4.68,0.49,1.75,-1.08,-1,-2.03,-0.23,-0.23,0.35,-2.05,-4.01,3.12,7.72,3.46,0.76,0.73,6.09,0.68,2.45,0.93,3.76,-2.24,0.06,-0.66,0.2,-0.4,0.88,3.53,3.99,3.91,3.18,2.07,5719.254395,31.032,700315,672450,-1.85
2008/10/31,2.38,5.54,0.6,2.18,-0.74,0.94,1.73,1.61,1.41,5.34,16.38,-0.58,-2.92,-0.04,0.07,-0.87,3.1,5.64,0.38,2.04,3.49,1.05,1.85,1.9,-0.6,-0.55,-2.09,0.11,-2.48,0.09,-0.77,0.95,5.81,13.6,0.99,2.01,6.87,1.17,2.13,2.71,0.56,0.68,-4.53,0.34,1.56,0.12,1.45,-0.29,3.88,9.71,1.02,1.21,3.94,3.42,0.88,1.4,1.08,1.22,15.38,0.11,0.72,0.17,0.44,0.41,5.33,14.52,6.04,0.81,2.96,5.75,0.84,1.67,2.13,5.44,16.13,-0.72,1.21,0.07,0.18,-0.58,3.16,3.53,4.29,3.28,2.35,4870.637695,31.541,674820,579078,10.35
2008/11/30,1.93,6.92,0.34,1.79,-5.59,1.26,1.25,1.53,-1.03,-1.19,0.89,-0.34,-4.1,0.16,-0.59,-0.07,2.38,5.54,0.6,2.18,-0.74,0.94,1.73,1.61,1.41,5.34,16.38,-0.58,-2.92,-0.04,0.07,-0.87,4.69,10.22,0.22,1.99,5.42,1.16,2.23,1.83,0.25,2.37,-4.59,0.06,-1.42,0.27,-0.06,-0.75,3.72,9.3,1.93,1.23,3.97,1.25,0.95,1.07,0.05,0.07,0.59,0.12,0,0.06,0.04,-0.38,4.8,12.54,2.76,0.85,4.21,5.55,0.74,2.02,-0.59,-2.47,1.16,0.04,0.83,-0.17,-0.12,0.01,2.67,3.16,3.99,3.4,2.46,4460.469727,32.029,559952,509869,5.62
2008/12/31,1.27,6.6,-2.36,1.06,-7.5,1.47,0.78,1.86,-1.83,-4.24,-4.43,-0.64,-1.94,-0.01,-0.35,0.44,1.93,6.92,0.34,1.79,-5.59,1.26,1.25,1.53,-1.03,-1.19,0.89,-0.34,-4.1,0.16,-0.59,-0.07,3.1,5.64,0.38,2.04,3.49,1.05,1.85,1.9,-0.6,-0.55,-2.09,0.11,-2.48,0.09,-0.77,0.95,4.97,11.87,1.45,1.74,6.49,1.41,1.23,1.93,1.83,3.69,-3.4,1.53,2.76,-0.03,0.61,0.97,3.32,7.45,3.92,0.79,3.34,5.24,0.85,1.94,-1.2,-3.95,-1.79,0.09,0.08,-0.21,0.11,0.11,2.32,2.67,3.53,3.91,2.62,4591.199219,31.637,458504,398335,0.58
2009/1/31,1.47,5.29,-2.35,1.09,-6.54,0.79,1.53,6.26,-0.38,-2.98,-6.03,0.06,1.1,-0.4,1.21,4.46,1.27,6.6,-2.36,1.06,-7.5,1.47,0.78,1.86,-1.83,-4.24,-4.43,-0.64,-1.94,-0.01,-0.35,0.44,2.38,5.54,0.6,2.18,-0.74,0.94,1.73,1.61,1.41,5.34,16.38,-0.58,-2.92,-0.04,0.07,-0.87,5.81,13.6,0.99,2.01,6.87,1.17,2.13,2.71,0.56,0.68,-4.53,0.34,1.56,0.12,1.45,-0.29,2.94,5.23,2.6,0.79,4.5,5.59,1.33,1.47,-0.58,-1.77,-6.04,0.03,0.06,0.27,0.46,0.14,2.73,2.32,3.16,4.29,2.73,4247.950195,32.183,413054,301279,3.32
2009/2/28,-1.34,0.75,-1.83,0.24,-7.1,0.96,-2.11,-2.94,-1.53,-2.23,-4.97,-0.3,-0.16,0.24,-2.06,-3.59,1.47,5.29,-2.35,1.09,-6.54,0.79,1.53,6.26,-0.38,-2.98,-6.03,0.06,1.1,-0.4,1.21,4.46,1.93,6.92,0.34,1.79,-5.59,1.26,1.25,1.53,-1.03,-1.19,0.89,-0.34,-4.1,0.16,-0.59,-0.07,4.69,10.22,0.22,1.99,5.42,1.16,2.23,1.83,0.25,2.37,-4.59,0.06,-1.42,0.27,-0.06,-0.75,3.87,9.69,1.66,1.29,4.22,5.5,0.87,-1.03,1.28,2.18,-5.47,0.55,0.45,0.07,1.58,5.55,0.54,2.73,2.67,3.99,2.7,4557.128906,32.996,430083,372657,3.2
2009/3/31,-0.15,2.46,-1.9,0.43,-6.59,0.6,-0.33,1.24,0.11,0.68,-2.1,-0.03,0.31,-0.01,-0.27,0.13,-1.34,0.75,-1.83,0.24,-7.1,0.96,-2.11,-2.94,-1.53,-2.23,-4.97,-0.3,-0.16,0.24,-2.06,-3.59,1.27,6.6,-2.36,1.06,-7.5,1.47,0.78,1.86,-1.83,-4.24,-4.43,-0.64,-1.94,-0.01,-0.35,0.44,3.1,5.64,0.38,2.04,3.49,1.05,1.85,1.9,-0.6,-0.55,-2.09,0.11,-2.48,0.09,-0.77,0.95,3.96,9.32,3.74,1.11,3.83,4.68,0.49,1.75,-1.08,-1,-2.03,-0.23,-0.23,0.35,-2.05,-4.01,0.92,0.54,2.32,3.53,3.18,5210.815918,33.132,544313,431293,-1.13
2009/4/30,-0.46,1.5,-1.02,0.17,-6.03,0.49,-0.71,0.86,0.76,0.26,16.42,-0.15,1.32,0.07,0.05,0.02,-0.15,2.46,-1.9,0.43,-6.59,0.6,-0.33,1.24,0.11,0.68,-2.1,-0.03,0.31,-0.01,-0.27,0.13,1.47,5.29,-2.35,1.09,-6.54,0.79,1.53,6.26,-0.38,-2.98,-6.03,0.06,1.1,-0.4,1.21,4.46,2.38,5.54,0.6,2.18,-0.74,0.94,1.73,1.61,1.41,5.34,16.38,-0.58,-2.92,-0.04,0.07,-0.87,3.88,9.71,1.02,1.21,3.94,3.42,0.88,1.4,1.08,1.22,15.38,0.11,0.72,0.17,0.44,0.41,0.5,0.92,2.73,3.16,3.28,5992.541992,32.431,503441,435283,0.02
2009/5/31,-0.09,3.02,-1.61,0,-5.36,0.3,-1.22,1.21,0.42,1.57,-0.01,-0.05,0.72,-0.13,-0.47,-0.04,-0.46,1.5,-1.02,0.17,-6.03,0.49,-0.71,0.86,0.76,0.26,16.42,-0.15,1.32,0.07,0.05,0.02,-1.34,0.75,-1.83,0.24,-7.1,0.96,-2.11,-2.94,-1.53,-2.23,-4.97,-0.3,-0.16,0.24,-2.06,-3.59,1.93,6.92,0.34,1.79,-5.59,1.26,1.25,1.53,-1.03,-1.19,0.89,-0.34,-4.1,0.16,-0.59,-0.07,3.72,9.3,1.93,1.23,3.97,1.25,0.95,1.07,0.05,0.07,0.59,0.12,0,0.06,0.04,-0.38,0.2,0.5,0.54,2.67,3.4,6890.408203,31.766,541824,438584,3.56
2009/6/30,-1.99,-2.28,-1.8,-0.44,-6.73,1.14,-2.11,0.95,-0.1,-1.65,-3.59,1.08,1.26,0.81,-0.29,0.72,-0.09,3.02,-1.61,0,-5.36,0.3,-1.22,1.21,0.42,1.57,-0.01,-0.05,0.72,-0.13,-0.47,-0.04,-0.15,2.46,-1.9,0.43,-6.59,0.6,-0.33,1.24,0.11,0.68,-2.1,-0.03,0.31,-0.01,-0.27,0.13,1.27,6.6,-2.36,1.06,-7.5,1.47,0.78,1.86,-1.83,-4.24,-4.43,-0.64,-1.94,-0.01,-0.35,0.44,4.97,11.87,1.45,1.74,6.49,1.41,1.23,1.93,1.83,3.69,-3.4,1.53,2.76,-0.03,0.61,0.97,-0.53,0.2,0.92,2.32,3.91,6432.130371,31.508,558158,503936,-1.33
2009/7/31,-2.34,-2.64,-1.32,-0.65,-8.19,1.17,-2.53,1.96,0.2,0.32,-4.05,0.13,-0.02,0.14,1.01,0.7,-1.99,-2.28,-1.8,-0.44,-6.73,1.14,-2.11,0.95,-0.1,-1.65,-3.59,1.08,1.26,0.81,-0.29,0.72,-0.46,1.5,-1.02,0.17,-6.03,0.49,-0.71,0.86,0.76,0.26,16.42,-0.15,1.32,0.07,0.05,0.02,1.47,5.29,-2.35,1.09,-6.54,0.79,1.53,6.26,-0.38,-2.98,-6.03,0.06,1.1,-0.4,1.21,4.46,5.81,13.6,0.99,2.01,6.87,1.17,2.13,2.71,0.56,0.68,-4.53,0.34,1.56,0.12,1.45,-0.29,-0.86,-0.53,0.5,2.73,4.29,7077.677734,31.633,572066,512229,4.8
2009/8/31,-0.82,1.37,-0.7,-0.69,-6.24,0.73,-2.63,3.7,1.81,6.58,-4,0.02,0.67,-0.17,-0.16,0.95,-2.34,-2.64,-1.32,-0.65,-8.19,1.17,-2.53,1.96,0.2,0.32,-4.05,0.13,-0.02,0.14,1.01,0.7,-0.09,3.02,-1.61,0,-5.36,0.3,-1.22,1.21,0.42,1.57,-0.01,-0.05,0.72,-0.13,-0.47,-0.04,-1.34,0.75,-1.83,0.24,-7.1,0.96,-2.11,-2.94,-1.53,-2.23,-4.97,-0.3,-0.16,0.24,-2.06,-3.59,4.69,10.22,0.22,1.99,5.42,1.16,2.23,1.83,0.25,2.37,-4.59,0.06,-1.42,0.27,-0.06,-0.75,-0.74,-0.86,0.2,0.54,3.99,6825.918945,31.766,627968,566495,-9.93
2009/9/30,-0.89,1.27,-0.83,-1.81,-4.02,0.47,-2.78,3.39,-0.67,-0.65,-2.21,-1.02,-0.17,-0.17,-0.92,0.65,-0.82,1.37,-0.7,-0.69,-6.24,0.73,-2.63,3.7,1.81,6.58,-4,0.02,0.67,-0.17,-0.16,0.95,-1.99,-2.28,-1.8,-0.44,-6.73,1.14,-2.11,0.95,-0.1,-1.65,-3.59,1.08,1.26,0.81,-0.29,0.72,-0.15,2.46,-1.9,0.43,-6.59,0.6,-0.33,1.24,0.11,0.68,-2.1,-0.03,0.31,-0.01,-0.27,0.13,3.1,5.64,0.38,2.04,3.49,1.05,1.85,1.9,-0.6,-0.55,-2.09,0.11,-2.48,0.09,-0.77,0.95,-0.91,-0.74,-0.53,0.92,3.53,7509.135742,31.508,630778,547845,2.79
2009/10/31,-1.89,-4.54,1.73,-1.23,-0.79,0.2,-3.09,3.91,0.39,-0.71,19.38,0.01,0.34,-0.31,-0.25,-0.37,-0.89,1.27,-0.83,-1.81,-4.02,0.47,-2.78,3.39,-0.67,-0.65,-2.21,-1.02,-0.17,-0.17,-0.92,0.65,-2.34,-2.64,-1.32,-0.65,-8.19,1.17,-2.53,1.96,0.2,0.32,-4.05,0.13,-0.02,0.14,1.01,0.7,-0.46,1.5,-1.02,0.17,-6.03,0.49,-0.71,0.86,0.76,0.26,16.42,-0.15,1.32,0.07,0.05,0.02,2.38,5.54,0.6,2.18,-0.74,0.94,1.73,1.61,1.41,5.34,16.38,-0.58,-2.92,-0.04,0.07,-0.87,-0.83,-0.91,-0.86,0.5,3.16,7340.046387,31.25,645216,543816,-3.83
2009/11/30,-1.6,-6.5,0.58,-0.82,4.81,0.02,-2.77,4.11,-0.74,-3.21,-0.24,0.07,1.31,-0.02,-0.27,0.12,-1.89,-4.54,1.73,-1.23,-0.79,0.2,-3.09,3.91,0.39,-0.71,19.38,0.01,0.34,-0.31,-0.25,-0.37,-0.82,1.37,-0.7,-0.69,-6.24,0.73,-2.63,3.7,1.81,6.58,-4,0.02,0.67,-0.17,-0.16,0.95,-0.09,3.02,-1.61,0,-5.36,0.3,-1.22,1.21,0.42,1.57,-0.01,-0.05,0.72,-0.13,-0.47,-0.04,1.93,6.92,0.34,1.79,-5.59,1.26,1.25,1.53,-1.03,-1.19,0.89,-0.34,-4.1,0.16,-0.59,-0.07,-0.8,-0.83,-0.74,0.2,2.67,7582.174805,31.377,653171,588384,1.33
2009/12/31,-0.25,-3.52,2.05,-0.25,6.66,0.18,-2.59,4.14,-0.48,-1.19,-3.04,-0.06,-0.21,0.14,-0.17,0.47,-1.6,-6.5,0.58,-0.82,4.81,0.02,-2.77,4.11,-0.74,-3.21,-0.24,0.07,1.31,-0.02,-0.27,0.12,-0.89,1.27,-0.83,-1.81,-4.02,0.47,-2.78,3.39,-0.67,-0.65,-2.21,-1.02,-0.17,-0.17,-0.92,0.65,-1.99,-2.28,-1.8,-0.44,-6.73,1.14,-2.11,0.95,-0.1,-1.65,-3.59,1.08,1.26,0.81,-0.29,0.72,1.27,6.6,-2.36,1.06,-7.5,1.47,0.78,1.86,-1.83,-4.24,-4.43,-0.64,-1.94,-0.01,-0.35,0.44,-0.69,-0.8,-0.91,-0.53,2.32,8188.072266,31.137,649437,598012,3.25
2010/1/31,0.26,-0.21,3.34,-0.18,6.87,0.63,-3.56,-0.75,0.12,0.35,-4.84,0.13,1.29,0.04,0.2,-0.45,-0.25,-3.52,2.05,-0.25,6.66,0.18,-2.59,4.14,-0.48,-1.19,-3.04,-0.06,-0.21,0.14,-0.17,0.47,-1.89,-4.54,1.73,-1.23,-0.79,0.2,-3.09,3.91,0.39,-0.71,19.38,0.01,0.34,-0.31,-0.25,-0.37,-2.34,-2.64,-1.32,-0.65,-8.19,1.17,-2.53,1.96,0.2,0.32,-4.05,0.13,-0.02,0.14,1.01,0.7,1.47,5.29,-2.35,1.09,-6.54,0.79,1.53,6.26,-0.38,-2.98,-6.03,0.06,1.1,-0.4,1.21,4.46,-1.08,-0.69,-0.83,-0.86,2.73,7640.404785,30.802,700012,624668,5.46
2010/2/28,2.35,1.59,3.32,0.46,6.3,0.35,0.82,8.78,0.53,-0.47,-4.99,0.34,-0.69,-0.04,2.39,5.67,0.26,-0.21,3.34,-0.18,6.87,0.63,-3.56,-0.75,0.12,0.35,-4.84,0.13,1.29,0.04,0.2,-0.45,-1.6,-6.5,0.58,-0.82,4.81,0.02,-2.77,4.11,-0.74,-3.21,-0.24,0.07,1.31,-0.02,-0.27,0.12,-0.82,1.37,-0.7,-0.69,-6.24,0.73,-2.63,3.7,1.81,6.58,-4,0.02,0.67,-0.17,-0.16,0.95,-1.34,0.75,-1.83,0.24,-7.1,0.96,-2.11,-2.94,-1.53,-2.23,-4.97,-0.3,-0.16,0.24,-2.06,-3.59,1.23,-1.08,-0.8,-0.74,0.54,7436.065918,30.944,538787,513752,-3.65
2010/3/31,1.26,0.9,2.62,0.27,5.64,0.56,-1.2,3.67,-0.95,-0.01,-2.76,-0.22,-0.3,0.2,-2.27,-4.57,2.35,1.59,3.32,0.46,6.3,0.35,0.82,8.78,0.53,-0.47,-4.99,0.34,-0.69,-0.04,2.39,5.67,-0.25,-3.52,2.05,-0.25,6.66,0.18,-2.59,4.14,-0.48,-1.19,-3.04,-0.06,-0.21,0.14,-0.17,0.47,-0.89,1.27,-0.83,-1.81,-4.02,0.47,-2.78,3.39,-0.67,-0.65,-2.21,-1.02,-0.17,-0.17,-0.92,0.65,-0.15,2.46,-1.9,0.43,-6.59,0.6,-0.33,1.24,0.11,0.68,-2.1,-0.03,0.31,-0.01,-0.27,0.13,0.23,1.23,-0.69,-0.91,0.92,7920.022949,30.802,753214,715876,3.42
2010/4/30,1.35,1.32,0.59,0.48,4.56,0.79,-0.89,4.44,0.84,0.68,14.11,0.06,0.29,0.3,0.36,0.76,1.26,0.9,2.62,0.27,5.64,0.56,-1.2,3.67,-0.95,-0.01,-2.76,-0.22,-0.3,0.2,-2.27,-4.57,0.26,-0.21,3.34,-0.18,6.87,0.63,-3.56,-0.75,0.12,0.35,-4.84,0.13,1.29,0.04,0.2,-0.45,-1.89,-4.54,1.73,-1.23,-0.79,0.2,-3.09,3.91,0.39,-0.71,19.38,0.01,0.34,-0.31,-0.25,-0.37,-0.46,1.5,-1.02,0.17,-6.03,0.49,-0.71,0.86,0.76,0.26,16.42,-0.15,1.32,0.07,0.05,0.02,0.39,0.23,-1.08,-0.83,0.5,8004.212402,30.439,699261,632465,5.41
2010/5/31,0.75,-0.36,0.59,0.56,3.79,0.87,-0.47,2.96,-0.17,-0.12,-0.01,0.02,-0.02,-0.06,-0.05,-1.46,1.35,1.32,0.59,0.48,4.56,0.79,-0.89,4.44,0.84,0.68,14.11,0.06,0.29,0.3,0.36,0.76,2.35,1.59,3.32,0.46,6.3,0.35,0.82,8.78,0.53,-0.47,-4.99,0.34,-0.69,-0.04,2.39,5.67,-1.6,-6.5,0.58,-0.82,4.81,0.02,-2.77,4.11,-0.74,-3.21,-0.24,0.07,1.31,-0.02,-0.27,0.12,-0.09,3.02,-1.61,0,-5.36,0.3,-1.22,1.21,0.42,1.57,-0.01,-0.05,0.72,-0.13,-0.47,-0.04,0.38,0.39,1.23,-0.8,0.2,7373.945801,30.779,811102,716164,2.37
2010/6/30,1.21,1.66,1.57,0.54,1.64,-0.03,-0.22,4.48,0.35,0.35,-2.66,1.07,-0.84,-0.1,-0.03,2.21,0.75,-0.36,0.59,0.56,3.79,0.87,-0.47,2.96,-0.17,-0.12,-0.01,0.02,-0.02,-0.06,-0.05,-1.46,1.26,0.9,2.62,0.27,5.64,0.56,-1.2,3.67,-0.95,-0.01,-2.76,-0.22,-0.3,0.2,-2.27,-4.57,-0.25,-3.52,2.05,-0.25,6.66,0.18,-2.59,4.14,-0.48,-1.19,-3.04,-0.06,-0.21,0.14,-0.17,0.47,-1.99,-2.28,-1.8,-0.44,-6.73,1.14,-2.11,0.95,-0.1,-1.65,-3.59,1.08,1.26,0.81,-0.29,0.72,0.81,0.38,0.23,-0.69,-0.53,7329.336426,31.028,742076,696847,8.05
2010/7/31,1.32,2.19,2.35,0.4,1.53,-0.35,0.53,3.02,0.31,0.84,-3.32,-0.01,-0.13,-0.18,1.77,-0.7,1.21,1.66,1.57,0.54,1.64,-0.03,-0.22,4.48,0.35,0.35,-2.66,1.07,-0.84,-0.1,-0.03,2.21,1.35,1.32,0.59,0.48,4.56,0.79,-0.89,4.44,0.84,0.68,14.11,0.06,0.29,0.3,0.36,0.76,0.26,-0.21,3.34,-0.18,6.87,0.63,-3.56,-0.75,0.12,0.35,-4.84,0.13,1.29,0.04,0.2,-0.45,-2.34,-2.64,-1.32,-0.65,-8.19,1.17,-2.53,1.96,0.2,0.32,-4.05,0.13,-0.02,0.14,1.01,0.7,0.87,0.81,0.39,-1.08,-0.86,7760.594238,30.984,775863,712633,4.54
2010/8/31,-0.48,-3.3,2.47,0.3,1.02,-0.04,0.29,1.75,0.01,0.85,-3.89,-0.08,0.17,0.14,-0.41,-0.3,1.32,2.19,2.35,0.4,1.53,-0.35,0.53,3.02,0.31,0.84,-3.32,-0.01,-0.13,-0.18,1.77,-0.7,0.75,-0.36,0.59,0.56,3.79,0.87,-0.47,2.96,-0.17,-0.12,-0.01,0.02,-0.02,-0.06,-0.05,-1.46,2.35,1.59,3.32,0.46,6.3,0.35,0.82,8.78,0.53,-0.47,-4.99,0.34,-0.69,-0.04,2.39,5.67,-0.82,1.37,-0.7,-0.69,-6.24,0.73,-2.63,3.7,1.81,6.58,-4,0.02,0.67,-0.17,-0.16,0.95,0.51,0.87,0.38,1.23,-0.74,7616.244629,30.837,777308,706870,16.97
2010/9/30,0.3,-2.02,3,1.44,0.88,0.88,0.82,1.31,0.1,0.66,-1.69,0.12,-0.31,0.75,-0.4,0.22,-0.48,-3.3,2.47,0.3,1.02,-0.04,0.29,1.75,0.01,0.85,-3.89,-0.08,0.17,0.14,-0.41,-0.3,1.21,1.66,1.57,0.54,1.64,-0.03,-0.22,4.48,0.35,0.35,-2.66,1.07,-0.84,-0.1,-0.03,2.21,1.26,0.9,2.62,0.27,5.64,0.56,-1.2,3.67,-0.95,-0.01,-2.76,-0.22,-0.3,0.2,-2.27,-4.57,-0.89,1.27,-0.83,-1.81,-4.02,0.47,-2.78,3.39,-0.67,-0.65,-2.21,-1.02,-0.17,-0.17,-0.92,0.65,0.85,0.51,0.81,0.23,-0.91,8237.740234,30.696,723662,666669,6.97
2010/10/31,0.58,0.24,-1.16,0.36,1.28,1.17,1.13,0.34,0.67,1.58,14.55,-1.05,0.74,-0.02,0.06,-1.32,0.3,-2.02,3,1.44,0.88,0.88,0.82,1.31,0.1,0.66,-1.69,0.12,-0.31,0.75,-0.4,0.22,1.32,2.19,2.35,0.4,1.53,-0.35,0.53,3.02,0.31,0.84,-3.32,-0.01,-0.13,-0.18,1.77,-0.7,1.35,1.32,0.59,0.48,4.56,0.79,-0.89,4.44,0.84,0.68,14.11,0.06,0.29,0.3,0.36,0.76,-1.89,-4.54,1.73,-1.23,-0.79,0.2,-3.09,3.91,0.39,-0.71,19.38,0.01,0.34,-0.31,-0.25,-0.37,0.7,0.85,0.87,0.39,-0.83,8287.049805,29.842,761468,669733,7.93
2010/11/30,1.52,3.63,1.12,0.33,0.4,1.27,1.15,1.19,0.19,0.06,2.07,0.04,0.43,0.08,-0.26,0.97,0.58,0.24,-1.16,0.36,1.28,1.17,1.13,0.34,0.67,1.58,14.55,-1.05,0.74,-0.02,0.06,-1.32,-0.48,-3.3,2.47,0.3,1.02,-0.04,0.29,1.75,0.01,0.85,-3.89,-0.08,0.17,0.14,-0.41,-0.3,0.75,-0.36,0.59,0.56,3.79,0.87,-0.47,2.96,-0.17,-0.12,-0.01,0.02,-0.02,-0.06,-0.05,-1.46,-1.6,-6.5,0.58,-0.82,4.81,0.02,-2.77,4.11,-0.74,-3.21,-0.24,0.07,1.31,-0.02,-0.27,0.12,1.06,0.7,0.51,0.38,-0.8,8372.44043,29.264,748230,735702,6.49
2010/12/31,1.23,2.17,1.34,0.61,0.91,1.48,1.17,0.75,-0.76,-2.58,-2.84,0.21,0.29,0.35,-0.14,0.04,1.52,3.63,1.12,0.33,0.4,1.27,1.15,1.19,0.19,0.06,2.07,0.04,0.43,0.08,-0.26,0.97,0.3,-2.02,3,1.44,0.88,0.88,0.82,1.31,0.1,0.66,-1.69,0.12,-0.31,0.75,-0.4,0.22,1.21,1.66,1.57,0.54,1.64,-0.03,-0.22,4.48,0.35,0.35,-2.66,1.07,-0.84,-0.1,-0.03,2.21,-0.25,-3.52,2.05,-0.25,6.66,0.18,-2.59,4.14,-0.48,-1.19,-3.04,-0.06,-0.21,0.14,-0.17,0.47,1.1,1.06,0.85,0.81,-0.69,8972.458984,28.9,726401,682222,6.36
2011/1/31,1.1,2.02,0.83,0.45,0.52,1.47,1.43,0.39,-0.01,0.2,-5.31,-0.03,0.9,0.03,0.45,-0.81,1.23,2.17,1.34,0.61,0.91,1.48,1.17,0.75,-0.76,-2.58,-2.84,0.21,0.29,0.35,-0.14,0.04,0.58,0.24,-1.16,0.36,1.28,1.17,1.13,0.34,0.67,1.58,14.55,-1.05,0.74,-0.02,0.06,-1.32,1.32,2.19,2.35,0.4,1.53,-0.35,0.53,3.02,0.31,0.84,-3.32,-0.01,-0.13,-0.18,1.77,-0.7,0.26,-0.21,3.34,-0.18,6.87,0.63,-3.56,-0.75,0.12,0.35,-4.84,0.13,1.29,0.04,0.2,-0.45,1.07,1.1,0.7,0.87,-1.08,9145.307617,28.192,750594,706147,1.23
2011/2/28,1.33,2.71,2.09,0.51,1.46,1.67,0.15,1.11,0.75,0.2,-3.8,0.4,0.24,0.15,1.11,6.42,1.1,2.02,0.83,0.45,0.52,1.47,1.43,0.39,-0.01,0.2,-5.31,-0.03,0.9,0.03,0.45,-0.81,1.52,3.63,1.12,0.33,0.4,1.27,1.15,1.19,0.19,0.06,2.07,0.04,0.43,0.08,-0.26,0.97,-0.48,-3.3,2.47,0.3,1.02,-0.04,0.29,1.75,0.01,0.85,-3.89,-0.08,0.17,0.14,-0.41,-0.3,2.35,1.59,3.32,0.46,6.3,0.35,0.82,8.78,0.53,-0.47,-4.99,0.34,-0.69,-0.04,2.39,5.67,0.92,1.07,1.06,0.51,1.23,8599.610352,28.324,626830,608080,22.7
2011/3/31,1.39,1.87,2.38,0.58,2.6,1.82,0.82,1.09,-0.88,-0.83,-2.49,-0.16,0.81,0.35,-1.61,-4.58,1.33,2.71,2.09,0.51,1.46,1.67,0.15,1.11,0.75,0.2,-3.8,0.4,0.24,0.15,1.11,6.42,1.23,2.17,1.34,0.61,0.91,1.48,1.17,0.75,-0.76,-2.58,-2.84,0.21,0.29,0.35,-0.14,0.04,0.3,-2.02,3,1.44,0.88,0.88,0.82,1.31,0.1,0.66,-1.69,0.12,-0.31,0.75,-0.4,0.22,1.26,0.9,2.62,0.27,5.64,0.56,-1.2,3.67,-0.95,-0.01,-2.76,-0.22,-0.3,0.2,-2.27,-4.57,1.11,0.92,1.1,0.85,0.23,8683.259766,28.542,814401,774413,3.85
2011/4/30,1.29,1.86,2.02,0.65,2.37,2.03,0.54,0.69,0.74,0.67,13.71,0.14,0.06,0.5,0.08,0.36,1.39,1.87,2.38,0.58,2.6,1.82,0.82,1.09,-0.88,-0.83,-2.49,-0.16,0.81,0.35,-1.61,-4.58,1.1,2.02,0.83,0.45,0.52,1.47,1.43,0.39,-0.01,0.2,-5.31,-0.03,0.9,0.03,0.45,-0.81,0.58,0.24,-1.16,0.36,1.28,1.17,1.13,0.34,0.67,1.58,14.55,-1.05,0.74,-0.02,0.06,-1.32,1.35,1.32,0.59,0.48,4.56,0.79,-0.89,4.44,0.84,0.68,14.11,0.06,0.29,0.3,0.36,0.76,1.1,1.11,1.07,0.7,0.39,9007.829102,28.163,807873,729346,13.65
2011/5/31,1.66,2.8,2.99,0.75,2.06,2.16,0.28,2.01,0.2,0.8,0.94,0.12,-0.32,0.08,-0.31,-0.16,1.29,1.86,2.02,0.65,2.37,2.03,0.54,0.69,0.74,0.67,13.71,0.14,0.06,0.5,0.08,0.36,1.33,2.71,2.09,0.51,1.46,1.67,0.15,1.11,0.75,0.2,-3.8,0.4,0.24,0.15,1.11,6.42,1.52,3.63,1.12,0.33,0.4,1.27,1.15,1.19,0.19,0.06,2.07,0.04,0.43,0.08,-0.26,0.97,0.75,-0.36,0.59,0.56,3.79,0.87,-0.47,2.96,-0.17,-0.12,-0.01,0.02,-0.02,-0.06,-0.05,-1.46,1.34,1.1,0.92,1.06,0.38,8988.798828,27.764,809300,777619,5.25
2011/6/30,1.94,3.33,2.94,0.88,2.66,2.5,0.89,0.97,0.62,0.87,-2.7,1.2,-0.26,0.23,0.58,1.17,1.66,2.8,2.99,0.75,2.06,2.16,0.28,2.01,0.2,0.8,0.94,0.12,-0.32,0.08,-0.31,-0.16,1.39,1.87,2.38,0.58,2.6,1.82,0.82,1.09,-0.88,-0.83,-2.49,-0.16,0.81,0.35,-1.61,-4.58,1.23,2.17,1.34,0.61,0.91,1.48,1.17,0.75,-0.76,-2.58,-2.84,0.21,0.29,0.35,-0.14,0.04,1.21,1.66,1.57,0.54,1.64,-0.03,-0.22,4.48,0.35,0.35,-2.66,1.07,-0.84,-0.1,-0.03,2.21,1.36,1.34,1.11,1.1,0.81,8652.549805,27.903,733316,697656,7.65
2011/7/31,1.32,1.66,2.91,0.98,1.67,2.65,0.65,0.81,-0.29,-0.79,-3.35,0.09,-1.09,-0.03,1.53,-0.86,1.94,3.33,2.94,0.88,2.66,2.5,0.89,0.97,0.62,0.87,-2.7,1.2,-0.26,0.23,0.58,1.17,1.29,1.86,2.02,0.65,2.37,2.03,0.54,0.69,0.74,0.67,13.71,0.14,0.06,0.5,0.08,0.36,1.1,2.02,0.83,0.45,0.52,1.47,1.43,0.39,-0.01,0.2,-5.31,-0.03,0.9,0.03,0.45,-0.81,1.32,2.19,2.35,0.4,1.53,-0.35,0.53,3.02,0.31,0.84,-3.32,-0.01,-0.13,-0.18,1.77,-0.7,1.23,1.36,1.1,1.07,0.87,8644.139648,27.918,821559,732789,8.03
2011/8/31,1.34,1.58,2.17,1.16,1.37,2.63,0.7,1.33,0.03,0.77,-4.58,0.09,-0.13,0.13,-0.36,0.21,1.32,1.66,2.91,0.98,1.67,2.65,0.65,0.81,-0.29,-0.79,-3.35,0.09,-1.09,-0.03,1.53,-0.86,1.66,2.8,2.99,0.75,2.06,2.16,0.28,2.01,0.2,0.8,0.94,0.12,-0.32,0.08,-0.31,-0.16,1.33,2.71,2.09,0.51,1.46,1.67,0.15,1.11,0.75,0.2,-3.8,0.4,0.24,0.15,1.11,6.42,-0.48,-3.3,2.47,0.3,1.02,-0.04,0.29,1.75,0.01,0.85,-3.89,-0.08,0.17,0.14,-0.41,-0.3,1.36,1.23,1.34,0.92,0.51,7741.324219,28.047,755716,680373,5.85
2011/9/30,1.38,1.87,1.42,1.11,1.73,1.97,0.34,1.7,0.13,0.95,-2.41,0.06,0.05,0.11,-0.75,0.59,1.34,1.58,2.17,1.16,1.37,2.63,0.7,1.33,0.03,0.77,-4.58,0.09,-0.13,0.13,-0.36,0.21,1.94,3.33,2.94,0.88,2.66,2.5,0.89,0.97,0.62,0.87,-2.7,1.2,-0.26,0.23,0.58,1.17,1.39,1.87,2.38,0.58,2.6,1.82,0.82,1.09,-0.88,-0.83,-2.49,-0.16,0.81,0.35,-1.61,-4.58,0.3,-2.02,3,1.44,0.88,0.88,0.82,1.31,0.1,0.66,-1.69,0.12,-0.31,0.75,-0.4,0.22,1.25,1.36,1.36,1.11,0.85,7225.34668,28.338,730001,676236,11.01
2011/10/31,1.24,1.02,7.29,1.15,0.78,1.87,0.26,2.1,0.54,0.73,21.19,-1.01,-0.21,-0.12,-0.02,-0.93,1.38,1.87,1.42,1.11,1.73,1.97,0.34,1.7,0.13,0.95,-2.41,0.06,0.05,0.11,-0.75,0.59,1.32,1.66,2.91,0.98,1.67,2.65,0.65,0.81,-0.29,-0.79,-3.35,0.09,-1.09,-0.03,1.53,-0.86,1.29,1.86,2.02,0.65,2.37,2.03,0.54,0.69,0.74,0.67,13.71,0.14,0.06,0.5,0.08,0.36,0.58,0.24,-1.16,0.36,1.28,1.17,1.13,0.34,0.67,1.58,14.55,-1.05,0.74,-0.02,0.06,-1.32,1.62,1.25,1.23,1.1,0.7,7587.654785,29.347,835191,733360,11.61
2011/11/30,1.03,1.11,3.51,1.17,0.36,1.92,0.07,1.62,-0.02,0.15,-1.53,0.06,0.02,0.12,-0.44,0.5,1.24,1.02,7.29,1.15,0.78,1.87,0.26,2.1,0.54,0.73,21.19,-1.01,-0.21,-0.12,-0.02,-0.93,1.34,1.58,2.17,1.16,1.37,2.63,0.7,1.33,0.03,0.77,-4.58,0.09,-0.13,0.13,-0.36,0.21,1.66,2.8,2.99,0.75,2.06,2.16,0.28,2.01,0.2,0.8,0.94,0.12,-0.32,0.08,-0.31,-0.16,1.52,3.63,1.12,0.33,0.4,1.27,1.15,1.19,0.19,0.06,2.07,0.04,0.43,0.08,-0.26,0.97,1.37,1.62,1.36,1.34,1.06,6904.088379,29.142,751059,656911,6.51
2011/12/31,2.03,5.38,3.35,0.94,-0.27,1.45,0.15,1.33,0.22,1.54,-2.98,-0.02,-0.34,-0.11,-0.06,-0.25,1.03,1.11,3.51,1.17,0.36,1.92,0.07,1.62,-0.02,0.15,-1.53,0.06,0.02,0.12,-0.44,0.5,1.38,1.87,1.42,1.11,1.73,1.97,0.34,1.7,0.13,0.95,-2.41,0.06,0.05,0.11,-0.75,0.59,1.94,3.33,2.94,0.88,2.66,2.5,0.89,0.97,0.62,0.87,-2.7,1.2,-0.26,0.23,0.58,1.17,1.23,2.17,1.34,0.61,0.91,1.48,1.17,0.75,-0.76,-2.58,-2.84,0.21,0.29,0.35,-0.14,0.04,1.31,1.37,1.25,1.36,1.1,7072.04834,29.237,736582,665829,5.58
2012/1/31,2.36,4.53,1.95,1.24,-0.96,1.45,0.63,8.42,0.31,-0.61,-6.6,0.27,0.21,0.03,0.93,6.14,2.03,5.38,3.35,0.94,-0.27,1.45,0.15,1.33,0.22,1.54,-2.98,-0.02,-0.34,-0.11,-0.06,-0.25,1.24,1.02,7.29,1.15,0.78,1.87,0.26,2.1,0.54,0.73,21.19,-1.01,-0.21,-0.12,-0.02,-0.93,1.32,1.66,2.91,0.98,1.67,2.65,0.65,0.81,-0.29,-0.79,-3.35,0.09,-1.09,-0.03,1.53,-0.86,1.1,2.02,0.83,0.45,0.52,1.47,1.43,0.39,-0.01,0.2,-5.31,-0.03,0.9,0.03,0.45,-0.81,1.92,1.31,1.62,1.23,1.07,7517.04541,29.294,644811,636823,15.89
2012/2/29,0.24,2.11,1.65,0.73,-1.13,1.06,-1.42,-2.96,-1.33,-2.11,-4.08,-0.1,0.07,-0.23,-0.95,-4.75,2.36,4.53,1.95,1.24,-0.96,1.45,0.63,8.42,0.31,-0.61,-6.6,0.27,0.21,0.03,0.93,6.14,1.03,1.11,3.51,1.17,0.36,1.92,0.07,1.62,-0.02,0.15,-1.53,0.06,0.02,0.12,-0.44,0.5,1.34,1.58,2.17,1.16,1.37,2.63,0.7,1.33,0.03,0.77,-4.58,0.09,-0.13,0.13,-0.36,0.21,1.33,2.71,2.09,0.51,1.46,1.67,0.15,1.11,0.75,0.2,-3.8,0.4,0.24,0.15,1.11,6.42,-0.04,1.92,1.37,1.36,0.92,8121.402344,28.933,704962,624067,-0.09
2012/3/31,1.26,3.1,2.03,1.09,-1.74,0.87,0.64,1.68,0.13,0.12,-2.13,0.2,0.2,0.16,0.44,-0.02,0.24,2.11,1.65,0.73,-1.13,1.06,-1.42,-2.96,-1.33,-2.11,-4.08,-0.1,0.07,-0.23,-0.95,-4.75,2.03,5.38,3.35,0.94,-0.27,1.45,0.15,1.33,0.22,1.54,-2.98,-0.02,-0.34,-0.11,-0.06,-0.25,1.38,1.87,1.42,1.11,1.73,1.97,0.34,1.7,0.13,0.95,-2.41,0.06,0.05,0.11,-0.75,0.59,1.39,1.87,2.38,0.58,2.6,1.82,0.82,1.09,-0.88,-0.83,-2.49,-0.16,0.81,0.35,-1.61,-4.58,0.84,-0.04,1.31,1.25,1.11,7932.962891,28.855,789576,729530,9.19
2012/4/30,1.44,2.11,5.7,0.93,0.12,0.65,0.93,2.38,0.92,-0.3,17.8,-0.02,1.95,0.28,0.37,1.05,1.26,3.1,2.03,1.09,-1.74,0.87,0.64,1.68,0.13,0.12,-2.13,0.2,0.2,0.16,0.44,-0.02,2.36,4.53,1.95,1.24,-0.96,1.45,0.63,8.42,0.31,-0.61,-6.6,0.27,0.21,0.03,0.93,6.14,1.24,1.02,7.29,1.15,0.78,1.87,0.26,2.1,0.54,0.73,21.19,-1.01,-0.21,-0.12,-0.02,-0.93,1.29,1.86,2.02,0.65,2.37,2.03,0.54,0.69,0.74,0.67,13.71,0.14,0.06,0.5,0.08,0.36,1.05,0.84,1.92,1.62,1.1,7501.686035,28.744,763893,747186,5.96
2012/5/31,1.75,3.76,2.56,0.83,-0.48,0.48,1.53,2.23,0.5,2.44,-2.06,0.01,-0.92,-0.1,0.29,-0.3,1.44,2.11,5.7,0.93,0.12,0.65,0.93,2.38,0.92,-0.3,17.8,-0.02,1.95,0.28,0.37,1.05,0.24,2.11,1.65,0.73,-1.13,1.06,-1.42,-2.96,-1.33,-2.11,-4.08,-0.1,0.07,-0.23,-0.95,-4.75,1.03,1.11,3.51,1.17,0.36,1.92,0.07,1.62,-0.02,0.15,-1.53,0.06,0.02,0.12,-0.44,0.5,1.66,2.8,2.99,0.75,2.06,2.16,0.28,2.01,0.2,0.8,0.94,0.12,-0.32,0.08,-0.31,-0.16,0.97,1.05,-0.04,1.37,1.34,7301.466309,28.859,777060,710906,7.97
2012/6/30,1.77,4.42,2.07,1.08,-1.33,0.54,1.23,1.79,0.64,1.51,-3.17,1.45,-1.11,0.29,0.29,0.72,1.75,3.76,2.56,0.83,-0.48,0.48,1.53,2.23,0.5,2.44,-2.06,0.01,-0.92,-0.1,0.29,-0.3,1.26,3.1,2.03,1.09,-1.74,0.87,0.64,1.68,0.13,0.12,-2.13,0.2,0.2,0.16,0.44,-0.02,2.03,5.38,3.35,0.94,-0.27,1.45,0.15,1.33,0.22,1.54,-2.98,-0.02,-0.34,-0.11,-0.06,-0.25,1.94,3.33,2.94,0.88,2.66,2.5,0.89,0.97,0.62,0.87,-2.7,1.2,-0.26,0.23,0.58,1.17,0.92,0.97,0.84,1.31,1.36,7296.246094,29.165,738282,662756,5.82
2012/7/31,2.47,6.3,1.33,1.16,0.11,0.51,0.87,2.18,0.39,1,-4.04,0.18,0.35,-0.06,1.17,-0.47,1.77,4.42,2.07,1.08,-1.33,0.54,1.23,1.79,0.64,1.51,-3.17,1.45,-1.11,0.29,0.29,0.72,1.44,2.11,5.7,0.93,0.12,0.65,0.93,2.38,0.92,-0.3,17.8,-0.02,1.95,0.28,0.37,1.05,2.36,4.53,1.95,1.24,-0.96,1.45,0.63,8.42,0.31,-0.61,-6.6,0.27,0.21,0.03,0.93,6.14,1.32,1.66,2.91,0.98,1.67,2.65,0.65,0.81,-0.29,-0.79,-3.35,0.09,-1.09,-0.03,1.53,-0.86,1.04,0.92,1.05,1.92,1.23,7270.456543,29.154,755189,741100,8
2012/8/31,3.43,8.7,2.77,1.27,1.91,0.37,0.92,1.82,0.97,3.05,-3.23,0.21,1.67,-0.01,-0.31,-0.15,2.47,6.3,1.33,1.16,0.11,0.51,0.87,2.18,0.39,1,-4.04,0.18,0.35,-0.06,1.17,-0.47,1.75,3.76,2.56,0.83,-0.48,0.48,1.53,2.23,0.5,2.44,-2.06,0.01,-0.92,-0.1,0.29,-0.3,0.24,2.11,1.65,0.73,-1.13,1.06,-1.42,-2.96,-1.33,-2.11,-4.08,-0.1,0.07,-0.23,-0.95,-4.75,1.34,1.58,2.17,1.16,1.37,2.63,0.7,1.33,0.03,0.77,-4.58,0.09,-0.13,0.13,-0.36,0.21,1.05,1.04,0.97,-0.04,1.36,7397.025879,29.158,752354,651999,2.68
2012/9/30,2.95,6.54,3.78,1.45,2.3,0.28,0.8,1.91,-0.33,-1.05,-1.46,0.24,0.44,0.02,-0.88,0.68,3.43,8.7,2.77,1.27,1.91,0.37,0.92,1.82,0.97,3.05,-3.23,0.21,1.67,-0.01,-0.31,-0.15,1.77,4.42,2.07,1.08,-1.33,0.54,1.23,1.79,0.64,1.51,-3.17,1.45,-1.11,0.29,0.29,0.72,1.26,3.1,2.03,1.09,-1.74,0.87,0.64,1.68,0.13,0.12,-2.13,0.2,0.2,0.16,0.44,-0.02,1.38,1.87,1.42,1.11,1.73,1.97,0.34,1.7,0.13,0.95,-2.41,0.06,0.05,0.11,-0.75,0.59,1.03,1.05,0.92,0.84,1.25,7715.125,29.041,818190,696917,7.56
2012/10/31,2.33,4.23,2.79,1.4,2.51,0.69,0.93,1.93,-0.07,-1.45,20.04,-1.06,-0.01,0.29,0.11,-0.91,2.95,6.54,3.78,1.45,2.3,0.28,0.8,1.91,-0.33,-1.05,-1.46,0.24,0.44,0.02,-0.88,0.68,2.47,6.3,1.33,1.16,0.11,0.51,0.87,2.18,0.39,1,-4.04,0.18,0.35,-0.06,1.17,-0.47,1.44,2.11,5.7,0.93,0.12,0.65,0.93,2.38,0.92,-0.3,17.8,-0.02,1.95,0.28,0.37,1.05,1.24,1.02,7.29,1.15,0.78,1.87,0.26,2.1,0.54,0.73,21.19,-1.01,-0.21,-0.12,-0.02,-0.93,1.09,1.03,1.04,1.05,1.62,7166.01709,28.814,787158,698003,6.83
2012/11/30,1.59,2.28,1.69,1.31,1.88,0.73,0.57,2.06,-0.74,-1.73,-2.59,-0.03,-0.59,0.16,-0.8,0.62,2.33,4.23,2.79,1.4,2.51,0.69,0.93,1.93,-0.07,-1.45,20.04,-1.06,-0.01,0.29,0.11,-0.91,3.43,8.7,2.77,1.27,1.91,0.37,0.92,1.82,0.97,3.05,-3.23,0.21,1.67,-0.01,-0.31,-0.15,1.75,3.76,2.56,0.83,-0.48,0.48,1.53,2.23,0.5,2.44,-2.06,0.01,-0.92,-0.1,0.29,-0.3,1.03,1.11,3.51,1.17,0.36,1.92,0.07,1.62,-0.02,0.15,-1.53,0.06,0.02,0.12,-0.44,0.5,1.01,1.09,1.05,0.97,1.37,7580.134766,28.598,736335,638752,6.66
2012/12/31,1.62,1.86,1.77,1.35,2.26,1.25,0.51,2.74,0.25,1.12,-2.91,0.02,0.03,0.41,-0.11,0.42,1.59,2.28,1.69,1.31,1.88,0.73,0.57,2.06,-0.74,-1.73,-2.59,-0.03,-0.59,0.16,-0.8,0.62,2.95,6.54,3.78,1.45,2.3,0.28,0.8,1.91,-0.33,-1.05,-1.46,0.24,0.44,0.02,-0.88,0.68,1.77,4.42,2.07,1.08,-1.33,0.54,1.23,1.79,0.64,1.51,-3.17,1.45,-1.11,0.29,0.29,0.72,2.03,5.38,3.35,0.94,-0.27,1.45,0.15,1.33,0.22,1.54,-2.98,-0.02,-0.34,-0.11,-0.06,-0.25,1.09,1.01,1.03,0.92,1.31,7699.464844,28.493,769528,647556,9.22
2013/1/31,1.11,2.37,3.56,1.04,2.31,0.8,-0.06,-3.47,-0.18,-0.11,-4.95,-0.03,0.26,-0.42,0.35,-0.28,1.62,1.86,1.77,1.35,2.26,1.25,0.51,2.74,0.25,1.12,-2.91,0.02,0.03,0.41,-0.11,0.42,2.33,4.23,2.79,1.4,2.51,0.69,0.93,1.93,-0.07,-1.45,20.04,-1.06,-0.01,0.29,0.11,-0.91,2.47,6.3,1.33,1.16,0.11,0.51,0.87,2.18,0.39,1,-4.04,0.18,0.35,-0.06,1.17,-0.47,2.36,4.53,1.95,1.24,-0.96,1.45,0.63,8.42,0.31,-0.61,-6.6,0.27,0.21,0.03,0.93,6.14,0.29,1.09,1.09,1.04,1.92,7849.983887,28.399,754733,746262,2.82
2013/2/28,2.96,2.92,3.71,1.31,3.51,1.22,3.8,5.66,0.47,-1.59,-3.94,0.17,1.24,0.19,2.88,4.25,1.11,2.37,3.56,1.04,2.31,0.8,-0.06,-3.47,-0.18,-0.11,-4.95,-0.03,0.26,-0.42,0.35,-0.28,1.59,2.28,1.69,1.31,1.88,0.73,0.57,2.06,-0.74,-1.73,-2.59,-0.03,-0.59,0.16,-0.8,0.62,3.43,8.7,2.77,1.27,1.91,0.37,0.92,1.82,0.97,3.05,-3.23,0.21,1.67,-0.01,-0.31,-0.15,0.24,2.11,1.65,0.73,-1.13,1.06,-1.42,-2.96,-1.33,-2.11,-4.08,-0.1,0.07,-0.23,-0.95,-4.75,2.18,0.29,1.01,1.05,-0.04,7897.942871,28.722,587161,566801,2.31
2013/3/31,1.35,1.23,4.27,1.21,2.14,1.41,0.05,1.34,-1.44,-1.51,-1.6,0.09,-1.13,0.34,-3.18,-4.11,2.96,2.92,3.71,1.31,3.51,1.22,3.8,5.66,0.47,-1.59,-3.94,0.17,1.24,0.19,2.88,4.25,1.62,1.86,1.77,1.35,2.26,1.25,0.51,2.74,0.25,1.12,-2.91,0.02,0.03,0.41,-0.11,0.42,2.95,6.54,3.78,1.45,2.3,0.28,0.8,1.91,-0.33,-1.05,-1.46,0.24,0.44,0.02,-0.88,0.68,1.26,3.1,2.03,1.09,-1.74,0.87,0.64,1.68,0.13,0.12,-2.13,0.2,0.2,0.16,0.44,-0.02,1.19,2.18,1.09,1.03,0.84,7918.572754,28.733,822833,737595,9.87
2013/4/30,1.05,2.32,-1.98,1.23,-0.36,1.04,0.27,0.61,0.63,0.78,10.74,0,-0.55,-0.09,0.58,0.33,1.35,1.23,4.27,1.21,2.14,1.41,0.05,1.34,-1.44,-1.51,-1.6,0.09,-1.13,0.34,-3.18,-4.11,1.11,2.37,3.56,1.04,2.31,0.8,-0.06,-3.47,-0.18,-0.11,-4.95,-0.03,0.26,-0.42,0.35,-0.28,2.33,4.23,2.79,1.4,2.51,0.69,0.93,1.93,-0.07,-1.45,20.04,-1.06,-0.01,0.29,0.11,-0.91,1.44,2.11,5.7,0.93,0.12,0.65,0.93,2.38,0.92,-0.3,17.8,-0.02,1.95,0.28,0.37,1.05,0.87,1.19,0.29,1.09,1.05,8093.622559,28.859,761433,703530,-0.17
2013/5/31,0.73,1.49,-1.34,1.22,0.15,1.26,-0.42,0.37,0.18,1.6,-1.42,0,-0.41,0.13,-0.4,-0.54,1.05,2.32,-1.98,1.23,-0.36,1.04,0.27,0.61,0.63,0.78,10.74,0,-0.55,-0.09,0.58,0.33,2.96,2.92,3.71,1.31,3.51,1.22,3.8,5.66,0.47,-1.59,-3.94,0.17,1.24,0.19,2.88,4.25,1.59,2.28,1.69,1.31,1.88,0.73,0.57,2.06,-0.74,-1.73,-2.59,-0.03,-0.59,0.16,-0.8,0.62,1.75,3.76,2.56,0.83,-0.48,0.48,1.53,2.23,0.5,2.44,-2.06,0.01,-0.92,-0.1,0.29,-0.3,0.62,0.87,2.18,1.01,0.97,8254.759766,28.638,804732,672912,5.49
2013/6/30,0.6,0.46,-0.31,0.87,1.27,1.16,-0.2,0.51,0.5,0.48,-2.15,1.1,0,0.19,0.5,0.86,0.73,1.49,-1.34,1.22,0.15,1.26,-0.42,0.37,0.18,1.6,-1.42,0,-0.41,0.13,-0.4,-0.54,1.35,1.23,4.27,1.21,2.14,1.41,0.05,1.34,-1.44,-1.51,-1.6,0.09,-1.13,0.34,-3.18,-4.11,1.62,1.86,1.77,1.35,2.26,1.25,0.51,2.74,0.25,1.12,-2.91,0.02,0.03,0.41,-0.11,0.42,1.77,4.42,2.07,1.08,-1.33,0.54,1.23,1.79,0.64,1.51,-3.17,1.45,-1.11,0.29,0.29,0.72,0.61,0.62,1.19,1.09,0.92,8062.172363,28.951,804709,711063,9.46
2013/7/31,0.06,-1.27,0.73,0.74,0.63,1.24,0.09,0.26,-0.15,-0.74,-3.04,0.05,-0.28,0.01,1.47,-0.72,0.6,0.46,-0.31,0.87,1.27,1.16,-0.2,0.51,0.5,0.48,-2.15,1.1,0,0.19,0.5,0.86,1.05,2.32,-1.98,1.23,-0.36,1.04,0.27,0.61,0.63,0.78,10.74,0,-0.55,-0.09,0.58,0.33,1.11,2.37,3.56,1.04,2.31,0.8,-0.06,-3.47,-0.18,-0.11,-4.95,-0.03,0.26,-0.42,0.35,-0.28,2.47,6.3,1.33,1.16,0.11,0.51,0.87,2.18,0.39,1,-4.04,0.18,0.35,-0.06,1.17,-0.47,0.52,0.61,0.87,0.29,1.04,8107.902344,29.049,774605,688419,-0.97
2013/8/31,-0.78,-3.41,0.04,0.61,-0.6,1.28,0.08,0.69,0.12,0.82,-3.89,0.07,0.42,0.03,-0.32,0.28,0.06,-1.27,0.73,0.74,0.63,1.24,0.09,0.26,-0.15,-0.74,-3.04,0.05,-0.28,0.01,1.47,-0.72,0.73,1.49,-1.34,1.22,0.15,1.26,-0.42,0.37,0.18,1.6,-1.42,0,-0.41,0.13,-0.4,-0.54,2.96,2.92,3.71,1.31,3.51,1.22,3.8,5.66,0.47,-1.59,-3.94,0.17,1.24,0.19,2.88,4.25,3.43,8.7,2.77,1.27,1.91,0.37,0.92,1.82,0.97,3.05,-3.23,0.21,1.67,-0.01,-0.31,-0.15,0.5,0.52,0.62,2.18,1.05,8021.852539,29.045,778618,643445,3.6
2013/9/30,0.85,2.37,0.09,0.51,-0.6,1.24,0.75,0.39,1.31,4.86,-1.41,0.14,0.44,-0.02,-0.21,0.38,-0.78,-3.41,0.04,0.61,-0.6,1.28,0.08,0.69,0.12,0.82,-3.89,0.07,0.42,0.03,-0.32,0.28,0.6,0.46,-0.31,0.87,1.27,1.16,-0.2,0.51,0.5,0.48,-2.15,1.1,0,0.19,0.5,0.86,1.35,1.23,4.27,1.21,2.14,1.41,0.05,1.34,-1.44,-1.51,-1.6,0.09,-1.13,0.34,-3.18,-4.11,2.95,6.54,3.78,1.45,2.3,0.28,0.8,1.91,-0.33,-1.05,-1.46,0.24,0.44,0.02,-0.88,0.68,0.64,0.5,0.61,1.19,1.03,8173.83252,29.041,766112,697269,-0.67
2013/10/31,0.65,2.92,-3.66,0.6,-1.21,0.63,-0.01,0.12,-0.27,-0.91,15.54,-0.97,-0.62,-0.31,-0.65,-1.18,0.85,2.37,0.09,0.51,-0.6,1.24,0.75,0.39,1.31,4.86,-1.41,0.14,0.44,-0.02,-0.21,0.38,0.06,-1.27,0.73,0.74,0.63,1.24,0.09,0.26,-0.15,-0.74,-3.04,0.05,-0.28,0.01,1.47,-0.72,1.05,2.32,-1.98,1.23,-0.36,1.04,0.27,0.61,0.63,0.78,10.74,0,-0.55,-0.09,0.58,0.33,2.33,4.23,2.79,1.4,2.51,0.69,0.93,1.93,-0.07,-1.45,20.04,-1.06,-0.01,0.29,0.11,-0.91,0.15,0.64,0.52,0.87,1.09,8450.019531,28.822,798775,682970,-0.71
2013/11/30,0.67,2.7,-2.82,0.78,-0.98,0.7,-0.05,-0.23,-0.72,-1.94,-1.73,0.14,-0.36,0.22,-0.84,0.27,0.65,2.92,-3.66,0.6,-1.21,0.63,-0.01,0.12,-0.27,-0.91,15.54,-0.97,-0.62,-0.31,-0.65,-1.18,-0.78,-3.41,0.04,0.61,-0.6,1.28,0.08,0.69,0.12,0.82,-3.89,0.07,0.42,0.03,-0.32,0.28,0.73,1.49,-1.34,1.22,0.15,1.26,-0.42,0.37,0.18,1.6,-1.42,0,-0.41,0.13,-0.4,-0.54,1.59,2.28,1.69,1.31,1.88,0.73,0.57,2.06,-0.74,-1.73,-2.59,-0.03,-0.59,0.16,-0.8,0.62,0.2,0.15,0.5,0.62,1.01,8406.790039,28.605,772706,643183,4.73
2013/12/31,0.33,1.35,-2.69,0.84,-0.73,0.46,-0.28,0.11,-0.1,-0.21,-2.78,0.08,0.28,0.17,-0.34,0.76,0.67,2.7,-2.82,0.78,-0.98,0.7,-0.05,-0.23,-0.72,-1.94,-1.73,0.14,-0.36,0.22,-0.84,0.27,0.85,2.37,0.09,0.51,-0.6,1.24,0.75,0.39,1.31,4.86,-1.41,0.14,0.44,-0.02,-0.21,0.38,0.6,0.46,-0.31,0.87,1.27,1.16,-0.2,0.51,0.5,0.48,-2.15,1.1,0,0.19,0.5,0.86,1.62,1.86,1.77,1.35,2.26,1.25,0.51,2.74,0.25,1.12,-2.91,0.02,0.03,0.41,-0.11,0.42,0.2,0.2,0.64,0.61,1.09,8611.469727,28.822,792628,730874,3.42
2014/1/31,0.82,0.99,-1.17,0.78,-0.91,0.73,0.69,5.18,0.31,-0.46,-3.47,-0.09,0.08,-0.15,1.32,4.77,0.33,1.35,-2.69,0.84,-0.73,0.46,-0.28,0.11,-0.1,-0.21,-2.78,0.08,0.28,0.17,-0.34,0.76,0.65,2.92,-3.66,0.6,-1.21,0.63,-0.01,0.12,-0.27,-0.91,15.54,-0.97,-0.62,-0.31,-0.65,-1.18,0.06,-1.27,0.73,0.74,0.63,1.24,0.09,0.26,-0.15,-0.74,-3.04,0.05,-0.28,0.01,1.47,-0.72,1.11,2.37,3.56,1.04,2.31,0.8,-0.06,-3.47,-0.18,-0.11,-4.95,-0.03,0.26,-0.42,0.35,-0.28,1.03,0.2,0.15,0.52,0.29,8462.530273,29.162,742361,654400,4.28
2014/2/28,-0.04,2.58,-0.64,0.71,-2.11,0.81,-2.02,-2.99,-0.39,-0.04,-3.43,0.09,0.01,0.28,0.1,-3.84,0.82,0.99,-1.17,0.78,-0.91,0.73,0.69,5.18,0.31,-0.46,-3.47,-0.09,0.08,-0.15,1.32,4.77,0.67,2.7,-2.82,0.78,-0.98,0.7,-0.05,-0.23,-0.72,-1.94,-1.73,0.14,-0.36,0.22,-0.84,0.27,-0.78,-3.41,0.04,0.61,-0.6,1.28,0.08,0.69,0.12,0.82,-3.89,0.07,0.42,0.03,-0.32,0.28,2.96,2.92,3.71,1.31,3.51,1.22,3.8,5.66,0.47,-1.59,-3.94,0.17,1.24,0.19,2.88,4.25,-0.19,1.03,0.2,0.5,2.18,8639.540039,29.494,653852,613798,2.32
2014/3/31,1.61,5.66,-1.05,0.73,-0.87,0.68,-0.08,1.52,0.19,1.44,-2,0.11,0.13,0.21,-1.27,0.35,-0.04,2.58,-0.64,0.71,-2.11,0.81,-2.02,-2.99,-0.39,-0.04,-3.43,0.09,0.01,0.28,0.1,-3.84,0.33,1.35,-2.69,0.84,-0.73,0.46,-0.28,0.11,-0.1,-0.21,-2.78,0.08,0.28,0.17,-0.34,0.76,0.85,2.37,0.09,0.51,-0.6,1.24,0.75,0.39,1.31,4.86,-1.41,0.14,0.44,-0.02,-0.21,0.38,1.35,1.23,4.27,1.21,2.14,1.41,0.05,1.34,-1.44,-1.51,-1.6,0.09,-1.13,0.34,-3.18,-4.11,0.96,-0.19,0.2,0.64,1.19,8849.240234,29.51,856765,805708,0.95
2014/4/30,1.65,5.15,1.53,0.76,-0.58,0.89,0.1,1.47,0.67,0.29,13.62,0.03,-0.25,0.12,0.77,0.28,1.61,5.66,-1.05,0.73,-0.87,0.68,-0.08,1.52,0.19,1.44,-2,0.11,0.13,0.21,-1.27,0.35,0.82,0.99,-1.17,0.78,-0.91,0.73,0.69,5.18,0.31,-0.46,-3.47,-0.09,0.08,-0.15,1.32,4.77,0.65,2.92,-3.66,0.6,-1.21,0.63,-0.01,0.12,-0.27,-0.91,15.54,-0.97,-0.62,-0.31,-0.65,-1.18,1.05,2.32,-1.98,1.23,-0.36,1.04,0.27,0.61,0.63,0.78,10.74,0,-0.55,-0.09,0.58,0.33,1.24,0.96,1.03,0.15,0.87,8791.400391,29.483,821904,750078,4.57
2014/5/31,1.62,4.31,1.89,0.76,-0.13,0.59,0.52,1.81,0.15,0.79,-1.07,0,0.04,-0.17,0.02,-0.21,1.65,5.15,1.53,0.76,-0.58,0.89,0.1,1.47,0.67,0.29,13.62,0.03,-0.25,0.12,0.77,0.28,-0.04,2.58,-0.64,0.71,-2.11,0.81,-2.02,-2.99,-0.39,-0.04,-3.43,0.09,0.01,0.28,0.1,-3.84,0.67,2.7,-2.82,0.78,-0.98,0.7,-0.05,-0.23,-0.72,-1.94,-1.73,0.14,-0.36,0.22,-0.84,0.27,0.73,1.49,-1.34,1.22,0.15,1.26,-0.42,0.37,0.18,1.6,-1.42,0,-0.41,0.13,-0.4,-0.54,1.46,1.24,-0.19,0.2,0.62,9075.868164,29.475,819494,662174,3.41
2014/6/30,1.63,3.8,2.21,1.16,0.19,0.68,0.54,1.53,0.52,-0.01,-1.84,1.5,0.32,0.29,0.52,0.59,1.62,4.31,1.89,0.76,-0.13,0.59,0.52,1.81,0.15,0.79,-1.07,0,0.04,-0.17,0.02,-0.21,1.61,5.66,-1.05,0.73,-0.87,0.68,-0.08,1.52,0.19,1.44,-2,0.11,0.13,0.21,-1.27,0.35,0.33,1.35,-2.69,0.84,-0.73,0.46,-0.28,0.11,-0.1,-0.21,-2.78,0.08,0.28,0.17,-0.34,0.76,0.6,0.46,-0.31,0.87,1.27,1.16,-0.2,0.51,0.5,0.48,-2.15,1.1,0,0.19,0.5,0.86,1.47,1.46,0.96,0.2,0.61,9393.02832,29.36,821528,767835,1.12
2014/7/31,1.75,4.28,2.54,1.19,0.64,0.65,0.06,1.53,-0.03,-0.29,-2.73,0.08,0.16,-0.02,0.98,-0.72,1.63,3.8,2.21,1.16,0.19,0.68,0.54,1.53,0.52,-0.01,-1.84,1.5,0.32,0.29,0.52,0.59,1.65,5.15,1.53,0.76,-0.58,0.89,0.1,1.47,0.67,0.29,13.62,0.03,-0.25,0.12,0.77,0.28,0.82,0.99,-1.17,0.78,-0.91,0.73,0.69,5.18,0.31,-0.46,-3.47,-0.09,0.08,-0.15,1.32,4.77,0.06,-1.27,0.73,0.74,0.63,1.24,0.09,0.26,-0.15,-0.74,-3.04,0.05,-0.28,0.01,1.47,-0.72,1.56,1.47,1.24,1.03,0.52,9315.807617,29.356,816758,745613,2.27
2014/8/31,2.08,5.61,2.72,1.46,-0.06,0.52,0.24,1.1,0.44,2.1,-3.72,0.34,-0.28,-0.1,-0.14,-0.14,1.75,4.28,2.54,1.19,0.64,0.65,0.06,1.53,-0.03,-0.29,-2.73,0.08,0.16,-0.02,0.98,-0.72,1.62,4.31,1.89,0.76,-0.13,0.59,0.52,1.81,0.15,0.79,-1.07,0,0.04,-0.17,0.02,-0.21,-0.04,2.58,-0.64,0.71,-2.11,0.81,-2.02,-2.99,-0.39,-0.04,-3.43,0.09,0.01,0.28,0.1,-3.84,-0.78,-3.41,0.04,0.61,-0.6,1.28,0.08,0.69,0.12,0.82,-3.89,0.07,0.42,0.03,-0.32,0.28,1.68,1.56,1.46,-0.19,0.5,9436.227539,29.356,855727,733347,5.86
2014/9/30,0.71,1.41,3.2,1.35,-1.34,0.71,-0.44,1.38,-0.05,0.7,-0.95,0.03,-0.85,0.17,-0.89,0.66,2.08,5.61,2.72,1.46,-0.06,0.52,0.24,1.1,0.44,2.1,-3.72,0.34,-0.28,-0.1,-0.14,-0.14,1.63,3.8,2.21,1.16,0.19,0.68,0.54,1.53,0.52,-0.01,-1.84,1.5,0.32,0.29,0.52,0.59,1.61,5.66,-1.05,0.73,-0.87,0.68,-0.08,1.52,0.19,1.44,-2,0.11,0.13,0.21,-1.27,0.35,0.85,2.37,0.09,0.51,-0.6,1.24,0.75,0.39,1.31,4.86,-1.41,0.14,0.44,-0.02,-0.21,0.38,1.55,1.68,1.47,0.96,0.64,8966.878906,29.364,804755,699715,0.95
2014/10/31,1.06,3.34,1.88,0.86,-1.72,0.65,-0.07,1.42,0.07,0.97,14.05,-1.45,-1,-0.37,-0.27,-1.14,0.71,1.41,3.2,1.35,-1.34,0.71,-0.44,1.38,-0.05,0.7,-0.95,0.03,-0.85,0.17,-0.89,0.66,1.75,4.28,2.54,1.19,0.64,0.65,0.06,1.53,-0.03,-0.29,-2.73,0.08,0.16,-0.02,0.98,-0.72,1.65,5.15,1.53,0.76,-0.58,0.89,0.1,1.47,0.67,0.29,13.62,0.03,-0.25,0.12,0.77,0.28,0.65,2.92,-3.66,0.6,-1.21,0.63,-0.01,0.12,-0.27,-0.91,15.54,-0.97,-0.62,-0.31,-0.65,-1.18,1.6,1.55,1.56,1.24,0.15,8974.71875,29.607,828998,697478,3.82
2014/11/30,0.85,3.65,1,0.6,-2.57,0.58,-0.33,1.39,-0.92,-1.65,-2.58,-0.11,-1.22,0.15,-1.1,0.25,1.06,3.34,1.88,0.86,-1.72,0.65,-0.07,1.42,0.07,0.97,14.05,-1.45,-1,-0.37,-0.27,-1.14,2.08,5.61,2.72,1.46,-0.06,0.52,0.24,1.1,0.44,2.1,-3.72,0.34,-0.28,-0.1,-0.14,-0.14,1.62,4.31,1.89,0.76,-0.13,0.59,0.52,1.81,0.15,0.79,-1.07,0,0.04,-0.17,0.02,-0.21,0.67,2.7,-2.82,0.78,-0.98,0.7,-0.05,-0.23,-0.72,-1.94,-1.73,0.14,-0.36,0.22,-0.84,0.27,1.4,1.6,1.68,1.46,0.2,9187.108398,29.709,830364,701995,0.92
2014/12/31,0.61,4.33,1.22,0.28,-4.92,0.3,-0.01,0.75,-0.34,0.44,-2.57,-0.24,-2.14,-0.11,-0.02,0.12,0.85,3.65,1,0.6,-2.57,0.58,-0.33,1.39,-0.92,-1.65,-2.58,-0.11,-1.22,0.15,-1.1,0.25,0.71,1.41,3.2,1.35,-1.34,0.71,-0.44,1.38,-0.05,0.7,-0.95,0.03,-0.85,0.17,-0.89,0.66,1.63,3.8,2.21,1.16,0.19,0.68,0.54,1.53,0.52,-0.01,-1.84,1.5,0.32,0.29,0.52,0.59,0.33,1.35,-2.69,0.84,-0.73,0.46,-0.28,0.11,-0.1,-0.21,-2.78,0.08,0.28,0.17,-0.34,0.76,1.36,1.4,1.55,1.47,0.2,9307.217773,30.171,810915,670722,-1.02
2015/1/31,-0.93,4.46,1.16,-2.18,-7.12,0.56,-1.52,-3.69,-1.23,-0.33,-3.52,-2.54,-2.24,0.12,-0.21,0.14,0.61,4.33,1.22,0.28,-4.92,0.3,-0.01,0.75,-0.34,0.44,-2.57,-0.24,-2.14,-0.11,-0.02,0.12,1.06,3.34,1.88,0.86,-1.72,0.65,-0.07,1.42,0.07,0.97,14.05,-1.45,-1,-0.37,-0.27,-1.14,1.75,4.28,2.54,1.19,0.64,0.65,0.06,1.53,-0.03,-0.29,-2.73,0.08,0.16,-0.02,0.98,-0.72,0.82,0.99,-1.17,0.78,-0.91,0.73,0.69,5.18,0.31,-0.46,-3.47,-0.09,0.08,-0.15,1.32,4.77,0.64,1.36,1.6,1.56,1.03,9361.868164,30.888,808578,669077,0.74
2015/2/28,-0.2,3.1,0.62,-2.11,-6.51,0.21,0.77,4.72,0.34,-1.35,-3.95,0.16,0.67,-0.07,2.43,4.56,-0.93,4.46,1.16,-2.18,-7.12,0.56,-1.52,-3.69,-1.23,-0.33,-3.52,-2.54,-2.24,0.12,-0.21,0.14,0.85,3.65,1,0.6,-2.57,0.58,-0.33,1.39,-0.92,-1.65,-2.58,-0.11,-1.22,0.15,-1.1,0.25,2.08,5.61,2.72,1.46,-0.06,0.52,0.24,1.1,0.44,2.1,-3.72,0.34,-0.28,-0.1,-0.14,-0.14,-0.04,2.58,-0.64,0.71,-2.11,0.81,-2.02,-2.99,-0.39,-0.04,-3.43,0.09,0.01,0.28,0.1,-3.84,1.79,0.64,1.4,1.68,-0.19,9622.055664,30.77,630924,491954,-0.15
2015/3/31,-0.62,1.43,0.78,-0.43,-6.38,0.25,0.01,0.28,-0.22,-0.19,-1.84,1.83,0.27,0.25,-2.01,-3.91,-0.2,3.1,0.62,-2.11,-6.51,0.21,0.77,4.72,0.34,-1.35,-3.95,0.16,0.67,-0.07,2.43,4.56,0.61,4.33,1.22,0.28,-4.92,0.3,-0.01,0.75,-0.34,0.44,-2.57,-0.24,-2.14,-0.11,-0.02,0.12,0.71,1.41,3.2,1.35,-1.34,0.71,-0.44,1.38,-0.05,0.7,-0.95,0.03,-0.85,0.17,-0.89,0.66,1.61,5.66,-1.05,0.73,-0.87,0.68,-0.08,1.52,0.19,1.44,-2,0.11,0.13,0.21,-1.27,0.35,0.96,1.79,1.36,1.55,0.96,9586.396484,30.782,805668,689885,1.03
2015/4/30,-0.82,1.49,-0.56,-1.08,-5.97,-0.05,-0.16,0,0.46,0.34,12.1,-0.62,0.19,-0.19,0.59,0,-0.62,1.43,0.78,-0.43,-6.38,0.25,0.01,0.28,-0.22,-0.19,-1.84,1.83,0.27,0.25,-2.01,-3.91,-0.93,4.46,1.16,-2.18,-7.12,0.56,-1.52,-3.69,-1.23,-0.33,-3.52,-2.54,-2.24,0.12,-0.21,0.14,1.06,3.34,1.88,0.86,-1.72,0.65,-0.07,1.42,0.07,0.97,14.05,-1.45,-1,-0.37,-0.27,-1.14,1.65,5.15,1.53,0.76,-0.58,0.89,0.1,1.47,0.67,0.29,13.62,0.03,-0.25,0.12,0.77,0.28,0.67,0.96,0.64,1.6,1.24,9820.004883,30.512,743370,602628,-0.18
2015/5/31,-0.73,0.89,-1.14,-0.73,-4.9,0.03,-0.21,0.24,0.25,0.19,-1.64,0.35,1.17,-0.08,-0.03,0.03,-0.82,1.49,-0.56,-1.08,-5.97,-0.05,-0.16,0,0.46,0.34,12.1,-0.62,0.19,-0.19,0.59,0,-0.2,3.1,0.62,-2.11,-6.51,0.21,0.77,4.72,0.34,-1.35,-3.95,0.16,0.67,-0.07,2.43,4.56,0.85,3.65,1,0.6,-2.57,0.58,-0.33,1.39,-0.92,-1.65,-2.58,-0.11,-1.22,0.15,-1.1,0.25,1.62,4.31,1.89,0.76,-0.13,0.59,0.52,1.81,0.15,0.79,-1.07,0,0.04,-0.17,0.02,-0.21,0.6,0.67,1.79,1.4,1.46,9701.025391,29.931,795106,633313,0.65
2015/6/30,-0.56,1.88,-1.56,-0.8,-5.45,-0.03,-0.02,0.08,0.69,0.97,-2.26,1.43,-0.25,0.22,0.71,0.42,-0.73,0.89,-1.14,-0.73,-4.9,0.03,-0.21,0.24,0.25,0.19,-1.64,0.35,1.17,-0.08,-0.03,0.03,-0.62,1.43,0.78,-0.43,-6.38,0.25,0.01,0.28,-0.22,-0.19,-1.84,1.83,0.27,0.25,-2.01,-3.91,0.61,4.33,1.22,0.28,-4.92,0.3,-0.01,0.75,-0.34,0.44,-2.57,-0.24,-2.14,-0.11,-0.02,0.12,1.63,3.8,2.21,1.16,0.19,0.68,0.54,1.53,0.52,-0.01,-1.84,1.5,0.32,0.29,0.52,0.59,0.57,0.6,0.96,1.36,1.47,9322.977539,30.047,719548,657333,-0.69
2015/7/31,-0.63,1.77,-1.68,-0.73,-5.99,0.14,0.1,0.04,-0.11,-0.4,-2.84,0.15,-0.41,0.15,1.1,-0.75,-0.56,1.88,-1.56,-0.8,-5.45,-0.03,-0.02,0.08,0.69,0.97,-2.26,1.43,-0.25,0.22,0.71,0.42,-0.82,1.49,-0.56,-1.08,-5.97,-0.05,-0.16,0,0.46,0.34,12.1,-0.62,0.19,-0.19,0.59,0,-0.93,4.46,1.16,-2.18,-7.12,0.56,-1.52,-3.69,-1.23,-0.33,-3.52,-2.54,-2.24,0.12,-0.21,0.14,1.75,4.28,2.54,1.19,0.64,0.65,0.06,1.53,-0.03,-0.29,-2.73,0.08,0.16,-0.02,0.98,-0.72,0.68,0.57,0.67,0.64,1.56,8665.299805,30.16,736512,633607,0.87
2015/8/31,-0.45,3.07,-0.64,-1.1,-6.78,0.22,0.05,0.29,0.62,3.41,-2.71,-0.03,-1.12,-0.01,-0.19,0.1,-0.63,1.77,-1.68,-0.73,-5.99,0.14,0.1,0.04,-0.11,-0.4,-2.84,0.15,-0.41,0.15,1.1,-0.75,-0.73,0.89,-1.14,-0.73,-4.9,0.03,-0.21,0.24,0.25,0.19,-1.64,0.35,1.17,-0.08,-0.03,0.03,-0.2,3.1,0.62,-2.11,-6.51,0.21,0.77,4.72,0.34,-1.35,-3.95,0.16,0.67,-0.07,2.43,4.56,2.08,5.61,2.72,1.46,-0.06,0.52,0.24,1.1,0.44,2.1,-3.72,0.34,-0.28,-0.1,-0.14,-0.14,0.63,0.68,0.6,1.79,1.68,8174.882324,31.008,768275,657834,-6.49
2015/9/30,0.29,5.89,-0.64,-1.18,-6.68,0.35,-0.06,0.01,0.69,3.46,-0.95,-0.05,-0.75,0.3,-1,0.38,-0.45,3.07,-0.64,-1.1,-6.78,0.22,0.05,0.29,0.62,3.41,-2.71,-0.03,-1.12,-0.01,-0.19,0.1,-0.56,1.88,-1.56,-0.8,-5.45,-0.03,-0.02,0.08,0.69,0.97,-2.26,1.43,-0.25,0.22,0.71,0.42,-0.62,1.43,0.78,-0.43,-6.38,0.25,0.01,0.28,-0.22,-0.19,-1.84,1.83,0.27,0.25,-2.01,-3.91,0.71,1.41,3.2,1.35,-1.34,0.71,-0.44,1.38,-0.05,0.7,-0.95,0.03,-0.85,0.17,-0.89,0.66,0.6,0.63,0.57,0.96,1.55,8181.202637,31.377,746464,586088,-0.47
2015/10/31,0.3,5.11,-1.16,-1.33,-5.22,0.63,0.2,0,0.08,0.22,13.45,-1.6,0.54,-0.09,-0.01,-1.15,0.29,5.89,-0.64,-1.18,-6.68,0.35,-0.06,0.01,0.69,3.46,-0.95,-0.05,-0.75,0.3,-1,0.38,-0.63,1.77,-1.68,-0.73,-5.99,0.14,0.1,0.04,-0.11,-0.4,-2.84,0.15,-0.41,0.15,1.1,-0.75,-0.82,1.49,-0.56,-1.08,-5.97,-0.05,-0.16,0,0.46,0.34,12.1,-0.62,0.19,-0.19,0.59,0,1.06,3.34,1.88,0.86,-1.72,0.65,-0.07,1.42,0.07,0.97,14.05,-1.45,-1,-0.37,-0.27,-1.14,0.7,0.6,0.68,0.67,1.6,8554.269531,31.504,795060,607759,-1.18
2015/11/30,0.54,5.25,-0.74,-1.11,-4.92,0.42,0.37,0.65,-0.69,-1.51,-2.16,0.11,-0.9,-0.05,-0.93,0.89,0.3,5.11,-1.16,-1.33,-5.22,0.63,0.2,0,0.08,0.22,13.45,-1.6,0.54,-0.09,-0.01,-1.15,-0.45,3.07,-0.64,-1.1,-6.78,0.22,0.05,0.29,0.62,3.41,-2.71,-0.03,-1.12,-0.01,-0.19,0.1,-0.73,0.89,-1.14,-0.73,-4.9,0.03,-0.21,0.24,0.25,0.19,-1.64,0.35,1.17,-0.08,-0.03,0.03,0.85,3.65,1,0.6,-2.57,0.58,-0.33,1.39,-0.92,-1.65,-2.58,-0.11,-1.22,0.15,-1.1,0.25,0.86,0.7,0.63,0.6,1.4,8320.570313,31.633,731672,661884,1.04
2015/12/31,0.13,3,-0.86,-0.85,-3.95,0.76,0.17,0.88,-0.75,-1.71,-2.69,0.02,-1.14,0.23,-0.21,0.35,0.54,5.25,-0.74,-1.11,-4.92,0.42,0.37,0.65,-0.69,-1.51,-2.16,0.11,-0.9,-0.05,-0.93,0.89,0.29,5.89,-0.64,-1.18,-6.68,0.35,-0.06,0.01,0.69,3.46,-0.95,-0.05,-0.75,0.3,-1,0.38,-0.56,1.88,-1.56,-0.8,-5.45,-0.03,-0.02,0.08,0.69,0.97,-2.26,1.43,-0.25,0.22,0.71,0.42,0.61,4.33,1.22,0.28,-4.92,0.3,-0.01,0.75,-0.34,0.44,-2.57,-0.24,-2.14,-0.11,-0.02,0.12,0.78,0.86,0.6,0.57,1.36,8338.019531,31.762,732554,597328,1.89
2016/1/31,0.8,2.72,-1.6,1.58,-2.96,0.58,0.4,0.23,-0.56,-0.59,-4.25,-0.15,-1.23,-0.06,0.02,-0.5,0.13,3,-0.86,-0.85,-3.95,0.76,0.17,0.88,-0.75,-1.71,-2.69,0.02,-1.14,0.23,-0.21,0.35,0.3,5.11,-1.16,-1.33,-5.22,0.63,0.2,0,0.08,0.22,13.45,-1.6,0.54,-0.09,-0.01,-1.15,-0.63,1.77,-1.68,-0.73,-5.99,0.14,0.1,0.04,-0.11,-0.4,-2.84,0.15,-0.41,0.15,1.1,-0.75,-0.93,4.46,1.16,-2.18,-7.12,0.56,-1.52,-3.69,-1.23,-0.33,-3.52,-2.54,-2.24,0.12,-0.21,0.14,0.66,0.78,0.7,0.68,0.64,8080.5625,32.408,730898,614870,-3.78
2016/2/29,2.41,8.47,-0.82,1.42,-3.3,0.68,0.6,1.16,1.95,4.17,-3.19,0,0.31,0.02,2.63,5.52,0.8,2.72,-1.6,1.58,-2.96,0.58,0.4,0.23,-0.56,-0.59,-4.25,-0.15,-1.23,-0.06,0.02,-0.5,0.54,5.25,-0.74,-1.11,-4.92,0.42,0.37,0.65,-0.69,-1.51,-2.16,0.11,-0.9,-0.05,-0.93,0.89,-0.45,3.07,-0.64,-1.1,-6.78,0.22,0.05,0.29,0.62,3.41,-2.71,-0.03,-1.12,-0.01,-0.19,0.1,-0.2,3.1,0.62,-2.11,-6.51,0.21,0.77,4.72,0.34,-1.35,-3.95,0.16,0.67,-0.07,2.43,4.56,0.83,0.66,0.86,0.63,1.79,8411.120117,32.286,586796,448138,2.07
2016/3/31,2.01,8.63,0.03,-0.37,-2.61,0.68,0.13,1.05,-0.62,-0.04,-1,0.03,0.98,0.25,-2.47,-4.01,2.41,8.47,-0.82,1.42,-3.3,0.68,0.6,1.16,1.95,4.17,-3.19,0,0.31,0.02,2.63,5.52,0.13,3,-0.86,-0.85,-3.95,0.76,0.17,0.88,-0.75,-1.71,-2.69,0.02,-1.14,0.23,-0.21,0.35,0.29,5.89,-0.64,-1.18,-6.68,0.35,-0.06,0.01,0.69,3.46,-0.95,-0.05,-0.75,0.3,-1,0.38,-0.62,1.43,0.78,-0.43,-6.38,0.25,0.01,0.28,-0.22,-0.19,-1.84,1.83,0.27,0.25,-2.01,-3.91,0.78,0.83,0.78,0.6,0.96,8744.802734,31.807,746462,597623,-4.75
2016/4/30,1.88,7.96,0.17,-0.48,-2.39,1.27,0.17,1.11,0.33,-0.27,12.25,-0.73,0.41,0.4,0.63,0.05,2.01,8.63,0.03,-0.37,-2.61,0.68,0.13,1.05,-0.62,-0.04,-1,0.03,0.98,0.25,-2.47,-4.01,0.8,2.72,-1.6,1.58,-2.96,0.58,0.4,0.23,-0.56,-0.59,-4.25,-0.15,-1.23,-0.06,0.02,-0.5,0.3,5.11,-1.16,-1.33,-5.22,0.63,0.2,0,0.08,0.22,13.45,-1.6,0.54,-0.09,-0.01,-1.15,-0.82,1.49,-0.56,-1.08,-5.97,-0.05,-0.16,0,0.46,0.34,12.1,-0.62,0.19,-0.19,0.59,0,0.9,0.78,0.66,0.7,0.67,8377.873047,31.528,714433,560562,0.17
2016/5/31,1.23,5.82,0.03,-0.82,-2.24,1.14,0.13,1.63,-0.39,-1.79,-1.77,0.01,1.33,-0.21,-0.07,0.55,1.88,7.96,0.17,-0.48,-2.39,1.27,0.17,1.11,0.33,-0.27,12.25,-0.73,0.41,0.4,0.63,0.05,2.41,8.47,-0.82,1.42,-3.3,0.68,0.6,1.16,1.95,4.17,-3.19,0,0.31,0.02,2.63,5.52,0.54,5.25,-0.74,-1.11,-4.92,0.42,0.37,0.65,-0.69,-1.51,-2.16,0.11,-0.9,-0.05,-0.93,0.89,-0.73,0.89,-1.14,-0.73,-4.9,0.03,-0.21,0.24,0.25,0.19,-1.64,0.35,1.17,-0.08,-0.03,0.03,0.91,0.9,0.83,0.86,0.6,8535.5625,31.686,762723,648159,-1.37
2016/6/30,0.9,4.56,-0.05,-0.75,-1.46,0.97,-0.54,1.63,0.36,-0.24,-2.34,1.5,0.54,0.05,0.04,0.42,1.23,5.82,0.03,-0.82,-2.24,1.14,0.13,1.63,-0.39,-1.79,-1.77,0.01,1.33,-0.21,-0.07,0.55,2.01,8.63,0.03,-0.37,-2.61,0.68,0.13,1.05,-0.62,-0.04,-1,0.03,0.98,0.25,-2.47,-4.01,0.13,3,-0.86,-0.85,-3.95,0.76,0.17,0.88,-0.75,-1.71,-2.69,0.02,-1.14,0.23,-0.21,0.35,-0.56,1.88,-1.56,-0.8,-5.45,-0.03,-0.02,0.08,0.69,0.97,-2.26,1.43,-0.25,0.22,0.71,0.42,0.81,0.91,0.78,0.78,0.57,8666.552734,31.811,741917,623757,-0.83
2016/7/31,1.24,5.52,0.36,-0.84,-1.28,0.75,-0.2,1.78,0.23,0.52,-2.45,0.06,-0.23,-0.07,1.45,-0.61,0.9,4.56,-0.05,-0.75,-1.46,0.97,-0.54,1.63,0.36,-0.24,-2.34,1.5,0.54,0.05,0.04,0.42,1.88,7.96,0.17,-0.48,-2.39,1.27,0.17,1.11,0.33,-0.27,12.25,-0.73,0.41,0.4,0.63,0.05,0.8,2.72,-1.6,1.58,-2.96,0.58,0.4,0.23,-0.56,-0.59,-4.25,-0.15,-1.23,-0.06,0.02,-0.5,-0.63,1.77,-1.68,-0.73,-5.99,0.14,0.1,0.04,-0.11,-0.4,-2.84,0.15,-0.41,0.15,1.1,-0.75,0.8,0.81,0.9,0.66,0.68,8984.388672,31.533,774534,653613,-1.42
2016/8/31,0.57,2.61,1.11,-0.81,-0.64,1,-0.32,1.54,-0.04,0.56,-1.98,0,-0.48,0.24,-0.31,-0.13,1.24,5.52,0.36,-0.84,-1.28,0.75,-0.2,1.78,0.23,0.52,-2.45,0.06,-0.23,-0.07,1.45,-0.61,1.23,5.82,0.03,-0.82,-2.24,1.14,0.13,1.63,-0.39,-1.79,-1.77,0.01,1.33,-0.21,-0.07,0.55,2.41,8.47,-0.82,1.42,-3.3,0.68,0.6,1.16,1.95,4.17,-3.19,0,0.31,0.02,2.63,5.52,-0.45,3.07,-0.64,-1.1,-6.78,0.22,0.05,0.29,0.62,3.41,-2.71,-0.03,-1.12,-0.01,-0.19,0.1,0.77,0.8,0.91,0.83,0.63,9068.828125,30.904,777132,648283,4.17
2016/9/30,0.33,0.87,1.33,-0.68,0.22,0.61,0.11,1.92,0.46,1.7,-0.72,0.07,0.11,-0.09,-0.57,0.75,0.57,2.61,1.11,-0.81,-0.64,1,-0.32,1.54,-0.04,0.56,-1.98,0,-0.48,0.24,-0.31,-0.13,0.9,4.56,-0.05,-0.75,-1.46,0.97,-0.54,1.63,0.36,-0.24,-2.34,1.5,0.54,0.05,0.04,0.42,2.01,8.63,0.03,-0.37,-2.61,0.68,0.13,1.05,-0.62,-0.04,-1,0.03,0.98,0.25,-2.47,-4.01,0.29,5.89,-0.64,-1.18,-6.68,0.35,-0.06,0.01,0.69,3.46,-0.95,-0.05,-0.75,0.3,-1,0.38,0.96,0.77,0.81,0.78,0.6,9166.829102,30.66,710999,571029,-5.68
2016/10/31,1.7,5.23,0.84,-0.31,0.31,0.83,0.18,2.04,1.45,4.56,12.9,-1.23,0.63,0.13,0.06,-1.03,0.33,0.87,1.33,-0.68,0.22,0.61,0.11,1.92,0.46,1.7,-0.72,0.07,0.11,-0.09,-0.57,0.75,1.24,5.52,0.36,-0.84,-1.28,0.75,-0.2,1.78,0.23,0.52,-2.45,0.06,-0.23,-0.07,1.45,-0.61,1.88,7.96,0.17,-0.48,-2.39,1.27,0.17,1.11,0.33,-0.27,12.25,-0.73,0.41,0.4,0.63,0.05,0.3,5.11,-1.16,-1.33,-5.22,0.63,0.2,0,0.08,0.22,13.45,-1.6,0.54,-0.09,-0.01,-1.15,0.95,0.96,0.8,0.9,0.7,9290.099609,30.786,838280,697939,0.45
2016/11/30,1.97,6.41,0.37,-0.37,0.49,1.08,0.15,1.39,-0.42,-0.41,-2.62,0.05,-0.72,0.19,-0.96,0.25,1.7,5.23,0.84,-0.31,0.31,0.83,0.18,2.04,1.45,4.56,12.9,-1.23,0.63,0.13,0.06,-1.03,0.57,2.61,1.11,-0.81,-0.64,1,-0.32,1.54,-0.04,0.56,-1.98,0,-0.48,0.24,-0.31,-0.13,1.23,5.82,0.03,-0.82,-2.24,1.14,0.13,1.63,-0.39,-1.79,-1.77,0.01,1.33,-0.21,-0.07,0.55,0.54,5.25,-0.74,-1.11,-4.92,0.42,0.37,0.65,-0.69,-1.51,-2.16,0.11,-0.9,-0.05,-0.93,0.89,0.83,0.95,0.77,0.91,0.86,9240.689453,30.904,793193,659620,-2.09
2016/12/31,1.69,4.45,0.61,-0.39,2.59,0.87,0.27,1.18,-1.02,-3.52,-2.45,0,0.93,0.03,-0.1,0.14,1.97,6.41,0.37,-0.37,0.49,1.08,0.15,1.39,-0.42,-0.41,-2.62,0.05,-0.72,0.19,-0.96,0.25,0.33,0.87,1.33,-0.68,0.22,0.61,0.11,1.92,0.46,1.7,-0.72,0.07,0.11,-0.09,-0.57,0.75,0.9,4.56,-0.05,-0.75,-1.46,0.97,-0.54,1.63,0.36,-0.24,-2.34,1.5,0.54,0.05,0.04,0.42,0.13,3,-0.86,-0.85,-3.95,0.76,0.17,0.88,-0.75,-1.71,-2.69,0.02,-1.14,0.23,-0.21,0.35,0.81,0.83,0.96,0.81,0.78,9253.485352,30.916,819813,662326,3.51
2017/1/31,2.24,2.97,0.16,0.01,4.71,0.98,1.81,5.8,-0.02,-2,-4.68,0.26,0.81,0.04,1.56,4.04,1.69,4.45,0.61,-0.39,2.59,0.87,0.27,1.18,-1.02,-3.52,-2.45,0,0.93,0.03,-0.1,0.14,1.7,5.23,0.84,-0.31,0.31,0.83,0.18,2.04,1.45,4.56,12.9,-1.23,0.63,0.13,0.06,-1.03,1.24,5.52,0.36,-0.84,-1.28,0.75,-0.2,1.78,0.23,0.52,-2.45,0.06,-0.23,-0.07,1.45,-0.61,0.8,2.72,-1.6,1.58,-2.96,0.58,0.4,0.23,-0.56,-0.59,-4.25,-0.15,-1.23,-0.06,0.02,-0.5,1.64,0.81,0.95,0.8,0.66,9447.943359,31.028,754314,639104,6.39
2017/2/28,-0.06,-0.76,0.26,0.06,4.2,1.33,-1.48,-3.07,-0.35,0.4,-3.09,0.05,-0.17,0.36,-0.68,-3.32,2.24,2.97,0.16,0.01,4.71,0.98,1.81,5.8,-0.02,-2,-4.68,0.26,0.81,0.04,1.56,4.04,1.97,6.41,0.37,-0.37,0.49,1.08,0.15,1.39,-0.42,-0.41,-2.62,0.05,-0.72,0.19,-0.96,0.25,0.57,2.61,1.11,-0.81,-0.64,1,-0.32,1.54,-0.04,0.56,-1.98,0,-0.48,0.24,-0.31,-0.13,2.41,8.47,-0.82,1.42,-3.3,0.68,0.6,1.16,1.95,4.17,-3.19,0,0.31,0.02,2.63,5.52,0.16,1.64,0.83,0.77,0.83,9750.462891,30.195,699727,592682,-1.85
2017/3/31,0.18,-1.72,0.39,0.2,2.86,1.44,0.46,1.27,-0.38,-1.01,-0.86,0.17,-0.32,0.36,-0.55,0.28,-0.06,-0.76,0.26,0.06,4.2,1.33,-1.48,-3.07,-0.35,0.4,-3.09,0.05,-0.17,0.36,-0.68,-3.32,1.69,4.45,0.61,-0.39,2.59,0.87,0.27,1.18,-1.02,-3.52,-2.45,0,0.93,0.03,-0.1,0.14,0.33,0.87,1.33,-0.68,0.22,0.61,0.11,1.92,0.46,1.7,-0.72,0.07,0.11,-0.09,-0.57,0.75,2.01,8.63,0.03,-0.37,-2.61,0.68,0.13,1.05,-0.62,-0.04,-1,0.03,0.98,0.25,-2.47,-4.01,0.96,0.16,0.81,0.96,0.78,9811.512695,29.988,787447,665184,3.66
2017/4/30,0.09,-2.41,-0.81,0.96,2.36,1.46,0.24,1.96,0.24,-0.97,10.91,0.03,-0.07,0.42,0.42,0.73,0.18,-1.72,0.39,0.2,2.86,1.44,0.46,1.27,-0.38,-1.01,-0.86,0.17,-0.32,0.36,-0.55,0.28,2.24,2.97,0.16,0.01,4.71,0.98,1.81,5.8,-0.02,-2,-4.68,0.26,0.81,0.04,1.56,4.04,1.7,5.23,0.84,-0.31,0.31,0.83,0.18,2.04,1.45,4.56,12.9,-1.23,0.63,0.13,0.06,-1.03,1.88,7.96,0.17,-0.48,-2.39,1.27,0.17,1.11,0.33,-0.27,12.25,-0.73,0.41,0.4,0.63,0.05,1,0.96,1.64,0.95,0.9,9871.993164,29.676,733958,650195,2
2017/5/31,0.6,-0.04,-0.25,0.98,0.59,2,0.29,1.8,0.11,0.59,-1.22,0.03,-0.42,0.32,-0.03,0.39,0.09,-2.41,-0.81,0.96,2.36,1.46,0.24,1.96,0.24,-0.97,10.91,0.03,-0.07,0.42,0.42,0.73,-0.06,-0.76,0.26,0.06,4.2,1.33,-1.48,-3.07,-0.35,0.4,-3.09,0.05,-0.17,0.36,-0.68,-3.32,1.97,6.41,0.37,-0.37,0.49,1.08,0.15,1.39,-0.42,-0.41,-2.62,0.05,-0.72,0.19,-0.96,0.25,1.23,5.82,0.03,-0.82,-2.24,1.14,0.13,1.63,-0.39,-1.79,-1.77,0.01,1.33,-0.21,-0.07,0.55,1.11,1,0.16,0.83,0.91,10040.71289,29.389,763786,661044,2.03
2017/6/30,1,2.2,0.35,0.95,-0.42,2,0.53,0.03,0.76,2,-1.76,1.47,-0.48,0.05,0.28,-1.31,0.6,-0.04,-0.25,0.98,0.59,2,0.29,1.8,0.11,0.59,-1.22,0.03,-0.42,0.32,-0.03,0.39,0.18,-1.72,0.39,0.2,2.86,1.44,0.46,1.27,-0.38,-1.01,-0.86,0.17,-0.32,0.36,-0.55,0.28,1.69,4.45,0.61,-0.39,2.59,0.87,0.27,1.18,-1.02,-3.52,-2.45,0,0.93,0.03,-0.1,0.14,0.9,4.56,-0.05,-0.75,-1.46,0.97,-0.54,1.63,0.36,-0.24,-2.34,1.5,0.54,0.05,0.04,0.42,0.97,1.11,0.96,0.81,0.81,10395.07031,29.542,773796,596190,-4.15
2017/7/31,0.77,1.23,-0.04,0.89,0.1,2.08,0.31,0.57,0,-0.43,-2.82,0.01,0.3,0,1.23,-0.08,1,2.2,0.35,0.95,-0.42,2,0.53,0.03,0.76,2,-1.76,1.47,-0.48,0.05,0.28,-1.31,0.09,-2.41,-0.81,0.96,2.36,1.46,0.24,1.96,0.24,-0.97,10.91,0.03,-0.07,0.42,0.42,0.73,2.24,2.97,0.16,0.01,4.71,0.98,1.81,5.8,-0.02,-2,-4.68,0.26,0.81,0.04,1.56,4.04,1.24,5.52,0.36,-0.84,-1.28,0.75,-0.2,1.78,0.23,0.52,-2.45,0.06,-0.23,-0.07,1.45,-0.61,0.91,0.97,1,1.64,0.8,10427.33008,29.692,819558,654390,-1.47
2017/8/31,0.96,1.34,-1.27,1.09,1.02,1.89,0.36,0.69,0.15,0.67,-3.19,0.19,0.44,0.06,-0.26,-0.01,0.77,1.23,-0.04,0.89,0.1,2.08,0.31,0.57,0,-0.43,-2.82,0.01,0.3,0,1.23,-0.08,0.6,-0.04,-0.25,0.98,0.59,2,0.29,1.8,0.11,0.59,-1.22,0.03,-0.42,0.32,-0.03,0.39,-0.06,-0.76,0.26,0.06,4.2,1.33,-1.48,-3.07,-0.35,0.4,-3.09,0.05,-0.17,0.36,-0.68,-3.32,0.57,2.61,1.11,-0.81,-0.64,1,-0.32,1.54,-0.04,0.56,-1.98,0,-0.48,0.24,-0.31,-0.13,0.96,0.91,1.11,0.16,0.77,10585.78027,29.741,836016,661346,1.06
2017/9/30,0.49,-0.21,-1.26,1.21,1.13,2.09,-0.14,0.82,-0.01,0.15,-0.71,0.19,0.23,0.1,-1.07,0.89,0.96,1.34,-1.27,1.09,1.02,1.89,0.36,0.69,0.15,0.67,-3.19,0.19,0.44,0.06,-0.26,-0.01,1,2.2,0.35,0.95,-0.42,2,0.53,0.03,0.76,2,-1.76,1.47,-0.48,0.05,0.28,-1.31,0.18,-1.72,0.39,0.2,2.86,1.44,0.46,1.27,-0.38,-1.01,-0.86,0.17,-0.32,0.36,-0.55,0.28,0.33,0.87,1.33,-0.68,0.22,0.61,0.11,1.92,0.46,1.7,-0.72,0.07,0.11,-0.09,-0.57,0.75,0.8,0.96,0.97,0.96,0.96,10329.94043,29.491,864964,666056,5.21
2017/10/31,-0.33,-3.87,-0.51,1.29,1.15,1.83,0.12,3.27,0.62,0.72,13.75,-1.16,0.65,-0.13,0.32,1.38,0.49,-0.21,-1.26,1.21,1.13,2.09,-0.14,0.82,-0.01,0.15,-0.71,0.19,0.23,0.1,-1.07,0.89,0.77,1.23,-0.04,0.89,0.1,2.08,0.31,0.57,0,-0.43,-2.82,0.01,0.3,0,1.23,-0.08,0.09,-2.41,-0.81,0.96,2.36,1.46,0.24,1.96,0.24,-0.97,10.91,0.03,-0.07,0.42,0.42,0.73,1.7,5.23,0.84,-0.31,0.31,0.83,0.18,2.04,1.45,4.56,12.9,-1.23,0.63,0.13,0.06,-1.03,1.12,0.8,0.91,1,0.95,10793.7998,29.568,827972,667572,-0.47
2017/11/30,0.34,-2.68,-0.12,1.33,2.55,1.66,0.34,4.33,0.25,0.83,-2.23,0.09,0.65,0.02,-0.75,1.28,-0.33,-3.87,-0.51,1.29,1.15,1.83,0.12,3.27,0.62,0.72,13.75,-1.16,0.65,-0.13,0.32,1.38,0.96,1.34,-1.27,1.09,1.02,1.89,0.36,0.69,0.15,0.67,-3.19,0.19,0.44,0.06,-0.26,-0.01,0.6,-0.04,-0.25,0.98,0.59,2,0.29,1.8,0.11,0.59,-1.22,0.03,-0.42,0.32,-0.03,0.39,1.97,6.41,0.37,-0.37,0.49,1.08,0.15,1.39,-0.42,-0.41,-2.62,0.05,-0.72,0.19,-0.96,0.25,1.28,1.12,0.96,1.11,0.83,10560.44043,29.457,863180,684040,-0.12
2017/12/31,1.22,0.06,0.26,1.32,1.69,1.74,0.71,5.61,-0.15,-0.8,-2.09,-0.01,0.08,0.11,0.26,1.37,0.34,-2.68,-0.12,1.33,2.55,1.66,0.34,4.33,0.25,0.83,-2.23,0.09,0.65,0.02,-0.75,1.28,0.49,-0.21,-1.26,1.21,1.13,2.09,-0.14,0.82,-0.01,0.15,-0.71,0.19,0.23,0.1,-1.07,0.89,1,2.2,0.35,0.95,-0.42,2,0.53,0.03,0.76,2,-1.76,1.47,-0.48,0.05,0.28,-1.31,1.69,4.45,0.61,-0.39,2.59,0.87,0.27,1.18,-1.02,-3.52,-2.45,0,0.93,0.03,-0.1,0.14,1.58,1.28,0.8,0.97,0.81,10642.86035,29.27,881044,696598,0.81
2018/1/31,0.89,0.82,1.87,1.04,1.65,1.77,-1.45,2,-0.34,-1.26,-3.15,-0.02,0.76,0.07,-0.61,0.49,1.22,0.06,0.26,1.32,1.69,1.74,0.71,5.61,-0.15,-0.8,-2.09,-0.01,0.08,0.11,0.26,1.37,-0.33,-3.87,-0.51,1.29,1.15,1.83,0.12,3.27,0.62,0.72,13.75,-1.16,0.65,-0.13,0.32,1.38,0.77,1.23,-0.04,0.89,0.1,2.08,0.31,0.57,0,-0.43,-2.82,0.01,0.3,0,1.23,-0.08,2.24,2.97,0.16,0.01,4.71,0.98,1.81,5.8,-0.02,-2,-4.68,0.26,0.81,0.04,1.56,4.04,0.82,1.58,1.12,0.91,1.64,11103.79004,28.754,808897,728833,-5.21
2018/2/28,2.2,0.97,1.81,1.07,2.26,1.68,1.82,8.93,0.94,0.54,-3.14,0.08,0.42,0.28,2.62,3.25,0.89,0.82,1.87,1.04,1.65,1.77,-1.45,2,-0.34,-1.26,-3.15,-0.02,0.76,0.07,-0.61,0.49,0.34,-2.68,-0.12,1.33,2.55,1.66,0.34,4.33,0.25,0.83,-2.23,0.09,0.65,0.02,-0.75,1.28,0.96,1.34,-1.27,1.09,1.02,1.89,0.36,0.69,0.15,0.67,-3.19,0.19,0.44,0.06,-0.26,-0.01,-0.06,-0.76,0.26,0.06,4.2,1.33,-1.48,-3.07,-0.35,0.4,-3.09,0.05,-0.17,0.36,-0.68,-3.32,2.39,0.82,1.28,0.96,0.16,10815.46973,28.551,647843,560662,-4.83
2018/3/31,1.59,1.31,1.77,0.96,1.87,1.3,0.33,5.91,-0.97,-0.67,-0.91,0.06,-0.69,-0.01,-2.01,-2.5,2.2,0.97,1.81,1.07,2.26,1.68,1.82,8.93,0.94,0.54,-3.14,0.08,0.42,0.28,2.62,3.25,1.22,0.06,0.26,1.32,1.69,1.74,0.71,5.61,-0.15,-0.8,-2.09,-0.01,0.08,0.11,0.26,1.37,0.49,-0.21,-1.26,1.21,1.13,2.09,-0.14,0.82,-0.01,0.15,-0.71,0.19,0.23,0.1,-1.07,0.89,0.18,-1.72,0.39,0.2,2.86,1.44,0.46,1.27,-0.38,-1.01,-0.86,0.17,-0.32,0.36,-0.55,0.28,1.55,2.39,1.58,0.8,0.96,10906.21973,28.934,871498,697557,0.09
2018/4/30,2.01,2.7,0.05,1,2.29,1.07,0.23,5.45,0.65,0.39,9.04,0.07,0.33,0.19,0.33,0.3,1.59,1.31,1.77,0.96,1.87,1.3,0.33,5.91,-0.97,-0.67,-0.91,0.06,-0.69,-0.01,-2.01,-2.5,0.89,0.82,1.87,1.04,1.65,1.77,-1.45,2,-0.34,-1.26,-3.15,-0.02,0.76,0.07,-0.61,0.49,-0.33,-3.87,-0.51,1.29,1.15,1.83,0.12,3.27,0.62,0.72,13.75,-1.16,0.65,-0.13,0.32,1.38,0.09,-2.41,-0.81,0.96,2.36,1.46,0.24,1.96,0.24,-0.97,10.91,0.03,-0.07,0.42,0.42,0.73,1.33,1.55,0.82,1.12,1,10657.87988,29.178,775280,655035,1.36
2018/5/31,1.75,1.78,-0.52,1.15,2.59,0.29,0.19,5.23,-0.13,-0.32,-1.78,0.17,-0.13,-0.46,-0.07,0.17,2.01,2.7,0.05,1,2.29,1.07,0.23,5.45,0.65,0.39,9.04,0.07,0.33,0.19,0.33,0.3,2.2,0.97,1.81,1.07,2.26,1.68,1.82,8.93,0.94,0.54,-3.14,0.08,0.42,0.28,2.62,3.25,0.34,-2.68,-0.12,1.33,2.55,1.66,0.34,4.33,0.25,0.83,-2.23,0.09,0.65,0.02,-0.75,1.28,0.6,-0.04,-0.25,0.98,0.59,2,0.29,1.8,0.11,0.59,-1.22,0.03,-0.42,0.32,-0.03,0.39,1.08,1.33,2.39,1.28,1.11,10874.95996,29.511,860859,728874,-1.46
2018/6/30,1.4,-0.13,-0.36,0.93,3.46,0.76,0.51,6.8,0.41,0.08,-1.61,1.25,0.37,0.52,0.6,0.16,1.75,1.78,-0.52,1.15,2.59,0.29,0.19,5.23,-0.13,-0.32,-1.78,0.17,-0.13,-0.46,-0.07,0.17,1.59,1.31,1.77,0.96,1.87,1.3,0.33,5.91,-0.97,-0.67,-0.91,0.06,-0.69,-0.01,-2.01,-2.5,1.22,0.06,0.26,1.32,1.69,1.74,0.71,5.61,-0.15,-0.8,-2.09,-0.01,0.08,0.11,0.26,1.37,1,2.2,0.35,0.95,-0.42,2,0.53,0.03,0.76,2,-1.76,1.47,-0.48,0.05,0.28,-1.31,1.41,1.08,1.55,1.58,0.97,10836.91016,29.727,840814,684460,4.94
2018/7/31,1.75,0.9,0.27,0.94,4.36,1.13,0.49,6.37,0.35,0.59,-2.21,0.02,1.18,0.37,1.21,-0.48,1.4,-0.13,-0.36,0.93,3.46,0.76,0.51,6.8,0.41,0.08,-1.61,1.25,0.37,0.52,0.6,0.16,2.01,2.7,0.05,1,2.29,1.07,0.23,5.45,0.65,0.39,9.04,0.07,0.33,0.19,0.33,0.3,0.89,0.82,1.87,1.04,1.65,1.77,-1.45,2,-0.34,-1.26,-3.15,-0.02,0.76,0.07,-0.61,0.49,0.77,1.23,-0.04,0.89,0.1,2.08,0.31,0.57,0,-0.43,-2.82,0.01,0.3,0,1.23,-0.08,1.51,1.41,1.33,0.82,0.91,11057.50977,30.422,860424,790995,-0.68
2018/8/31,1.54,0.76,1.43,0.82,3.84,1.13,0.56,5.8,-0.06,0.53,-2.07,0.08,-0.07,0.06,-0.19,-0.55,1.75,0.9,0.27,0.94,4.36,1.13,0.49,6.37,0.35,0.59,-2.21,0.02,1.18,0.37,1.21,-0.48,1.75,1.78,-0.52,1.15,2.59,0.29,0.19,5.23,-0.13,-0.32,-1.78,0.17,-0.13,-0.46,-0.07,0.17,2.2,0.97,1.81,1.07,2.26,1.68,1.82,8.93,0.94,0.54,-3.14,0.08,0.42,0.28,2.62,3.25,0.96,1.34,-1.27,1.09,1.02,1.89,0.36,0.69,0.15,0.67,-3.19,0.19,0.44,0.06,-0.26,-0.01,1.37,1.51,1.08,2.39,0.96,11063.94043,30.309,860893,723669,-4.33
2018/9/30,1.72,2.48,1.85,0.76,2.87,0.93,0.3,5.07,0.16,1.86,-0.3,0.13,-0.71,-0.09,-1.33,0.19,1.54,0.76,1.43,0.82,3.84,1.13,0.56,5.8,-0.06,0.53,-2.07,0.08,-0.07,0.06,-0.19,-0.55,1.4,-0.13,-0.36,0.93,3.46,0.76,0.51,6.8,0.41,0.08,-1.61,1.25,0.37,0.52,0.6,0.16,1.59,1.31,1.77,0.96,1.87,1.3,0.33,5.91,-0.97,-0.67,-0.91,0.06,-0.69,-0.01,-2.01,-2.5,0.49,-0.21,-1.26,1.21,1.13,2.09,-0.14,0.82,-0.01,0.15,-0.71,0.19,0.23,0.1,-1.07,0.89,1.21,1.37,1.41,1.55,0.8,11006.33984,30.388,906762,772843,-0.28
2018/10/31,1.16,1.49,-1.81,0.87,2.48,0.98,0.1,2.91,0.07,-0.26,9.66,-1.05,0.27,-0.09,0.12,-0.71,1.72,2.48,1.85,0.76,2.87,0.93,0.3,5.07,0.16,1.86,-0.3,0.13,-0.71,-0.09,-1.33,0.19,1.75,0.9,0.27,0.94,4.36,1.13,0.49,6.37,0.35,0.59,-2.21,0.02,1.18,0.37,1.21,-0.48,2.01,2.7,0.05,1,2.29,1.07,0.23,5.45,0.65,0.39,9.04,0.07,0.33,0.19,0.33,0.3,-0.33,-3.87,-0.51,1.29,1.15,1.83,0.12,3.27,0.62,0.72,13.75,-1.16,0.65,-0.13,0.32,1.38,0.71,1.21,1.51,1.33,1.12,9802.129883,30.621,906308,803904,-1.92
2018/11/30,0.29,-0.47,-1.1,0.75,0.65,0.89,-0.12,1.92,-0.62,-1.11,-1.52,-0.03,-1.15,-0.06,-0.97,0.3,1.16,1.49,-1.81,0.87,2.48,0.98,0.1,2.91,0.07,-0.26,9.66,-1.05,0.27,-0.09,0.12,-0.71,1.54,0.76,1.43,0.82,3.84,1.13,0.56,5.8,-0.06,0.53,-2.07,0.08,-0.07,0.06,-0.19,-0.55,1.75,1.78,-0.52,1.15,2.59,0.29,0.19,5.23,-0.13,-0.32,-1.78,0.17,-0.13,-0.46,-0.07,0.17,0.34,-2.68,-0.12,1.33,2.55,1.66,0.34,4.33,0.25,0.83,-2.23,0.09,0.65,0.02,-0.75,1.28,0.66,0.71,1.37,1.08,1.28,9888.030273,30.59,854329,709171,3.97
2018/12/31,-0.06,-0.63,-1.18,0.72,-1.03,0.7,-0.19,0.94,-0.5,-0.96,-2.17,-0.04,-1.58,-0.08,0.19,0.4,0.29,-0.47,-1.1,0.75,0.65,0.89,-0.12,1.92,-0.62,-1.11,-1.52,-0.03,-1.15,-0.06,-0.97,0.3,1.72,2.48,1.85,0.76,2.87,0.93,0.3,5.07,0.16,1.86,-0.3,0.13,-0.71,-0.09,-1.33,0.19,1.4,-0.13,-0.36,0.93,3.46,0.76,0.51,6.8,0.41,0.08,-1.61,1.25,0.37,0.52,0.6,0.16,1.22,0.06,0.26,1.32,1.69,1.74,0.71,5.61,-0.15,-0.8,-2.09,-0.01,0.08,0.11,0.26,1.37,0.5,0.66,1.21,1.41,1.58,9727.410156,30.551,875183,731119,0.86
2019/1/31,0.18,0.81,-1.62,0.66,-1.58,0.9,0.37,0.5,-0.1,0.17,-3.58,-0.08,0.19,0.27,-0.05,0.05,-0.06,-0.63,-1.18,0.72,-1.03,0.7,-0.19,0.94,-0.5,-0.96,-2.17,-0.04,-1.58,-0.08,0.19,0.4,1.16,1.49,-1.81,0.87,2.48,0.98,0.1,2.91,0.07,-0.26,9.66,-1.05,0.27,-0.09,0.12,-0.71,1.75,0.9,0.27,0.94,4.36,1.13,0.49,6.37,0.35,0.59,-2.21,0.02,1.18,0.37,1.21,-0.48,0.89,0.82,1.87,1.04,1.65,1.77,-1.45,2,-0.34,-1.26,-3.15,-0.02,0.76,0.07,-0.61,0.49,0.51,0.5,0.71,1.51,0.82,9932.259766,30.399,835722,808352,4.19
2019/2/28,0.21,0.85,-1.36,0.85,-1.42,0.73,0.08,0.41,0.98,0.59,-2.88,0.28,0.58,0.1,2.32,3.15,0.18,0.81,-1.62,0.66,-1.58,0.9,0.37,0.5,-0.1,0.17,-3.58,-0.08,0.19,0.27,-0.05,0.05,0.29,-0.47,-1.1,0.75,0.65,0.89,-0.12,1.92,-0.62,-1.11,-1.52,-0.03,-1.15,-0.06,-0.97,0.3,1.54,0.76,1.43,0.82,3.84,1.13,0.56,5.8,-0.06,0.53,-2.07,0.08,-0.07,0.06,-0.19,-0.55,2.2,0.97,1.81,1.07,2.26,1.68,1.82,8.93,0.94,0.54,-3.14,0.08,0.42,0.28,2.62,3.25,0.29,0.51,0.66,1.37,2.39,10389.16992,30.422,625792,469675,7.34
2019/3/31,0.56,1.45,-0.64,0.9,-0.75,1.05,0.23,0.54,-0.63,-0.08,-0.19,0.11,-0.01,0.31,-1.86,-2.37,0.21,0.85,-1.36,0.85,-1.42,0.73,0.08,0.41,0.98,0.59,-2.88,0.28,0.58,0.1,2.32,3.15,-0.06,-0.63,-1.18,0.72,-1.03,0.7,-0.19,0.94,-0.5,-0.96,-2.17,-0.04,-1.58,-0.08,0.19,0.4,1.72,2.48,1.85,0.76,2.87,0.93,0.3,5.07,0.16,1.86,-0.3,0.13,-0.71,-0.09,-1.33,0.19,1.59,1.31,1.77,0.96,1.87,1.3,0.33,5.91,-0.97,-0.67,-0.91,0.06,-0.69,-0.01,-2.01,-2.5,0.45,0.29,0.5,1.21,1.55,10641.04004,30.426,877422,782333,1.57
2019/4/30,0.66,1.35,-1.9,0.93,-0.23,0.65,1.21,0.34,0.75,0.29,7.66,0.1,0.85,-0.2,1.3,0.09,0.56,1.45,-0.64,0.9,-0.75,1.05,0.23,0.54,-0.63,-0.08,-0.19,0.11,-0.01,0.31,-1.86,-2.37,0.18,0.81,-1.62,0.66,-1.58,0.9,0.37,0.5,-0.1,0.17,-3.58,-0.08,0.19,0.27,-0.05,0.05,1.16,1.49,-1.81,0.87,2.48,0.98,0.1,2.91,0.07,-0.26,9.66,-1.05,0.27,-0.09,0.12,-0.71,2.01,2.7,0.05,1,2.29,1.07,0.23,5.45,0.65,0.39,9.04,0.07,0.33,0.19,0.33,0.3,0.58,0.45,0.51,0.71,1.33,10967.73047,30.525,788033,704519,-0.51
2019/5/31,0.93,2.58,-1.04,0.89,-0.12,0.93,1.01,0.09,0.14,0.89,-0.92,0.13,-0.02,-0.18,-0.26,-0.07,0.66,1.35,-1.9,0.93,-0.23,0.65,1.21,0.34,0.75,0.29,7.66,0.1,0.85,-0.2,1.3,0.09,0.21,0.85,-1.36,0.85,-1.42,0.73,0.08,0.41,0.98,0.59,-2.88,0.28,0.58,0.1,2.32,3.15,0.29,-0.47,-1.1,0.75,0.65,0.89,-0.12,1.92,-0.62,-1.11,-1.52,-0.03,-1.15,-0.06,-0.97,0.3,1.75,1.78,-0.52,1.15,2.59,0.29,0.19,5.23,-0.13,-0.32,-1.78,0.17,-0.13,-0.46,-0.07,0.17,0.61,0.58,0.29,0.66,1.08,10498.49023,30.78,852951,714673,-2.08
2019/6/30,0.85,3.34,-1.41,0.65,-1.2,0.72,0.91,0.06,0.33,0.83,-1.98,1,-0.71,0.31,0.49,0.13,0.93,2.58,-1.04,0.89,-0.12,0.93,1.01,0.09,0.14,0.89,-0.92,0.13,-0.02,-0.18,-0.26,-0.07,0.56,1.45,-0.64,0.9,-0.75,1.05,0.23,0.54,-0.63,-0.08,-0.19,0.11,-0.01,0.31,-1.86,-2.37,-0.06,-0.63,-1.18,0.72,-1.03,0.7,-0.19,0.94,-0.5,-0.96,-2.17,-0.04,-1.58,-0.08,0.19,0.4,1.4,-0.13,-0.36,0.93,3.46,0.76,0.51,6.8,0.41,0.08,-1.61,1.25,0.37,0.52,0.6,0.16,0.47,0.61,0.45,0.5,1.41,10730.83008,30.811,887814,767430,1.65
2019/7/31,0.39,1.68,-1.22,0.56,-1.35,0.57,0.67,0.11,-0.11,-1.03,-2.01,-0.07,1.02,0.21,0.97,-0.43,0.85,3.34,-1.41,0.65,-1.2,0.72,0.91,0.06,0.33,0.83,-1.98,1,-0.71,0.31,0.49,0.13,0.66,1.35,-1.9,0.93,-0.23,0.65,1.21,0.34,0.75,0.29,7.66,0.1,0.85,-0.2,1.3,0.09,0.18,0.81,-1.62,0.66,-1.58,0.9,0.37,0.5,-0.1,0.17,-3.58,-0.08,0.19,0.27,-0.05,0.05,1.75,0.9,0.27,0.94,4.36,1.13,0.49,6.37,0.35,0.59,-2.21,0.02,1.18,0.37,1.21,-0.48,0.33,0.47,0.58,0.51,1.51,10823.80957,30.512,872903,761389,3.78
2019/8/31,0.43,2.35,-0.81,0.46,-2.44,0.8,0.35,0.79,-0.02,1.19,-1.66,-0.01,-1.18,0.29,-0.5,0.12,0.39,1.68,-1.22,0.56,-1.35,0.57,0.67,0.11,-0.11,-1.03,-2.01,-0.07,1.02,0.21,0.97,-0.43,0.93,2.58,-1.04,0.89,-0.12,0.93,1.01,0.09,0.14,0.89,-0.92,0.13,-0.02,-0.18,-0.26,-0.07,0.21,0.85,-1.36,0.85,-1.42,0.73,0.08,0.41,0.98,0.59,-2.88,0.28,0.58,0.1,2.32,3.15,1.54,0.76,1.43,0.82,3.84,1.13,0.56,5.8,-0.06,0.53,-2.07,0.08,-0.07,0.06,-0.19,-0.55,0.39,0.33,0.61,0.29,1.37,10618.0498,31.115,902169,713607,0.64
2019/9/30,0.42,1.96,-0.93,0.36,-2.72,0.9,0.89,1.14,0.15,1.46,-0.42,0.03,-0.99,0.01,-0.8,0.54,0.43,2.35,-0.81,0.46,-2.44,0.8,0.35,0.79,-0.02,1.19,-1.66,-0.01,-1.18,0.29,-0.5,0.12,0.85,3.34,-1.41,0.65,-1.2,0.72,0.91,0.06,0.33,0.83,-1.98,1,-0.71,0.31,0.49,0.13,0.56,1.45,-0.64,0.9,-0.75,1.05,0.23,0.54,-0.63,-0.08,-0.19,0.11,-0.01,0.31,-1.86,-2.37,1.72,2.48,1.85,0.76,2.87,0.93,0.3,5.07,0.16,1.86,-0.3,0.13,-0.71,-0.09,-1.33,0.19,0.5,0.39,0.47,0.45,1.21,10829.67969,30.494,877092,778724,4.33
2019/10/31,0.37,1.64,1.07,0.34,-3.18,0.78,0.92,1.17,0.02,-0.57,11.87,-1.07,-0.21,-0.21,0.15,-0.67,0.42,1.96,-0.93,0.36,-2.72,0.9,0.89,1.14,0.15,1.46,-0.42,0.03,-0.99,0.01,-0.8,0.54,0.39,1.68,-1.22,0.56,-1.35,0.57,0.67,0.11,-0.11,-1.03,-2.01,-0.07,1.02,0.21,0.97,-0.43,0.66,1.35,-1.9,0.93,-0.23,0.65,1.21,0.34,0.75,0.29,7.66,0.1,0.85,-0.2,1.3,0.09,1.16,1.49,-1.81,0.87,2.48,0.98,0.1,2.91,0.07,-0.26,9.66,-1.05,0.27,-0.09,0.12,-0.71,0.63,0.5,0.33,0.58,0.71,11358.70996,30.399,894738,772782,5.68
2019/11/30,0.58,1.87,0.25,0.36,-2.14,1.09,1.21,1.01,-0.41,-0.89,-2.32,-0.01,-0.08,0.24,-0.68,0.13,0.37,1.64,1.07,0.34,-3.18,0.78,0.92,1.17,0.02,-0.57,11.87,-1.07,-0.21,-0.21,0.15,-0.67,0.43,2.35,-0.81,0.46,-2.44,0.8,0.35,0.79,-0.02,1.19,-1.66,-0.01,-1.18,0.29,-0.5,0.12,0.93,2.58,-1.04,0.89,-0.12,0.93,1.01,0.09,0.14,0.89,-0.92,0.13,-0.02,-0.18,-0.26,-0.07,0.29,-0.47,-1.1,0.75,0.65,0.89,-0.12,1.92,-0.62,-1.11,-1.52,-0.03,-1.15,-0.06,-0.97,0.3,0.53,0.63,0.39,0.61,0.66,11489.57031,30.349,870369,740258,1.37
2019/12/31,1.15,2.98,0.72,0.47,-0.24,1.03,1.11,0.85,0.06,0.12,-1.71,0.07,0.33,-0.14,0.09,0.24,0.58,1.87,0.25,0.36,-2.14,1.09,1.21,1.01,-0.41,-0.89,-2.32,-0.01,-0.08,0.24,-0.68,0.13,0.42,1.96,-0.93,0.36,-2.72,0.9,0.89,1.14,0.15,1.46,-0.42,0.03,-0.99,0.01,-0.8,0.54,0.85,3.34,-1.41,0.65,-1.2,0.72,0.91,0.06,0.33,0.83,-1.98,1,-0.71,0.31,0.49,0.13,-0.06,-0.63,-1.18,0.72,-1.03,0.7,-0.19,0.94,-0.5,-0.96,-2.17,-0.04,-1.58,-0.08,0.19,0.4,0.56,0.53,0.5,0.47,0.5,11997.13965,30.26,896940,821666,-1.48
2020/1/31,1.86,2.58,1.19,0.75,0.43,0.96,3,3.33,0.6,-0.23,-3.12,0.2,0.86,0.21,1.82,2.51,1.15,2.98,0.72,0.47,-0.24,1.03,1.11,0.85,0.06,0.12,-1.71,0.07,0.33,-0.14,0.09,0.24,0.37,1.64,1.07,0.34,-3.18,0.78,0.92,1.17,0.02,-0.57,11.87,-1.07,-0.21,-0.21,0.15,-0.67,0.39,1.68,-1.22,0.56,-1.35,0.57,0.67,0.11,-0.11,-1.03,-2.01,-0.07,1.02,0.21,0.97,-0.43,0.18,0.81,-1.62,0.66,-1.58,0.9,0.37,0.5,-0.1,0.17,-3.58,-0.08,0.19,0.27,-0.05,0.05,1.34,0.56,0.63,0.33,0.51,11495.09961,30.132,751690,648953,-0.37
2020/2/29,-0.2,1.78,1.98,0.48,-2.28,0.75,-1.49,-1.78,-1.07,-0.19,-2.13,0,-2.13,-0.11,-2.14,-1.96,1.86,2.58,1.19,0.75,0.43,0.96,3,3.33,0.6,-0.23,-3.12,0.2,0.86,0.21,1.82,2.51,0.58,1.87,0.25,0.36,-2.14,1.09,1.21,1.01,-0.41,-0.89,-2.32,-0.01,-0.08,0.24,-0.68,0.13,0.43,2.35,-0.81,0.46,-2.44,0.8,0.35,0.79,-0.02,1.19,-1.66,-0.01,-1.18,0.29,-0.5,0.12,0.21,0.85,-1.36,0.85,-1.42,0.73,0.08,0.41,0.98,0.59,-2.88,0.28,0.58,0.1,2.32,3.15,-0.36,1.34,0.53,0.39,0.29,11292.16992,30.023,760749,661757,-19.76
2020/3/31,-0.02,1.62,1.05,0.43,-4.31,0.74,-0.38,0.77,-0.45,-0.24,-1.11,0.06,-2.08,0.3,-0.75,0.17,-0.2,1.78,1.98,0.48,-2.28,0.75,-1.49,-1.78,-1.07,-0.19,-2.13,0,-2.13,-0.11,-2.14,-1.96,1.15,2.98,0.72,0.47,-0.24,1.03,1.11,0.85,0.06,0.12,-1.71,0.07,0.33,-0.14,0.09,0.24,0.42,1.96,-0.93,0.36,-2.72,0.9,0.89,1.14,0.15,1.46,-0.42,0.03,-0.99,0.01,-0.8,0.54,0.56,1.45,-0.64,0.9,-0.75,1.05,0.23,0.54,-0.63,-0.08,-0.19,0.11,-0.01,0.31,-1.86,-2.37,0.33,-0.36,0.56,0.5,0.45,9708.05957,29.981,850840,765479,-25.68
2020/4/30,-0.97,1.27,1.69,0.13,-8.54,0.93,-1.8,0.6,-0.21,-0.05,8.35,-0.19,-3.61,-0.01,-0.15,-0.08,-0.02,1.62,1.05,0.43,-4.31,0.74,-0.38,0.77,-0.45,-0.24,-1.11,0.06,-2.08,0.3,-0.75,0.17,1.86,2.58,1.19,0.75,0.43,0.96,3,3.33,0.6,-0.23,-3.12,0.2,0.86,0.21,1.82,2.51,0.37,1.64,1.07,0.34,-3.18,0.78,0.92,1.17,0.02,-0.57,11.87,-1.07,-0.21,-0.21,0.15,-0.67,0.66,1.35,-1.9,0.93,-0.23,0.65,1.21,0.34,0.75,0.29,7.66,0.1,0.85,-0.2,1.3,0.09,0.04,0.33,1.34,0.63,0.58,10992.13965,29.931,761338,687825,-36.01
2020/5/31,-1.21,0.31,0.77,0,-8.53,1.07,-1.76,0.86,-0.1,-0.07,-1.82,0,-0.01,-0.05,-0.21,0.19,-0.97,1.27,1.69,0.13,-8.54,0.93,-1.8,0.6,-0.21,-0.05,8.35,-0.19,-3.61,-0.01,-0.15,-0.08,-0.2,1.78,1.98,0.48,-2.28,0.75,-1.49,-1.78,-1.07,-0.19,-2.13,0,-2.13,-0.11,-2.14,-1.96,0.58,1.87,0.25,0.36,-2.14,1.09,1.21,1.01,-0.41,-0.89,-2.32,-0.01,-0.08,0.24,-0.68,0.13,0.93,2.58,-1.04,0.89,-0.12,0.93,1.01,0.09,0.14,0.89,-0.92,0.13,-0.02,-0.18,-0.26,-0.07,0.06,0.04,-0.36,0.53,0.61,10942.16016,29.934,808080,664463,-21.55
2020/6/30,-0.74,-0.04,1.53,0.12,-5.65,1.25,-1.56,1.05,0.8,0.47,-1.24,1.13,2.42,0.5,0.69,0.32,-1.21,0.31,0.77,0,-8.53,1.07,-1.76,0.86,-0.1,-0.07,-1.82,0,-0.01,-0.05,-0.21,0.19,-0.02,1.62,1.05,0.43,-4.31,0.74,-0.38,0.77,-0.45,-0.24,-1.11,0.06,-2.08,0.3,-0.75,0.17,1.15,2.98,0.72,0.47,-0.24,1.03,1.11,0.85,0.06,0.12,-1.71,0.07,0.33,-0.14,0.09,0.24,0.85,3.34,-1.41,0.65,-1.2,0.72,0.91,0.06,0.33,0.83,-1.98,1,-0.71,0.31,0.49,0.13,0.14,0.06,0.33,0.56,0.47,11621.24023,29.815,809338,660675,-12.33
2020/7/31,-0.51,0.79,1.67,0.14,-5.1,0.89,-2.05,1.53,0.12,-0.21,-1.87,-0.05,1.61,-0.15,0.47,0.04,-0.74,-0.04,1.53,0.12,-5.65,1.25,-1.56,1.05,0.8,0.47,-1.24,1.13,2.42,0.5,0.69,0.32,-0.97,1.27,1.69,0.13,-8.54,0.93,-1.8,0.6,-0.21,-0.05,8.35,-0.19,-3.61,-0.01,-0.15,-0.08,1.86,2.58,1.19,0.75,0.43,0.96,3,3.33,0.6,-0.23,-3.12,0.2,0.86,0.21,1.82,2.51,0.39,1.68,-1.22,0.56,-1.35,0.57,0.67,0.11,-0.11,-1.03,-2.01,-0.07,1.02,0.21,0.97,-0.43,0.15,0.14,0.04,1.34,0.33,12664.7998,29.592,833091,673283,-8.14
2020/8/31,-0.33,0.17,1.76,0.22,-3.75,0.74,-1.4,1.51,0.15,0.58,-1.57,0.07,0.23,0.15,0.15,0.11,-0.51,0.79,1.67,0.14,-5.1,0.89,-2.05,1.53,0.12,-0.21,-1.87,-0.05,1.61,-0.15,0.47,0.04,-1.21,0.31,0.77,0,-8.53,1.07,-1.76,0.86,-0.1,-0.07,-1.82,0,-0.01,-0.05,-0.21,0.19,-0.2,1.78,1.98,0.48,-2.28,0.75,-1.49,-1.78,-1.07,-0.19,-2.13,0,-2.13,-0.11,-2.14,-1.96,0.43,2.35,-0.81,0.46,-2.44,0.8,0.35,0.79,-0.02,1.19,-1.66,-0.01,-1.18,0.29,-0.5,0.12,0.33,0.15,0.06,-0.36,0.39,12591.4502,29.588,919518,728501,-5.48
2020/9/30,-0.58,-0.73,1.47,0.19,-3.33,0.65,-1.42,0.91,-0.09,0.55,-0.7,0,-0.56,-0.08,-0.82,-0.06,-0.33,0.17,1.76,0.22,-3.75,0.74,-1.4,1.51,0.15,0.58,-1.57,0.07,0.23,0.15,0.15,0.11,-0.74,-0.04,1.53,0.12,-5.65,1.25,-1.56,1.05,0.8,0.47,-1.24,1.13,2.42,0.5,0.69,0.32,-0.02,1.62,1.05,0.43,-4.31,0.74,-0.38,0.77,-0.45,-0.24,-1.11,0.06,-2.08,0.3,-0.75,0.17,0.42,1.96,-0.93,0.36,-2.72,0.9,0.89,1.14,0.15,1.46,-0.42,0.03,-0.99,0.01,-0.8,0.54,0.24,0.33,0.14,0.33,0.5,12515.61035,29.584,903919,696338,-9.48
2020/10/31,-0.26,-0.28,0.02,0.28,-2.39,0.61,-1.06,1.21,0.34,-0.12,10.27,-0.98,0.77,-0.26,0.52,-0.37,-0.58,-0.73,1.47,0.19,-3.33,0.65,-1.42,0.91,-0.09,0.55,-0.7,0,-0.56,-0.08,-0.82,-0.06,-0.51,0.79,1.67,0.14,-5.1,0.89,-2.05,1.53,0.12,-0.21,-1.87,-0.05,1.61,-0.15,0.47,0.04,-0.97,1.27,1.69,0.13,-8.54,0.93,-1.8,0.6,-0.21,-0.05,8.35,-0.19,-3.61,-0.01,-0.15,-0.08,0.37,1.64,1.07,0.34,-3.18,0.78,0.92,1.17,0.02,-0.57,11.87,-1.07,-0.21,-0.21,0.15,-0.67,0.51,0.24,0.15,0.04,0.63,12546.33984,29.475,935880,720228,-7.51
2020/11/30,0.09,0.4,0.49,0.35,-1.5,0.49,-0.76,1.09,-0.05,-0.21,-1.86,0.05,0.83,0.13,-0.37,0.01,-0.26,-0.28,0.02,0.28,-2.39,0.61,-1.06,1.21,0.34,-0.12,10.27,-0.98,0.77,-0.26,0.52,-0.37,-0.33,0.17,1.76,0.22,-3.75,0.74,-1.4,1.51,0.15,0.58,-1.57,0.07,0.23,0.15,0.15,0.11,-1.21,0.31,0.77,0,-8.53,1.07,-1.76,0.86,-0.1,-0.07,-1.82,0,-0.01,-0.05,-0.21,0.19,0.58,1.87,0.25,0.36,-2.14,1.09,1.21,1.01,-0.41,-0.89,-2.32,-0.01,-0.08,0.24,-0.68,0.13,0.77,0.51,0.33,0.06,0.53,13722.88965,29.26,921391,773134,-8.68
2020/12/31,0.04,0.32,1.2,0.39,-1.26,0.55,-0.95,0.7,0.01,0.04,-1.02,0.11,0.57,-0.08,-0.1,-0.14,0.09,0.4,0.49,0.35,-1.5,0.49,-0.76,1.09,-0.05,-0.21,-1.86,0.05,0.83,0.13,-0.37,0.01,-0.58,-0.73,1.47,0.19,-3.33,0.65,-1.42,0.91,-0.09,0.55,-0.7,0,-0.56,-0.08,-0.82,-0.06,-0.74,-0.04,1.53,0.12,-5.65,1.25,-1.56,1.05,0.8,0.47,-1.24,1.13,2.42,0.5,0.69,0.32,1.15,2.98,0.72,0.47,-0.24,1.03,1.11,0.85,0.06,0.12,-1.71,0.07,0.33,-0.14,0.09,0.24,0.67,0.77,0.24,0.14,0.56,14732.53027,29.257,942903,779926,-10.47
2021/1/31,-0.19,1.21,2.02,0.28,-0.55,0.47,-2.68,-1.39,0.37,0.66,-2.33,0.1,1.59,0.13,0.04,0.38,0.04,0.32,1.2,0.39,-1.26,0.55,-0.95,0.7,0.01,0.04,-1.02,0.11,0.57,-0.08,-0.1,-0.14,-0.26,-0.28,0.02,0.28,-2.39,0.61,-1.06,1.21,0.34,-0.12,10.27,-0.98,0.77,-0.26,0.52,-0.37,-0.51,0.79,1.67,0.14,-5.1,0.89,-2.05,1.53,0.12,-0.21,-1.87,-0.05,1.61,-0.15,0.47,0.04,1.86,2.58,1.19,0.75,0.43,0.96,3,3.33,0.6,-0.23,-3.12,0.2,0.86,0.21,1.82,2.51,0.03,0.67,0.51,0.15,1.34,15138.30957,29.041,974871,801520,-15.82
2021/2/28,1.38,0.4,1.41,0.63,2.36,0.48,1.92,2.85,0.49,-0.99,-2.71,0.34,0.74,-0.1,2.48,2.26,-0.19,1.21,2.02,0.28,-0.55,0.47,-2.68,-1.39,0.37,0.66,-2.33,0.1,1.59,0.13,0.04,0.38,0.09,0.4,0.49,0.35,-1.5,0.49,-0.76,1.09,-0.05,-0.21,-1.86,0.05,0.83,0.13,-0.37,0.01,-0.33,0.17,1.76,0.22,-3.75,0.74,-1.4,1.51,0.15,0.58,-1.57,0.07,0.23,0.15,0.15,0.11,-0.2,1.78,1.98,0.48,-2.28,0.75,-1.49,-1.78,-1.07,-0.19,-2.13,0,-2.13,-0.11,-2.14,-1.96,1.64,0.03,0.77,0.33,-0.36,15953.7998,28.613,788187,663326,0.44
2021/3/31,1.22,0.51,1.97,0.71,4.82,0.43,0.7,0.45,-0.6,-0.12,-0.56,0.14,0.26,0.25,-1.93,-2.16,1.38,0.4,1.41,0.63,2.36,0.48,1.92,2.85,0.49,-0.99,-2.71,0.34,0.74,-0.1,2.48,2.26,0.04,0.32,1.2,0.39,-1.26,0.55,-0.95,0.7,0.01,0.04,-1.02,0.11,0.57,-0.08,-0.1,-0.14,-0.58,-0.73,1.47,0.19,-3.33,0.65,-1.42,0.91,-0.09,0.55,-0.7,0,-0.56,-0.08,-0.82,-0.06,-0.02,1.62,1.05,0.43,-4.31,0.74,-0.38,0.77,-0.45,-0.24,-1.11,0.06,-2.08,0.3,-0.75,0.17,1.04,1.64,0.67,0.24,0.33,16431.13086,28.87,1013086,912353,20.07
2021/4/30,2.11,0.63,1.37,0.9,9.44,0.4,1.77,0.86,0.67,0.06,7.71,0,0.65,-0.04,0.91,0.32,1.22,0.51,1.97,0.71,4.82,0.43,0.7,0.45,-0.6,-0.12,-0.56,0.14,0.26,0.25,-1.93,-2.16,-0.19,1.21,2.02,0.28,-0.55,0.47,-2.68,-1.39,0.37,0.66,-2.33,0.1,1.59,0.13,0.04,0.38,-0.26,-0.28,0.02,0.28,-2.39,0.61,-1.06,1.21,0.34,-0.12,10.27,-0.98,0.77,-0.26,0.52,-0.37,-0.97,1.27,1.69,0.13,-8.54,0.93,-1.8,0.6,-0.21,-0.05,8.35,-0.19,-3.61,-0.01,-0.15,-0.08,1.37,1.04,0.03,0.51,0.04,17566.66016,29.321,994717,822330,40.53
2021/5/31,2.45,1.67,2.63,0.95,9.56,0.16,1.71,1,0.23,0.96,-0.6,0.05,0.09,-0.29,-0.28,0.33,2.11,0.63,1.37,0.9,9.44,0.4,1.77,0.86,0.67,0.06,7.71,0,0.65,-0.04,0.91,0.32,1.38,0.4,1.41,0.63,2.36,0.48,1.92,2.85,0.49,-0.99,-2.71,0.34,0.74,-0.1,2.48,2.26,0.09,0.4,0.49,0.35,-1.5,0.49,-0.76,1.09,-0.05,-0.21,-1.86,0.05,0.83,0.13,-0.37,0.01,-1.21,0.31,0.77,0,-8.53,1.07,-1.76,0.86,-0.1,-0.07,-1.82,0,-0.01,-0.05,-0.21,0.19,1.54,1.37,1.64,0.77,0.06,17068.42969,29.306,1047756,877603,-32.76
2021/6/30,1.83,2.18,2.38,-0.1,7.71,-0.54,0.98,0.21,0.19,0.97,-1.48,0.07,0.7,-0.2,-0.02,-0.46,2.45,1.67,2.63,0.95,9.56,0.16,1.71,1,0.23,0.96,-0.6,0.05,0.09,-0.29,-0.28,0.33,1.22,0.51,1.97,0.71,4.82,0.43,0.7,0.45,-0.6,-0.12,-0.56,0.14,0.26,0.25,-1.93,-2.16,0.04,0.32,1.2,0.39,-1.26,0.55,-0.95,0.7,0.01,0.04,-1.02,0.11,0.57,-0.08,-0.1,-0.14,-0.74,-0.04,1.53,0.12,-5.65,1.25,-1.56,1.05,0.8,0.47,-1.24,1.13,2.42,0.5,0.69,0.32,1.29,1.54,1.04,0.67,0.14,17755.46094,28.642,1016286,875077,-79.11
2021/7/31,1.91,2.45,2.05,0.52,6.92,-0.17,0.82,0.15,0.2,0.06,-2.18,0.57,0.86,0.22,0.3,-0.02,1.83,2.18,2.38,-0.1,7.71,-0.54,0.98,0.21,0.19,0.97,-1.48,0.07,0.7,-0.2,-0.02,-0.46,2.11,0.63,1.37,0.9,9.44,0.4,1.77,0.86,0.67,0.06,7.71,0,0.65,-0.04,0.91,0.32,-0.19,1.21,2.02,0.28,-0.55,0.47,-2.68,-1.39,0.37,0.66,-2.33,0.1,1.59,0.13,0.04,0.38,-0.51,0.79,1.67,0.14,-5.1,0.89,-2.05,1.53,0.12,-0.21,-1.87,-0.05,1.61,-0.15,0.47,0.04,1.24,1.29,1.37,0.03,0.15,17247.41016,28.465,1058491,895041,-71.68
2021/8/31,2.34,3.83,2.04,1.23,6.47,0.16,1.1,-0.11,0.58,1.94,-1.58,0.78,-0.19,0.48,0.43,-0.15,1.91,2.45,2.05,0.52,6.92,-0.17,0.82,0.15,0.2,0.06,-2.18,0.57,0.86,0.22,0.3,-0.02,2.45,1.67,2.63,0.95,9.56,0.16,1.71,1,0.23,0.96,-0.6,0.05,0.09,-0.29,-0.28,0.33,1.38,0.4,1.41,0.63,2.36,0.48,1.92,2.85,0.49,-0.99,-2.71,0.34,0.74,-0.1,2.48,2.26,-0.33,0.17,1.76,0.22,-3.75,0.74,-1.4,1.51,0.15,0.58,-1.57,0.07,0.23,0.15,0.15,0.11,1.31,1.24,1.54,1.64,0.33,17490.28906,28.412,1102422,1006441,-49.48
2021/9/30,2.6,3.54,1.61,1.28,7.2,0.21,2.85,-0.1,0.16,0.27,-1.12,0.05,0.12,-0.03,0.9,-0.05,2.34,3.83,2.04,1.23,6.47,0.16,1.1,-0.11,0.58,1.94,-1.58,0.78,-0.19,0.48,0.43,-0.15,1.83,2.18,2.38,-0.1,7.71,-0.54,0.98,0.21,0.19,0.97,-1.48,0.07,0.7,-0.2,-0.02,-0.46,1.22,0.51,1.97,0.71,4.82,0.43,0.7,0.45,-0.6,-0.12,-0.56,0.14,0.26,0.25,-1.93,-2.16,-0.58,-0.73,1.47,0.19,-3.33,0.65,-1.42,0.91,-0.09,0.55,-0.7,0,-0.56,-0.08,-0.82,-0.06,1.71,1.31,1.29,1.04,0.24,16934.76953,27.789,1100099,924486,-33.57
2021/10/31,2.55,3.97,0.88,1.45,7.22,0.15,1.72,-0.26,0.29,0.29,9.48,-0.82,0.78,-0.32,-0.58,-0.53,2.6,3.54,1.61,1.28,7.2,0.21,2.85,-0.1,0.16,0.27,-1.12,0.05,0.12,-0.03,0.9,-0.05,1.91,2.45,2.05,0.52,6.92,-0.17,0.82,0.15,0.2,0.06,-2.18,0.57,0.86,0.22,0.3,-0.02,2.11,0.63,1.37,0.9,9.44,0.4,1.77,0.86,0.67,0.06,7.71,0,0.65,-0.04,0.91,0.32,-0.26,-0.28,0.02,0.28,-2.39,0.61,-1.06,1.21,0.34,-0.12,10.27,-0.98,0.77,-0.26,0.52,-0.37,1.41,1.71,1.24,1.37,0.51,16987.41016,27.786,1118502,951945,-22.17
2021/11/30,2.84,4.69,1.46,1.6,7.25,0.28,1.61,0.2,0.24,0.48,-1.3,0.2,0.86,0.26,-0.48,0.47,2.55,3.97,0.88,1.45,7.22,0.15,1.72,-0.26,0.29,0.29,9.48,-0.82,0.78,-0.32,-0.58,-0.53,2.34,3.83,2.04,1.23,6.47,0.16,1.1,-0.11,0.58,1.94,-1.58,0.78,-0.19,0.48,0.43,-0.15,2.45,1.67,2.63,0.95,9.56,0.16,1.71,1,0.23,0.96,-0.6,0.05,0.09,-0.29,-0.28,0.33,0.09,0.4,0.49,0.35,-1.5,0.49,-0.76,1.09,-0.05,-0.21,-1.86,0.05,0.83,0.13,-0.37,0.01,1.5,1.41,1.31,1.54,0.77,17427.75977,27.825,1157316,996673,-14.39
2021/12/31,2.63,4.24,1.52,1.54,5.11,0.71,2.07,0.86,-0.2,-0.39,-0.95,0.05,-1.44,0.35,0.35,0.51,2.84,4.69,1.46,1.6,7.25,0.28,1.61,0.2,0.24,0.48,-1.3,0.2,0.86,0.26,-0.48,0.47,2.6,3.54,1.61,1.28,7.2,0.21,2.85,-0.1,0.16,0.27,-1.12,0.05,0.12,-0.03,0.9,-0.05,1.83,2.18,2.38,-0.1,7.71,-0.54,0.98,0.21,0.19,0.97,-1.48,0.07,0.7,-0.2,-0.02,-0.46,0.04,0.32,1.2,0.39,-1.26,0.55,-0.95,0.7,0.01,0.04,-1.02,0.11,0.57,-0.08,-0.1,-0.14,1.85,1.5,1.71,1.29,0.67,18218.83984,27.854,1129845,970227,-6.65
2022/1/31,2.83,3.72,1.32,1.72,5.24,0.39,2.07,2.74,0.56,0.16,-2.53,0.28,1.71,-0.19,0.04,2.26,2.63,4.24,1.52,1.54,5.11,0.71,2.07,0.86,-0.2,-0.39,-0.95,0.05,-1.44,0.35,0.35,0.51,2.55,3.97,0.88,1.45,7.22,0.15,1.72,-0.26,0.29,0.29,9.48,-0.82,0.78,-0.32,-0.58,-0.53,1.91,2.45,2.05,0.52,6.92,-0.17,0.82,0.15,0.2,0.06,-2.18,0.57,0.86,0.22,0.3,-0.02,-0.19,1.21,2.02,0.28,-0.55,0.47,-2.68,-1.39,0.37,0.66,-2.33,0.1,1.59,0.13,0.04,0.38,2.42,1.85,1.41,1.24,0.03,17674.40039,27.932,1105517,968862,-15.45
2022/2/28,2.33,5.28,2.7,1.39,4.95,0.65,0.57,-1.08,-0.01,0.5,-1.38,0.02,0.47,0.16,0.97,-1.54,2.83,3.72,1.32,1.72,5.24,0.39,2.07,2.74,0.56,0.16,-2.53,0.28,1.71,-0.19,0.04,2.26,2.84,4.69,1.46,1.6,7.25,0.28,1.61,0.2,0.24,0.48,-1.3,0.2,0.86,0.26,-0.48,0.47,2.34,3.83,2.04,1.23,6.47,0.16,1.1,-0.11,0.58,1.94,-1.58,0.78,-0.19,0.48,0.43,-0.15,1.38,0.4,1.41,0.63,2.36,0.48,1.92,2.85,0.49,-0.99,-2.71,0.34,0.74,-0.1,2.48,2.26,1.64,2.42,1.5,1.31,1.64,17652.17969,28.061,1041599,881149,-17.64
2022/3/31,3.27,5.89,2.82,1.56,5.93,0.83,1.57,1.63,0.31,0.46,-0.45,0.31,1.19,0.43,-0.97,0.53,2.33,5.28,2.7,1.39,4.95,0.65,0.57,-1.08,-0.01,0.5,-1.38,0.02,0.47,0.16,0.97,-1.54,2.63,4.24,1.52,1.54,5.11,0.71,2.07,0.86,-0.2,-0.39,-0.95,0.05,-1.44,0.35,0.35,0.51,2.6,3.54,1.61,1.28,7.2,0.21,2.85,-0.1,0.16,0.27,-1.12,0.05,0.12,-0.03,0.9,-0.05,1.22,0.51,1.97,0.71,4.82,0.43,0.7,0.45,-0.6,-0.12,-0.56,0.14,0.26,0.25,-1.93,-2.16,2.47,1.64,1.85,1.71,1.04,17693.4707,28.144,1228745,1095421,-10.3
2022/4/30,3.37,6.91,2.83,1.79,5.01,0.88,1.17,1.49,0.77,1.03,7.71,0.23,-0.22,0.01,0.52,0.18,3.27,5.89,2.82,1.56,5.93,0.83,1.57,1.63,0.31,0.46,-0.45,0.31,1.19,0.43,-0.97,0.53,2.83,3.72,1.32,1.72,5.24,0.39,2.07,2.74,0.56,0.16,-2.53,0.28,1.71,-0.19,0.04,2.26,2.55,3.97,0.88,1.45,7.22,0.15,1.72,-0.26,0.29,0.29,9.48,-0.82,0.78,-0.32,-0.58,-0.53,2.11,0.63,1.37,0.9,9.44,0.4,1.77,0.86,0.67,0.06,7.71,0,0.65,-0.04,0.91,0.32,2.53,2.47,2.42,1.41,1.37,16592.17969,29.048,1194505,1056525,-27.06
2022/5/31,3.39,7.4,2.6,2.01,4.59,1.22,1.01,0.94,0.25,1.43,-0.82,0.27,-0.31,0.05,-0.44,-0.22,3.37,6.91,2.83,1.79,5.01,0.88,1.17,1.49,0.77,1.03,7.71,0.23,-0.22,0.01,0.52,0.18,2.33,5.28,2.7,1.39,4.95,0.65,0.57,-1.08,-0.01,0.5,-1.38,0.02,0.47,0.16,0.97,-1.54,2.84,4.69,1.46,1.6,7.25,0.28,1.61,0.2,0.24,0.48,-1.3,0.2,0.86,0.26,-0.48,0.47,2.45,1.67,2.63,0.95,9.56,0.16,1.71,1,0.23,0.96,-0.6,0.05,0.09,-0.29,-0.28,0.33,2.61,2.53,1.64,1.5,1.54,16807.76953,29.623,1242832,1180586,-7.99
2022/6/30,3.59,7.3,2.28,3.35,3.55,1.63,1.05,1.25,0.38,0.88,-1.79,1.39,-0.31,0.2,0.02,-0.15,3.39,7.4,2.6,2.01,4.59,1.22,1.01,0.94,0.25,1.43,-0.82,0.27,-0.31,0.05,-0.44,-0.22,3.27,5.89,2.82,1.56,5.93,0.83,1.57,1.63,0.31,0.46,-0.45,0.31,1.19,0.43,-0.97,0.53,2.63,4.24,1.52,1.54,5.11,0.71,2.07,0.86,-0.2,-0.39,-0.95,0.05,-1.44,0.35,0.35,0.51,1.83,2.18,2.38,-0.1,7.71,-0.54,0.98,0.21,0.19,0.97,-1.48,0.07,0.7,-0.2,-0.02,-0.46,2.77,2.61,2.47,1.85,1.29,14825.73047,29.619,1246495,1113699,203.45
2022/7/31,3.35,7.19,3.05,3.03,2.95,1.63,0.88,0.82,-0.03,-0.05,-1.44,0.26,0.27,0.23,0.13,-0.44,3.59,7.3,2.28,3.35,3.55,1.63,1.05,1.25,0.38,0.88,-1.79,1.39,-0.31,0.2,0.02,-0.15,3.37,6.91,2.83,1.79,5.01,0.88,1.17,1.49,0.77,1.03,7.71,0.23,-0.22,0.01,0.52,0.18,2.83,3.72,1.32,1.72,5.24,0.39,2.07,2.74,0.56,0.16,-2.53,0.28,1.71,-0.19,0.04,2.26,1.91,2.45,2.05,0.52,6.92,-0.17,0.82,0.15,0.2,0.06,-2.18,0.57,0.86,0.22,0.3,-0.02,2.73,2.77,2.53,2.42,1.24,15000.07031,29.848,1289042,1141530,173.02
2022/8/31,2.68,4.85,3.13,2.47,2.9,1.22,0.3,1.37,-0.08,-0.28,-1.51,0.22,-0.23,0.07,-0.15,0.4,3.35,7.19,3.05,3.03,2.95,1.63,0.88,0.82,-0.03,-0.05,-1.44,0.26,0.27,0.23,0.13,-0.44,3.39,7.4,2.6,2.01,4.59,1.22,1.01,0.94,0.25,1.43,-0.82,0.27,-0.31,0.05,-0.44,-0.22,2.33,5.28,2.7,1.39,4.95,0.65,0.57,-1.08,-0.01,0.5,-1.38,0.02,0.47,0.16,0.97,-1.54,2.34,3.83,2.04,1.23,6.47,0.16,1.1,-0.11,0.58,1.94,-1.58,0.78,-0.19,0.48,0.43,-0.15,2.74,2.73,2.61,1.64,1.31,15095.44043,30.065,1206969,1118496,67.11
2022/9/30,2.76,5.29,3.57,2.56,2.23,1.36,0.04,1.85,0.24,0.69,-0.7,0.14,-0.53,0.11,0.64,0.42,2.68,4.85,3.13,2.47,2.9,1.22,0.3,1.37,-0.08,-0.28,-1.51,0.22,-0.23,0.07,-0.15,0.4,3.59,7.3,2.28,3.35,3.55,1.63,1.05,1.25,0.38,0.88,-1.79,1.39,-0.31,0.2,0.02,-0.15,3.27,5.89,2.82,1.56,5.93,0.83,1.57,1.63,0.31,0.46,-0.45,0.31,1.19,0.43,-0.97,0.53,2.6,3.54,1.61,1.28,7.2,0.21,2.85,-0.1,0.16,0.27,-1.12,0.05,0.12,-0.03,0.9,-0.05,2.8,2.74,2.77,2.47,1.71,13424.58008,31.028,1151058,995413,29.4
2022/10/31,2.74,5.17,1.87,2.42,1.55,1.94,1.24,2.2,0.27,0.18,7.67,-0.96,0.11,0.26,0.61,-0.19,2.76,5.29,3.57,2.56,2.23,1.36,0.04,1.85,0.24,0.69,-0.7,0.14,-0.53,0.11,0.64,0.42,3.35,7.19,3.05,3.03,2.95,1.63,0.88,0.82,-0.03,-0.05,-1.44,0.26,0.27,0.23,0.13,-0.44,3.37,6.91,2.83,1.79,5.01,0.88,1.17,1.49,0.77,1.03,7.71,0.23,-0.22,0.01,0.52,0.18,2.55,3.97,0.88,1.45,7.22,0.15,1.72,-0.26,0.29,0.29,9.48,-0.82,0.78,-0.32,-0.58,-0.53,2.97,2.8,2.73,2.53,1.41,12949.75,31.915,1265676,1169991,8.31
2022/11/30,2.35,4.1,1.75,2.34,0.67,1.45,2.05,1.79,-0.14,-0.54,-1.41,0.12,-0.01,-0.23,0.31,0.07,2.74,5.17,1.87,2.42,1.55,1.94,1.24,2.2,0.27,0.18,7.67,-0.96,0.11,0.26,0.61,-0.19,2.68,4.85,3.13,2.47,2.9,1.22,0.3,1.37,-0.08,-0.28,-1.51,0.22,-0.23,0.07,-0.15,0.4,3.39,7.4,2.6,2.01,4.59,1.22,1.01,0.94,0.25,1.43,-0.82,0.27,-0.31,0.05,-0.44,-0.22,2.84,4.69,1.46,1.6,7.25,0.28,1.61,0.2,0.24,0.48,-1.3,0.2,0.86,0.26,-0.48,0.47,2.86,2.97,2.74,2.61,1.5,14879.5498,31.324,1150538,1035332,7.13
2022/12/31,2.71,4.93,0.8,2.41,2.17,1.41,2.29,1.54,0.15,0.4,-1.89,0.12,0.03,0.31,0.59,0.27,2.35,4.1,1.75,2.34,0.67,1.45,2.05,1.79,-0.14,-0.54,-1.41,0.12,-0.01,-0.23,0.31,0.07,2.76,5.29,3.57,2.56,2.23,1.36,0.04,1.85,0.24,0.69,-0.7,0.14,-0.53,0.11,0.64,0.42,3.59,7.3,2.28,3.35,3.55,1.63,1.05,1.25,0.38,0.88,-1.79,1.39,-0.31,0.2,0.02,-0.15,2.63,4.24,1.52,1.54,5.11,0.71,2.07,0.86,-0.2,-0.39,-0.95,0.05,-1.44,0.35,0.35,0.51,2.72,2.86,2.8,2.77,1.85,14137.69043,30.422,1095267,945447,2.27
2023/1/31,3.05,5.29,0.98,2.47,1.16,1.65,4.48,2.58,0.9,0.5,-2.36,0.34,0.71,0.05,2.18,3.3,2.71,4.93,0.8,2.41,2.17,1.41,2.29,1.54,0.15,0.4,-1.89,0.12,0.03,0.31,0.59,0.27,2.74,5.17,1.87,2.42,1.55,1.94,1.24,2.2,0.27,0.18,7.67,-0.96,0.11,0.26,0.61,-0.19,3.35,7.19,3.05,3.03,2.95,1.63,0.88,0.82,-0.03,-0.05,-1.44,0.26,0.27,0.23,0.13,-0.44,2.83,3.72,1.32,1.72,5.24,0.39,2.07,2.74,0.56,0.16,-2.53,0.28,1.71,-0.19,0.04,2.26,2.98,2.72,2.97,2.73,2.42,15265.2002,30.193,963900,894207,24.41
2023/2/28,2.42,4.31,1.23,2.44,0.55,1.89,2.07,2.03,-0.62,-0.44,-1.14,-0.01,-0.13,0.39,-1.35,-2.07,3.05,5.29,0.98,2.47,1.16,1.65,4.48,2.58,0.9,0.5,-2.36,0.34,0.71,0.05,2.18,3.3,2.35,4.1,1.75,2.34,0.67,1.45,2.05,1.79,-0.14,-0.54,-1.41,0.12,-0.01,-0.23,0.31,0.07,2.68,4.85,3.13,2.47,2.9,1.22,0.3,1.37,-0.08,-0.28,-1.51,0.22,-0.23,0.07,-0.15,0.4,2.33,5.28,2.7,1.39,4.95,0.65,0.57,-1.08,-0.01,0.5,-1.38,0.02,0.47,0.16,0.97,-1.54,2.53,2.98,2.86,2.74,1.64,15503.79004,29.954,937090,864610,32.88
2023/3/31,2.35,4.88,1.24,2.29,-0.8,1.54,2.79,1.65,0.25,1,-0.43,0.16,-0.16,0.08,-0.27,0.15,2.42,4.31,1.23,2.44,0.55,1.89,2.07,2.03,-0.62,-0.44,-1.14,-0.01,-0.13,0.39,-1.35,-2.07,2.71,4.93,0.8,2.41,2.17,1.41,2.29,1.54,0.15,0.4,-1.89,0.12,0.03,0.31,0.59,0.27,2.76,5.29,3.57,2.56,2.23,1.36,0.04,1.85,0.24,0.69,-0.7,0.14,-0.53,0.11,0.64,0.42,3.27,5.89,2.82,1.56,5.93,0.83,1.57,1.63,0.31,0.46,-0.45,0.31,1.19,0.43,-0.97,0.53,2.55,2.53,2.72,2.8,2.47,15868.05957,30.192,1075336,945223,11.42
2023/4/30,2.35,4.2,-0.69,2.33,-0.02,1.83,3.29,2.15,0.76,0.38,5.66,0.27,0.56,0.3,1.01,0.67,2.35,4.88,1.24,2.29,-0.8,1.54,2.79,1.65,0.25,1,-0.43,0.16,-0.16,0.08,-0.27,0.15,3.05,5.29,0.98,2.47,1.16,1.65,4.48,2.58,0.9,0.5,-2.36,0.34,0.71,0.05,2.18,3.3,2.74,5.17,1.87,2.42,1.55,1.94,1.24,2.2,0.27,0.18,7.67,-0.96,0.11,0.26,0.61,-0.19,3.37,6.91,2.83,1.79,5.01,0.88,1.17,1.49,0.77,1.03,7.71,0.23,-0.22,0.01,0.52,0.18,2.72,2.55,2.98,2.97,2.53,15579.17969,29.852,1093816,886521,38.84
2023/5/31,2.02,2.97,-0.7,2.14,-0.11,1.94,3.01,2.69,-0.07,0.23,-0.83,0.08,-0.39,0.16,-0.7,0.32,2.35,4.2,-0.69,2.33,-0.02,1.83,3.29,2.15,0.76,0.38,5.66,0.27,0.56,0.3,1.01,0.67,2.42,4.31,1.23,2.44,0.55,1.89,2.07,2.03,-0.62,-0.44,-1.14,-0.01,-0.13,0.39,-1.35,-2.07,2.35,4.1,1.75,2.34,0.67,1.45,2.05,1.79,-0.14,-0.54,-1.41,0.12,-0.01,-0.23,0.31,0.07,3.39,7.4,2.6,2.01,4.59,1.22,1.01,0.94,0.25,1.43,-0.82,0.27,-0.31,0.05,-0.44,-0.22,2.57,2.72,2.53,2.86,2.61,16578.96094,29.798,1108920,955925,90.62
2023/6/30,1.75,1.39,-0.06,1.99,0.33,1.74,3.48,2.75,0.11,-0.68,-1.16,1.24,0.13,0,0.47,-0.1,2.02,2.97,-0.7,2.14,-0.11,1.94,3.01,2.69,-0.07,0.23,-0.83,0.08,-0.39,0.16,-0.7,0.32,2.35,4.88,1.24,2.29,-0.8,1.54,2.79,1.65,0.25,1,-0.43,0.16,-0.16,0.08,-0.27,0.15,2.71,4.93,0.8,2.41,2.17,1.41,2.29,1.54,0.15,0.4,-1.89,0.12,0.03,0.31,0.59,0.27,3.59,7.3,2.28,3.35,3.55,1.63,1.05,1.25,0.38,0.88,-1.79,1.39,-0.31,0.2,0.02,-0.15,2.61,2.57,2.55,2.72,2.77,16915.53906,30.011,993102,807795,61.77
2023/7/31,1.88,1.28,1.11,1.87,0.52,2.45,3.65,2.95,0.1,-0.15,-0.29,0.14,0.46,0.92,0.3,-0.25,1.75,1.39,-0.06,1.99,0.33,1.74,3.48,2.75,0.11,-0.68,-1.16,1.24,0.13,0,0.47,-0.1,2.35,4.2,-0.69,2.33,-0.02,1.83,3.29,2.15,0.76,0.38,5.66,0.27,0.56,0.3,1.01,0.67,3.05,5.29,0.98,2.47,1.16,1.65,4.48,2.58,0.9,0.5,-2.36,0.34,0.71,0.05,2.18,3.3,3.35,7.19,3.05,3.03,2.95,1.63,0.88,0.82,-0.03,-0.05,-1.44,0.26,0.27,0.23,0.13,-0.44,2.74,2.61,2.72,2.98,2.73,17145.42969,30.302,1199681,937961,26.13
2023/8/31,2.53,3.45,1.04,1.78,1.75,2.33,3.7,2.52,0.56,1.85,-1.58,0.13,0.99,-0.05,-0.11,-0.02,1.88,1.28,1.11,1.87,0.52,2.45,3.65,2.95,0.1,-0.15,-0.29,0.14,0.46,0.92,0.3,-0.25,2.02,2.97,-0.7,2.14,-0.11,1.94,3.01,2.69,-0.07,0.23,-0.83,0.08,-0.39,0.16,-0.7,0.32,2.42,4.31,1.23,2.44,0.55,1.89,2.07,2.03,-0.62,-0.44,-1.14,-0.01,-0.13,0.39,-1.35,-2.07,2.68,4.85,3.13,2.47,2.9,1.22,0.3,1.37,-0.08,-0.28,-1.51,0.22,-0.23,0.07,-0.15,0.4,2.57,2.74,2.57,2.53,2.74,16634.50977,30.933,1181937,910727,19.81
2023/9/30,2.93,4.78,1.14,1.81,2.28,2.67,2.91,2.72,0.63,1.99,-0.6,0.18,-0.01,0.44,-0.12,0.61,2.53,3.45,1.04,1.78,1.75,2.33,3.7,2.52,0.56,1.85,-1.58,0.13,0.99,-0.05,-0.11,-0.02,1.75,1.39,-0.06,1.99,0.33,1.74,3.48,2.75,0.11,-0.68,-1.16,1.24,0.13,0,0.47,-0.1,2.35,4.88,1.24,2.29,-0.8,1.54,2.79,1.65,0.25,1,-0.43,0.16,-0.16,0.08,-0.27,0.15,2.76,5.29,3.57,2.56,2.23,1.36,0.04,1.85,0.24,0.69,-0.7,0.14,-0.53,0.11,0.64,0.42,2.48,2.57,2.61,2.55,2.8,16353.74023,31.067,1237515,909214,21.86
2023/10/31,3.04,5.51,1.63,1.85,1.63,2.55,3.07,2.28,0.38,0.87,8.2,-0.92,-0.53,0.14,0.77,-0.61,2.93,4.78,1.14,1.81,2.28,2.67,2.91,2.72,0.63,1.99,-0.6,0.18,-0.01,0.44,-0.12,0.61,1.88,1.28,1.11,1.87,0.52,2.45,3.65,2.95,0.1,-0.15,-0.29,0.14,0.46,0.92,0.3,-0.25,2.35,4.2,-0.69,2.33,-0.02,1.83,3.29,2.15,0.76,0.38,5.66,0.27,0.56,0.3,1.01,0.67,2.74,5.17,1.87,2.42,1.55,1.94,1.24,2.2,0.27,0.18,7.67,-0.96,0.11,0.26,0.61,-0.19,2.48,2.48,2.74,2.72,2.97,16001.26953,31.556,1227285,1041424,23.4
2023/11/30,2.9,5.64,0.97,1.85,1.13,3,2.47,2.33,-0.28,-0.41,-2.06,0.11,-0.5,0.21,-0.28,0.12,3.04,5.51,1.63,1.85,1.63,2.55,3.07,2.28,0.38,0.87,8.2,-0.92,-0.53,0.14,0.77,-0.61,2.53,3.45,1.04,1.78,1.75,2.33,3.7,2.52,0.56,1.85,-1.58,0.13,0.99,-0.05,-0.11,-0.02,2.02,2.97,-0.7,2.14,-0.11,1.94,3.01,2.69,-0.07,0.23,-0.83,0.08,-0.39,0.16,-0.7,0.32,2.35,4.1,1.75,2.34,0.67,1.45,2.05,1.79,-0.14,-0.54,-1.41,0.12,-0.01,-0.23,0.31,0.07,2.38,2.48,2.57,2.57,2.86,17433.84961,31.228,1207995,892720,16.77
2023/12/31,2.7,4.72,2.16,1.82,0.91,2.75,2.38,2.59,-0.04,-0.48,-0.72,0.09,-0.19,0.07,0.51,0.52,2.9,5.64,0.97,1.85,1.13,3,2.47,2.33,-0.28,-0.41,-2.06,0.11,-0.5,0.21,-0.28,0.12,2.93,4.78,1.14,1.81,2.28,2.67,2.91,2.72,0.63,1.99,-0.6,0.18,-0.01,0.44,-0.12,0.61,1.75,1.39,-0.06,1.99,0.33,1.74,3.48,2.75,0.11,-0.68,-1.16,1.24,0.13,0,0.47,-0.1,2.71,4.93,0.8,2.41,2.17,1.41,2.29,1.54,0.15,0.4,-1.89,0.12,0.03,0.31,0.59,0.27,2.42,2.38,2.48,2.61,2.72,17930.81055,30.508,1255530,904795,17.63
2024/1/31,1.8,4.11,2.45,1.74,0.54,3.09,-0.06,-0.29,0.01,-0.08,-2.08,0.27,0.34,0.38,-0.26,0.41,2.7,4.72,2.16,1.82,0.91,2.75,2.38,2.59,-0.04,-0.48,-0.72,0.09,-0.19,0.07,0.51,0.52,3.04,5.51,1.63,1.85,1.63,2.55,3.07,2.28,0.38,0.87,8.2,-0.92,-0.53,0.14,0.77,-0.61,1.88,1.28,1.11,1.87,0.52,2.45,3.65,2.95,0.1,-0.15,-0.29,0.14,0.46,0.92,0.3,-0.25,3.05,5.29,0.98,2.47,1.16,1.65,4.48,2.58,0.9,0.5,-2.36,0.34,0.71,0.05,2.18,3.3,1.65,2.42,2.48,2.74,2.98,17889.56055,30.42,1154028,1076417,13.28
2024/2/29,3.08,4.49,1.81,2.01,1.12,3.2,3.74,4.18,0.63,-0.07,-1.76,0.25,0.44,0.5,2.39,2.32,1.8,4.11,2.45,1.74,0.54,3.09,-0.06,-0.29,0.01,-0.08,-2.08,0.27,0.34,0.38,-0.26,0.41,2.9,5.64,0.97,1.85,1.13,3,2.47,2.33,-0.28,-0.41,-2.06,0.11,-0.5,0.21,-0.28,0.12,2.53,3.45,1.04,1.78,1.75,2.33,3.7,2.52,0.56,1.85,-1.58,0.13,0.99,-0.05,-0.11,-0.02,2.42,4.31,1.23,2.44,0.55,1.89,2.07,2.03,-0.62,-0.44,-1.14,-0.01,-0.13,0.39,-1.35,-2.07,2.89,1.65,2.38,2.57,2.53,18966.76953,30.678,985601,737762,14.08
2024/3/31,2.15,2.86,1.59,1.93,1.29,3.19,1.9,2.3,-0.65,-0.58,-0.65,0.09,0.01,0.07,-2.04,-1.66,3.08,4.49,1.81,2.01,1.12,3.2,3.74,4.18,0.63,-0.07,-1.76,0.25,0.44,0.5,2.39,2.32,2.7,4.72,2.16,1.82,0.91,2.75,2.38,2.59,-0.04,-0.48,-0.72,0.09,-0.19,0.07,0.51,0.52,2.93,4.78,1.14,1.81,2.28,2.67,2.91,2.72,0.63,1.99,-0.6,0.18,-0.01,0.44,-0.12,0.61,2.35,4.88,1.24,2.29,-0.8,1.54,2.79,1.65,0.25,1,-0.43,0.16,-0.16,0.08,-0.27,0.15,2.14,2.89,2.42,2.48,2.55,20294.44922,30.803,1319319,1045567,15.34
2024/4/30,1.94,2.58,-0.27,2.08,0.69,3.52,1.57,2.52,0.55,0.11,3.73,0.42,-0.04,0.62,0.68,0.88,2.15,2.86,1.59,1.93,1.29,3.19,1.9,2.3,-0.65,-0.58,-0.65,0.09,0.01,0.07,-2.04,-1.66,1.8,4.11,2.45,1.74,0.54,3.09,-0.06,-0.29,0.01,-0.08,-2.08,0.27,0.34,0.38,-0.26,0.41,3.04,5.51,1.63,1.85,1.63,2.55,3.07,2.28,0.38,0.87,8.2,-0.92,-0.53,0.14,0.77,-0.61,2.35,4.2,-0.69,2.33,-0.02,1.83,3.29,2.15,0.76,0.38,5.66,0.27,0.56,0.3,1.01,0.67,1.81,2.14,1.65,2.48,2.72,20396.59961,31.454,1201936,996493,7.09
2024/5/31,2.23,3.4,-0.22,2.31,0.91,3.45,1.56,2.43,0.21,1.03,-0.78,0.3,-0.18,0.08,-0.71,0.24,1.94,2.58,-0.27,2.08,0.69,3.52,1.57,2.52,0.55,0.11,3.73,0.42,-0.04,0.62,0.68,0.88,3.08,4.49,1.81,2.01,1.12,3.2,3.74,4.18,0.63,-0.07,-1.76,0.25,0.44,0.5,2.39,2.32,2.9,5.64,0.97,1.85,1.13,3,2.47,2.33,-0.28,-0.41,-2.06,0.11,-0.5,0.21,-0.28,0.12,2.02,2.97,-0.7,2.14,-0.11,1.94,3.01,2.69,-0.07,0.23,-0.83,0.08,-0.39,0.16,-0.7,0.32,1.83,1.81,2.89,2.38,2.57,21174.2207,31.628,1209873,1016356,12.89
2024/6/30,2.42,4.15,0.41,2.28,0.91,3.78,1.66,2.08,0.31,0.04,-0.54,1.21,0.13,0.32,0.57,-0.44,2.23,3.4,-0.22,2.31,0.91,3.45,1.56,2.43,0.21,1.03,-0.78,0.3,-0.18,0.08,-0.71,0.24,2.15,2.86,1.59,1.93,1.29,3.19,1.9,2.3,-0.65,-0.58,-0.65,0.09,0.01,0.07,-2.04,-1.66,2.7,4.72,2.16,1.82,0.91,2.75,2.38,2.59,-0.04,-0.48,-0.72,0.09,-0.19,0.07,0.51,0.52,1.75,1.39,-0.06,1.99,0.33,1.74,3.48,2.75,0.11,-0.68,-1.16,1.24,0.13,0,0.47,-0.1,1.83,1.83,2.14,2.42,2.61,23032.25,31.623,1288938,1138020,12.92
2024/7/31,2.53,4.59,0.03,2.31,0.88,3.26,1.87,2.09,0.19,0.27,-0.67,0.18,0.43,0.42,0.5,-0.24,2.42,4.15,0.41,2.28,0.91,3.78,1.66,2.08,0.31,0.04,-0.54,1.21,0.13,0.32,0.57,-0.44,1.94,2.58,-0.27,2.08,0.69,3.52,1.57,2.52,0.55,0.11,3.73,0.42,-0.04,0.62,0.68,0.88,1.8,4.11,2.45,1.74,0.54,3.09,-0.06,-0.29,0.01,-0.08,-2.08,0.27,0.34,0.38,-0.26,0.41,1.88,1.28,1.11,1.87,0.52,2.45,3.65,2.95,0.1,-0.15,-0.29,0.14,0.46,0.92,0.3,-0.25,1.85,1.83,1.81,1.65,2.74,22199.34961,31.619,1297449,1142046,2.97
2024/8/31,2.35,4.63,-0.37,2.27,0,3.23,1.79,1.91,0.39,1.89,-1.96,0.09,0.1,-0.08,-0.18,-0.2,2.53,4.59,0.03,2.31,0.88,3.26,1.87,2.09,0.19,0.27,-0.67,0.18,0.43,0.42,0.5,-0.24,2.23,3.4,-0.22,2.31,0.91,3.45,1.56,2.43,0.21,1.03,-0.78,0.3,-0.18,0.08,-0.71,0.24,3.08,4.49,1.81,2.01,1.12,3.2,3.74,4.18,0.63,-0.07,-1.76,0.25,0.44,0.5,2.39,2.32,2.53,3.45,1.04,1.78,1.75,2.33,3.7,2.52,0.56,1.85,-1.58,0.13,0.99,-0.05,-0.11,-0.02,1.79,1.85,1.83,2.89,2.57,22268.08984,31.567,1421710,1048569,9.5
2024/9/30,1.82,3.01,0.16,2.38,-0.66,2.67,1.74,1.77,0.11,0.41,-0.08,0.29,-0.67,-0.1,-0.18,0.47,2.35,4.63,-0.37,2.27,0,3.23,1.79,1.91,0.39,1.89,-1.96,0.09,0.1,-0.08,-0.18,-0.2,2.42,4.15,0.41,2.28,0.91,3.78,1.66,2.08,0.31,0.04,-0.54,1.21,0.13,0.32,0.57,-0.44,2.15,2.86,1.59,1.93,1.29,3.19,1.9,2.3,-0.65,-0.58,-0.65,0.09,0.01,0.07,-2.04,-1.66,2.93,4.78,1.14,1.81,2.28,2.67,2.91,2.72,0.63,1.99,-0.6,0.18,-0.01,0.44,-0.12,0.61,1.78,1.79,1.83,2.14,2.48,22224.53906,31.168,1298002,1070897,7.31
2024/10/31,1.69,2.69,-0.72,2.24,-0.72,2.58,1.27,2.37,0.25,0.56,7.26,-1.06,-0.58,0.06,0.3,-0.03,1.82,3.01,0.16,2.38,-0.66,2.67,1.74,1.77,0.11,0.41,-0.08,0.29,-0.67,-0.1,-0.18,0.47,2.53,4.59,0.03,2.31,0.88,3.26,1.87,2.09,0.19,0.27,-0.67,0.18,0.43,0.42,0.5,-0.24,1.94,2.58,-0.27,2.08,0.69,3.52,1.57,2.52,0.55,0.11,3.73,0.42,-0.04,0.62,0.68,0.88,3.04,5.51,1.63,1.85,1.63,2.55,3.07,2.28,0.38,0.87,8.2,-0.92,-0.53,0.14,0.77,-0.61,1.64,1.78,1.85,1.81,2.48,22820.42969,31.335,1320601,1094871,-4.73
2024/11/30,2.08,3.83,-0.13,2.32,-0.45,2.13,1.26,2.49,0.1,0.69,-1.48,0.2,-0.23,-0.22,-0.28,0.23,1.69,2.69,-0.72,2.24,-0.72,2.58,1.27,2.37,0.25,0.56,7.26,-1.06,-0.58,0.06,0.3,-0.03,2.35,4.63,-0.37,2.27,0,3.23,1.79,1.91,0.39,1.89,-1.96,0.09,0.1,-0.08,-0.18,-0.2,2.23,3.4,-0.22,2.31,0.91,3.45,1.56,2.43,0.21,1.03,-0.78,0.3,-0.18,0.08,-0.71,0.24,2.9,5.64,0.97,1.85,1.13,3,2.47,2.33,-0.28,-0.41,-2.06,0.11,-0.5,0.21,-0.28,0.12,1.73,1.64,1.79,1.83,2.38,22262.5,31.375,1321086,1064674,4.98
2024/12/31,2.1,4.08,-0.86,2.39,-0.31,2.44,0.93,2.51,-0.02,-0.24,-1.45,0.15,-0.05,0.37,0.18,0.55,2.08,3.83,-0.13,2.32,-0.45,2.13,1.26,2.49,0.1,0.69,-1.48,0.2,-0.23,-0.22,-0.28,0.23,1.82,3.01,0.16,2.38,-0.66,2.67,1.74,1.77,0.11,0.41,-0.08,0.29,-0.67,-0.1,-0.18,0.47,2.42,4.15,0.41,2.28,0.91,3.78,1.66,2.08,0.31,0.04,-0.54,1.21,0.13,0.32,0.57,-0.44,2.7,4.72,2.16,1.82,0.91,2.75,2.38,2.59,-0.04,-0.48,-0.72,0.09,-0.19,0.07,0.51,0.52,1.65,1.73,1.78,1.83,2.42,23035.09961,31.478,1414727,1216729,4.48
